Date,Open,High,Low,Close,Volume
2001-04-09,5480.0,5487.0,5389.0,5418.0,518.0
2001-04-10,5420.0,5499.0,5305.0,5331.0,964.0
2001-04-11,5420.0,5496.0,5345.0,5496.0,1242.0
2001-04-12,5497.0,5548.0,5470.0,5525.0,891.0
2001-04-13,5580.0,5588.0,5455.0,5460.0,855.0
2001-04-16,5461.0,5461.0,5405.0,5426.0,438.0
2001-04-17,5420.0,5470.0,5380.0,5466.0,429.0
2001-04-18,5465.0,5540.0,5451.0,5540.0,308.0
2001-04-19,5701.0,5701.0,5624.0,5630.0,1192.0
2001-04-20,5678.0,5678.0,5575.0,5590.0,990.0
2001-04-23,5570.0,5650.0,5570.0,5650.0,768.0
2001-04-24,5614.0,5675.0,5606.0,5622.0,1078.0
2001-04-25,5620.0,5631.0,5511.0,5527.0,1260.0
2001-04-26,5550.0,5576.0,5470.0,5552.0,1318.0
2001-04-27,5550.0,5560.0,5432.0,5432.0,1134.0
2001-04-30,5416.0,5490.0,5400.0,5430.0,1057.0
2001-05-02,5461.0,5520.0,5315.0,5348.0,1641.0
2001-05-03,5320.0,5428.0,5320.0,5428.0,1151.0
2001-05-04,5412.0,5425.0,5201.0,5230.0,1720.0
2001-05-07,5220.0,5310.0,5184.0,5269.0,1674.0
2001-05-08,5268.0,5270.0,5130.0,5229.0,1395.0
2001-05-09,5229.0,5279.0,5208.0,5230.0,1323.0
2001-05-10,5223.0,5223.0,5153.0,5160.0,997.0
2001-05-11,5130.0,5278.0,5070.0,5250.0,2092.0
2001-05-14,5220.0,5230.0,5170.0,5206.0,747.0
2001-05-15,5162.0,5218.0,5162.0,5182.0,405.0
2001-05-16,5182.0,5205.0,5014.0,5014.0,767.0
2001-05-17,5165.0,5185.0,5110.0,5160.0,1428.0
2001-05-18,5178.0,5178.0,5070.0,5086.0,1464.0
2001-05-21,5095.0,5100.0,4940.0,4981.0,1562.0
2001-05-22,5002.0,5065.0,4970.0,4993.0,1449.0
2001-05-23,4985.0,5230.0,4963.0,5230.0,2873.0
2001-05-24,5220.0,5245.0,5179.0,5229.0,1409.0
2001-05-25,5207.0,5209.0,5168.0,5182.0,996.0
2001-05-28,5181.0,5181.0,5095.0,5101.0,1327.0
2001-05-29,5060.0,5194.0,5051.0,5116.0,1697.0
2001-05-30,5106.0,5115.0,5060.0,5093.0,1005.0
2001-05-31,5071.0,5110.0,5047.0,5090.0,907.0
2001-06-01,5097.0,5134.0,5021.0,5040.0,1351.0
2001-06-04,5031.0,5060.0,4985.0,5029.0,715.0
2001-06-05,5047.0,5095.0,5010.0,5095.0,1071.0
2001-06-06,5130.0,5225.0,5126.0,5193.0,1977.0
2001-06-07,5174.0,5180.0,5148.0,5161.0,1136.0
2001-06-08,5200.0,5257.0,5200.0,5235.0,1686.0
2001-06-11,5200.0,5290.0,5185.0,5290.0,1058.0
2001-06-12,5261.0,5280.0,5228.0,5248.0,1109.0
2001-06-13,5240.0,5285.0,5186.0,5191.0,1484.0
2001-06-14,5160.0,5174.0,5115.0,5143.0,1210.0
2001-06-15,5101.0,5157.0,5096.0,5155.0,689.0
2001-06-18,5120.0,5140.0,5073.0,5088.0,660.0
2001-06-19,5086.0,5105.0,5061.0,5078.0,420.0
2001-06-20,5070.0,5080.0,5008.0,5008.0,657.0
2001-06-21,5079.0,5088.0,4978.0,4994.0,1593.0
2001-06-22,4990.0,5025.0,4937.0,4968.0,980.0
2001-06-26,4968.0,4975.0,4835.0,4835.0,1092.0
2001-06-27,4799.0,4898.0,4799.0,4885.0,1272.0
2001-06-28,4890.0,4890.0,4795.0,4825.0,1197.0
2001-06-29,4880.0,4916.0,4864.0,4901.0,1399.0
2001-07-02,4895.0,4938.0,4826.0,4925.0,1412.0
2001-07-03,4905.0,4934.0,4846.0,4849.0,1153.0
2001-07-04,4822.0,4830.0,4750.0,4760.0,1388.0
2001-07-05,4741.0,4777.0,4713.0,4741.0,1017.0
2001-07-06,4718.0,4802.0,4716.0,4753.0,1350.0
2001-07-09,4746.0,4750.0,4696.0,4721.0,922.0
2001-07-10,4721.0,4752.0,4666.0,4666.0,1049.0
2001-07-11,4612.0,4657.0,4590.0,4590.0,1141.0
2001-07-12,4586.0,4690.0,4586.0,4690.0,1229.0
2001-07-13,4729.0,4729.0,4450.0,4465.0,2003.0
2001-07-16,4460.0,4521.0,4270.0,4375.0,1425.0
2001-07-17,4314.0,4439.0,4308.0,4355.0,695.0
2001-07-18,4333.0,4380.0,4123.0,4151.0,827.0
2001-07-19,4177.0,4250.0,4040.0,4190.0,3101.0
2001-07-20,4140.0,4235.0,4116.0,4159.0,2290.0
2001-07-23,4175.0,4225.0,4115.0,4125.0,1696.0
2001-07-24,4100.0,4110.0,4027.0,4057.0,1851.0
2001-07-25,4040.0,4130.0,4018.0,4130.0,1875.0
2001-07-26,4149.0,4300.0,4082.0,4268.0,3060.0
2001-07-27,4262.0,4347.0,4235.0,4248.0,2851.0
2001-07-31,4242.0,4305.0,4225.0,4295.0,1730.0
2001-08-01,4307.0,4335.0,4243.0,4266.0,1768.0
2001-08-02,4299.0,4458.0,4280.0,4458.0,3170.0
2001-08-03,4485.0,4533.0,4431.0,4490.0,2191.0
2001-08-06,4465.0,4490.0,4410.0,4433.0,1468.0
2001-08-07,4386.0,4415.0,4325.0,4397.0,2353.0
2001-08-08,4380.0,4519.0,4370.0,4519.0,2951.0
2001-08-09,4484.0,4509.0,4405.0,4410.0,2407.0
2001-08-10,4406.0,4496.0,4350.0,4463.0,2472.0
2001-08-13,4480.0,4525.0,4455.0,4495.0,1412.0
2001-08-14,4501.0,4623.0,4477.0,4623.0,1063.0
2001-08-15,4689.0,4690.0,4585.0,4649.0,867.0
2001-08-16,4585.0,4660.0,4578.0,4645.0,2329.0
2001-08-17,4658.0,4675.0,4592.0,4610.0,1727.0
2001-08-20,4558.0,4577.0,4531.0,4548.0,1814.0
2001-08-21,4543.0,4579.0,4514.0,4571.0,1781.0
2001-08-22,4523.0,4560.0,4468.0,4468.0,2293.0
2001-08-23,4468.0,4494.0,4435.0,4470.0,1878.0
2001-08-24,4450.0,4468.0,4290.0,4300.0,2890.0
2001-08-27,4315.0,4377.0,4303.0,4349.0,2049.0
2001-08-28,4341.0,4359.0,4276.0,4320.0,1678.0
2001-08-29,4282.0,4488.0,4270.0,4485.0,3241.0
2001-08-30,4485.0,4535.0,4424.0,4456.0,2292.0
2001-08-31,4411.0,4451.0,4373.0,4450.0,2214.0
2001-09-03,4452.0,4490.0,4380.0,4380.0,1618.0
2001-09-04,4385.0,4475.0,4352.0,4475.0,2405.0
2001-09-05,4460.0,4461.0,4367.0,4380.0,1920.0
2001-09-06,4360.0,4382.0,4301.0,4329.0,1908.0
2001-09-07,4275.0,4294.0,4240.0,4280.0,1827.0
2001-09-10,4255.0,4298.0,4220.0,4279.0,1651.0
2001-09-11,4280.0,4298.0,4155.0,4155.0,2213.0
2001-09-13,3862.0,3886.0,3862.0,3862.0,1919.0
2001-09-14,3862.0,3912.0,3666.0,3683.0,2688.0
2001-09-19,3578.0,3721.0,3578.0,3719.0,1112.0
2001-09-20,3650.0,3669.0,3551.0,3551.0,1997.0
2001-09-21,3456.0,3480.0,3427.0,3427.0,995.0
2001-09-24,3377.0,3553.0,3351.0,3508.0,3825.0
2001-09-25,3645.0,3649.0,3420.0,3425.0,4196.0
2001-09-26,3432.0,3655.0,3393.0,3649.0,4983.0
2001-09-27,3620.0,3620.0,3521.0,3559.0,3314.0
2001-09-28,3560.0,3660.0,3560.0,3626.0,3993.0
2001-10-02,3636.0,3640.0,3405.0,3405.0,3609.0
2001-10-03,3444.0,3492.0,3402.0,3433.0,3161.0
2001-10-04,3639.0,3645.0,3470.0,3484.0,3860.0
2001-10-05,3480.0,3575.0,3463.0,3553.0,3515.0
2001-10-08,3514.0,3570.0,3500.0,3513.0,2189.0
2001-10-09,3548.0,3625.0,3531.0,3625.0,2962.0
2001-10-11,3683.0,3852.0,3683.0,3852.0,3529.0
2001-10-12,3988.0,3988.0,3784.0,3815.0,3663.0
2001-10-15,3800.0,3800.0,3723.0,3725.0,1593.0
2001-10-16,3700.0,3810.0,3700.0,3805.0,844.0
2001-10-17,3826.0,3859.0,3788.0,3811.0,858.0
2001-10-18,3730.0,3770.0,3720.0,3770.0,2198.0
2001-10-19,3760.0,3830.0,3721.0,3818.0,3237.0
2001-10-22,3842.0,3910.0,3833.0,3900.0,2842.0
2001-10-23,3950.0,3964.0,3841.0,3848.0,2924.0
2001-10-24,3865.0,3960.0,3842.0,3959.0,3661.0
2001-10-25,3974.0,3974.0,3920.0,3970.0,2533.0
2001-10-26,4001.0,4053.0,3975.0,3982.0,3329.0
2001-10-29,3980.0,4020.0,3966.0,3998.0,1737.0
2001-10-30,3941.0,3941.0,3855.0,3855.0,3208.0
2001-10-31,3820.0,3883.0,3812.0,3866.0,2792.0
2001-11-01,3872.0,3888.0,3842.0,3869.0,1790.0
2001-11-02,3920.0,3957.0,3915.0,3930.0,2826.0
2001-11-05,3943.0,4043.0,3916.0,4035.0,2239.0
2001-11-06,4083.0,4085.0,3988.0,3995.0,3029.0
2001-11-07,4039.0,4085.0,4030.0,4065.0,2503.0
2001-11-08,4072.0,4086.0,4016.0,4035.0,2011.0
2001-11-09,4025.0,4045.0,3995.0,4025.0,1695.0
2001-11-12,4036.0,4120.0,4006.0,4120.0,1931.0
2001-11-13,4100.0,4120.0,4055.0,4063.0,1672.0
2001-11-14,4115.0,4257.0,4115.0,4230.0,3124.0
2001-11-15,4250.0,4369.0,4216.0,4360.0,2667.0
2001-11-16,4410.0,4464.0,4330.0,4428.0,2433.0
2001-11-19,4455.0,4670.0,4408.0,4628.0,1744.0
2001-11-20,4670.0,4670.0,4447.0,4471.0,1501.0
2001-11-21,4444.0,4565.0,4404.0,4565.0,684.0
2001-11-22,4500.0,4500.0,4391.0,4420.0,2688.0
2001-11-23,4429.0,4510.0,4412.0,4487.0,2738.0
2001-11-26,4519.0,4630.0,4519.0,4620.0,2458.0
2001-11-27,4686.0,4688.0,4476.0,4535.0,3844.0
2001-11-28,4550.0,4560.0,4385.0,4392.0,3425.0
2001-11-29,4350.0,4439.0,4350.0,4418.0,2719.0
2001-11-30,4430.0,4458.0,4370.0,4381.0,2661.0
2001-12-03,4440.0,4600.0,4430.0,4588.0,3265.0
2001-12-04,4578.0,4745.0,4526.0,4740.0,3857.0
2001-12-05,4790.0,4946.0,4780.0,4910.0,4824.0
2001-12-06,5020.0,5253.0,5012.0,5253.0,4044.0
2001-12-07,5300.0,5379.0,5153.0,5375.0,4817.0
2001-12-10,5368.0,5430.0,5260.0,5289.0,3883.0
2001-12-11,5221.0,5310.0,5208.0,5310.0,3323.0
2001-12-12,5298.0,5668.0,5279.0,5667.0,4694.0
2001-12-13,5669.0,5840.0,5350.0,5420.0,5687.0
2001-12-14,5326.0,5530.0,5326.0,5530.0,4007.0
2001-12-17,5510.0,5539.0,5425.0,5455.0,2530.0
2001-12-18,5505.0,5548.0,5312.0,5360.0,2170.0
2001-12-19,5365.0,5423.0,5215.0,5215.0,1184.0
2001-12-20,5200.0,5295.0,5165.0,5293.0,3713.0
2001-12-21,5235.0,5235.0,5050.0,5055.0,3888.0
2001-12-24,5045.0,5157.0,5040.0,5110.0,3017.0
2001-12-25,5111.0,5440.0,5091.0,5417.0,4638.0
2001-12-26,5450.0,5498.0,5316.0,5393.0,4622.0
2001-12-27,5425.0,5478.0,5215.0,5281.0,4831.0
2001-12-28,5300.0,5399.0,5231.0,5380.0,4513.0
2001-12-31,5427.0,5620.0,5417.0,5609.0,4122.0
2002-01-02,5598.0,5660.0,5472.0,5602.0,4541.0
2002-01-03,5628.0,5675.0,5465.0,5469.0,4724.0
2002-01-04,5577.0,5656.0,5563.0,5635.0,4563.0
2002-01-07,5655.0,5850.0,5598.0,5841.0,3733.0
2002-01-08,5829.0,5846.0,5730.0,5825.0,3604.0
2002-01-09,5840.0,5889.0,5741.0,5856.0,4108.0
2002-01-10,5820.0,5860.0,5750.0,5828.0,3546.0
2002-01-11,5815.0,5855.0,5630.0,5635.0,4652.0
2002-01-14,5596.0,5615.0,5550.0,5588.0,2116.0
2002-01-15,5548.0,5600.0,5491.0,5590.0,1914.0
2002-01-16,5590.0,5599.0,5459.0,5459.0,1282.0
2002-01-17,5321.0,5455.0,5321.0,5446.0,3540.0
2002-01-18,5481.0,5543.0,5422.0,5440.0,4828.0
2002-01-21,5443.0,5824.0,5434.0,5824.0,4809.0
2002-01-22,5873.0,5873.0,5710.0,5819.0,4544.0
2002-01-23,5764.0,6000.0,5715.0,5782.0,5917.0
2002-01-24,5810.0,5847.0,5700.0,5800.0,4223.0
2002-01-25,5850.0,5980.0,5850.0,5955.0,4364.0
2002-01-28,6000.0,6030.0,5961.0,6030.0,2413.0
2002-01-29,6038.0,6038.0,5813.0,5820.0,3790.0
2002-01-30,5736.0,5820.0,5722.0,5800.0,3208.0
2002-01-31,5815.0,5860.0,5766.0,5836.0,3432.0
2002-02-01,5850.0,5910.0,5817.0,5848.0,3065.0
2002-02-04,5806.0,5868.0,5782.0,5840.0,2227.0
2002-02-05,5785.0,5885.0,5760.0,5885.0,2130.0
2002-02-06,5888.0,5990.0,5853.0,5990.0,3133.0
2002-02-18,6010.0,6040.0,5942.0,5955.0,1269.0
2002-02-19,5975.0,5986.0,5830.0,5830.0,1114.0
2002-02-20,5825.0,5825.0,5671.0,5690.0,1037.0
2002-02-21,5709.0,5721.0,5596.0,5660.0,3158.0
2002-02-22,5596.0,5645.0,5545.0,5627.0,2766.0
2002-02-25,5650.0,5650.0,5505.0,5520.0,2617.0
2002-02-26,5560.0,5612.0,5480.0,5528.0,3198.0
2002-02-27,5529.0,5710.0,5529.0,5700.0,3927.0
2002-03-01,5679.0,5700.0,5622.0,5670.0,2746.0
2002-03-04,5768.0,5938.0,5768.0,5919.0,4754.0
2002-03-05,6029.0,6030.0,5881.0,5955.0,3691.0
2002-03-06,5964.0,6130.0,5921.0,6127.0,4336.0
2002-03-07,6152.0,6157.0,6055.0,6070.0,3264.0
2002-03-08,6073.0,6140.0,5980.0,6045.0,3781.0
2002-03-11,6081.0,6210.0,6055.0,6201.0,3995.0
2002-03-12,6190.0,6190.0,6070.0,6115.0,3376.0
2002-03-13,6075.0,6190.0,6045.0,6090.0,4283.0
2002-03-14,6040.0,6093.0,5990.0,6093.0,3113.0
2002-03-15,6095.0,6119.0,5905.0,5906.0,3971.0
2002-03-18,5934.0,5960.0,5880.0,5924.0,2083.0
2002-03-19,5930.0,5970.0,5858.0,5900.0,1544.0
2002-03-20,5921.0,6079.0,5886.0,6062.0,1603.0
2002-03-21,6000.0,6085.0,5981.0,6058.0,3575.0
2002-03-22,6120.0,6184.0,6100.0,6156.0,3408.0
2002-03-25,6139.0,6210.0,6110.0,6185.0,3240.0
2002-03-26,6136.0,6220.0,6125.0,6207.0,2896.0
2002-03-27,6220.0,6245.0,6080.0,6085.0,4163.0
2002-03-28,6085.0,6145.0,6060.0,6140.0,3312.0
2002-03-29,6150.0,6180.0,6086.0,6140.0,2854.0
2002-04-01,6100.0,6164.0,6100.0,6121.0,1883.0
2002-04-02,6157.0,6270.0,6150.0,6222.0,3724.0
2002-04-03,6180.0,6255.0,6165.0,6255.0,2505.0
2002-04-04,6220.0,6231.0,6120.0,6155.0,3349.0
2002-04-08,6132.0,6160.0,6100.0,6120.0,1892.0
2002-04-09,6135.0,6177.0,6031.0,6045.0,3517.0
2002-04-10,6003.0,6027.0,5970.0,6027.0,2477.0
2002-04-11,6050.0,6069.0,6011.0,6029.0,2264.0
2002-04-12,5971.0,6170.0,5971.0,6151.0,3713.0
2002-04-15,6160.0,6218.0,6135.0,6190.0,1935.0
2002-04-16,6216.0,6250.0,6181.0,6234.0,1315.0
2002-04-17,6350.0,6464.0,6313.0,6464.0,1414.0
2002-04-18,6330.0,6370.0,6327.0,6359.0,2070.0
2002-04-19,6338.0,6407.0,6330.0,6402.0,2137.0
2002-04-22,6396.0,6415.0,6355.0,6398.0,1734.0
2002-04-23,6380.0,6386.0,6306.0,6340.0,2295.0
2002-04-24,6325.0,6425.0,6321.0,6424.0,2740.0
2002-04-25,6382.0,6388.0,6310.0,6327.0,3173.0
2002-04-26,6329.0,6329.0,6266.0,6315.0,2663.0
2002-04-29,6262.0,6266.0,6175.0,6180.0,3295.0
2002-04-30,6150.0,6196.0,6061.0,6109.0,3274.0
2002-05-02,6138.0,6140.0,5851.0,5878.0,3914.0
2002-05-03,5813.0,5940.0,5780.0,5920.0,3504.0
2002-05-06,5850.0,5850.0,5530.0,5620.0,3852.0
2002-05-07,5475.0,5709.0,5475.0,5673.0,3881.0
2002-05-08,5725.0,5764.0,5648.0,5764.0,3392.0
2002-05-09,5878.0,5895.0,5740.0,5745.0,3511.0
2002-05-10,5716.0,5850.0,5657.0,5850.0,3699.0
2002-05-13,5798.0,5810.0,5730.0,5780.0,2184.0
2002-05-14,5819.0,5840.0,5756.0,5771.0,1417.0
2002-05-15,5839.0,5945.0,5801.0,5820.0,2345.0
2002-05-16,5891.0,5893.0,5765.0,5765.0,3392.0
2002-05-17,5795.0,5845.0,5756.0,5809.0,3459.0
2002-05-20,5789.0,5789.0,5510.0,5510.0,4738.0
2002-05-21,5481.0,5545.0,5382.0,5412.0,4085.0
2002-05-22,5410.0,5520.0,5372.0,5500.0,4461.0
2002-05-23,5531.0,5549.0,5480.0,5505.0,3247.0
2002-05-24,5530.0,5702.0,5526.0,5695.0,4915.0
2002-05-27,5642.0,5720.0,5630.0,5714.0,2532.0
2002-05-28,5749.0,5755.0,5591.0,5648.0,4499.0
2002-05-29,5608.0,5610.0,5515.0,5555.0,3576.0
2002-05-30,5536.0,5730.0,5536.0,5699.0,5321.0
2002-05-31,5700.0,5700.0,5587.0,5635.0,3196.0
2002-06-03,5645.0,5645.0,5476.0,5490.0,3570.0
2002-06-04,5420.0,5535.0,5390.0,5505.0,3122.0
2002-06-05,5539.0,5625.0,5530.0,5618.0,3580.0
2002-06-06,5635.0,5638.0,5530.0,5568.0,3450.0
2002-06-07,5489.0,5489.0,5350.0,5350.0,4982.0
2002-06-10,5414.0,5488.0,5401.0,5474.0,3249.0
2002-06-11,5451.0,5530.0,5356.0,5398.0,4284.0
2002-06-12,5351.0,5439.0,5351.0,5438.0,2915.0
2002-06-13,5480.0,5590.0,5463.0,5584.0,4489.0
2002-06-14,5560.0,5597.0,5530.0,5596.0,2413.0
2002-06-17,5620.0,5635.0,5540.0,5550.0,2095.0
2002-06-18,5648.0,5658.0,5551.0,5580.0,1497.0
2002-06-19,5560.0,5570.0,5353.0,5353.0,1804.0
2002-06-20,5340.0,5438.0,5280.0,5420.0,3884.0
2002-06-21,5350.0,5500.0,5323.0,5441.0,5874.0
2002-06-24,5405.0,5457.0,5335.0,5400.0,4235.0
2002-06-25,5436.0,5467.0,5322.0,5340.0,4990.0
2002-06-26,5280.0,5280.0,5075.0,5075.0,5294.0
2002-06-27,5130.0,5170.0,5062.0,5108.0,4305.0
2002-06-28,5160.0,5188.0,5127.0,5141.0,3072.0
2002-07-01,5145.0,5165.0,4925.0,4930.0,3465.0
2002-07-02,4850.0,4984.0,4850.0,4950.0,3492.0
2002-07-03,4900.0,5059.0,4780.0,5059.0,6241.0
2002-07-04,5058.0,5095.0,5006.0,5080.0,3978.0
2002-07-05,5093.0,5200.0,5060.0,5171.0,5089.0
2002-07-08,5270.0,5336.0,5232.0,5275.0,4540.0
2002-07-09,5255.0,5318.0,5237.0,5309.0,3321.0
2002-07-10,5251.0,5265.0,5184.0,5194.0,3508.0
2002-07-11,5110.0,5210.0,5102.0,5144.0,4423.0
2002-07-12,5200.0,5410.0,5200.0,5410.0,5230.0
2002-07-15,5400.0,5419.0,5345.0,5370.0,2264.0
2002-07-16,5400.0,5468.0,5286.0,5314.0,2206.0
2002-07-17,5270.0,5288.0,5180.0,5243.0,1406.0
2002-07-18,5221.0,5265.0,5155.0,5195.0,5231.0
2002-07-19,5110.0,5143.0,5090.0,5125.0,3787.0
2002-07-22,5035.0,5073.0,5005.0,5027.0,3093.0
2002-07-23,4973.0,5182.0,4970.0,5182.0,5031.0
2002-07-24,5120.0,5120.0,4970.0,5040.0,5324.0
2002-07-25,5190.0,5190.0,5030.0,5055.0,5700.0
2002-07-26,4913.0,4920.0,4717.0,4717.0,5383.0
2002-07-29,4776.0,4920.0,4750.0,4834.0,5265.0
2002-07-30,4970.0,5010.0,4902.0,4962.0,5618.0
2002-07-31,4969.0,4979.0,4880.0,4895.0,4255.0
2002-08-01,4905.0,4948.0,4861.0,4896.0,3620.0
2002-08-02,4801.0,4930.0,4775.0,4925.0,4390.0
2002-08-05,4720.0,4769.0,4576.0,4576.0,5203.0
2002-08-06,4452.0,4624.0,4450.0,4539.0,5603.0
2002-08-07,4631.0,4695.0,4630.0,4671.0,4585.0
2002-08-08,4669.0,4710.0,4601.0,4625.0,5316.0
2002-08-09,4731.0,4794.0,4715.0,4760.0,5667.0
2002-08-12,4780.0,4810.0,4740.0,4770.0,2755.0
2002-08-13,4763.0,4785.0,4745.0,4775.0,1871.0
2002-08-14,4721.0,4855.0,4705.0,4851.0,4644.0
2002-08-15,4925.0,4969.0,4890.0,4893.0,4429.0
2002-08-16,4920.0,4940.0,4865.0,4890.0,3048.0
2002-08-19,4914.0,4920.0,4853.0,4856.0,1683.0
2002-08-20,4925.0,4937.0,4882.0,4896.0,1687.0
2002-08-21,4900.0,4900.0,4850.0,4886.0,1606.0
2002-08-22,4895.0,4969.0,4885.0,4948.0,4644.0
2002-08-23,4980.0,5019.0,4935.0,4935.0,3569.0
2002-08-26,4902.0,4933.0,4880.0,4933.0,3087.0
2002-08-27,4950.0,4953.0,4855.0,4855.0,3261.0
2002-08-28,4820.0,4842.0,4763.0,4788.0,3935.0
2002-08-29,4768.0,4816.0,4735.0,4788.0,3751.0
2002-08-30,4798.0,4798.0,4735.0,4741.0,3252.0
2002-09-02,4726.0,4737.0,4611.0,4616.0,3341.0
2002-09-03,4600.0,4660.0,4540.0,4595.0,4425.0
2002-09-04,4543.0,4600.0,4505.0,4559.0,4597.0
2002-09-05,4589.0,4595.0,4431.0,4431.0,4098.0
2002-09-09,4455.0,4510.0,4410.0,4505.0,3763.0
2002-09-10,4537.0,4650.0,4481.0,4649.0,5788.0
2002-09-11,4670.0,4678.0,4622.0,4660.0,3278.0
2002-09-12,4630.0,4666.0,4575.0,4635.0,3887.0
2002-09-13,4570.0,4575.0,4531.0,4537.0,3222.0
2002-09-16,4575.0,4575.0,4408.0,4417.0,3126.0
2002-09-17,4448.0,4657.0,4432.0,4645.0,3091.0
2002-09-18,4545.0,4550.0,4443.0,4456.0,1346.0
2002-09-19,4468.0,4530.0,4438.0,4445.0,5831.0
2002-09-20,4350.0,4390.0,4312.0,4371.0,4578.0
2002-09-23,4365.0,4394.0,4280.0,4305.0,4322.0
2002-09-24,4280.0,4360.0,4260.0,4299.0,5074.0
2002-09-25,4260.0,4300.0,4108.0,4175.0,5395.0
2002-09-26,4245.0,4275.0,4201.0,4205.0,4913.0
2002-09-27,4235.0,4269.0,4145.0,4184.0,5503.0
2002-09-30,4117.0,4180.0,4042.0,4146.0,4601.0
2002-10-01,4088.0,4200.0,4080.0,4120.0,5773.0
2002-10-02,4212.0,4229.0,4109.0,4110.0,5402.0
2002-10-03,4097.0,4097.0,4021.0,4045.0,4159.0
2002-10-04,4010.0,4094.0,4001.0,4051.0,4935.0
2002-10-07,3998.0,4007.0,3885.0,3885.0,4940.0
2002-10-08,3865.0,3964.0,3865.0,3959.0,5197.0
2002-10-09,3969.0,3991.0,3876.0,3876.0,5171.0
2002-10-11,3931.0,3950.0,3780.0,3810.0,5510.0
2002-10-14,3860.0,3910.0,3840.0,3872.0,4373.0
2002-10-15,3912.0,4151.0,3912.0,4151.0,3876.0
2002-10-16,4270.0,4275.0,4142.0,4190.0,2081.0
2002-10-17,4150.0,4283.0,4135.0,4270.0,7756.0
2002-10-18,4312.0,4436.0,4291.0,4402.0,7303.0
2002-10-21,4360.0,4429.0,4352.0,4380.0,4493.0
2002-10-22,4420.0,4439.0,4286.0,4288.0,6781.0
2002-10-23,4310.0,4592.0,4273.0,4586.0,9245.0
2002-10-24,4580.0,4593.0,4485.0,4540.0,7148.0
2002-10-25,4510.0,4578.0,4462.0,4521.0,6278.0
2002-10-28,4562.0,4640.0,4540.0,4541.0,5818.0
2002-10-29,4511.0,4550.0,4489.0,4524.0,4026.0
2002-10-30,4501.0,4570.0,4404.0,4440.0,6957.0
2002-10-31,4470.0,4585.0,4466.0,4545.0,6565.0
2002-11-01,4552.0,4570.0,4428.0,4450.0,6046.0
2002-11-04,4549.0,4620.0,4516.0,4590.0,6354.0
2002-11-05,4616.0,4618.0,4515.0,4546.0,4850.0
2002-11-06,4562.0,4755.0,4531.0,4728.0,9403.0
2002-11-07,4745.0,4775.0,4683.0,4745.0,5343.0
2002-11-08,4695.0,4793.0,4690.0,4780.0,5153.0
2002-11-11,4763.0,4763.0,4656.0,4687.0,4948.0
2002-11-12,4640.0,4690.0,4613.0,4672.0,4444.0
2002-11-13,4680.0,4695.0,4613.0,4660.0,4339.0
2002-11-14,4669.0,4730.0,4650.0,4660.0,4610.0
2002-11-15,4745.0,4828.0,4740.0,4807.0,5135.0
2002-11-18,4783.0,4830.0,4781.0,4797.0,1908.0
2002-11-19,4800.0,4800.0,4728.0,4737.0,1788.0
2002-11-20,4715.0,4740.0,4647.0,4675.0,1770.0
2002-11-21,4740.0,4748.0,4592.0,4630.0,5926.0
2002-11-22,4700.0,4759.0,4680.0,4710.0,5580.0
2002-11-25,4730.0,4747.0,4653.0,4746.0,4019.0
2002-11-26,4730.0,4747.0,4672.0,4684.0,4082.0
2002-11-27,4649.0,4659.0,4608.0,4652.0,3952.0
2002-11-28,4720.0,4735.0,4622.0,4635.0,4987.0
2002-11-29,4655.0,4681.0,4632.0,4665.0,3347.0
2002-12-02,4660.0,4712.0,4621.0,4703.0,3407.0
2002-12-03,4702.0,4805.0,4678.0,4778.0,6599.0
2002-12-04,4742.0,4770.0,4735.0,4745.0,2672.0
2002-12-05,4745.0,4767.0,4725.0,4767.0,2525.0
2002-12-06,4735.0,4763.0,4730.0,4749.0,1666.0
2002-12-09,4781.0,4847.0,4770.0,4796.0,3968.0
2002-12-10,4750.0,4757.0,4722.0,4754.0,3236.0
2002-12-11,4747.0,4779.0,4680.0,4681.0,4159.0
2002-12-12,4690.0,4706.0,4639.0,4685.0,3461.0
2002-12-13,4670.0,4678.0,4616.0,4621.0,3218.0
2002-12-16,4595.0,4610.0,4565.0,4596.0,2123.0
2002-12-17,4645.0,4645.0,4563.0,4569.0,1663.0
2002-12-18,4539.0,4590.0,4502.0,4502.0,1678.0
2002-12-19,4511.0,4578.0,4496.0,4550.0,3922.0
2002-12-20,4565.0,4595.0,4507.0,4585.0,4294.0
2002-12-23,4573.0,4581.0,4540.0,4540.0,2025.0
2002-12-24,4540.0,4564.0,4523.0,4536.0,1963.0
2002-12-25,4521.0,4528.0,4481.0,4486.0,2892.0
2002-12-26,4495.0,4534.0,4460.0,4526.0,3153.0
2002-12-27,4525.0,4534.0,4500.0,4500.0,1950.0
2002-12-30,4455.0,4468.0,4407.0,4415.0,2518.0
2002-12-31,4420.0,4434.0,4396.0,4411.0,1996.0
2003-01-02,4408.0,4480.0,4385.0,4456.0,3231.0
2003-01-03,4530.0,4590.0,4528.0,4568.0,4223.0
2003-01-06,4590.0,4645.0,4560.0,4636.0,3516.0
2003-01-07,4690.0,4703.0,4636.0,4642.0,3201.0
2003-01-08,4646.0,4820.0,4641.0,4780.0,4910.0
2003-01-09,4756.0,4809.0,4755.0,4791.0,2873.0
2003-01-10,4859.0,4859.0,4792.0,4820.0,2629.0
2003-01-13,4840.0,5050.0,4840.0,5036.0,3376.0
2003-01-14,5039.0,5068.0,4990.0,5012.0,1483.0
2003-01-15,5150.0,5150.0,4965.0,5048.0,1378.0
2003-01-16,4998.0,5025.0,4935.0,4939.0,3651.0
2003-01-17,4930.0,4959.0,4902.0,4925.0,3330.0
2003-01-20,4895.0,4983.0,4885.0,4973.0,2683.0
2003-01-21,4959.0,5030.0,4931.0,4948.0,4439.0
2003-01-22,4920.0,5005.0,4910.0,5002.0,3431.0
2003-01-23,5000.0,5094.0,4992.0,5094.0,4335.0
2003-01-24,5100.0,5109.0,5051.0,5061.0,2893.0
2003-01-27,5036.0,5040.0,4940.0,4967.0,3205.0
2003-01-28,4927.0,5025.0,4927.0,5020.0,2306.0
2003-02-06,5008.0,5009.0,4761.0,4780.0,3472.0
2003-02-07,4760.0,4819.0,4630.0,4702.0,4516.0
2003-02-10,4676.0,4702.0,4620.0,4642.0,2993.0
2003-02-11,4650.0,4690.0,4622.0,4649.0,2736.0
2003-02-12,4626.0,4669.0,4559.0,4628.0,3316.0
2003-02-13,4602.0,4630.0,4482.0,4482.0,3780.0
2003-02-14,4485.0,4555.0,4471.0,4488.0,3222.0
2003-02-17,4579.0,4695.0,4565.0,4689.0,3071.0
2003-02-18,4680.0,4680.0,4607.0,4630.0,1306.0
2003-02-19,4673.0,4675.0,4529.0,4529.0,1318.0
2003-02-20,4530.0,4575.0,4505.0,4560.0,4157.0
2003-02-21,4575.0,4580.0,4512.0,4531.0,2837.0
2003-02-24,4575.0,4620.0,4516.0,4619.0,3952.0
2003-02-25,4550.0,4550.0,4432.0,4440.0,4372.0
2003-02-26,4470.0,4490.0,4442.0,4455.0,3077.0
2003-02-27,4427.0,4468.0,4361.0,4420.0,4402.0
2003-03-03,4450.0,4520.0,4435.0,4515.0,3473.0
2003-03-04,4472.0,4482.0,4437.0,4470.0,2861.0
2003-03-05,4382.0,4435.0,4372.0,4395.0,3192.0
2003-03-06,4419.0,4425.0,4384.0,4398.0,2550.0
2003-03-07,4350.0,4380.0,4323.0,4350.0,3650.0
2003-03-10,4374.0,4388.0,4312.0,4336.0,2522.0
2003-03-11,4270.0,4308.0,4232.0,4246.0,3981.0
2003-03-12,4240.0,4305.0,4240.0,4300.0,3060.0
2003-03-13,4293.0,4378.0,4265.0,4352.0,4704.0
2003-03-14,4498.0,4540.0,4475.0,4480.0,4434.0
2003-03-17,4448.0,4448.0,4313.0,4313.0,2494.0
2003-03-18,4490.0,4618.0,4450.0,4540.0,2217.0
2003-03-19,4559.0,4559.0,4483.0,4525.0,968.0
2003-03-20,4550.0,4610.0,4457.0,4582.0,7126.0
2003-03-21,4582.0,4582.0,4542.0,4575.0,2862.0
2003-03-24,4648.0,4652.0,4540.0,4540.0,3355.0
2003-03-25,4456.0,4495.0,4452.0,4486.0,3503.0
2003-03-26,4502.0,4515.0,4461.0,4470.0,2613.0
2003-03-27,4451.0,4501.0,4445.0,4500.0,2807.0
2003-03-28,4496.0,4497.0,4445.0,4455.0,3394.0
2003-03-31,4420.0,4420.0,4265.0,4272.0,5435.0
2003-04-01,4266.0,4305.0,4260.0,4295.0,2920.0
2003-04-02,4299.0,4330.0,4251.0,4295.0,4484.0
2003-04-03,4380.0,4387.0,4320.0,4332.0,4089.0
2003-04-04,4310.0,4480.0,4295.0,4469.0,7275.0
2003-04-07,4469.0,4580.0,4460.0,4578.0,6283.0
2003-04-08,4508.0,4600.0,4484.0,4545.0,5545.0
2003-04-09,4530.0,4530.0,4492.0,4511.0,3376.0
2003-04-10,4490.0,4580.0,4481.0,4516.0,5486.0
2003-04-11,4530.0,4550.0,4491.0,4519.0,3546.0
2003-04-14,4520.0,4549.0,4428.0,4445.0,3999.0
2003-04-15,4484.0,4487.0,4445.0,4476.0,1574.0
2003-04-16,4511.0,4644.0,4511.0,4644.0,2259.0
2003-04-17,4556.0,4579.0,4542.0,4559.0,3631.0
2003-04-18,4628.0,4675.0,4610.0,4658.0,4913.0
2003-04-21,4650.0,4660.0,4612.0,4660.0,3138.0
2003-04-22,4638.0,4638.0,4560.0,4574.0,4619.0
2003-04-23,4614.0,4619.0,4551.0,4578.0,4776.0
2003-04-24,4590.0,4590.0,4313.0,4355.0,8290.0
2003-04-25,4330.0,4348.0,4211.0,4211.0,7132.0
2003-04-28,4150.0,4178.0,4056.0,4131.0,6101.0
2003-04-29,4180.0,4205.0,4111.0,4188.0,5831.0
2003-04-30,4208.0,4258.0,4106.0,4130.0,6835.0
2003-05-02,4105.0,4214.0,4101.0,4196.0,5139.0
2003-05-05,4225.0,4228.0,4135.0,4189.0,4644.0
2003-05-06,4200.0,4239.0,4180.0,4184.0,4359.0
2003-05-07,4198.0,4250.0,4187.0,4250.0,5045.0
2003-05-08,4230.0,4240.0,4157.0,4160.0,4328.0
2003-05-09,4149.0,4260.0,4148.0,4230.0,6457.0
2003-05-12,4224.0,4285.0,4205.0,4243.0,4319.0
2003-05-13,4295.0,4341.0,4288.0,4315.0,4740.0
2003-05-14,4316.0,4334.0,4291.0,4334.0,3056.0
2003-05-15,4316.0,4325.0,4275.0,4324.0,4394.0
2003-05-16,4335.0,4368.0,4263.0,4265.0,4218.0
2003-05-19,4250.0,4255.0,4215.0,4240.0,3001.0
2003-05-20,4187.0,4246.0,4172.0,4235.0,2062.0
2003-05-21,4230.0,4250.0,4210.0,4245.0,1694.0
2003-05-22,4200.0,4245.0,4165.0,4243.0,5647.0
2003-05-23,4270.0,4344.0,4258.0,4332.0,7088.0
2003-05-26,4358.0,4447.0,4340.0,4446.0,5525.0
2003-05-27,4450.0,4460.0,4415.0,4435.0,3581.0
2003-05-28,4550.0,4568.0,4465.0,4487.0,6131.0
2003-05-29,4487.0,4497.0,4445.0,4465.0,3831.0
2003-05-30,4473.0,4608.0,4456.0,4508.0,8998.0
2003-06-02,4570.0,4670.0,4559.0,4665.0,7208.0
2003-06-03,4659.0,4665.0,4616.0,4660.0,4229.0
2003-06-05,4720.0,4748.0,4690.0,4720.0,5192.0
2003-06-06,4740.0,4740.0,4677.0,4725.0,4455.0
2003-06-09,4699.0,4811.0,4680.0,4805.0,7014.0
2003-06-10,4760.0,4833.0,4760.0,4825.0,4169.0
2003-06-11,4832.0,4849.0,4781.0,4794.0,4828.0
2003-06-12,4817.0,4928.0,4811.0,4889.0,5840.0
2003-06-13,4890.0,4903.0,4856.0,4890.0,2902.0
2003-06-16,4867.0,4935.0,4867.0,4909.0,2760.0
2003-06-17,5000.0,5000.0,4960.0,5000.0,2975.0
2003-06-18,5050.0,5125.0,5010.0,5019.0,3105.0
2003-06-19,5020.0,5065.0,4972.0,5065.0,5917.0
2003-06-20,5033.0,5060.0,4992.0,5017.0,4936.0
2003-06-23,4998.0,5024.0,4925.0,4925.0,4888.0
2003-06-24,4882.0,4915.0,4856.0,4915.0,5563.0
2003-06-25,4901.0,4949.0,4875.0,4947.0,4927.0
2003-06-26,4920.0,4929.0,4880.0,4883.0,3886.0
2003-06-27,4925.0,4944.0,4826.0,4858.0,6097.0
2003-06-30,4850.0,4889.0,4833.0,4889.0,3716.0
2003-07-01,4874.0,5047.0,4870.0,5044.0,7482.0
2003-07-02,5081.0,5158.0,5060.0,5140.0,6724.0
2003-07-03,5198.0,5215.0,5114.0,5120.0,7310.0
2003-07-04,5120.0,5196.0,5100.0,5192.0,5600.0
2003-07-07,5230.0,5372.0,5213.0,5372.0,7062.0
2003-07-08,5429.0,5430.0,5340.0,5380.0,7358.0
2003-07-09,5375.0,5400.0,5350.0,5371.0,4637.0
2003-07-10,5356.0,5396.0,5249.0,5249.0,7806.0
2003-07-11,5204.0,5270.0,5172.0,5250.0,5604.0
2003-07-14,5258.0,5432.0,5255.0,5409.0,5798.0
2003-07-15,5420.0,5430.0,5320.0,5336.0,2653.0
2003-07-16,5348.0,5440.0,5331.0,5438.0,2070.0
2003-07-17,5378.0,5390.0,5250.0,5255.0,10187.0
2003-07-18,5250.0,5295.0,5221.0,5262.0,7391.0
2003-07-21,5294.0,5315.0,5200.0,5220.0,6745.0
2003-07-22,5235.0,5300.0,5210.0,5300.0,6784.0
2003-07-23,5315.0,5346.0,5281.0,5306.0,7583.0
2003-07-24,5318.0,5415.0,5315.0,5414.0,8201.0
2003-07-25,5388.0,5413.0,5365.0,5385.0,5250.0
2003-07-28,5449.0,5498.0,5435.0,5479.0,5460.0
2003-07-29,5474.0,5474.0,5338.0,5355.0,8451.0
2003-07-30,5340.0,5375.0,5285.0,5315.0,6511.0
2003-07-31,5308.0,5337.0,5265.0,5325.0,6331.0
2003-08-01,5352.0,5405.0,5352.0,5388.0,6820.0
2003-08-04,5358.0,5378.0,5340.0,5370.0,3881.0
2003-08-05,5381.0,5409.0,5255.0,5257.0,7987.0
2003-08-06,5209.0,5245.0,5207.0,5245.0,4188.0
2003-08-07,5255.0,5295.0,5188.0,5282.0,8745.0
2003-08-08,5273.0,5297.0,5206.0,5210.0,6493.0
2003-08-11,5200.0,5250.0,5167.0,5250.0,5326.0
2003-08-12,5263.0,5279.0,5241.0,5265.0,4763.0
2003-08-13,5305.0,5478.0,5300.0,5475.0,9997.0
2003-08-14,5456.0,5490.0,5420.0,5465.0,6233.0
2003-08-15,5488.0,5560.0,5461.0,5490.0,7170.0
2003-08-18,5535.0,5552.0,5471.0,5534.0,4083.0
2003-08-19,5665.0,5673.0,5520.0,5562.0,3112.0
2003-08-20,5544.0,5574.0,5522.0,5545.0,1514.0
2003-08-21,5530.0,5637.0,5502.0,5634.0,10015.0
2003-08-22,5626.0,5684.0,5612.0,5628.0,7687.0
2003-08-25,5611.0,5674.0,5585.0,5660.0,7273.0
2003-08-26,5637.0,5638.0,5544.0,5571.0,8476.0
2003-08-27,5582.0,5605.0,5550.0,5555.0,6182.0
2003-08-28,5570.0,5594.0,5521.0,5548.0,6593.0
2003-08-29,5578.0,5675.0,5571.0,5670.0,9765.0
2003-09-01,5675.0,5730.0,5663.0,5715.0,6965.0
2003-09-02,5738.0,5759.0,5683.0,5759.0,5758.0
2003-09-03,5793.0,5795.0,5670.0,5675.0,7564.0
2003-09-04,5685.0,5698.0,5635.0,5647.0,7012.0
2003-09-05,5678.0,5719.0,5636.0,5678.0,8037.0
2003-09-08,5660.0,5775.0,5636.0,5755.0,9050.0
2003-09-09,5798.0,5805.0,5680.0,5702.0,7573.0
2003-09-10,5685.0,5690.0,5612.0,5647.0,7161.0
2003-09-12,5648.0,5685.0,5621.0,5670.0,4693.0
2003-09-15,5670.0,5680.0,5635.0,5656.0,3308.0
2003-09-16,5639.0,5723.0,5638.0,5716.0,3925.0
2003-09-17,5763.0,5770.0,5730.0,5770.0,2572.0
2003-09-18,5740.0,5765.0,5690.0,5765.0,7618.0
2003-09-19,5788.0,5796.0,5725.0,5755.0,7292.0
2003-09-22,5718.0,5730.0,5690.0,5693.0,6389.0
2003-09-23,5670.0,5719.0,5666.0,5719.0,4517.0
2003-09-24,5726.0,5741.0,5685.0,5741.0,5831.0
2003-09-25,5671.0,5704.0,5651.0,5686.0,5567.0
2003-09-26,5671.0,5710.0,5670.0,5685.0,4253.0
2003-09-29,5673.0,5690.0,5663.0,5671.0,3360.0
2003-09-30,5688.0,5690.0,5645.0,5645.0,3868.0
2003-10-01,5627.0,5648.0,5596.0,5628.0,4644.0
2003-10-02,5663.0,5725.0,5654.0,5716.0,7560.0
2003-10-03,5715.0,5745.0,5703.0,5741.0,5214.0
2003-10-06,5773.0,5847.0,5768.0,5830.0,7582.0
2003-10-07,5849.0,5855.0,5825.0,5852.0,3887.0
2003-10-08,5860.0,5860.0,5818.0,5825.0,3985.0
2003-10-09,5825.0,5899.0,5825.0,5899.0,4132.0
2003-10-13,5935.0,6023.0,5875.0,6023.0,4110.0
2003-10-14,6053.0,6053.0,5963.0,5985.0,2509.0
2003-10-15,6009.0,6009.0,5945.0,5959.0,1876.0
2003-10-16,5984.0,6088.0,5955.0,6065.0,6206.0
2003-10-17,6065.0,6085.0,6050.0,6078.0,3406.0
2003-10-20,6060.0,6115.0,6041.0,6098.0,3884.0
2003-10-21,6090.0,6112.0,6000.0,6072.0,6047.0
2003-10-22,6056.0,6082.0,6021.0,6048.0,4858.0
2003-10-23,5999.0,6000.0,5950.0,5962.0,5917.0
2003-10-24,5960.0,5980.0,5938.0,5965.0,2891.0
2003-10-27,5969.0,5999.0,5965.0,5999.0,3043.0
2003-10-28,6007.0,6132.0,5991.0,6125.0,7529.0
2003-10-29,6172.0,6190.0,6133.0,6158.0,4910.0
2003-10-30,6160.0,6169.0,6106.0,6136.0,3909.0
2003-10-31,6136.0,6142.0,6055.0,6060.0,5772.0
2003-11-03,6068.0,6146.0,6058.0,6146.0,4736.0
2003-11-04,6180.0,6185.0,6121.0,6135.0,4886.0
2003-11-05,6119.0,6188.0,6114.0,6173.0,5081.0
2003-11-06,6165.0,6185.0,5911.0,5977.0,8323.0
2003-11-07,6010.0,6065.0,5990.0,6058.0,5136.0
2003-11-10,6040.0,6085.0,6012.0,6048.0,5070.0
2003-11-11,6030.0,6047.0,5993.0,6035.0,4880.0
2003-11-12,6035.0,6060.0,6007.0,6013.0,3844.0
2003-11-13,6063.0,6083.0,6046.0,6075.0,4661.0
2003-11-14,6072.0,6076.0,6035.0,6059.0,3252.0
2003-11-17,6003.0,6020.0,5960.0,5975.0,3539.0
2003-11-18,5965.0,5990.0,5938.0,5983.0,2218.0
2003-11-19,5930.0,5930.0,5836.0,5868.0,2666.0
2003-11-20,5923.0,5930.0,5883.0,5895.0,4766.0
2003-11-21,5850.0,5875.0,5812.0,5866.0,5140.0
2003-11-24,5870.0,5870.0,5837.0,5852.0,2435.0
2003-11-25,5910.0,5934.0,5884.0,5889.0,4991.0
2003-11-26,5899.0,5910.0,5880.0,5901.0,2995.0
2003-11-27,5891.0,5904.0,5800.0,5817.0,5765.0
2003-11-28,5830.0,5859.0,5790.0,5811.0,4134.0
2003-12-01,5792.0,5915.0,5773.0,5914.0,6026.0
2003-12-02,5935.0,5945.0,5905.0,5924.0,4235.0
2003-12-03,5920.0,5939.0,5891.0,5905.0,3205.0
2003-12-04,5895.0,5935.0,5885.0,5931.0,4258.0
2003-12-05,5925.0,5930.0,5893.0,5903.0,3416.0
2003-12-08,5880.0,5881.0,5835.0,5854.0,3068.0
2003-12-09,5871.0,5885.0,5840.0,5879.0,3883.0
2003-12-10,5815.0,5835.0,5802.0,5835.0,3736.0
2003-12-11,5840.0,5888.0,5834.0,5885.0,3388.0
2003-12-12,5918.0,5931.0,5882.0,5890.0,3686.0
2003-12-15,5932.0,5965.0,5905.0,5965.0,3075.0
2003-12-16,5900.0,5918.0,5878.0,5900.0,1560.0
2003-12-17,5920.0,5920.0,5701.0,5723.0,3129.0
2003-12-18,5800.0,5810.0,5762.0,5785.0,2870.0
2003-12-19,5810.0,5827.0,5750.0,5790.0,4183.0
2003-12-22,5810.0,5862.0,5795.0,5837.0,5641.0
2003-12-23,5848.0,5855.0,5825.0,5838.0,2528.0
2003-12-24,5838.0,5899.0,5838.0,5866.0,5188.0
2003-12-25,5860.0,5890.0,5845.0,5862.0,3040.0
2003-12-26,5855.0,5885.0,5836.0,5868.0,3142.0
2003-12-29,5870.0,5888.0,5828.0,5842.0,3221.0
2003-12-30,5870.0,5908.0,5848.0,5891.0,5792.0
2003-12-31,5897.0,5916.0,5882.0,5908.0,2839.0
2004-01-02,5910.0,6070.0,5900.0,6060.0,7033.0
2004-01-05,6076.0,6155.0,6065.0,6143.0,5176.0
2004-01-06,6172.0,6180.0,6131.0,6160.0,4014.0
2004-01-07,6160.0,6250.0,6156.0,6178.0,6293.0
2004-01-08,6195.0,6222.0,6172.0,6214.0,3532.0
2004-01-09,6256.0,6298.0,6246.0,6275.0,4923.0
2004-01-12,6260.0,6280.0,6241.0,6274.0,2291.0
2004-01-13,6293.0,6296.0,6222.0,6251.0,3130.0
2004-01-14,6245.0,6346.0,6226.0,6340.0,4617.0
2004-01-15,6312.0,6335.0,6290.0,6300.0,2391.0
2004-01-16,6325.0,6345.0,6285.0,6290.0,2180.0
2004-01-27,6297.0,6388.0,6297.0,6378.0,1805.0
2004-01-28,6366.0,6396.0,6353.0,6367.0,3339.0
2004-01-29,6345.0,6345.0,6306.0,6328.0,3934.0
2004-01-30,6325.0,6384.0,6325.0,6382.0,3800.0
2004-02-02,6370.0,6381.0,6325.0,6332.0,3749.0
2004-02-03,6315.0,6315.0,6230.0,6258.0,4714.0
2004-02-04,6246.0,6278.0,6237.0,6237.0,3215.0
2004-02-05,6211.0,6311.0,6210.0,6293.0,4850.0
2004-02-06,6293.0,6380.0,6261.0,6368.0,5563.0
2004-02-09,6406.0,6474.0,6401.0,6472.0,4619.0
2004-02-10,6480.0,6487.0,6436.0,6472.0,3669.0
2004-02-11,6484.0,6487.0,6440.0,6452.0,3526.0
2004-02-12,6480.0,6599.0,6371.0,6440.0,9536.0
2004-02-13,6425.0,6572.0,6420.0,6572.0,5927.0
2004-02-16,6560.0,6590.0,6501.0,6569.0,2490.0
2004-02-17,6572.0,6620.0,6554.0,6620.0,1636.0
2004-02-18,6636.0,6653.0,6590.0,6619.0,1634.0
2004-02-19,6640.0,6720.0,6635.0,6720.0,5104.0
2004-02-20,6690.0,6714.0,6675.0,6700.0,3173.0
2004-02-23,6700.0,6710.0,6636.0,6705.0,4283.0
2004-02-24,6663.0,6693.0,6636.0,6646.0,4206.0
2004-02-25,6650.0,6707.0,6643.0,6687.0,3849.0
2004-02-26,6700.0,6745.0,6700.0,6730.0,4263.0
2004-02-27,6745.0,6808.0,6725.0,6806.0,4405.0
2004-03-01,6849.0,6975.0,6830.0,6975.0,5652.0
2004-03-02,6998.0,7075.0,6976.0,7058.0,5557.0
2004-03-03,7075.0,7080.0,7011.0,7018.0,4047.0
2004-03-04,7020.0,7199.0,7020.0,7150.0,5628.0
2004-03-05,7198.0,7248.0,7056.0,7080.0,7520.0
2004-03-08,7103.0,7134.0,6964.0,6991.0,6116.0
2004-03-09,6950.0,7057.0,6920.0,7052.0,5023.0
2004-03-10,7027.0,7050.0,6905.0,6935.0,6597.0
2004-03-11,6870.0,6965.0,6840.0,6926.0,5770.0
2004-03-12,6800.0,6859.0,6778.0,6811.0,4515.0
2004-03-15,6868.0,6910.0,6520.0,6550.0,5237.0
2004-03-16,6450.0,6633.0,6450.0,6560.0,4279.0
2004-03-17,6535.0,6634.0,6526.0,6554.0,2850.0
2004-03-18,6669.0,6842.0,6650.0,6842.0,8718.0
2004-03-19,6840.0,6870.0,6780.0,6850.0,7289.0
2004-03-22,6352.0,6352.0,6352.0,6352.0,1395.0
2004-03-23,5908.0,6220.0,5908.0,6069.0,13760.0
2004-03-24,6113.0,6210.0,6065.0,6177.0,8180.0
2004-03-25,6188.0,6200.0,6115.0,6139.0,6218.0
2004-03-26,6198.0,6210.0,6074.0,6125.0,7868.0
2004-03-29,6278.0,6487.0,6230.0,6480.0,8246.0
2004-03-30,6470.0,6498.0,6435.0,6488.0,6416.0
2004-03-31,6497.0,6537.0,6425.0,6470.0,8418.0
2004-04-01,6461.0,6487.0,6410.0,6471.0,5828.0
2004-04-02,6485.0,6524.0,6473.0,6499.0,5524.0
2004-04-05,6545.0,6708.0,6530.0,6700.0,8798.0
2004-04-06,6750.0,6750.0,6651.0,6665.0,6269.0
2004-04-07,6655.0,6673.0,6635.0,6665.0,3665.0
2004-04-08,6666.0,6688.0,6653.0,6685.0,3421.0
2004-04-09,6660.0,6660.0,6581.0,6619.0,5455.0
2004-04-12,6625.0,6815.0,6625.0,6802.0,7384.0
2004-04-13,6802.0,6830.0,6776.0,6825.0,4843.0
2004-04-14,6773.0,6925.0,6770.0,6925.0,6836.0
2004-04-15,6910.0,6925.0,6725.0,6748.0,8358.0
2004-04-16,6740.0,6864.0,6735.0,6830.0,6634.0
2004-04-19,6838.0,6853.0,6751.0,6802.0,4081.0
2004-04-20,6824.0,6895.0,6815.0,6840.0,2865.0
2004-04-21,6820.0,6848.0,6809.0,6828.0,1642.0
2004-04-22,6870.0,6920.0,6680.0,6729.0,12876.0
2004-04-23,6768.0,6780.0,6702.0,6758.0,6011.0
2004-04-26,6758.0,6767.0,6710.0,6730.0,4129.0
2004-04-27,6715.0,6730.0,6610.0,6675.0,8850.0
2004-04-28,6660.0,6684.0,6590.0,6608.0,6280.0
2004-04-29,6551.0,6560.0,6325.0,6395.0,11702.0
2004-04-30,6360.0,6370.0,5955.0,6062.0,15003.0
2004-05-03,6020.0,6120.0,5958.0,6029.0,7803.0
2004-05-04,6107.0,6166.0,6053.0,6137.0,7751.0
2004-05-05,6148.0,6150.0,5720.0,5720.0,13394.0
2004-05-06,5780.0,5970.0,5750.0,5880.0,13891.0
2004-05-07,5805.0,5996.0,5801.0,5980.0,10133.0
2004-05-10,5920.0,5928.0,5706.0,5755.0,8770.0
2004-05-11,5780.0,5880.0,5656.0,5869.0,13095.0
2004-05-12,5925.0,6000.0,5913.0,5954.0,8842.0
2004-05-13,5926.0,5949.0,5857.0,5895.0,9071.0
2004-05-14,5921.0,5945.0,5722.0,5740.0,10091.0
2004-05-17,5656.0,5680.0,5343.0,5343.0,9197.0
2004-05-18,5398.0,5560.0,5380.0,5520.0,8508.0
2004-05-19,5540.0,5904.0,5538.0,5890.0,5905.0
2004-05-20,5790.0,5880.0,5601.0,5685.0,17398.0
2004-05-21,5745.0,5912.0,5660.0,5851.0,14895.0
2004-05-24,5845.0,5970.0,5762.0,5876.0,12551.0
2004-05-25,5795.0,5920.0,5780.0,5847.0,11046.0
2004-05-26,5988.0,6075.0,5950.0,5985.0,10812.0
2004-05-27,6018.0,6028.0,5945.0,6001.0,7255.0
2004-05-28,6058.0,6070.0,5990.0,6047.0,8229.0
2004-05-31,6030.0,6039.0,5885.0,5920.0,9330.0
2004-06-01,5938.0,5950.0,5811.0,5906.0,11723.0
2004-06-02,5870.0,5874.0,5750.0,5795.0,9196.0
2004-06-03,5825.0,5844.0,5552.0,5577.0,14044.0
2004-06-04,5600.0,5640.0,5526.0,5615.0,10346.0
2004-06-07,5677.0,5910.0,5673.0,5900.0,12633.0
2004-06-08,5960.0,5988.0,5860.0,5980.0,11478.0
2004-06-09,5960.0,5998.0,5923.0,5958.0,7388.0
2004-06-10,5911.0,5920.0,5764.0,5836.0,13317.0
2004-06-11,5800.0,5809.0,5673.0,5713.0,9450.0
2004-06-14,5696.0,5782.0,5508.0,5531.0,9641.0
2004-06-15,5492.0,5645.0,5450.0,5605.0,7632.0
2004-06-16,5668.0,5739.0,5504.0,5566.0,5199.0
2004-06-17,5450.0,5658.0,5429.0,5610.0,20379.0
2004-06-18,5585.0,5588.0,5431.0,5462.0,13441.0
2004-06-21,5600.0,5638.0,5455.0,5533.0,14278.0
2004-06-23,5565.0,5710.0,5550.0,5665.0,15133.0
2004-06-24,5720.0,5734.0,5656.0,5710.0,11049.0
2004-06-25,5697.0,5770.0,5670.0,5740.0,11189.0
2004-06-28,5720.0,5749.0,5591.0,5621.0,11209.0
2004-06-29,5593.0,5650.0,5555.0,5647.0,9244.0
2004-06-30,5670.0,5796.0,5668.0,5756.0,12464.0
2004-07-01,5800.0,5800.0,5720.0,5760.0,8770.0
2004-07-02,5650.0,5660.0,5515.0,5658.0,8479.0
2004-07-05,5599.0,5610.0,5541.0,5600.0,8702.0
2004-07-06,5628.0,5675.0,5570.0,5675.0,8810.0
2004-07-07,5565.0,5684.0,5530.0,5656.0,11702.0
2004-07-08,5641.0,5775.0,5601.0,5630.0,8183.0
2004-07-09,5630.0,5724.0,5590.0,5712.0,12794.0
2004-07-12,5740.0,5762.0,5692.0,5711.0,7736.0
2004-07-13,5690.0,5698.0,5655.0,5660.0,6534.0
2004-07-14,5651.0,5680.0,5600.0,5610.0,8713.0
2004-07-15,5608.0,5620.0,5488.0,5548.0,9961.0
2004-07-16,5520.0,5579.0,5492.0,5505.0,8125.0
2004-07-19,5495.0,5540.0,5430.0,5505.0,6585.0
2004-07-20,5480.0,5487.0,5265.0,5280.0,5997.0
2004-07-21,5360.0,5425.0,5351.0,5359.0,4016.0
2004-07-22,5241.0,5305.0,5210.0,5290.0,9751.0
2004-07-23,5310.0,5340.0,5275.0,5285.0,8013.0
2004-07-26,5231.0,5275.0,5222.0,5275.0,5978.0
2004-07-27,5270.0,5392.0,5220.0,5358.0,13164.0
2004-07-28,5400.0,5403.0,5341.0,5359.0,7529.0
2004-07-29,5360.0,5360.0,5285.0,5295.0,8730.0
2004-07-30,5343.0,5400.0,5337.0,5361.0,9977.0
2004-08-02,5331.0,5331.0,5257.0,5278.0,7975.0
2004-08-03,5298.0,5318.0,5267.0,5287.0,5947.0
2004-08-04,5240.0,5265.0,5215.0,5250.0,6530.0
2004-08-05,5266.0,5410.0,5216.0,5394.0,14773.0
2004-08-06,5333.0,5410.0,5330.0,5368.0,9362.0
2004-08-09,5309.0,5386.0,5271.0,5378.0,8184.0
2004-08-10,5380.0,5390.0,5341.0,5360.0,6135.0
2004-08-11,5403.0,5408.0,5295.0,5321.0,9073.0
2004-08-12,5310.0,5347.0,5300.0,5345.0,4834.0
2004-08-13,5303.0,5392.0,5295.0,5361.0,8951.0
2004-08-16,5346.0,5350.0,5320.0,5331.0,3240.0
2004-08-17,5377.0,5380.0,5316.0,5339.0,3471.0
2004-08-18,5335.0,5422.0,5298.0,5419.0,4343.0
2004-08-19,5420.0,5546.0,5415.0,5530.0,11249.0
2004-08-20,5530.0,5625.0,5520.0,5585.0,9919.0
2004-08-23,5620.0,5630.0,5577.0,5605.0,5901.0
2004-08-26,5700.0,5815.0,5685.0,5790.0,8503.0
2004-08-27,5800.0,5818.0,5760.0,5810.0,5417.0
2004-08-30,5810.0,5825.0,5780.0,5790.0,3797.0
2004-08-31,5760.0,5876.0,5740.0,5768.0,12143.0
2004-09-01,5781.0,5868.0,5781.0,5857.0,8259.0
2004-09-02,5860.0,5864.0,5793.0,5844.0,6506.0
2004-09-03,5851.0,5869.0,5749.0,5760.0,10837.0
2004-09-06,5740.0,5785.0,5715.0,5779.0,7078.0
2004-09-07,5777.0,5840.0,5760.0,5837.0,8035.0
2004-09-08,5850.0,5878.0,5813.0,5827.0,7735.0
2004-09-09,5817.0,5853.0,5790.0,5841.0,6000.0
2004-09-10,5843.0,5875.0,5816.0,5845.0,5804.0
2004-09-13,5880.0,5939.0,5880.0,5932.0,5222.0
2004-09-14,5952.0,5956.0,5925.0,5939.0,2225.0
2004-09-15,5933.0,5933.0,5875.0,5885.0,2564.0
2004-09-16,5849.0,5887.0,5816.0,5872.0,6371.0
2004-09-17,5870.0,5873.0,5800.0,5800.0,6900.0
2004-09-20,5810.0,5875.0,5808.0,5844.0,7049.0
2004-09-21,5855.0,5944.0,5855.0,5944.0,8768.0
2004-09-22,5946.0,5959.0,5920.0,5940.0,4662.0
2004-09-23,5890.0,5933.0,5883.0,5918.0,4198.0
2004-09-24,5907.0,5928.0,5866.0,5890.0,6582.0
2004-09-27,5866.0,5890.0,5848.0,5871.0,3973.0
2004-09-29,5870.0,5897.0,5847.0,5856.0,4869.0
2004-09-30,5886.0,5915.0,5863.0,5885.0,6211.0
2004-10-01,5900.0,5955.0,5873.0,5947.0,7796.0
2004-10-04,6024.0,6115.0,6021.0,6112.0,8006.0
2004-10-05,6103.0,6129.0,6091.0,6122.0,3212.0
2004-10-06,6117.0,6175.0,6076.0,6085.0,8348.0
2004-10-07,6115.0,6142.0,6096.0,6135.0,4602.0
2004-10-08,6110.0,6140.0,6103.0,6140.0,3810.0
2004-10-11,6116.0,6133.0,6065.0,6120.0,5082.0
2004-10-12,6095.0,6099.0,5980.0,5990.0,7691.0
2004-10-13,6022.0,6033.0,5985.0,6000.0,4542.0
2004-10-14,5958.0,5960.0,5830.0,5850.0,7493.0
2004-10-15,5780.0,5869.0,5770.0,5820.0,5111.0
2004-10-18,5820.0,5858.0,5782.0,5782.0,2657.0
2004-10-19,5820.0,5855.0,5794.0,5835.0,2661.0
2004-10-20,5782.0,5808.0,5731.0,5731.0,3213.0
2004-10-21,5800.0,5838.0,5778.0,5787.0,7197.0
2004-10-22,5820.0,5830.0,5778.0,5797.0,5459.0
2004-10-26,5730.0,5731.0,5635.0,5660.0,6030.0
2004-10-27,5689.0,5690.0,5600.0,5631.0,6692.0
2004-10-28,5699.0,5730.0,5680.0,5727.0,6969.0
2004-10-29,5696.0,5726.0,5685.0,5699.0,4326.0
2004-11-01,5701.0,5724.0,5606.0,5620.0,5423.0
2004-11-02,5641.0,5765.0,5631.0,5760.0,7383.0
2004-11-03,5741.0,5853.0,5732.0,5838.0,9349.0
2004-11-04,5830.0,5868.0,5810.0,5834.0,5373.0
2004-11-05,5924.0,5960.0,5901.0,5929.0,7113.0
2004-11-08,5938.0,5938.0,5902.0,5919.0,2937.0
2004-11-09,5930.0,5955.0,5890.0,5944.0,5568.0
2004-11-10,5969.0,5988.0,5905.0,5960.0,6522.0
2004-11-11,5947.0,5949.0,5870.0,5870.0,6095.0
2004-11-12,5910.0,5965.0,5901.0,5950.0,6255.0
2004-11-15,5980.0,6009.0,5930.0,5940.0,3901.0
2004-11-16,5941.0,5959.0,5915.0,5930.0,2497.0
2004-11-17,5925.0,6043.0,5911.0,6043.0,3223.0
2004-11-18,6095.0,6110.0,6061.0,6083.0,5893.0
2004-11-19,6099.0,6100.0,6047.0,6065.0,4532.0
2004-11-22,5996.0,5998.0,5830.0,5833.0,10667.0
2004-11-23,5850.0,5870.0,5790.0,5845.0,6728.0
2004-11-24,5842.0,5915.0,5840.0,5912.0,7205.0
2004-11-25,5928.0,5930.0,5849.0,5870.0,6191.0
2004-11-26,5890.0,5962.0,5751.0,5756.0,12726.0
2004-11-29,5777.0,5810.0,5758.0,5807.0,5429.0
2004-11-30,5781.0,5828.0,5706.0,5805.0,10663.0
2004-12-01,5748.0,5800.0,5641.0,5774.0,6942.0
2004-12-02,5868.0,5880.0,5823.0,5858.0,6859.0
2004-12-03,5880.0,5901.0,5842.0,5880.0,6106.0
2004-12-06,5850.0,5905.0,5835.0,5881.0,5879.0
2004-12-07,5879.0,5904.0,5864.0,5892.0,3094.0
2004-12-08,5863.0,5898.0,5860.0,5885.0,3308.0
2004-12-09,5880.0,5906.0,5872.0,5883.0,3185.0
2004-12-10,5898.0,5900.0,5843.0,5860.0,3513.0
2004-12-13,5855.0,6006.0,5775.0,5857.0,9868.0
2004-12-14,5899.0,5917.0,5852.0,5895.0,2621.0
2004-12-15,5935.0,6030.0,5921.0,6019.0,3132.0
2004-12-16,6015.0,6030.0,5995.0,6024.0,4590.0
2004-12-17,6011.0,6028.0,6000.0,6019.0,2876.0
2004-12-20,5966.0,5990.0,5927.0,5969.0,6478.0
2004-12-21,5969.0,5989.0,5962.0,5980.0,2923.0
2004-12-22,6015.0,6067.0,6006.0,6020.0,7679.0
2004-12-23,6030.0,6036.0,5970.0,6004.0,4903.0
2004-12-24,6015.0,6053.0,5986.0,6031.0,5298.0
2004-12-27,6031.0,6042.0,5995.0,6018.0,3919.0
2004-12-28,6015.0,6044.0,6010.0,6027.0,2656.0
2004-12-29,6053.0,6120.0,6051.0,6120.0,6721.0
2004-12-30,6128.0,6131.0,6105.0,6116.0,2881.0
2004-12-31,6110.0,6190.0,6107.0,6190.0,6237.0
2005-01-03,6190.0,6192.0,6156.0,6172.0,3815.0
2005-01-04,6145.0,6160.0,6066.0,6082.0,8426.0
2005-01-05,6023.0,6029.0,6000.0,6015.0,5744.0
2005-01-06,6013.0,6023.0,5996.0,6023.0,2825.0
2005-01-07,6030.0,6037.0,5952.0,5966.0,7540.0
2005-01-10,5970.0,5990.0,5962.0,5986.0,2686.0
2005-01-11,5996.0,6023.0,5970.0,6013.0,4204.0
2005-01-12,5983.0,5993.0,5871.0,5900.0,8046.0
2005-01-13,5910.0,5926.0,5832.0,5878.0,6591.0
2005-01-14,5815.0,5918.0,5814.0,5891.0,5530.0
2005-01-17,5935.0,5985.0,5932.0,5960.0,4241.0
2005-01-18,5979.0,5979.0,5931.0,5946.0,2443.0
2005-01-19,5961.0,5976.0,5882.0,5882.0,3438.0
2005-01-20,5876.0,5925.0,5856.0,5875.0,7317.0
2005-01-21,5875.0,5895.0,5838.0,5868.0,5364.0
2005-01-24,5865.0,5875.0,5772.0,5804.0,6627.0
2005-01-25,5780.0,5819.0,5749.0,5811.0,6302.0
2005-01-26,5848.0,5853.0,5814.0,5842.0,5110.0
2005-01-27,5850.0,5852.0,5820.0,5834.0,3313.0
2005-01-28,5816.0,5890.0,5816.0,5878.0,6064.0
2005-01-31,5879.0,6003.0,5876.0,5986.0,8416.0
2005-02-01,5990.0,6008.0,5970.0,5978.0,3547.0
2005-02-02,5990.0,6065.0,5985.0,6028.0,6157.0
2005-02-03,6045.0,6048.0,6017.0,6048.0,3017.0
2005-02-14,6178.0,6200.0,6122.0,6131.0,3038.0
2005-02-15,6129.0,6149.0,6107.0,6123.0,1341.0
2005-02-16,6140.0,6146.0,6070.0,6126.0,2650.0
2005-02-17,6115.0,6137.0,6066.0,6075.0,6414.0
2005-02-18,6053.0,6128.0,6053.0,6128.0,5306.0
2005-02-21,6139.0,6166.0,6130.0,6143.0,4456.0
2005-02-22,6143.0,6150.0,6094.0,6097.0,4461.0
2005-02-23,6050.0,6127.0,6040.0,6116.0,6168.0
2005-02-24,6114.0,6160.0,6093.0,6120.0,6267.0
2005-02-25,6160.0,6226.0,6156.0,6221.0,6711.0
2005-03-01,6226.0,6252.0,6208.0,6252.0,3681.0
2005-03-02,6270.0,6270.0,6193.0,6201.0,4279.0
2005-03-03,6195.0,6220.0,6161.0,6206.0,5932.0
2005-03-04,6192.0,6218.0,6175.0,6196.0,3969.0
2005-03-07,6230.0,6259.0,6221.0,6232.0,4013.0
2005-03-08,6222.0,6250.0,6140.0,6158.0,7040.0
2005-03-09,6151.0,6201.0,6146.0,6193.0,3933.0
2005-03-10,6180.0,6188.0,6144.0,6171.0,4641.0
2005-03-11,6199.0,6235.0,6175.0,6205.0,5005.0
2005-03-14,6178.0,6199.0,6153.0,6160.0,3223.0
2005-03-15,6155.0,6178.0,6035.0,6070.0,4394.0
2005-03-16,6060.0,6085.0,6046.0,6070.0,1770.0
2005-03-17,6010.0,6035.0,5996.0,6019.0,4607.0
2005-03-18,6036.0,6043.0,6006.0,6026.0,3604.0
2005-03-21,6026.0,6051.0,6020.0,6040.0,2766.0
2005-03-22,6027.0,6033.0,5980.0,6010.0,4781.0
2005-03-23,5981.0,6012.0,5970.0,6012.0,4119.0
2005-03-24,6010.0,6033.0,6000.0,6015.0,3709.0
2005-03-25,6013.0,6050.0,6003.0,6047.0,3184.0
2005-03-28,6053.0,6075.0,6031.0,6050.0,3061.0
2005-03-29,6035.0,6040.0,5970.0,5979.0,4919.0
2005-03-30,5970.0,5986.0,5951.0,5974.0,3184.0
2005-03-31,6014.0,6019.0,5998.0,6015.0,3046.0
2005-04-01,6002.0,6045.0,5975.0,6045.0,4608.0
2005-04-04,6028.0,6045.0,6015.0,6028.0,2715.0
2005-04-06,6035.0,6039.0,6001.0,6012.0,2610.0
2005-04-07,6015.0,6030.0,5975.0,5981.0,4085.0
2005-04-08,6009.0,6015.0,5997.0,6012.0,2330.0
2005-04-11,5989.0,6000.0,5970.0,5984.0,2069.0
2005-04-12,5974.0,6002.0,5968.0,5998.0,2070.0
2005-04-13,6007.0,6013.0,5988.0,6005.0,1509.0
2005-04-14,5970.0,5985.0,5960.0,5971.0,2151.0
2005-04-15,5935.0,5936.0,5870.0,5885.0,3560.0
2005-04-18,5792.0,5820.0,5660.0,5670.0,4383.0
2005-04-19,5712.0,5778.0,5712.0,5750.0,2394.0
2005-04-20,5761.0,5797.0,5671.0,5700.0,2350.0
2005-04-21,5635.0,5705.0,5602.0,5690.0,6552.0
2005-04-22,5750.0,5766.0,5709.0,5720.0,5093.0
2005-04-25,5719.0,5735.0,5701.0,5730.0,2488.0
2005-04-26,5741.0,5775.0,5718.0,5765.0,4739.0
2005-04-27,5744.0,5767.0,5737.0,5749.0,2647.0
2005-04-28,5742.0,5793.0,5712.0,5783.0,5384.0
2005-04-29,5751.0,5770.0,5743.0,5770.0,2952.0
2005-05-03,5800.0,5843.0,5793.0,5800.0,3850.0
2005-05-04,5823.0,5825.0,5785.0,5805.0,2835.0
2005-05-05,5858.0,5940.0,5845.0,5908.0,7369.0
2005-05-06,5905.0,5949.0,5895.0,5949.0,3443.0
2005-05-09,5942.0,5948.0,5925.0,5943.0,2052.0
2005-05-10,5948.0,5955.0,5918.0,5924.0,2167.0
2005-05-11,5899.0,5910.0,5881.0,5896.0,2883.0
2005-05-12,5905.0,5929.0,5890.0,5929.0,1998.0
2005-05-13,5901.0,6010.0,5901.0,5993.0,4060.0
2005-05-16,5992.0,6019.0,5925.0,5933.0,2757.0
2005-05-17,5960.0,5965.0,5861.0,5888.0,2574.0
2005-05-18,5898.0,5913.0,5882.0,5892.0,1367.0
2005-05-19,5929.0,5972.0,5927.0,5950.0,4992.0
2005-05-20,5960.0,5962.0,5925.0,5925.0,3058.0
2005-05-23,5920.0,5928.0,5858.0,5873.0,4430.0
2005-05-24,5880.0,5894.0,5870.0,5875.0,2147.0
2005-05-25,5885.0,5927.0,5825.0,5845.0,6124.0
2005-05-26,5855.0,5905.0,5841.0,5900.0,3695.0
2005-05-27,5927.0,5960.0,5921.0,5953.0,4902.0
2005-05-30,5968.0,5970.0,5930.0,5953.0,3123.0
2005-05-31,5944.0,5964.0,5915.0,5944.0,4285.0
2005-06-01,5931.0,5957.0,5906.0,5930.0,3769.0
2005-06-02,5955.0,6005.0,5954.0,5979.0,5077.0
2005-06-03,5978.0,6056.0,5975.0,6043.0,5767.0
2005-06-06,6021.0,6070.0,6015.0,6070.0,3159.0
2005-06-07,6069.0,6078.0,6037.0,6063.0,2631.0
2005-06-08,6051.0,6149.0,6051.0,6133.0,4333.0
2005-06-09,6132.0,6162.0,6112.0,6122.0,3006.0
2005-06-10,6146.0,6187.0,6118.0,6176.0,3311.0
2005-06-13,6175.0,6249.0,6155.0,6242.0,2997.0
2005-06-14,6248.0,6269.0,6219.0,6221.0,2226.0
2005-06-15,6221.0,6287.0,6220.0,6287.0,2092.0
2005-06-16,6151.0,6195.0,6131.0,6185.0,4564.0
2005-06-17,6190.0,6255.0,6170.0,6191.0,5706.0
2005-06-20,6185.0,6208.0,6170.0,6189.0,2441.0
2005-06-21,6188.0,6205.0,6170.0,6195.0,2405.0
2005-06-22,6200.0,6345.0,6199.0,6327.0,5918.0
2005-06-23,6343.0,6356.0,6325.0,6350.0,3092.0
2005-06-24,6305.0,6325.0,6275.0,6305.0,4161.0
2005-06-27,6255.0,6272.0,6230.0,6256.0,3703.0
2005-06-28,6253.0,6289.0,6252.0,6289.0,2352.0
2005-06-29,6344.0,6349.0,6165.0,6198.0,8186.0
2005-06-30,6198.0,6227.0,6185.0,6204.0,2759.0
2005-07-01,6180.0,6228.0,6126.0,6226.0,5680.0
2005-07-04,6225.0,6242.0,6180.0,6208.0,2852.0
2005-07-05,6200.0,6218.0,6161.0,6164.0,3172.0
2005-07-06,6190.0,6205.0,6156.0,6180.0,3375.0
2005-07-07,6161.0,6178.0,6139.0,6168.0,3223.0
2005-07-08,6166.0,6204.0,6158.0,6180.0,3510.0
2005-07-11,6246.0,6307.0,6233.0,6304.0,4834.0
2005-07-12,6340.0,6350.0,6320.0,6340.0,3388.0
2005-07-13,6340.0,6408.0,6331.0,6381.0,4085.0
2005-07-14,6398.0,6438.0,6381.0,6435.0,3611.0
2005-07-15,6450.0,6453.0,6415.0,6416.0,2070.0
2005-07-19,6400.0,6434.0,6385.0,6430.0,1804.0
2005-07-20,6430.0,6478.0,6401.0,6414.0,2295.0
2005-07-21,6415.0,6450.0,6335.0,6361.0,6738.0
2005-07-22,6345.0,6365.0,6326.0,6341.0,3100.0
2005-07-25,6359.0,6400.0,6352.0,6400.0,3010.0
2005-07-26,6389.0,6405.0,6322.0,6334.0,4152.0
2005-07-27,6333.0,6342.0,6288.0,6310.0,4020.0
2005-07-28,6320.0,6347.0,6304.0,6347.0,2874.0
2005-07-29,6360.0,6390.0,6280.0,6280.0,5739.0
2005-08-01,6265.0,6300.0,6265.0,6300.0,2046.0
2005-08-02,6310.0,6335.0,6277.0,6335.0,3900.0
2005-08-03,6365.0,6455.0,6365.0,6449.0,6240.0
2005-08-04,6446.0,6465.0,6420.0,6443.0,3455.0
2005-08-08,6395.0,6395.0,6355.0,6385.0,3723.0
2005-08-09,6360.0,6390.0,6355.0,6390.0,2035.0
2005-08-10,6419.0,6425.0,6340.0,6345.0,4925.0
2005-08-11,6345.0,6385.0,6339.0,6385.0,2845.0
2005-08-12,6398.0,6410.0,6351.0,6355.0,3395.0
2005-08-15,6342.0,6342.0,6220.0,6241.0,3571.0
2005-08-16,6260.0,6260.0,6184.0,6241.0,2054.0
2005-08-17,6181.0,6250.0,6170.0,6213.0,1912.0
2005-08-18,6226.0,6246.0,6185.0,6194.0,4273.0
2005-08-19,6185.0,6188.0,6136.0,6170.0,3776.0
2005-08-22,6176.0,6217.0,6176.0,6214.0,2506.0
2005-08-23,6220.0,6220.0,6182.0,6183.0,2383.0
2005-08-24,6166.0,6175.0,6141.0,6152.0,2950.0
2005-08-25,6120.0,6168.0,6105.0,6128.0,3414.0
2005-08-26,6147.0,6159.0,6131.0,6154.0,1921.0
2005-08-29,6129.0,6129.0,6033.0,6041.0,4305.0
2005-08-30,6074.0,6094.0,6041.0,6060.0,2432.0
2005-08-31,6042.0,6085.0,5984.0,6050.0,4538.0
2005-09-02,6087.0,6120.0,6082.0,6113.0,3075.0
2005-09-05,6117.0,6125.0,6097.0,6105.0,1440.0
2005-09-06,6125.0,6156.0,6125.0,6149.0,2627.0
2005-09-07,6181.0,6190.0,6131.0,6161.0,2866.0
2005-09-08,6172.0,6172.0,6138.0,6150.0,1698.0
2005-09-09,6150.0,6157.0,6093.0,6106.0,3099.0
2005-09-12,6146.0,6164.0,6124.0,6163.0,3170.0
2005-09-13,6152.0,6185.0,6145.0,6165.0,2904.0
2005-09-14,6144.0,6166.0,6131.0,6155.0,2192.0
2005-09-15,6131.0,6136.0,6081.0,6081.0,3275.0
2005-09-16,6080.0,6090.0,6014.0,6038.0,2886.0
2005-09-19,6049.0,6059.0,6020.0,6020.0,1277.0
2005-09-20,6026.0,6120.0,5987.0,6110.0,3190.0
2005-09-21,6090.0,6120.0,6050.0,6050.0,1793.0
2005-09-22,6031.0,6048.0,5970.0,5982.0,6098.0
2005-09-23,5985.0,5985.0,5895.0,5931.0,4539.0
2005-09-26,5955.0,5970.0,5888.0,5950.0,4029.0
2005-09-27,5940.0,5979.0,5892.0,5930.0,4307.0
2005-09-28,5945.0,5970.0,5906.0,5936.0,3669.0
2005-09-29,5939.0,6020.0,5927.0,6020.0,5008.0
2005-09-30,6043.0,6115.0,6039.0,6100.0,5774.0
2005-10-03,6100.0,6134.0,6089.0,6122.0,2795.0
2005-10-04,6128.0,6163.0,6118.0,6146.0,3547.0
2005-10-05,6126.0,6157.0,6117.0,6128.0,3266.0
2005-10-06,6080.0,6101.0,6068.0,6101.0,3036.0
2005-10-07,6084.0,6109.0,6084.0,6100.0,2237.0
2005-10-11,6075.0,6128.0,6075.0,6100.0,2200.0
2005-10-12,6089.0,6089.0,5995.0,5995.0,5223.0
2005-10-13,5970.0,5989.0,5936.0,5982.0,3116.0
2005-10-14,5985.0,6000.0,5965.0,5965.0,2031.0
2005-10-17,5981.0,5986.0,5810.0,5811.0,3698.0
2005-10-18,5803.0,5859.0,5803.0,5836.0,1875.0
2005-10-19,5769.0,5799.0,5670.0,5672.0,2977.0
2005-10-20,5730.0,5775.0,5635.0,5770.0,6367.0
2005-10-21,5712.0,5758.0,5671.0,5731.0,4274.0
2005-10-24,5738.0,5755.0,5691.0,5708.0,2646.0
2005-10-25,5780.0,5805.0,5722.0,5722.0,4776.0
2005-10-26,5734.0,5747.0,5685.0,5719.0,4242.0
2005-10-27,5698.0,5725.0,5646.0,5680.0,4510.0
2005-10-28,5632.0,5688.0,5615.0,5660.0,3715.0
2005-10-31,5705.0,5780.0,5687.0,5775.0,4251.0
2005-11-01,5800.0,5818.0,5785.0,5794.0,3751.0
2005-11-02,5799.0,5855.0,5799.0,5855.0,4025.0
2005-11-03,5872.0,5885.0,5837.0,5846.0,3402.0
2005-11-04,5870.0,5919.0,5865.0,5890.0,4402.0
2005-11-07,5895.0,5895.0,5827.0,5835.0,3189.0
2005-11-08,5850.0,5850.0,5828.0,5839.0,1980.0
2005-11-09,5828.0,5984.0,5828.0,5980.0,5885.0
2005-11-10,5975.0,6038.0,5967.0,5996.0,3829.0
2005-11-11,6050.0,6095.0,6030.0,6095.0,3672.0
2005-11-14,6100.0,6109.0,6074.0,6100.0,1514.0
2005-11-15,6090.0,6099.0,6005.0,6026.0,2542.0
2005-11-16,6006.0,6084.0,5983.0,6035.0,1684.0
2005-11-17,6055.0,6069.0,5986.0,6020.0,4957.0
2005-11-18,6078.0,6125.0,6074.0,6116.0,5444.0
2005-11-21,6122.0,6145.0,6090.0,6114.0,3450.0
2005-11-22,6109.0,6115.0,6065.0,6073.0,3220.0
2005-11-23,6085.0,6123.0,6072.0,6120.0,4290.0
2005-11-24,6125.0,6130.0,6083.0,6091.0,3662.0
2005-11-25,6090.0,6127.0,6080.0,6114.0,2556.0
2005-11-28,6127.0,6219.0,6115.0,6219.0,4397.0
2005-11-29,6199.0,6207.0,6143.0,6149.0,3229.0
2005-11-30,6160.0,6204.0,6145.0,6184.0,3051.0
2005-12-01,6175.0,6178.0,6146.0,6174.0,2373.0
2005-12-02,6248.0,6250.0,6208.0,6225.0,3642.0
2005-12-05,6250.0,6365.0,6225.0,6362.0,5466.0
2005-12-06,6340.0,6369.0,6325.0,6367.0,2867.0
2005-12-07,6369.0,6379.0,6316.0,6348.0,3427.0
2005-12-08,6330.0,6333.0,6215.0,6240.0,5728.0
2005-12-09,6240.0,6264.0,6202.0,6247.0,3664.0
2005-12-12,6270.0,6285.0,6185.0,6272.0,4006.0
2005-12-13,6252.0,6284.0,6228.0,6243.0,3324.0
2005-12-14,6272.0,6272.0,6206.0,6214.0,3236.0
2005-12-15,6200.0,6267.0,6200.0,6267.0,3267.0
2005-12-16,6263.0,6386.0,6258.0,6366.0,4872.0
2005-12-19,6347.0,6455.0,6347.0,6448.0,2991.0
2005-12-20,6428.0,6444.0,6416.0,6430.0,1155.0
2005-12-21,6433.0,6483.0,6428.0,6470.0,1406.0
2005-12-22,6482.0,6489.0,6426.0,6431.0,3643.0
2005-12-23,6440.0,6550.0,6431.0,6544.0,5362.0
2005-12-26,6549.0,6594.0,6535.0,6578.0,2946.0
2005-12-27,6550.0,6605.0,6530.0,6563.0,4135.0
2005-12-28,6520.0,6562.0,6508.0,6554.0,3512.0
2005-12-29,6550.0,6647.0,6550.0,6610.0,4768.0
2005-12-30,6605.0,6618.0,6568.0,6590.0,3642.0
2006-01-02,6524.0,6534.0,6452.0,6478.0,4714.0
2006-01-03,6468.0,6639.0,6461.0,6639.0,6911.0
2006-01-04,6681.0,6690.0,6602.0,6645.0,5284.0
2006-01-05,6672.0,6742.0,6653.0,6726.0,5752.0
2006-01-06,6738.0,6746.0,6693.0,6718.0,3508.0
2006-01-09,6753.0,6792.0,6740.0,6770.0,3602.0
2006-01-10,6788.0,6788.0,6707.0,6735.0,4097.0
2006-01-11,6735.0,6775.0,6685.0,6764.0,5180.0
2006-01-12,6790.0,6800.0,6701.0,6703.0,4730.0
2006-01-13,6690.0,6748.0,6675.0,6715.0,4456.0
2006-01-16,6692.0,6745.0,6661.0,6729.0,3296.0
2006-01-17,6740.0,6767.0,6691.0,6699.0,2695.0
2006-01-18,6651.0,6651.0,6456.0,6498.0,3357.0
2006-01-19,6525.0,6535.0,6460.0,6514.0,6111.0
2006-01-20,6544.0,6547.0,6450.0,6475.0,5935.0
2006-01-23,6360.0,6419.0,6360.0,6383.0,4207.0
2006-01-24,6404.0,6460.0,6400.0,6450.0,3982.0
2006-01-25,6469.0,6535.0,6455.0,6535.0,4430.0
2006-02-03,6571.0,6615.0,6546.0,6585.0,4402.0
2006-02-06,6560.0,6900.0,6502.0,6704.0,6094.0
2006-02-07,6700.0,6743.0,6676.0,6702.0,4792.0
2006-02-08,6682.0,6707.0,6608.0,6615.0,5321.0
2006-02-09,6666.0,6698.0,6571.0,6595.0,6450.0
2006-02-10,6595.0,6621.0,6540.0,6565.0,4612.0
2006-02-13,6540.0,6605.0,6521.0,6537.0,3193.0
2006-02-14,6525.0,6620.0,6510.0,6614.0,3121.0
2006-02-15,6641.0,6644.0,6571.0,6585.0,1892.0
2006-02-16,6590.0,6685.0,6580.0,6674.0,7609.0
2006-02-17,6700.0,6720.0,6640.0,6680.0,6480.0
2006-02-20,6670.0,6700.0,6620.0,6675.0,6505.0
2006-02-21,6699.0,6710.0,6626.0,6628.0,6130.0
2006-02-22,6608.0,6650.0,6495.0,6524.0,9130.0
2006-02-23,6540.0,6548.0,6462.0,6494.0,6327.0
2006-02-24,6490.0,6532.0,6476.0,6524.0,5451.0
2006-02-27,6500.0,6548.0,6470.0,6530.0,5375.0
2006-03-01,6496.0,6618.0,6483.0,6583.0,7258.0
2006-03-02,6620.0,6646.0,6598.0,6616.0,5542.0
2006-03-03,6616.0,6624.0,6495.0,6506.0,7043.0
2006-03-06,6500.0,6549.0,6485.0,6545.0,5338.0
2006-03-07,6515.0,6516.0,6455.0,6473.0,5628.0
2006-03-08,6460.0,6505.0,6406.0,6453.0,7243.0
2006-03-09,6467.0,6500.0,6448.0,6476.0,4799.0
2006-03-10,6475.0,6514.0,6440.0,6470.0,6437.0
2006-03-13,6505.0,6534.0,6485.0,6534.0,3764.0
2006-03-14,6521.0,6528.0,6420.0,6450.0,3715.0
2006-03-15,6470.0,6533.0,6463.0,6510.0,2424.0
2006-03-16,6498.0,6555.0,6448.0,6454.0,9913.0
2006-03-17,6455.0,6480.0,6421.0,6475.0,6293.0
2006-03-20,6491.0,6525.0,6458.0,6486.0,6925.0
2006-03-21,6480.0,6514.0,6442.0,6450.0,6709.0
2006-03-22,6426.0,6428.0,6357.0,6360.0,6667.0
2006-03-23,6380.0,6386.0,6322.0,6355.0,5473.0
2006-03-24,6358.0,6374.0,6336.0,6366.0,4041.0
2006-03-27,6380.0,6395.0,6364.0,6388.0,3222.0
2006-03-28,6370.0,6425.0,6370.0,6405.0,4557.0
2006-03-29,6380.0,6450.0,6375.0,6446.0,5799.0
2006-03-30,6466.0,6518.0,6455.0,6481.0,6588.0
2006-03-31,6482.0,6590.0,6482.0,6564.0,6796.0
2006-04-03,6588.0,6638.0,6564.0,6633.0,4467.0
2006-04-04,6638.0,6643.0,6612.0,6630.0,3209.0
2006-04-06,6662.0,6735.0,6658.0,6731.0,4478.0
2006-04-07,6749.0,6791.0,6700.0,6755.0,4853.0
2006-04-10,6730.0,6830.0,6713.0,6778.0,5932.0
2006-04-11,6775.0,6775.0,6710.0,6754.0,4956.0
2006-04-12,6714.0,6805.0,6690.0,6803.0,7276.0
2006-04-13,6816.0,6870.0,6810.0,6870.0,4972.0
2006-04-14,6894.0,7000.0,6861.0,7000.0,4565.0
2006-04-17,7020.0,7035.0,6966.0,6987.0,4060.0
2006-04-18,6986.0,7006.0,6913.0,6980.0,3553.0
2006-04-19,7074.0,7117.0,7035.0,7060.0,1972.0
2006-04-20,7060.0,7124.0,7030.0,7122.0,7432.0
2006-04-21,7130.0,7159.0,7082.0,7102.0,6017.0
2006-04-24,7060.0,7132.0,7035.0,7082.0,6671.0
2006-04-25,7090.0,7152.0,7030.0,7052.0,8505.0
2006-04-26,7064.0,7212.0,7044.0,7210.0,7170.0
2006-04-27,7220.0,7238.0,7158.0,7174.0,6484.0
2006-04-28,7170.0,7215.0,7092.0,7186.0,7920.0
2006-05-02,7175.0,7223.0,7138.0,7217.0,6127.0
2006-05-03,7239.0,7287.0,7235.0,7270.0,5071.0
2006-05-04,7260.0,7378.0,7251.0,7370.0,6473.0
2006-05-05,7398.0,7498.0,7363.0,7420.0,7759.0
2006-05-08,7465.0,7516.0,7436.0,7515.0,4497.0
2006-05-09,7510.0,7515.0,7395.0,7400.0,9181.0
2006-05-10,7403.0,7445.0,7281.0,7320.0,9825.0
2006-05-11,7307.0,7376.0,7272.0,7372.0,6864.0
2006-05-12,7276.0,7314.0,7252.0,7260.0,6161.0
2006-05-15,7201.0,7212.0,7150.0,7150.0,3934.0
2006-05-16,7155.0,7178.0,7005.0,7005.0,3893.0
2006-05-17,7030.0,7153.0,7027.0,7117.0,2965.0
2006-05-18,7000.0,7007.0,6947.0,7000.0,6507.0
2006-05-19,6980.0,7065.0,6971.0,7046.0,6668.0
2006-05-22,7062.0,7083.0,6860.0,6860.0,8532.0
2006-05-23,6818.0,6900.0,6802.0,6849.0,7743.0
2006-05-24,6836.0,6916.0,6765.0,6900.0,11486.0
2006-05-25,6870.0,6900.0,6815.0,6852.0,7621.0
2006-05-26,6920.0,6960.0,6841.0,6872.0,8053.0
2006-05-29,6900.0,6924.0,6856.0,6897.0,5348.0
2006-05-30,6895.0,6916.0,6805.0,6848.0,9138.0
2006-06-01,6830.0,6895.0,6828.0,6853.0,5350.0
2006-06-02,6902.0,6970.0,6844.0,6970.0,9655.0
2006-06-05,6960.0,6967.0,6637.0,6666.0,11539.0
2006-06-06,6603.0,6714.0,6590.0,6685.0,8786.0
2006-06-07,6658.0,6669.0,6575.0,6582.0,8141.0
2006-06-08,6531.0,6545.0,6211.0,6212.0,12374.0
2006-06-09,6252.0,6415.0,6218.0,6385.0,11063.0
2006-06-12,6325.0,6409.0,6261.0,6382.0,9277.0
2006-06-13,6288.0,6345.0,6230.0,6280.0,9424.0
2006-06-14,6253.0,6470.0,6250.0,6460.0,11021.0
2006-06-15,6502.0,6509.0,6355.0,6400.0,10091.0
2006-06-16,6550.0,6630.0,6522.0,6566.0,8395.0
2006-06-19,6560.0,6595.0,6536.0,6577.0,4916.0
2006-06-20,6540.0,6560.0,6152.0,6365.0,6795.0
2006-06-21,6359.0,6418.0,6301.0,6307.0,2883.0
2006-06-22,6336.0,6450.0,6325.0,6435.0,9165.0
2006-06-23,6392.0,6405.0,6270.0,6375.0,12304.0
2006-06-26,6375.0,6513.0,6372.0,6482.0,8433.0
2006-06-27,6461.0,6575.0,6443.0,6515.0,11192.0
2006-06-28,6435.0,6467.0,6396.0,6455.0,7964.0
2006-06-29,6496.0,6552.0,6490.0,6535.0,8879.0
2006-06-30,6690.0,6690.0,6625.0,6644.0,7249.0
2006-07-03,6655.0,6675.0,6636.0,6670.0,3929.0
2006-07-04,6694.0,6730.0,6640.0,6665.0,7910.0
2006-07-05,6640.0,6669.0,6570.0,6571.0,8379.0
2006-07-06,6538.0,6587.0,6521.0,6584.0,7870.0
2006-07-07,6590.0,6590.0,6545.0,6565.0,5335.0
2006-07-10,6505.0,6658.0,6489.0,6658.0,7646.0
2006-07-11,6628.0,6649.0,6593.0,6603.0,6082.0
2006-07-12,6616.0,6688.0,6530.0,6578.0,10883.0
2006-07-13,6530.0,6575.0,6505.0,6518.0,6893.0
2006-07-14,6425.0,6428.0,6332.0,6362.0,7129.0
2006-07-17,6318.0,6362.0,6148.0,6206.0,5908.0
2006-07-18,6191.0,6275.0,6191.0,6270.0,3658.0
2006-07-19,6280.0,6339.0,6255.0,6255.0,2961.0
2006-07-20,6254.0,6345.0,6240.0,6345.0,8645.0
2006-07-21,6279.0,6300.0,6235.0,6292.0,7192.0
2006-07-24,6201.0,6248.0,6165.0,6239.0,6111.0
2006-07-25,6353.0,6365.0,6295.0,6310.0,6622.0
2006-07-26,6327.0,6348.0,6267.0,6298.0,8334.0
2006-07-27,6287.0,6409.0,6282.0,6405.0,8516.0
2006-07-28,6396.0,6426.0,6348.0,6390.0,8195.0
2006-07-31,6460.0,6466.0,6325.0,6348.0,8876.0
2006-08-01,6369.0,6414.0,6350.0,6378.0,6990.0
2006-08-02,6340.0,6453.0,6340.0,6443.0,8054.0
2006-08-03,6461.0,6468.0,6396.0,6410.0,7264.0
2006-08-04,6435.0,6445.0,6347.0,6364.0,7552.0
2006-08-07,6351.0,6402.0,6337.0,6351.0,6572.0
2006-08-08,6365.0,6505.0,6365.0,6505.0,8325.0
2006-08-09,6480.0,6570.0,6448.0,6569.0,8182.0
2006-08-10,6540.0,6597.0,6516.0,6555.0,8485.0
2006-08-11,6555.0,6585.0,6528.0,6540.0,5655.0
2006-08-14,6554.0,6639.0,6554.0,6600.0,5985.0
2006-08-15,6600.0,6613.0,6571.0,6606.0,3246.0
2006-08-16,6675.0,6705.0,6655.0,6705.0,2621.0
2006-08-17,6720.0,6732.0,6686.0,6695.0,6190.0
2006-08-18,6707.0,6715.0,6690.0,6700.0,3620.0
2006-08-21,6690.0,6694.0,6445.0,6459.0,12165.0
2006-08-22,6470.0,6545.0,6466.0,6540.0,6466.0
2006-08-23,6530.0,6547.0,6377.0,6519.0,11851.0
2006-08-24,6483.0,6530.0,6464.0,6514.0,6422.0
2006-08-25,6518.0,6585.0,6475.0,6490.0,8692.0
2006-08-28,6500.0,6509.0,6381.0,6410.0,8878.0
2006-08-29,6450.0,6462.0,6420.0,6441.0,4879.0
2006-08-30,6450.0,6584.0,6432.0,6565.0,9165.0
2006-08-31,6590.0,6648.0,6581.0,6619.0,7069.0
2006-09-01,6623.0,6645.0,6606.0,6645.0,4086.0
2006-09-04,6686.0,6755.0,6686.0,6742.0,5680.0
2006-09-05,6749.0,6749.0,6712.0,6745.0,3961.0
2006-09-06,6738.0,6738.0,6605.0,6636.0,9115.0
2006-09-07,6601.0,6683.0,6582.0,6646.0,7895.0
2006-09-08,6612.0,6700.0,6603.0,6690.0,8083.0
2006-09-11,6690.0,6810.0,6620.0,6648.0,12121.0
2006-09-12,6633.0,6676.0,6588.0,6588.0,8156.0
2006-09-13,6650.0,6669.0,6605.0,6649.0,6793.0
2006-09-14,6654.0,6691.0,6506.0,6569.0,11711.0
2006-09-15,6562.0,6675.0,6552.0,6670.0,7493.0
2006-09-18,6744.0,6910.0,6710.0,6910.0,6692.0
2006-09-19,6911.0,6926.0,6863.0,6883.0,3377.0
2006-09-20,6849.0,6899.0,6823.0,6899.0,2890.0
2006-09-21,6907.0,6920.0,6818.0,6875.0,9837.0
2006-09-22,6848.0,6874.0,6830.0,6859.0,5401.0
2006-09-25,6847.0,6924.0,6820.0,6924.0,9790.0
2006-09-26,6930.0,6955.0,6886.0,6895.0,7112.0
2006-09-27,6950.0,6966.0,6917.0,6957.0,6887.0
2006-09-28,6955.0,6980.0,6841.0,6860.0,9927.0
2006-09-29,6884.0,6894.0,6846.0,6878.0,5417.0
2006-10-02,6870.0,6975.0,6865.0,6965.0,8472.0
2006-10-03,6937.0,6965.0,6926.0,6942.0,4006.0
2006-10-04,6950.0,6969.0,6856.0,6867.0,7702.0
2006-10-05,6930.0,7014.0,6920.0,7013.0,8228.0
2006-10-11,7020.0,7052.0,6988.0,7009.0,3737.0
2006-10-12,7012.0,7038.0,6960.0,6986.0,5593.0
2006-10-13,7050.0,7110.0,7040.0,7086.0,5904.0
2006-10-14,7095.0,7100.0,7070.0,7100.0,2631.0
2006-10-16,7102.0,7165.0,7092.0,7145.0,4620.0
2006-10-17,7150.0,7150.0,7075.0,7078.0,4058.0
2006-10-18,7056.0,7059.0,6972.0,7027.0,3378.0
2006-10-19,7016.0,7034.0,6961.0,6979.0,6335.0
2006-10-20,7014.0,7025.0,6996.0,7013.0,4331.0
2006-10-23,7015.0,7050.0,6977.0,7049.0,5640.0
2006-10-24,7080.0,7120.0,7058.0,7091.0,6586.0
2006-10-25,7090.0,7106.0,7061.0,7061.0,4735.0
2006-10-26,7080.0,7125.0,7072.0,7090.0,5746.0
2006-10-27,7119.0,7134.0,7076.0,7097.0,4647.0
2006-10-30,7046.0,7048.0,6976.0,6980.0,6851.0
2006-10-31,6995.0,7008.0,6967.0,7004.0,3789.0
2006-11-01,6992.0,7023.0,6992.0,7003.0,3758.0
2006-11-02,6968.0,7072.0,6955.0,7064.0,7571.0
2006-11-03,7066.0,7178.0,7054.0,7148.0,7712.0
2006-11-06,7071.0,7154.0,7046.0,7120.0,7717.0
2006-11-07,7180.0,7212.0,7166.0,7187.0,5675.0
2006-11-08,7197.0,7197.0,7153.0,7160.0,3783.0
2006-11-09,7179.0,7230.0,7110.0,7127.0,8068.0
2006-11-10,7128.0,7165.0,7102.0,7165.0,5231.0
2006-11-13,7165.0,7178.0,7112.0,7140.0,4223.0
2006-11-14,7176.0,7209.0,7161.0,7205.0,3775.0
2006-11-15,7246.0,7257.0,7216.0,7248.0,2296.0
2006-11-16,7250.0,7270.0,7230.0,7245.0,5577.0
2006-11-17,7262.0,7274.0,7239.0,7256.0,4024.0
2006-11-20,7245.0,7246.0,7208.0,7227.0,4967.0
2006-11-21,7238.0,7310.0,7225.0,7310.0,6663.0
2006-11-22,7310.0,7344.0,7297.0,7340.0,4245.0
2006-11-23,7350.0,7429.0,7335.0,7395.0,7139.0
2006-11-24,7376.0,7435.0,7365.0,7431.0,4343.0
2006-11-27,7465.0,7515.0,7450.0,7507.0,5194.0
2006-11-28,7450.0,7473.0,7435.0,7460.0,3808.0
2006-11-29,7478.0,7498.0,7395.0,7463.0,7177.0
2006-11-30,7500.0,7553.0,7476.0,7549.0,5978.0
2006-12-01,7553.0,7625.0,7537.0,7618.0,6720.0
2006-12-04,7612.0,7674.0,7585.0,7662.0,5117.0
2006-12-05,7700.0,7704.0,7567.0,7604.0,8029.0
2006-12-06,7616.0,7715.0,7611.0,7715.0,6789.0
2006-12-07,7714.0,7733.0,7671.0,7700.0,6371.0
2006-12-08,7685.0,7685.0,7600.0,7630.0,7141.0
2006-12-11,7640.0,7642.0,7575.0,7620.0,5572.0
2006-12-12,7600.0,7614.0,7455.0,7468.0,9837.0
2006-12-13,7469.0,7500.0,7376.0,7465.0,8766.0
2006-12-14,7465.0,7492.0,7426.0,7473.0,5288.0
2006-12-15,7528.0,7558.0,7525.0,7540.0,4713.0
2006-12-18,7541.0,7669.0,7538.0,7638.0,5239.0
2006-12-19,7634.0,7676.0,7582.0,7588.0,3962.0
2006-12-20,7620.0,7675.0,7611.0,7669.0,2411.0
2006-12-21,7672.0,7710.0,7617.0,7641.0,8271.0
2006-12-22,7625.0,7690.0,7625.0,7688.0,6319.0
2006-12-25,7676.0,7698.0,7655.0,7681.0,3601.0
2006-12-26,7684.0,7801.0,7674.0,7792.0,6625.0
2006-12-27,7803.0,7845.0,7777.0,7795.0,5450.0
2006-12-28,7846.0,7850.0,7750.0,7800.0,6493.0
2006-12-29,7817.0,7888.0,7792.0,7883.0,6164.0
2007-01-02,7904.0,7994.0,7881.0,7988.0,5311.0
2007-01-03,8000.0,8036.0,7956.0,7976.0,6407.0
2007-01-04,7974.0,7998.0,7938.0,7981.0,5826.0
2007-01-05,7988.0,7989.0,7826.0,7829.0,9448.0
2007-01-08,7787.0,7808.0,7730.0,7735.0,6513.0
2007-01-09,7763.0,7835.0,7750.0,7820.0,7453.0
2007-01-10,7785.0,7785.0,7670.0,7690.0,7679.0
2007-01-11,7720.0,7738.0,7596.0,7623.0,8578.0
2007-01-12,7688.0,7795.0,7686.0,7789.0,7959.0
2007-01-15,7830.0,7834.0,7748.0,7809.0,5216.0
2007-01-16,7828.0,7845.0,7785.0,7813.0,3895.0
2007-01-17,7720.0,7856.0,7720.0,7828.0,2887.0
2007-01-18,7864.0,7930.0,7841.0,7930.0,7952.0
2007-01-19,7886.0,7921.0,7860.0,7868.0,6588.0
2007-01-22,7870.0,7900.0,7780.0,7884.0,9817.0
2007-01-23,7849.0,7893.0,7825.0,7881.0,6379.0
2007-01-24,7947.0,7995.0,7935.0,7990.0,5400.0
2007-01-25,8020.0,8030.0,7960.0,7978.0,5647.0
2007-01-26,7922.0,7922.0,7811.0,7833.0,8979.0
2007-01-29,7834.0,7857.0,7759.0,7788.0,6147.0
2007-01-30,7800.0,7805.0,7751.0,7772.0,5732.0
2007-01-31,7776.0,7795.0,7639.0,7733.0,8545.0
2007-02-01,7777.0,7785.0,7692.0,7741.0,7204.0
2007-02-02,7785.0,7839.0,7780.0,7813.0,7393.0
2007-02-05,7781.0,7835.0,7766.0,7781.0,6042.0
2007-02-06,7790.0,7895.0,7790.0,7889.0,7358.0
2007-02-07,7880.0,7896.0,7861.0,7877.0,4276.0
2007-02-08,7890.0,7908.0,7805.0,7868.0,8656.0
2007-02-09,7865.0,7920.0,7844.0,7885.0,6653.0
2007-02-12,7836.0,7844.0,7785.0,7790.0,5667.0
2007-02-13,7785.0,7830.0,7742.0,7752.0,5915.0
2007-02-14,7786.0,7839.0,7776.0,7832.0,4345.0
2007-02-26,7900.0,7936.0,7900.0,7902.0,2373.0
2007-02-27,7912.0,7970.0,7912.0,7929.0,5565.0
2007-03-01,7770.0,7775.0,7653.0,7655.0,9863.0
2007-03-02,7611.0,7692.0,7610.0,7665.0,6240.0
2007-03-03,7610.0,7640.0,7555.0,7590.0,7474.0
2007-03-05,7549.0,7549.0,7268.0,7280.0,11911.0
2007-03-06,7319.0,7422.0,7319.0,7415.0,7467.0
2007-03-07,7445.0,7468.0,7381.0,7430.0,9311.0
2007-03-08,7420.0,7535.0,7416.0,7526.0,8790.0
2007-03-09,7538.0,7566.0,7492.0,7518.0,7440.0
2007-03-12,7540.0,7594.0,7540.0,7593.0,5537.0
2007-03-13,7595.0,7642.0,7571.0,7620.0,5059.0
2007-03-14,7500.0,7520.0,7435.0,7469.0,7407.0
2007-03-15,7543.0,7676.0,7525.0,7660.0,7490.0
2007-03-16,7600.0,7726.0,7589.0,7676.0,7306.0
2007-03-19,7673.0,7730.0,7660.0,7715.0,4323.0
2007-03-20,7766.0,7773.0,7702.0,7718.0,3189.0
2007-03-21,7745.0,7760.0,7714.0,7757.0,2107.0
2007-03-22,7804.0,7855.0,7803.0,7825.0,5952.0
2007-03-23,7841.0,7895.0,7802.0,7855.0,7752.0
2007-03-26,7865.0,7890.0,7845.0,7885.0,3932.0
2007-03-27,7855.0,7940.0,7811.0,7820.0,9149.0
2007-03-28,7800.0,7832.0,7736.0,7751.0,8841.0
2007-03-29,7715.0,7856.0,7705.0,7849.0,10066.0
2007-03-30,7852.0,7878.0,7794.0,7835.0,8209.0
2007-04-02,7859.0,7915.0,7812.0,7850.0,8796.0
2007-04-03,7841.0,7922.0,7825.0,7920.0,7895.0
2007-04-04,7988.0,8010.0,7957.0,8008.0,6851.0
2007-04-09,8027.0,8077.0,8025.0,8077.0,4512.0
2007-04-10,8050.0,8065.0,8008.0,8055.0,5907.0
2007-04-11,8058.0,8107.0,8044.0,8095.0,6176.0
2007-04-12,8052.0,8093.0,8038.0,8077.0,5003.0
2007-04-13,8100.0,8107.0,7972.0,7983.0,9096.0
2007-04-14,8020.0,8065.0,8010.0,8065.0,3847.0
2007-04-16,8072.0,8095.0,8023.0,8060.0,5309.0
2007-04-17,8098.0,8110.0,7955.0,7968.0,5925.0
2007-04-18,7971.0,8013.0,7946.0,8010.0,2647.0
2007-04-19,7961.0,7981.0,7826.0,7840.0,11850.0
2007-04-20,7880.0,7910.0,7868.0,7886.0,6402.0
2007-04-23,7966.0,8060.0,7966.0,8020.0,8910.0
2007-04-24,8010.0,8045.0,7968.0,8040.0,7890.0
2007-04-25,7995.0,8008.0,7952.0,7963.0,8405.0
2007-04-26,8040.0,8044.0,7970.0,7999.0,6809.0
2007-04-27,7995.0,8020.0,7922.0,7946.0,7966.0
2007-04-30,7930.0,7936.0,7824.0,7858.0,7867.0
2007-05-02,7864.0,7922.0,7851.0,7895.0,7124.0
2007-05-03,7938.0,7958.0,7843.0,7930.0,10000.0
2007-05-04,7950.0,8080.0,7950.0,8062.0,9129.0
2007-05-07,8092.0,8134.0,8080.0,8119.0,5962.0
2007-05-08,8114.0,8124.0,8066.0,8071.0,6890.0
2007-05-09,8080.0,8095.0,8043.0,8071.0,6884.0
2007-05-10,8095.0,8114.0,8071.0,8106.0,5284.0
2007-05-11,8030.0,8043.0,8005.0,8026.0,5947.0
2007-05-14,8070.0,8084.0,8021.0,8043.0,4775.0
2007-05-15,8033.0,8038.0,7951.0,7966.0,5234.0
2007-05-16,7957.0,7995.0,7957.0,7990.0,2341.0
2007-05-17,8000.0,8057.0,7999.0,8018.0,7872.0
2007-05-18,8015.0,8037.0,7971.0,8029.0,6644.0
2007-05-21,8050.0,8138.0,8015.0,8121.0,10400.0
2007-05-22,8122.0,8178.0,8117.0,8171.0,6881.0
2007-05-23,8180.0,8220.0,8176.0,8203.0,5992.0
2007-05-24,8195.0,8211.0,8164.0,8177.0,5764.0
2007-05-25,8115.0,8140.0,8095.0,8137.0,6339.0
2007-05-28,8168.0,8174.0,8143.0,8154.0,4005.0
2007-05-29,8154.0,8207.0,8125.0,8166.0,7449.0
2007-05-30,8160.0,8166.0,8073.0,8101.0,9318.0
2007-05-31,8186.0,8199.0,8145.0,8170.0,7185.0
2007-06-01,8200.0,8252.0,8200.0,8235.0,6258.0
2007-06-04,8260.0,8288.0,8238.0,8256.0,4911.0
2007-06-05,8250.0,8270.0,8218.0,8253.0,6205.0
2007-06-06,8238.0,8332.0,8236.0,8283.0,8026.0
2007-06-07,8234.0,8337.0,8214.0,8335.0,8678.0
2007-06-08,8250.0,8286.0,8225.0,8280.0,7964.0
2007-06-11,8311.0,8325.0,8293.0,8310.0,4405.0
2007-06-12,8307.0,8350.0,8306.0,8336.0,6381.0
2007-06-13,8310.0,8352.0,8304.0,8333.0,4855.0
2007-06-14,8398.0,8455.0,8384.0,8455.0,5621.0
2007-06-15,8465.0,8619.0,8462.0,8619.0,5512.0
2007-06-20,8716.0,8824.0,8622.0,8824.0,5470.0
2007-06-21,8737.0,8897.0,8691.0,8863.0,12771.0
2007-06-22,8890.0,8890.0,8782.0,8824.0,9189.0
2007-06-23,8773.0,8797.0,8766.0,8775.0,4760.0
2007-06-25,8799.0,8965.0,8785.0,8903.0,10471.0
2007-06-26,8890.0,8937.0,8810.0,8841.0,8949.0
2007-06-27,8807.0,8854.0,8755.0,8780.0,9185.0
2007-06-28,8826.0,8860.0,8791.0,8835.0,8372.0
2007-06-29,8861.0,8887.0,8777.0,8813.0,9304.0
2007-07-02,8800.0,8896.0,8755.0,8894.0,8881.0
2007-07-03,8950.0,8994.0,8945.0,8971.0,7389.0
2007-07-04,9002.0,9088.0,9002.0,9050.0,9518.0
2007-07-05,9085.0,9123.0,9050.0,9123.0,7612.0
2007-07-06,9111.0,9147.0,9065.0,9138.0,8996.0
2007-07-09,9180.0,9386.0,9178.0,9380.0,9404.0
2007-07-10,9399.0,9399.0,9305.0,9335.0,8648.0
2007-07-11,9270.0,9298.0,9220.0,9220.0,8769.0
2007-07-12,9274.0,9375.0,9270.0,9328.0,9773.0
2007-07-13,9500.0,9505.0,9415.0,9462.0,9101.0
2007-07-16,9470.0,9509.0,9371.0,9373.0,8160.0
2007-07-17,9390.0,9536.0,9325.0,9527.0,7273.0
2007-07-18,9486.0,9554.0,9440.0,9484.0,4358.0
2007-07-19,9421.0,9460.0,9366.0,9416.0,11798.0
2007-07-20,9455.0,9545.0,9435.0,9540.0,11696.0
2007-07-23,9500.0,9568.0,9490.0,9555.0,8887.0
2007-07-24,9568.0,9699.0,9536.0,9670.0,12232.0
2007-07-25,9608.0,9754.0,9598.0,9735.0,11410.0
2007-07-26,9747.0,9827.0,9526.0,9545.0,19936.0
2007-07-27,9350.0,9359.0,8913.0,8982.0,20430.0
2007-07-30,8881.0,9035.0,8860.0,9000.0,14733.0
2007-07-31,9025.0,9203.0,9010.0,9180.0,14178.0
2007-08-01,9056.0,9130.0,8643.0,8690.0,23574.0
2007-08-02,8873.0,8940.0,8566.0,8881.0,26855.0
2007-08-03,8973.0,9039.0,8901.0,8980.0,16821.0
2007-08-06,8733.0,8900.0,8688.0,8880.0,13607.0
2007-08-07,9000.0,9009.0,8770.0,8773.0,15672.0
2007-08-08,8850.0,9087.0,8841.0,9083.0,13981.0
2007-08-09,9200.0,9200.0,9078.0,9120.0,13993.0
2007-08-10,8850.0,8900.0,8730.0,8799.0,15593.0
2007-08-13,8873.0,8960.0,8841.0,8925.0,12346.0
2007-08-14,8900.0,9050.0,8823.0,8895.0,9800.0
2007-08-15,8726.0,8772.0,8540.0,8540.0,5758.0
2007-08-16,8290.0,8330.0,7986.0,8150.0,24332.0
2007-08-17,8088.0,8220.0,7808.0,7906.0,24066.0
2007-08-20,8233.0,8435.0,8210.0,8435.0,17175.0
2007-08-21,8392.0,8515.0,8313.0,8368.0,23082.0
2007-08-22,8390.0,8450.0,8343.0,8450.0,14777.0
2007-08-23,8688.0,8705.0,8635.0,8686.0,10467.0
2007-08-24,8660.0,8660.0,8581.0,8604.0,10193.0
2007-08-27,8750.0,8775.0,8620.0,8635.0,10221.0
2007-08-28,8635.0,8710.0,8600.0,8690.0,12545.0
2007-08-29,8450.0,8567.0,8440.0,8547.0,12109.0
2007-08-30,8697.0,8760.0,8666.0,8700.0,12220.0
2007-08-31,8732.0,8986.0,8727.0,8984.0,14196.0
2007-09-03,8976.0,8999.0,8923.0,8963.0,9189.0
2007-09-04,8960.0,9008.0,8866.0,8895.0,13849.0
2007-09-05,8990.0,9002.0,8814.0,8820.0,12906.0
2007-09-06,8769.0,9009.0,8751.0,9009.0,16064.0
2007-09-07,8987.0,9055.0,8945.0,8970.0,12076.0
2007-09-10,8800.0,8933.0,8742.0,8894.0,14451.0
2007-09-11,8880.0,9002.0,8870.0,9000.0,11240.0
2007-09-12,9047.0,9062.0,8934.0,8935.0,12764.0
2007-09-13,8985.0,9012.0,8880.0,8919.0,12212.0
2007-09-14,8980.0,9066.0,8950.0,9029.0,11202.0
2007-09-17,9016.0,9050.0,8823.0,8880.0,10454.0
2007-09-19,9100.0,9126.0,8890.0,8932.0,7615.0
2007-09-20,9010.0,9139.0,8965.0,9018.0,17493.0
2007-09-21,9005.0,9138.0,9005.0,9138.0,13967.0
2007-09-26,9172.0,9300.0,9172.0,9285.0,9973.0
2007-09-27,9346.0,9426.0,9302.0,9412.0,11086.0
2007-09-28,9430.0,9470.0,9375.0,9375.0,11574.0
2007-09-29,9425.0,9495.0,9401.0,9495.0,10229.0
2007-10-01,9530.0,9551.0,9475.0,9500.0,10215.0
2007-10-02,9610.0,9684.0,9581.0,9674.0,11969.0
2007-10-03,9669.0,9832.0,9646.0,9772.0,15511.0
2007-10-04,9720.0,9721.0,9633.0,9677.0,13061.0
2007-10-05,9669.0,9707.0,9588.0,9621.0,12565.0
2007-10-08,9707.0,9773.0,9688.0,9741.0,8939.0
2007-10-09,9756.0,9766.0,9591.0,9654.0,12311.0
2007-10-11,9689.0,9749.0,9664.0,9745.0,10923.0
2007-10-12,9687.0,9728.0,9444.0,9453.0,16245.0
2007-10-15,9527.0,9547.0,9410.0,9504.0,11114.0
2007-10-16,9432.0,9630.0,9425.0,9561.0,10264.0
2007-10-17,9500.0,9620.0,9467.0,9556.0,6294.0
2007-10-18,9615.0,9695.0,9601.0,9680.0,14469.0
2007-10-19,9612.0,9677.0,9606.0,9609.0,10541.0
2007-10-22,9349.0,9380.0,9233.0,9321.0,14071.0
2007-10-23,9388.0,9540.0,9371.0,9511.0,13018.0
2007-10-24,9575.0,9652.0,9410.0,9456.0,17536.0
2007-10-25,9555.0,9600.0,9496.0,9598.0,14912.0
2007-10-26,9622.0,9685.0,9602.0,9679.0,14293.0
2007-10-29,9781.0,9867.0,9756.0,9861.0,11545.0
2007-10-30,9850.0,9854.0,9770.0,9785.0,12027.0
2007-10-31,9795.0,9815.0,9716.0,9780.0,13594.0
2007-11-01,9822.0,9833.0,9563.0,9651.0,18312.0
2007-11-02,9450.0,9495.0,9202.0,9230.0,19145.0
2007-11-05,9180.0,9319.0,9091.0,9272.0,18160.0
2007-11-06,9310.0,9354.0,9255.0,9304.0,15009.0
2007-11-07,9363.0,9400.0,9264.0,9264.0,15500.0
2007-11-08,9006.0,9078.0,8820.0,8915.0,18439.0
2007-11-09,8980.0,9025.0,8860.0,8973.0,18751.0
2007-11-12,8700.0,8735.0,8572.0,8673.0,17783.0
2007-11-13,8662.0,8765.0,8560.0,8754.0,18154.0
2007-11-14,8950.0,8977.0,8911.0,8943.0,12116.0
2007-11-15,8908.0,8935.0,8865.0,8869.0,10200.0
2007-11-16,8666.0,8778.0,8626.0,8760.0,13349.0
2007-11-19,8800.0,8825.0,8611.0,8615.0,12480.0
2007-11-20,8366.0,8727.0,8339.0,8727.0,14700.0
2007-11-21,8628.0,8694.0,8421.0,8434.0,9652.0
2007-11-22,8453.0,8590.0,8323.0,8474.0,27618.0
2007-11-23,8480.0,8518.0,8312.0,8324.0,23100.0
2007-11-26,8433.0,8560.0,8408.0,8535.0,18625.0
2007-11-27,8344.0,8491.0,8188.0,8401.0,28974.0
2007-11-28,8471.0,8475.0,8240.0,8248.0,24496.0
2007-11-29,8447.0,8486.0,8388.0,8427.0,17765.0
2007-11-30,8488.0,8623.0,8488.0,8610.0,17645.0
2007-12-03,8609.0,8635.0,8555.0,8598.0,14130.0
2007-12-04,8580.0,8646.0,8534.0,8622.0,15372.0
2007-12-05,8592.0,8713.0,8560.0,8709.0,19503.0
2007-12-06,8802.0,8810.0,8671.0,8736.0,15782.0
2007-12-07,8760.0,8819.0,8699.0,8710.0,18664.0
2007-12-10,8700.0,8725.0,8548.0,8560.0,16835.0
2007-12-11,8608.0,8660.0,8568.0,8644.0,17015.0
2007-12-12,8485.0,8548.0,8433.0,8507.0,18002.0
2007-12-13,8451.0,8504.0,8102.0,8108.0,25626.0
2007-12-14,8115.0,8174.0,7856.0,8060.0,29324.0
2007-12-17,8000.0,8081.0,7742.0,7754.0,21827.0
2007-12-18,7630.0,7933.0,7628.0,7819.0,21160.0
2007-12-19,7820.0,8025.0,7820.0,8012.0,9833.0
2007-12-20,8017.0,8027.0,7791.0,7842.0,23100.0
2007-12-21,7854.0,8030.0,7808.0,7972.0,28700.0
2007-12-24,8110.0,8137.0,8066.0,8135.0,14735.0
2007-12-25,8175.0,8178.0,8105.0,8150.0,12462.0
2007-12-26,8120.0,8192.0,8051.0,8190.0,16263.0
2007-12-27,8155.0,8356.0,8148.0,8325.0,19479.0
2007-12-28,8268.0,8427.0,8237.0,8393.0,23435.0
2007-12-31,8395.0,8503.0,8393.0,8488.0,11888.0
2008-01-02,8453.0,8508.0,8272.0,8290.0,21338.0
2008-01-03,8180.0,8224.0,8083.0,8145.0,28660.0
2008-01-04,8101.0,8244.0,8032.0,8215.0,25830.0
2008-01-07,7990.0,7999.0,7800.0,7825.0,23918.0
2008-01-08,7826.0,7963.0,7813.0,7920.0,19582.0
2008-01-09,7705.0,8105.0,7705.0,8094.0,27425.0
2008-01-10,8120.0,8155.0,8052.0,8077.0,22046.0
2008-01-11,8122.0,8158.0,7961.0,7970.0,22349.0
2008-01-14,8100.0,8258.0,8044.0,8249.0,27810.0
2008-01-15,8290.0,8636.0,8275.0,8500.0,24058.0
2008-01-16,8350.0,8407.0,8125.0,8145.0,13137.0
2008-01-17,8250.0,8280.0,7953.0,8088.0,36672.0
2008-01-18,7890.0,8238.0,7855.0,8223.0,32623.0
2008-01-21,8126.0,8208.0,8070.0,8110.0,23975.0
2008-01-22,7650.0,7700.0,7543.0,7543.0,17043.0
2008-01-23,7673.0,7741.0,7322.0,7330.0,39248.0
2008-01-24,7530.0,7642.0,7390.0,7540.0,38908.0
2008-01-25,7650.0,7772.0,7644.0,7772.0,24792.0
2008-01-28,7685.0,7710.0,7406.0,7446.0,26891.0
2008-01-29,7596.0,7600.0,7418.0,7530.0,31255.0
2008-01-30,7526.0,7652.0,7452.0,7515.0,32223.0
2008-01-31,7490.0,7565.0,7336.0,7469.0,33710.0
2008-02-01,7580.0,7678.0,7540.0,7670.0,24886.0
2008-02-12,7550.0,7586.0,7462.0,7502.0,19916.0
2008-02-13,7575.0,7609.0,7482.0,7492.0,18990.0
2008-02-14,7653.0,7912.0,7650.0,7900.0,20334.0
2008-02-15,7800.0,7895.0,7760.0,7888.0,23186.0
2008-02-18,7952.0,7995.0,7840.0,7910.0,21009.0
2008-02-19,7966.0,8034.0,7938.0,8025.0,15267.0
2008-02-20,7950.0,8007.0,7825.0,7872.0,10113.0
2008-02-21,7920.0,8057.0,7913.0,8028.0,25175.0
2008-02-22,7958.0,8053.0,7925.0,8039.0,25292.0
2008-02-25,8158.0,8273.0,8153.0,8229.0,19042.0
2008-02-26,8300.0,8316.0,8203.0,8276.0,21605.0
2008-02-27,8379.0,8415.0,8311.0,8374.0,21855.0
2008-02-29,8320.0,8450.0,8293.0,8346.0,22120.0
2008-03-03,8168.0,8255.0,8106.0,8254.0,25167.0
2008-03-04,8268.0,8498.0,8230.0,8493.0,28381.0
2008-03-05,8520.0,8558.0,8416.0,8515.0,29050.0
2008-03-06,8540.0,8690.0,8521.0,8690.0,27390.0
2008-03-07,8548.0,8647.0,8512.0,8525.0,29797.0
2008-03-10,8488.0,8544.0,8253.0,8314.0,29364.0
2008-03-11,8240.0,8390.0,8182.0,8370.0,27398.0
2008-03-12,8588.0,8609.0,8405.0,8469.0,28538.0
2008-03-13,8421.0,8448.0,8161.0,8192.0,28070.0
2008-03-14,8250.0,8296.0,8082.0,8111.0,31163.0
2008-03-17,7925.0,8054.0,7850.0,7985.0,30742.0
2008-03-18,8045.0,8068.0,7915.0,8057.0,20924.0
2008-03-19,8230.0,8273.0,8122.0,8164.0,13336.0
2008-03-20,8059.0,8358.0,8050.0,8339.0,34801.0
2008-03-21,8400.0,8638.0,8374.0,8627.0,34419.0
2008-03-24,9000.0,9115.0,8801.0,8892.0,41695.0
2008-03-25,8990.0,8990.0,8722.0,8760.0,39097.0
2008-03-26,8767.0,8838.0,8685.0,8722.0,33085.0
2008-03-27,8693.0,8710.0,8520.0,8552.0,33345.0
2008-03-28,8520.0,8671.0,8512.0,8620.0,30750.0
2008-03-31,8590.0,8605.0,8451.0,8517.0,28618.0
2008-04-01,8560.0,8595.0,8322.0,8327.0,28997.0
2008-04-02,8505.0,8618.0,8464.0,8575.0,30764.0
2008-04-03,8590.0,8616.0,8528.0,8575.0,26320.0
2008-04-07,8601.0,8743.0,8592.0,8712.0,21712.0
2008-04-08,8657.0,8703.0,8632.0,8639.0,20182.0
2008-04-09,8670.0,8780.0,8590.0,8675.0,32571.0
2008-04-10,8660.0,8825.0,8647.0,8813.0,30506.0
2008-04-11,8844.0,8933.0,8801.0,8912.0,26761.0
2008-04-14,8841.0,8910.0,8801.0,8871.0,22995.0
2008-04-15,8880.0,8940.0,8852.0,8918.0,18359.0
2008-04-16,8968.0,9092.0,8962.0,9084.0,10263.0
2008-04-17,9145.0,9150.0,9037.0,9065.0,27781.0
2008-04-18,9080.0,9099.0,9000.0,9085.0,24593.0
2008-04-21,9163.0,9180.0,9045.0,9082.0,23986.0
2008-04-22,9067.0,9076.0,8977.0,9028.0,23616.0
2008-04-23,9047.0,9093.0,8945.0,8990.0,31855.0
2008-04-24,8970.0,9043.0,8954.0,8977.0,25201.0
2008-04-25,9048.0,9070.0,8950.0,8980.0,26155.0
2008-04-28,8998.0,9095.0,8972.0,9095.0,25403.0
2008-04-29,9080.0,9099.0,8873.0,8922.0,28109.0
2008-04-30,8916.0,8985.0,8893.0,8934.0,23439.0
2008-05-02,9020.0,9038.0,8944.0,9006.0,20658.0
2008-05-05,9007.0,9018.0,8821.0,8845.0,24954.0
2008-05-06,8855.0,8888.0,8780.0,8873.0,23448.0
2008-05-07,8900.0,8975.0,8881.0,8918.0,23879.0
2008-05-08,8855.0,8904.0,8800.0,8898.0,22499.0
2008-05-09,8870.0,8878.0,8765.0,8769.0,27145.0
2008-05-12,8750.0,8868.0,8750.0,8860.0,21856.0
2008-05-13,8860.0,9044.0,8850.0,9031.0,25303.0
2008-05-14,9016.0,9088.0,9002.0,9059.0,22163.0
2008-05-15,9087.0,9209.0,9081.0,9181.0,20821.0
2008-05-16,9220.0,9285.0,9191.0,9245.0,20590.0
2008-05-19,9276.0,9379.0,9241.0,9378.0,15142.0
2008-05-20,9369.0,9389.0,9060.0,9075.0,25414.0
2008-05-21,9015.0,9089.0,8958.0,8998.0,11041.0
2008-05-22,8888.0,9020.0,8866.0,9016.0,24530.0
2008-05-23,9008.0,9027.0,8780.0,8789.0,34134.0
2008-05-26,8731.0,8791.0,8690.0,8695.0,25401.0
2008-05-27,8740.0,8784.0,8706.0,8771.0,20260.0
2008-05-28,8784.0,8794.0,8625.0,8646.0,28758.0
2008-05-29,8720.0,8770.0,8651.0,8720.0,27632.0
2008-05-30,8755.0,8777.0,8535.0,8646.0,33700.0
2008-06-02,8604.0,8710.0,8600.0,8703.0,23553.0
2008-06-03,8650.0,8656.0,8510.0,8533.0,25614.0
2008-06-04,8541.0,8616.0,8525.0,8593.0,21425.0
2008-06-05,8569.0,8766.0,8473.0,8729.0,33791.0
2008-06-06,8777.0,8797.0,8715.0,8755.0,23738.0
2008-06-09,8502.0,8555.0,8492.0,8531.0,17708.0
2008-06-10,8540.0,8566.0,8321.0,8338.0,31954.0
2008-06-11,8352.0,8404.0,8291.0,8322.0,26781.0
2008-06-12,8170.0,8205.0,8000.0,8036.0,29558.0
2008-06-13,8066.0,8140.0,8002.0,8040.0,25342.0
2008-06-16,8120.0,8190.0,8105.0,8132.0,20460.0
2008-06-17,8125.0,8174.0,8016.0,8154.0,24377.0
2008-06-18,8140.0,8258.0,8120.0,8215.0,15723.0
2008-06-19,7998.0,7998.0,7886.0,7890.0,23454.0
2008-06-20,7900.0,7938.0,7725.0,7779.0,34140.0
2008-06-23,7660.0,7805.0,7630.0,7760.0,28634.0
2008-06-24,7730.0,7780.0,7644.0,7690.0,29693.0
2008-06-25,7666.0,7759.0,7605.0,7752.0,30563.0
2008-06-26,7756.0,7797.0,7690.0,7691.0,27275.0
2008-06-27,7392.0,7458.0,7344.0,7415.0,28220.0
2008-06-30,7446.0,7490.0,7384.0,7418.0,21805.0
2008-07-01,7402.0,7475.0,7292.0,7299.0,27826.0
2008-07-02,7301.0,7393.0,7243.0,7243.0,32224.0
2008-07-03,7135.0,7378.0,7051.0,7297.0,35685.0
2008-07-04,7300.0,7325.0,7100.0,7103.0,31342.0
2008-07-07,7083.0,7270.0,7069.0,7262.0,27972.0
2008-07-08,7202.0,7203.0,6889.0,6982.0,33100.0
2008-07-09,7090.0,7183.0,6951.0,7015.0,40022.0
2008-07-10,6916.0,7117.0,6894.0,7007.0,41383.0
2008-07-11,6995.0,7203.0,6962.0,7177.0,44534.0
2008-07-14,7189.0,7234.0,7089.0,7153.0,30975.0
2008-07-15,7063.0,7066.0,6741.0,6784.0,34198.0
2008-07-16,6841.0,6866.0,6671.0,6680.0,24899.0
2008-07-17,6699.0,6846.0,6695.0,6798.0,33835.0
2008-07-18,6870.0,6888.0,6600.0,6680.0,42959.0
2008-07-21,6825.0,7020.0,6810.0,7005.0,34095.0
2008-07-22,6960.0,7010.0,6889.0,6961.0,39540.0
2008-07-23,7100.0,7252.0,7071.0,7187.0,36361.0
2008-07-24,7259.0,7307.0,7207.0,7304.0,32216.0
2008-07-25,7186.0,7190.0,7083.0,7169.0,30450.0
2008-07-29,6970.0,6980.0,6865.0,6917.0,26530.0
2008-07-30,7089.0,7095.0,6967.0,7025.0,32525.0
2008-07-31,7105.0,7148.0,6893.0,7003.0,42778.0
2008-08-01,6908.0,6969.0,6852.0,6918.0,34770.0
2008-08-04,6875.0,6965.0,6855.0,6936.0,28032.0
2008-08-05,6976.0,6994.0,6755.0,6782.0,38836.0
2008-08-06,6950.0,7030.0,6909.0,7020.0,31180.0
2008-08-07,7000.0,7054.0,6958.0,7006.0,33315.0
2008-08-08,6930.0,7233.0,6930.0,7192.0,42316.0
2008-08-11,7298.0,7338.0,7250.0,7294.0,28152.0
2008-08-12,7298.0,7333.0,7255.0,7268.0,27763.0
2008-08-13,7240.0,7309.0,7192.0,7300.0,34214.0
2008-08-14,7297.0,7364.0,7230.0,7361.0,30506.0
2008-08-15,7370.0,7380.0,7156.0,7210.0,34885.0
2008-08-18,7186.0,7224.0,6955.0,6979.0,31916.0
2008-08-19,6850.0,6978.0,6803.0,6944.0,28188.0
2008-08-20,6945.0,7053.0,6873.0,7046.0,18652.0
2008-08-21,6950.0,6960.0,6857.0,6870.0,31435.0
2008-08-22,6836.0,6973.0,6765.0,6858.0,44206.0
2008-08-25,6955.0,7037.0,6895.0,6988.0,30334.0
2008-08-26,6903.0,6962.0,6886.0,6948.0,26492.0
2008-08-27,6931.0,7118.0,6896.0,7085.0,34467.0
2008-08-28,7080.0,7140.0,7033.0,7040.0,29922.0
2008-08-29,7105.0,7138.0,7011.0,7054.0,31347.0
2008-09-01,6997.0,6997.0,6739.0,6755.0,30770.0
2008-09-02,6781.0,6799.0,6652.0,6699.0,33241.0
2008-09-03,6706.0,6757.0,6560.0,6588.0,35850.0
2008-09-04,6570.0,6630.0,6344.0,6398.0,37427.0
2008-09-05,6180.0,6331.0,6179.0,6242.0,30192.0
2008-09-08,6486.0,6677.0,6452.0,6677.0,21892.0
2008-09-09,6633.0,6634.0,6390.0,6460.0,34560.0
2008-09-10,6370.0,6518.0,6348.0,6457.0,38078.0
2008-09-11,6470.0,6470.0,6002.0,6230.0,34964.0
2008-09-12,6340.0,6360.0,6153.0,6290.0,39259.0
2008-09-15,6140.0,6186.0,5864.0,5962.0,33073.0
2008-09-16,5799.0,5859.0,5680.0,5680.0,34025.0
2008-09-17,5860.0,5998.0,5719.0,5765.0,29758.0
2008-09-18,5550.0,5590.0,5415.0,5529.0,50035.0
2008-09-19,5800.0,5908.0,5782.0,5908.0,19193.0
2008-09-22,6148.0,6150.0,5960.0,6088.0,35841.0
2008-09-23,6030.0,6149.0,5995.0,6139.0,34672.0
2008-09-24,6113.0,6195.0,6074.0,6160.0,38888.0
2008-09-25,6020.0,6160.0,6003.0,6059.0,40561.0
2008-09-26,6059.0,6063.0,5817.0,5867.0,42129.0
2008-09-30,5459.0,5587.0,5459.0,5550.0,21895.0
2008-10-01,5640.0,5719.0,5600.0,5680.0,35669.0
2008-10-02,5738.0,5743.0,5550.0,5623.0,42119.0
2008-10-03,5550.0,5687.0,5491.0,5657.0,39435.0
2008-10-06,5510.0,5520.0,5380.0,5390.0,36002.0
2008-10-07,5203.0,5484.0,5203.0,5444.0,44288.0
2008-10-08,5258.0,5346.0,5065.0,5118.0,52239.0
2008-10-09,5199.0,5255.0,5056.0,5066.0,55064.0
2008-10-13,4885.0,4986.0,4885.0,4945.0,28199.0
2008-10-14,5280.0,5287.0,5235.0,5287.0,16278.0
2008-10-15,5275.0,5285.0,5152.0,5241.0,27696.0
2008-10-16,4978.0,4978.0,4978.0,4978.0,3976.0
2008-10-17,4951.0,4978.0,4804.0,4804.0,35954.0
2008-10-20,4726.0,4832.0,4636.0,4825.0,41485.0
2008-10-21,4935.0,4949.0,4736.0,4815.0,61285.0
2008-10-22,4741.0,4856.0,4650.0,4653.0,58535.0
2008-10-23,4494.0,4523.0,4494.0,4494.0,13350.0
2008-10-24,4394.0,4440.0,4337.0,4337.0,14966.0
2008-10-27,4080.0,4222.0,4034.0,4034.0,38737.0
2008-10-28,3913.0,4316.0,3811.0,4316.0,73817.0
2008-10-29,4602.0,4616.0,4214.0,4260.0,83248.0
2008-10-30,4386.0,4594.0,4360.0,4594.0,28897.0
2008-10-31,4593.0,4909.0,4538.0,4846.0,82732.0
2008-11-03,4932.0,4995.0,4785.0,4995.0,73433.0
2008-11-04,4975.0,5006.0,4835.0,4979.0,68558.0
2008-11-05,5060.0,5100.0,4893.0,4900.0,71586.0
2008-11-06,4687.0,4699.0,4557.0,4557.0,26963.0
2008-11-07,4258.0,4664.0,4258.0,4635.0,85428.0
2008-11-10,4683.0,4695.0,4553.0,4630.0,65020.0
2008-11-11,4510.0,4645.0,4460.0,4470.0,67016.0
2008-11-12,4487.0,4598.0,4420.0,4525.0,73640.0
2008-11-13,4300.0,4334.0,4206.0,4282.0,51087.0
2008-11-14,4480.0,4500.0,4344.0,4383.0,60576.0
2008-11-17,4283.0,4433.0,4266.0,4360.0,54685.0
2008-11-18,4310.0,4335.0,4208.0,4241.0,47102.0
2008-11-19,4243.0,4290.0,4184.0,4264.0,36399.0
2008-11-20,3970.0,4030.0,3865.0,3901.0,47787.0
2008-11-21,3833.0,4150.0,3815.0,4148.0,64351.0
2008-11-24,4061.0,4109.0,3973.0,4048.0,58736.0
2008-11-25,4225.0,4285.0,4115.0,4188.0,69256.0
2008-11-26,4219.0,4268.0,4175.0,4206.0,63253.0
2008-11-27,4311.0,4489.0,4292.0,4430.0,55226.0
2008-11-28,4428.0,4465.0,4387.0,4458.0,44843.0
2008-12-01,4425.0,4580.0,4388.0,4500.0,52370.0
2008-12-02,4300.0,4325.0,4206.0,4225.0,45547.0
2008-12-03,4270.0,4307.0,4182.0,4187.0,52435.0
2008-12-04,4240.0,4285.0,4100.0,4134.0,56168.0
2008-12-05,4170.0,4203.0,4105.0,4183.0,53425.0
2008-12-08,4235.0,4471.0,4231.0,4471.0,43197.0
2008-12-09,4511.0,4545.0,4431.0,4464.0,53495.0
2008-12-10,4481.0,4725.0,4471.0,4695.0,59160.0
2008-12-11,4651.0,4705.0,4624.0,4669.0,48571.0
2008-12-12,4585.0,4643.0,4344.0,4419.0,56785.0
2008-12-15,4612.0,4719.0,4555.0,4603.0,53799.0
2008-12-16,4540.0,4615.0,4523.0,4595.0,36884.0
2008-12-17,4695.0,4734.0,4621.0,4666.0,23255.0
2008-12-18,4667.0,4705.0,4596.0,4700.0,48748.0
2008-12-19,4663.0,4728.0,4582.0,4677.0,61612.0
2008-12-22,4710.0,4756.0,4496.0,4522.0,58580.0
2008-12-23,4503.0,4524.0,4289.0,4350.0,56857.0
2008-12-24,4301.0,4399.0,4242.0,4381.0,53454.0
2008-12-25,4385.0,4400.0,4330.0,4395.0,27939.0
2008-12-26,4375.0,4445.0,4340.0,4380.0,42103.0
2008-12-29,4355.0,4398.0,4318.0,4388.0,28485.0
2008-12-30,4410.0,4604.0,4410.0,4567.0,38616.0
2008-12-31,4605.0,4618.0,4483.0,4552.0,39462.0
2009-01-05,4700.0,4797.0,4635.0,4670.0,49372.0
2009-01-06,4699.0,4735.0,4640.0,4708.0,50727.0
2009-01-07,4750.0,4800.0,4711.0,4753.0,47745.0
2009-01-08,4651.0,4655.0,4434.0,4452.0,49711.0
2009-01-09,4479.0,4495.0,4405.0,4424.0,44699.0
2009-01-10,4370.0,4426.0,4345.0,4374.0,32968.0
2009-01-12,4381.0,4473.0,4348.0,4425.0,49017.0
2009-01-13,4369.0,4525.0,4360.0,4525.0,49329.0
2009-01-14,4500.0,4550.0,4476.0,4512.0,43062.0
2009-01-15,4233.0,4300.0,4220.0,4241.0,32104.0
2009-01-16,4281.0,4329.0,4250.0,4325.0,37196.0
2009-01-17,4337.0,4358.0,4306.0,4349.0,21091.0
2009-01-19,4370.0,4395.0,4325.0,4361.0,22886.0
2009-01-20,4300.0,4300.0,4205.0,4242.0,17036.0
2009-01-21,4103.0,4264.0,4102.0,4254.0,17634.0
2009-02-02,4185.0,4197.0,4115.0,4162.0,23629.0
2009-02-03,4169.0,4327.0,4160.0,4278.0,36572.0
2009-02-04,4328.0,4374.0,4286.0,4355.0,33510.0
2009-02-05,4325.0,4390.0,4268.0,4270.0,41369.0
2009-02-06,4350.0,4478.0,4350.0,4442.0,43990.0
2009-02-09,4505.0,4524.0,4425.0,4451.0,37069.0
2009-02-10,4455.0,4500.0,4434.0,4496.0,31199.0
2009-02-11,4387.0,4578.0,4372.0,4562.0,43915.0
2009-02-12,4525.0,4563.0,4400.0,4444.0,52896.0
2009-02-13,4460.0,4590.0,4450.0,4568.0,48069.0
2009-02-16,4550.0,4590.0,4534.0,4572.0,29802.0
2009-02-17,4534.0,4559.0,4440.0,4491.0,33840.0
2009-02-18,4462.0,4520.0,4422.0,4515.0,17839.0
2009-02-19,4416.0,4523.0,4340.0,4473.0,61097.0
2009-02-20,4424.0,4450.0,4349.0,4363.0,56539.0
2009-02-23,4330.0,4433.0,4296.0,4430.0,54141.0
2009-02-24,4335.0,4394.0,4314.0,4379.0,43416.0
2009-02-25,4432.0,4519.0,4416.0,4469.0,52269.0
2009-02-26,4509.0,4538.0,4441.0,4474.0,47623.0
2009-02-27,4468.0,4528.0,4453.0,4513.0,38408.0
2009-03-02,4440.0,4460.0,4302.0,4325.0,49100.0
2009-03-03,4271.0,4377.0,4240.0,4369.0,51357.0
2009-03-04,4335.0,4519.0,4322.0,4519.0,53075.0
2009-03-05,4549.0,4647.0,4536.0,4596.0,54949.0
2009-03-06,4545.0,4638.0,4539.0,4635.0,56349.0
2009-03-09,4670.0,4675.0,4545.0,4625.0,49442.0
2009-03-10,4613.0,4668.0,4568.0,4655.0,51835.0
2009-03-11,4775.0,4785.0,4715.0,4759.0,38919.0
2009-03-12,4758.0,4780.0,4724.0,4748.0,32594.0
2009-03-13,4818.0,4942.0,4813.0,4901.0,41381.0
2009-03-16,4925.0,4986.0,4906.0,4960.0,33025.0
2009-03-17,4984.0,5070.0,4947.0,5058.0,35334.0
2009-03-18,5090.0,5095.0,5023.0,5069.0,22524.0
2009-03-19,5040.0,5105.0,4975.0,4982.0,55888.0
2009-03-20,4999.0,5039.0,4923.0,4952.0,57268.0
2009-03-23,5000.0,5133.0,4991.0,5131.0,49488.0
2009-03-24,5216.0,5268.0,5187.0,5262.0,50242.0
2009-03-25,5240.0,5389.0,5232.0,5366.0,60184.0
2009-03-26,5360.0,5433.0,5317.0,5387.0,67818.0
2009-03-27,5428.0,5452.0,5336.0,5353.0,57361.0
2009-03-30,5350.0,5360.0,5145.0,5177.0,54656.0
2009-03-31,5209.0,5295.0,5175.0,5203.0,57345.0
2009-04-01,5231.0,5344.0,5223.0,5313.0,69339.0
2009-04-02,5408.0,5520.0,5401.0,5514.0,59267.0
2009-04-03,5563.0,5568.0,5475.0,5513.0,57962.0
2009-04-06,5551.0,5619.0,5496.0,5527.0,56720.0
2009-04-07,5505.0,5589.0,5463.0,5589.0,54196.0
2009-04-08,5501.0,5583.0,5418.0,5461.0,68088.0
2009-04-09,5526.0,5718.0,5522.0,5718.0,57171.0
2009-04-10,5760.0,5830.0,5696.0,5829.0,64549.0
2009-04-13,5838.0,5874.0,5786.0,5844.0,52668.0
2009-04-14,5823.0,5902.0,5786.0,5858.0,45652.0
2009-04-15,5840.0,5894.0,5785.0,5859.0,28468.0
2009-04-16,6001.0,6046.0,5950.0,5997.0,64419.0
2009-04-17,6048.0,6060.0,5682.0,5777.0,81811.0
2009-04-20,5776.0,5814.0,5666.0,5762.0,72664.0
2009-04-21,5680.0,5899.0,5654.0,5893.0,72774.0
2009-04-22,5870.0,5928.0,5834.0,5849.0,65444.0
2009-04-23,5857.0,5907.0,5755.0,5904.0,77684.0
2009-04-24,5918.0,5996.0,5792.0,5903.0,84201.0
2009-04-27,5911.0,5950.0,5678.0,5705.0,86990.0
2009-04-28,5747.0,5783.0,5576.0,5582.0,91005.0
2009-04-29,5630.0,5663.0,5584.0,5618.0,63373.0
2009-04-30,6015.0,6015.0,5953.0,6015.0,15423.0
2009-05-04,6300.0,6436.0,6300.0,6436.0,21797.0
2009-05-05,6765.0,6770.0,6428.0,6543.0,88283.0
2009-05-06,6522.0,6585.0,6416.0,6534.0,70447.0
2009-05-07,6604.0,6631.0,6446.0,6610.0,67486.0
2009-05-08,6580.0,6598.0,6506.0,6570.0,62223.0
2009-05-11,6547.0,6696.0,6522.0,6600.0,62378.0
2009-05-12,6567.0,6586.0,6384.0,6448.0,72996.0
2009-05-13,6468.0,6499.0,6421.0,6471.0,47915.0
2009-05-14,6360.0,6418.0,6315.0,6320.0,54166.0
2009-05-15,6362.0,6508.0,6357.0,6476.0,56545.0
2009-05-18,6435.0,6573.0,6403.0,6570.0,54708.0
2009-05-19,6710.0,6805.0,6623.0,6692.0,50864.0
2009-05-20,6700.0,6744.0,6585.0,6699.0,39266.0
2009-05-21,6629.0,6695.0,6605.0,6669.0,55087.0
2009-05-22,6606.0,6730.0,6595.0,6692.0,55534.0
2009-05-25,6738.0,6838.0,6648.0,6724.0,67301.0
2009-05-26,6700.0,6760.0,6633.0,6645.0,56598.0
2009-05-27,6720.0,6998.0,6700.0,6934.0,68961.0
2009-06-01,6984.0,7012.0,6900.0,6959.0,43019.0
2009-06-02,7030.0,7050.0,6863.0,6919.0,53817.0
2009-06-03,6936.0,6937.0,6844.0,6898.0,45913.0
2009-06-04,6867.0,6897.0,6695.0,6782.0,61494.0
2009-06-05,6815.0,6826.0,6734.0,6793.0,45107.0
2009-06-06,6792.0,6853.0,6775.0,6834.0,25136.0
2009-06-08,6853.0,6883.0,6613.0,6644.0,61213.0
2009-06-09,6647.0,6667.0,6390.0,6412.0,69826.0
2009-06-10,6450.0,6503.0,6385.0,6462.0,54517.0
2009-06-11,6477.0,6544.0,6335.0,6518.0,75284.0
2009-06-12,6538.0,6559.0,6411.0,6443.0,66629.0
2009-06-15,6400.0,6400.0,6175.0,6206.0,67754.0
2009-06-16,6151.0,6252.0,6133.0,6208.0,55874.0
2009-06-17,6208.0,6295.0,6195.0,6204.0,32194.0
2009-06-18,6129.0,6204.0,5995.0,6087.0,84173.0
2009-06-19,6100.0,6150.0,6044.0,6140.0,65911.0
2009-06-22,6150.0,6265.0,6075.0,6208.0,62827.0
2009-06-23,6102.0,6150.0,6060.0,6068.0,54746.0
2009-06-24,6087.0,6494.0,6073.0,6310.0,88755.0
2009-06-25,6336.0,6429.0,6295.0,6391.0,68943.0
2009-06-26,6400.0,6433.0,6361.0,6387.0,50420.0
2009-06-29,6409.0,6435.0,6303.0,6343.0,62043.0
2009-06-30,6403.0,6450.0,6303.0,6383.0,66874.0
2009-07-01,6384.0,6546.0,6361.0,6515.0,65936.0
2009-07-02,6520.0,6626.0,6517.0,6587.0,60410.0
2009-07-03,6533.0,6632.0,6520.0,6603.0,57821.0
2009-07-06,6603.0,6632.0,6528.0,6588.0,57263.0
2009-07-07,6588.0,6710.0,6577.0,6665.0,58678.0
2009-07-08,6626.0,6637.0,6557.0,6627.0,55761.0
2009-07-09,6637.0,6779.0,6625.0,6724.0,56859.0
2009-07-10,6734.0,6758.0,6677.0,6758.0,47140.0
2009-07-13,6753.0,6766.0,6442.0,6473.0,64811.0
2009-07-14,6532.0,6608.0,6506.0,6577.0,41192.0
2009-07-15,6627.0,6783.0,6627.0,6763.0,31957.0
2009-07-16,6750.0,6785.0,6661.0,6704.0,56572.0
2009-07-17,6750.0,6803.0,6701.0,6761.0,52871.0
2009-07-20,6818.0,6885.0,6757.0,6864.0,55048.0
2009-07-21,6914.0,6914.0,6795.0,6875.0,58399.0
2009-07-22,6868.0,6959.0,6848.0,6887.0,54513.0
2009-07-23,6883.0,6955.0,6819.0,6880.0,57477.0
2009-07-24,6954.0,6965.0,6875.0,6896.0,47155.0
2009-07-27,6950.0,7006.0,6897.0,6970.0,45598.0
2009-07-28,6962.0,7087.0,6952.0,7082.0,46414.0
2009-07-29,7100.0,7132.0,7020.0,7039.0,51151.0
2009-07-30,7030.0,7043.0,6868.0,6965.0,59747.0
2009-07-31,7005.0,7083.0,6955.0,7030.0,57009.0
2009-08-03,7032.0,7032.0,6906.0,6983.0,57490.0
2009-08-04,7048.0,7068.0,6821.0,6876.0,72841.0
2009-08-05,6880.0,6948.0,6750.0,6764.0,73750.0
2009-08-06,6783.0,6833.0,6702.0,6799.0,75855.0
2009-08-10,6807.0,6853.0,6735.0,6813.0,54665.0
2009-08-11,6815.0,6893.0,6756.0,6890.0,56267.0
2009-08-12,6845.0,6898.0,6815.0,6840.0,53733.0
2009-08-13,6880.0,7031.0,6862.0,7020.0,57587.0
2009-08-14,7046.0,7112.0,7020.0,7062.0,46957.0
2009-08-17,7014.0,7034.0,6900.0,6913.0,53897.0
2009-08-18,6890.0,6909.0,6724.0,6813.0,59768.0
2009-08-19,6830.0,6846.0,6786.0,6795.0,23952.0
2009-08-20,6730.0,6733.0,6590.0,6693.0,70376.0
2009-08-21,6701.0,6770.0,6553.0,6591.0,78131.0
2009-08-24,6724.0,6835.0,6710.0,6808.0,58069.0
2009-08-25,6797.0,6827.0,6741.0,6760.0,60884.0
2009-08-26,6780.0,6802.0,6616.0,6702.0,79128.0
2009-08-27,6670.0,6726.0,6610.0,6647.0,70995.0
2009-08-28,6666.0,6810.0,6656.0,6755.0,66087.0
2009-08-31,6765.0,6808.0,6702.0,6758.0,59904.0
2009-09-01,6757.0,7035.0,6735.0,7029.0,72091.0
2009-09-02,6965.0,7049.0,6939.0,7028.0,62315.0
2009-09-03,7012.0,7124.0,6979.0,7093.0,66952.0
2009-09-04,7110.0,7170.0,7070.0,7152.0,62046.0
2009-09-07,7180.0,7227.0,7145.0,7224.0,50421.0
2009-09-08,7260.0,7366.0,7182.0,7318.0,70047.0
2009-09-09,7300.0,7344.0,7249.0,7260.0,56057.0
2009-09-10,7320.0,7763.0,7284.0,7362.0,96332.0
2009-09-11,7336.0,7370.0,7290.0,7355.0,42482.0
2009-09-14,7315.0,7344.0,7205.0,7255.0,57779.0
2009-09-15,7298.0,7384.0,7252.0,7357.0,43193.0
2009-09-16,7410.0,7460.0,7375.0,7444.0,30638.0
2009-09-17,7504.0,7516.0,7436.0,7465.0,58110.0
2009-09-18,7440.0,7502.0,7407.0,7470.0,45480.0
2009-09-21,7486.0,7557.0,7399.0,7466.0,61403.0
2009-09-22,7487.0,7506.0,7425.0,7455.0,45359.0
2009-09-23,7462.0,7520.0,7311.0,7350.0,79460.0
2009-09-24,7351.0,7375.0,7235.0,7299.0,65815.0
2009-09-25,7250.0,7340.0,7236.0,7338.0,51503.0
2009-09-28,7286.0,7328.0,7214.0,7283.0,52206.0
2009-09-29,7333.0,7432.0,7329.0,7405.0,51750.0
2009-09-30,7428.0,7516.0,7411.0,7492.0,51549.0
2009-10-01,7516.0,7615.0,7455.0,7537.0,63067.0
2009-10-02,7450.0,7450.0,7343.0,7351.0,56092.0
2009-10-05,7358.0,7398.0,7325.0,7395.0,43530.0
2009-10-06,7431.0,7537.0,7395.0,7510.0,59199.0
2009-10-07,7588.0,7608.0,7530.0,7589.0,49010.0
2009-10-08,7589.0,7627.0,7450.0,7485.0,61163.0
2009-10-09,7513.0,7566.0,7464.0,7559.0,54337.0
2009-10-12,7578.0,7595.0,7493.0,7576.0,51370.0
2009-10-13,7541.0,7596.0,7276.0,7564.0,70342.0
2009-10-14,7598.0,7702.0,7591.0,7702.0,47903.0
2009-10-15,7780.0,7785.0,7690.0,7706.0,56955.0
2009-10-16,7721.0,7732.0,7667.0,7694.0,42684.0
2009-10-19,7650.0,7762.0,7625.0,7754.0,39926.0
2009-10-20,7799.0,7800.0,7732.0,7750.0,33057.0
2009-10-21,7746.0,7759.0,7661.0,7707.0,29806.0
2009-10-22,7612.0,7668.0,7526.0,7569.0,67482.0
2009-10-23,7599.0,7633.0,7571.0,7599.0,42205.0
2009-10-26,7612.0,7765.0,7611.0,7646.0,56497.0
2009-10-27,7602.0,7648.0,7537.0,7647.0,58522.0
2009-10-28,7610.0,7650.0,7502.0,7506.0,71534.0
2009-10-29,7380.0,7404.0,7205.0,7318.0,71332.0
2009-10-30,7372.0,7391.0,7280.0,7284.0,50661.0
2009-11-02,7150.0,7295.0,7135.0,7280.0,55661.0
2009-11-03,7285.0,7319.0,7253.0,7277.0,46026.0
2009-11-04,7304.0,7444.0,7304.0,7443.0,48375.0
2009-11-05,7430.0,7460.0,7374.0,7408.0,53350.0
2009-11-06,7500.0,7524.0,7440.0,7477.0,47655.0
2009-11-09,7523.0,7576.0,7506.0,7550.0,44178.0
2009-11-10,7625.0,7638.0,7571.0,7589.0,36477.0
2009-11-11,7610.0,7683.0,7552.0,7683.0,54528.0
2009-11-12,7699.0,7712.0,7666.0,7684.0,38128.0
2009-11-13,7653.0,7718.0,7626.0,7675.0,45349.0
2009-11-16,7692.0,7809.0,7675.0,7809.0,41131.0
2009-11-17,8000.0,8000.0,7730.0,7739.0,59471.0
2009-11-18,7768.0,7803.0,7750.0,7787.0,20033.0
2009-11-19,7745.0,7786.0,7700.0,7703.0,48574.0
2009-11-20,7680.0,7709.0,7606.0,7670.0,57664.0
2009-11-23,7670.0,7695.0,7637.0,7692.0,32674.0
2009-11-24,7700.0,7720.0,7677.0,7698.0,32404.0
2009-11-25,7690.0,7785.0,7686.0,7775.0,45925.0
2009-11-26,7770.0,7825.0,7732.0,7745.0,45328.0
2009-11-27,7642.0,7642.0,7436.0,7440.0,65537.0
2009-11-30,7555.0,7592.0,7540.0,7560.0,34189.0
2009-12-01,7580.0,7670.0,7512.0,7638.0,50885.0
2009-12-02,7670.0,7722.0,7655.0,7688.0,42161.0
2009-12-03,7733.0,7756.0,7639.0,7700.0,46595.0
2009-12-04,7665.0,7710.0,7588.0,7588.0,42983.0
2009-12-07,7613.0,7782.0,7613.0,7752.0,48132.0
2009-12-08,7748.0,7774.0,7710.0,7755.0,41079.0
2009-12-09,7705.0,7794.0,7705.0,7792.0,36496.0
2009-12-10,7794.0,7807.0,7590.0,7640.0,70594.0
2009-12-11,7660.0,7794.0,7641.0,7790.0,49963.0
2009-12-14,7790.0,7845.0,7735.0,7828.0,50892.0
2009-12-15,7829.0,7849.0,7781.0,7798.0,35436.0
2009-12-16,7804.0,7816.0,7706.0,7752.0,29094.0
2009-12-17,7715.0,7798.0,7666.0,7688.0,69024.0
2009-12-18,7651.0,7713.0,7611.0,7703.0,47854.0
2009-12-21,7704.0,7789.0,7701.0,7756.0,43084.0
2009-12-22,7780.0,7833.0,7772.0,7832.0,40233.0
2009-12-23,7850.0,7878.0,7817.0,7867.0,36158.0
2009-12-24,7874.0,7974.0,7871.0,7951.0,42315.0
2009-12-25,7968.0,7987.0,7945.0,7984.0,25111.0
2009-12-28,7993.0,8078.0,7976.0,8048.0,38487.0
2009-12-29,8043.0,8063.0,8022.0,8059.0,29969.0
2009-12-30,8055.0,8115.0,8042.0,8090.0,32930.0
2009-12-31,8105.0,8206.0,8102.0,8205.0,37663.0
2010-01-04,8195.0,8210.0,8101.0,8166.0,44909.0
2010-01-05,8207.0,8260.0,8126.0,8176.0,58782.0
2010-01-06,8198.0,8337.0,8179.0,8324.0,62513.0
2010-01-07,8320.0,8355.0,8231.0,8257.0,63382.0
2010-01-08,8279.0,8297.0,8182.0,8278.0,59485.0
2010-01-11,8291.0,8353.0,8250.0,8323.0,46142.0
2010-01-12,8319.0,8337.0,8247.0,8309.0,52882.0
2010-01-13,8262.0,8275.0,8191.0,8215.0,54952.0
2010-01-14,8240.0,8329.0,8235.0,8301.0,40915.0
2010-01-15,8310.0,8384.0,8307.0,8368.0,48132.0
2010-01-18,8302.0,8383.0,8285.0,8351.0,35247.0
2010-01-19,8362.0,8382.0,8230.0,8268.0,53785.0
2010-01-20,8301.0,8311.0,8197.0,8215.0,33042.0
2010-01-21,8180.0,8213.0,8113.0,8132.0,63862.0
2010-01-22,8048.0,8050.0,7885.0,7896.0,64654.0
2010-01-25,7801.0,7911.0,7801.0,7854.0,47108.0
2010-01-26,7840.0,7887.0,7520.0,7565.0,94341.0
2010-01-27,7581.0,7633.0,7509.0,7536.0,64327.0
2010-01-28,7575.0,7745.0,7556.0,7699.0,61847.0
2010-01-29,7594.0,7632.0,7441.0,7578.0,86629.0
2010-02-01,7575.0,7632.0,7443.0,7512.0,77836.0
2010-02-02,7574.0,7603.0,7346.0,7371.0,79121.0
2010-02-03,7466.0,7529.0,7390.0,7502.0,82940.0
2010-02-04,7500.0,7538.0,7459.0,7507.0,56151.0
2010-02-05,7291.0,7323.0,7131.0,7204.0,68945.0
2010-02-06,7220.0,7238.0,7055.0,7152.0,69248.0
2010-02-08,7158.0,7235.0,7125.0,7160.0,60563.0
2010-02-09,7175.0,7344.0,7151.0,7318.0,58986.0
2010-02-10,7354.0,7478.0,7346.0,7415.0,58748.0
2010-02-22,7615.0,7695.0,7552.0,7557.0,24147.0
2010-02-23,7534.0,7552.0,7451.0,7540.0,54397.0
2010-02-24,7466.0,7545.0,7458.0,7482.0,49173.0
2010-02-25,7513.0,7522.0,7335.0,7366.0,71430.0
2010-02-26,7383.0,7432.0,7341.0,7385.0,57887.0
2010-03-01,7410.0,7605.0,7394.0,7575.0,68480.0
2010-03-02,7608.0,7649.0,7570.0,7600.0,51795.0
2010-03-03,7599.0,7664.0,7579.0,7613.0,55629.0
2010-03-04,7624.0,7640.0,7463.0,7525.0,67592.0
2010-03-05,7599.0,7692.0,7558.0,7656.0,70906.0
2010-03-08,7731.0,7758.0,7687.0,7756.0,46281.0
2010-03-09,7760.0,7773.0,7725.0,7764.0,33898.0
2010-03-10,7765.0,7792.0,7703.0,7770.0,45642.0
2010-03-11,7798.0,7808.0,7731.0,7757.0,48587.0
2010-03-12,7785.0,7788.0,7712.0,7753.0,36088.0
2010-03-15,7750.0,7758.0,7632.0,7656.0,55278.0
2010-03-16,7645.0,7707.0,7642.0,7704.0,28591.0
2010-03-17,7743.0,7844.0,7743.0,7841.0,28897.0
2010-03-18,7840.0,7922.0,7817.0,7850.0,58121.0
2010-03-19,7862.0,7885.0,7827.0,7870.0,44058.0
2010-03-22,7835.0,7839.0,7743.0,7803.0,56465.0
2010-03-23,7842.0,7862.0,7756.0,7806.0,53730.0
2010-03-24,7860.0,7877.0,7805.0,7813.0,51305.0
2010-03-25,7798.0,7858.0,7716.0,7806.0,72843.0
2010-03-26,7803.0,7918.0,7725.0,7887.0,80433.0
2010-03-29,7903.0,7965.0,7883.0,7960.0,48190.0
2010-03-30,7980.0,7990.0,7940.0,7959.0,36093.0
2010-03-31,7941.0,7970.0,7896.0,7908.0,43788.0
2010-04-01,7928.0,8040.0,7927.0,8024.0,51002.0
2010-04-02,8030.0,8048.0,8015.0,8038.0,22706.0
2010-04-06,8061.0,8142.0,8061.0,8095.0,46171.0
2010-04-07,8110.0,8139.0,8095.0,8125.0,33949.0
2010-04-08,8106.0,8174.0,8045.0,8084.0,70900.0
2010-04-09,8075.0,8106.0,8047.0,8100.0,42889.0
2010-04-12,8155.0,8170.0,8087.0,8125.0,45309.0
2010-04-13,8099.0,8120.0,8013.0,8021.0,66237.0
2010-04-14,8061.0,8114.0,8038.0,8113.0,44814.0
2010-04-15,8160.0,8195.0,8130.0,8160.0,46533.0
2010-04-16,8140.0,8156.0,8070.0,8103.0,50958.0
2010-04-19,8020.0,8033.0,7821.0,7821.0,63827.0
2010-04-20,7873.0,7911.0,7825.0,7876.0,41185.0
2010-04-21,7940.0,7998.0,7924.0,7980.0,29718.0
2010-04-22,7901.0,7952.0,7842.0,7923.0,66692.0
2010-04-23,7952.0,7983.0,7936.0,7962.0,45340.0
2010-04-26,8060.0,8162.0,8050.0,8147.0,47709.0
2010-04-27,8149.0,8152.0,8109.0,8128.0,34813.0
2010-04-28,7963.0,8059.0,7920.0,8036.0,63978.0
2010-04-29,8041.0,8065.0,8011.0,8044.0,39414.0
2010-04-30,8128.0,8151.0,7950.0,7988.0,73282.0
2010-05-03,7920.0,8000.0,7876.0,7934.0,66275.0
2010-05-04,7980.0,7981.0,7847.0,7878.0,72406.0
2010-05-05,7692.0,7750.0,7649.0,7657.0,78398.0
2010-05-06,7635.0,7669.0,7512.0,7582.0,69981.0
2010-05-07,7350.0,7547.0,7348.0,7505.0,90213.0
2010-05-10,7557.0,7638.0,7530.0,7638.0,61039.0
2010-05-11,7635.0,7697.0,7555.0,7569.0,76992.0
2010-05-12,7620.0,7658.0,7541.0,7587.0,73438.0
2010-05-13,7695.0,7777.0,7660.0,7767.0,63715.0
2010-05-14,7720.0,7767.0,7703.0,7759.0,44409.0
2010-05-17,7670.0,7683.0,7555.0,7601.0,65996.0
2010-05-18,7615.0,7640.0,7576.0,7619.0,44310.0
2010-05-19,7535.0,7587.0,7468.0,7574.0,37567.0
2010-05-20,7502.0,7514.0,7360.0,7363.0,76265.0
2010-05-21,7157.0,7247.0,7112.0,7208.0,73332.0
2010-05-24,7228.0,7318.0,7213.0,7271.0,55804.0
2010-05-25,7190.0,7193.0,7006.0,7052.0,83865.0
2010-05-26,7137.0,7153.0,7044.0,7125.0,73517.0
2010-05-27,7104.0,7234.0,7056.0,7200.0,78764.0
2010-05-28,7292.0,7328.0,7220.0,7278.0,76261.0
2010-05-31,7294.0,7334.0,7255.0,7330.0,52306.0
2010-06-01,7291.0,7320.0,7221.0,7240.0,81542.0
2010-06-02,7197.0,7280.0,7102.0,7138.0,89013.0
2010-06-03,7250.0,7342.0,7250.0,7339.0,65507.0
2010-06-04,7342.0,7349.0,7306.0,7319.0,38711.0
2010-06-07,7107.0,7126.0,7035.0,7095.0,73648.0
2010-06-08,7097.0,7139.0,7075.0,7129.0,52955.0
2010-06-09,7081.0,7139.0,6989.0,7037.0,75475.0
2010-06-10,7055.0,7165.0,7037.0,7163.0,63134.0
2010-06-11,7290.0,7306.0,7244.0,7292.0,41732.0
2010-06-14,7370.0,7395.0,7337.0,7382.0,38260.0
2010-06-15,7388.0,7498.0,7363.0,7459.0,40863.0
2010-06-17,7509.0,7537.0,7479.0,7521.0,24765.0
2010-06-18,7363.0,7388.0,7298.0,7350.0,62271.0
2010-06-21,7446.0,7525.0,7408.0,7525.0,70306.0
2010-06-22,7480.0,7507.0,7468.0,7482.0,36662.0
2010-06-23,7430.0,7477.0,7389.0,7438.0,59139.0
2010-06-24,7438.0,7455.0,7398.0,7429.0,44826.0
2010-06-25,7341.0,7385.0,7302.0,7320.0,60427.0
2010-06-28,7327.0,7374.0,7326.0,7366.0,36447.0
2010-06-29,7395.0,7454.0,7251.0,7253.0,80865.0
2010-06-30,7120.0,7168.0,7093.0,7157.0,50914.0
2010-07-01,7124.0,7147.0,7062.0,7105.0,66441.0
2010-07-02,7132.0,7216.0,7116.0,7163.0,60699.0
2010-07-05,7185.0,7325.0,7169.0,7324.0,62838.0
2010-07-06,7258.0,7458.0,7246.0,7457.0,72279.0
2010-07-07,7450.0,7456.0,7405.0,7450.0,49183.0
2010-07-08,7568.0,7574.0,7500.0,7532.0,56505.0
2010-07-09,7542.0,7582.0,7521.0,7563.0,42914.0
2010-07-12,7585.0,7655.0,7528.0,7529.0,56075.0
2010-07-13,7575.0,7603.0,7518.0,7559.0,57807.0
2010-07-14,7655.0,7702.0,7645.0,7702.0,48321.0
2010-07-15,7676.0,7728.0,7668.0,7707.0,45932.0
2010-07-16,7703.0,7715.0,7636.0,7672.0,59282.0
2010-07-19,7599.0,7672.0,7590.0,7658.0,41852.0
2010-07-20,7655.0,7747.0,7635.0,7711.0,42914.0
2010-07-21,7755.0,7757.0,7682.0,7688.0,25205.0
2010-07-22,7586.0,7615.0,7536.0,7560.0,55238.0
2010-07-23,7640.0,7702.0,7635.0,7680.0,45715.0
2010-07-26,7716.0,7728.0,7682.0,7708.0,36024.0
2010-07-27,7726.0,7732.0,7642.0,7659.0,46905.0
2010-07-28,7672.0,7733.0,7634.0,7721.0,44741.0
2010-07-29,7720.0,7731.0,7668.0,7709.0,47087.0
2010-07-30,7685.0,7699.0,7638.0,7682.0,48337.0
2010-08-02,7750.0,7878.0,7740.0,7869.0,47173.0
2010-08-03,7917.0,7917.0,7868.0,7914.0,31961.0
2010-08-04,7885.0,7928.0,7872.0,7910.0,42712.0
2010-08-05,7938.0,7961.0,7876.0,7913.0,47077.0
2010-08-06,7894.0,7932.0,7880.0,7930.0,37187.0
2010-08-09,7917.0,8000.0,7911.0,7985.0,37328.0
2010-08-10,8001.0,8001.0,7933.0,7935.0,38018.0
2010-08-11,7885.0,7930.0,7833.0,7852.0,61044.0
2010-08-12,7782.0,7824.0,7765.0,7804.0,46317.0
2010-08-13,7813.0,7925.0,7804.0,7915.0,45513.0
2010-08-16,7858.0,7956.0,7831.0,7948.0,40775.0
2010-08-17,7933.0,7965.0,7925.0,7942.0,29947.0
2010-08-18,7957.0,7972.0,7901.0,7919.0,25593.0
2010-08-19,7900.0,7922.0,7848.0,7920.0,52058.0
2010-08-20,7882.0,7900.0,7860.0,7887.0,40043.0
2010-08-23,7881.0,8003.0,7873.0,7951.0,49009.0
2010-08-24,7920.0,7955.0,7884.0,7885.0,52595.0
2010-08-25,7844.0,7845.0,7673.0,7679.0,72994.0
2010-08-26,7676.0,7697.0,7620.0,7621.0,50766.0
2010-08-27,7605.0,7677.0,7605.0,7660.0,49541.0
2010-08-30,7736.0,7794.0,7688.0,7717.0,57569.0
2010-08-31,7663.0,7664.0,7536.0,7557.0,63577.0
2010-09-01,7570.0,7638.0,7569.0,7630.0,43024.0
2010-09-02,7708.0,7744.0,7665.0,7691.0,56561.0
2010-09-03,7723.0,7786.0,7712.0,7780.0,50935.0
2010-09-06,7833.0,7878.0,7818.0,7863.0,40997.0
2010-09-07,7863.0,7873.0,7843.0,7855.0,31894.0
2010-09-08,7820.0,7868.0,7790.0,7851.0,58473.0
2010-09-09,7877.0,7890.0,7806.0,7832.0,49623.0
2010-09-10,7889.0,7908.0,7849.0,7899.0,45063.0
2010-09-13,7950.0,8112.0,7933.0,8108.0,50790.0
2010-09-14,8120.0,8135.0,8087.0,8120.0,26291.0
2010-09-15,8151.0,8158.0,8112.0,8154.0,19014.0
2010-09-16,8154.0,8164.0,8062.0,8072.0,51676.0
2010-09-17,8098.0,8209.0,8098.0,8170.0,62381.0
2010-09-20,8143.0,8195.0,8135.0,8179.0,47922.0
2010-09-21,8236.0,8248.0,8155.0,8190.0,51576.0
2010-09-23,8180.0,8233.0,8148.0,8202.0,50991.0
2010-09-24,8172.0,8198.0,8121.0,8148.0,67942.0
2010-09-27,8213.0,8230.0,8176.0,8187.0,42238.0
2010-09-28,8160.0,8199.0,8150.0,8181.0,37138.0
2010-09-29,8219.0,8296.0,8203.0,8213.0,56864.0
2010-09-30,8216.0,8232.0,8186.0,8216.0,44293.0
2010-10-01,8248.0,8255.0,8202.0,8237.0,37337.0
2010-10-04,8236.0,8285.0,8213.0,8214.0,44501.0
2010-10-05,8204.0,8213.0,8128.0,8190.0,58121.0
2010-10-06,8266.0,8293.0,8255.0,8271.0,42170.0
2010-10-07,8272.0,8283.0,8256.0,8272.0,25704.0
2010-10-08,8268.0,8300.0,8213.0,8216.0,54791.0
2010-10-11,8240.0,8246.0,8131.0,8136.0,50933.0
2010-10-12,8153.0,8155.0,8021.0,8057.0,60859.0
2010-10-13,8081.0,8110.0,8041.0,8109.0,50791.0
2010-10-14,8170.0,8250.0,8165.0,8229.0,58522.0
2010-10-15,8209.0,8245.0,8190.0,8192.0,40868.0
2010-10-18,8172.0,8193.0,8024.0,8031.0,63574.0
2010-10-19,8037.0,8054.0,7995.0,8019.0,38699.0
2010-10-20,7952.0,8121.0,7948.0,8121.0,36162.0
2010-10-21,8080.0,8144.0,8062.0,8088.0,63928.0
2010-10-22,8122.0,8142.0,8097.0,8142.0,40159.0
2010-10-25,8160.0,8307.0,8157.0,8305.0,58926.0
2010-10-26,8306.0,8340.0,8295.0,8313.0,36770.0
2010-10-27,8330.0,8368.0,8265.0,8283.0,64497.0
2010-10-28,8302.0,8355.0,8283.0,8343.0,50692.0
2010-10-29,8316.0,8329.0,8257.0,8304.0,51664.0
2010-11-01,8330.0,8429.0,8325.0,8395.0,51876.0
2010-11-02,8395.0,8402.0,8362.0,8368.0,30953.0
2010-11-03,8405.0,8422.0,8283.0,8325.0,72686.0
2010-11-04,8340.0,8388.0,8325.0,8368.0,42472.0
2010-11-05,8471.0,8499.0,8442.0,8462.0,38806.0
2010-11-08,8481.0,8488.0,8431.0,8453.0,35715.0
2010-11-09,8441.0,8471.0,8433.0,8468.0,29274.0
2010-11-10,8476.0,8492.0,8435.0,8484.0,38480.0
2010-11-11,8471.0,8480.0,8446.0,8449.0,27012.0
2010-11-12,8436.0,8437.0,8302.0,8311.0,63822.0
2010-11-15,8300.0,8310.0,8229.0,8270.0,46766.0
2010-11-16,8235.0,8342.0,8219.0,8286.0,38234.0
2010-11-17,8235.0,8298.0,8226.0,8245.0,25937.0
2010-11-18,8253.0,8294.0,8240.0,8293.0,41959.0
2010-11-19,8340.0,8360.0,8258.0,8286.0,64139.0
2010-11-22,8316.0,8396.0,8312.0,8372.0,48786.0
2010-11-23,8372.0,8375.0,8307.0,8329.0,41498.0
2010-11-24,8279.0,8352.0,8272.0,8303.0,49793.0
2010-11-25,8315.0,8362.0,8307.0,8341.0,39202.0
2010-11-26,8358.0,8358.0,8294.0,8298.0,43505.0
2010-11-29,8348.0,8395.0,8312.0,8379.0,64997.0
2010-11-30,8391.0,8449.0,8372.0,8405.0,65639.0
2010-12-01,8410.0,8550.0,8409.0,8548.0,57703.0
2010-12-02,8610.0,8643.0,8591.0,8621.0,44561.0
2010-12-03,8644.0,8647.0,8608.0,8626.0,34224.0
2010-12-06,8638.0,8714.0,8633.0,8692.0,42388.0
2010-12-07,8703.0,8717.0,8653.0,8717.0,37599.0
2010-12-08,8718.0,8720.0,8676.0,8701.0,31902.0
2010-12-09,8720.0,8797.0,8718.0,8789.0,47334.0
2010-12-10,8754.0,8764.0,8699.0,8746.0,43773.0
2010-12-13,8733.0,8765.0,8724.0,8737.0,24766.0
2010-12-14,8748.0,8792.0,8711.0,8739.0,40531.0
2010-12-15,8733.0,8747.0,8705.0,8727.0,22513.0
2010-12-16,8761.0,8793.0,8753.0,8775.0,37496.0
2010-12-17,8780.0,8840.0,8777.0,8806.0,42617.0
2010-12-20,8816.0,8832.0,8728.0,8763.0,52618.0
2010-12-21,8780.0,8847.0,8762.0,8847.0,41408.0
2010-12-22,8860.0,8872.0,8833.0,8853.0,45938.0
2010-12-23,8850.0,8909.0,8847.0,8900.0,37740.0
2010-12-24,8893.0,8898.0,8868.0,8883.0,27992.0
2010-12-27,8860.0,8917.0,8832.0,8883.0,44380.0
2010-12-28,8889.0,8905.0,8830.0,8878.0,44418.0
2010-12-29,8859.0,8895.0,8842.0,8870.0,40776.0
2010-12-30,8876.0,8918.0,8866.0,8908.0,40072.0
2010-12-31,8894.0,8996.0,8892.0,8986.0,42851.0
2011-01-03,9005.0,9030.0,8996.0,9020.0,27299.0
2011-01-04,9030.0,9032.0,8973.0,8974.0,28624.0
2011-01-05,8961.0,9005.0,8612.0,8841.0,76400.0
2011-01-06,8850.0,8875.0,8814.0,8867.0,40614.0
2011-01-07,8865.0,8883.0,8728.0,8751.0,67387.0
2011-01-10,8731.0,8799.0,8731.0,8789.0,34405.0
2011-01-11,8788.0,8949.0,8760.0,8943.0,62962.0
2011-01-12,8953.0,9002.0,8944.0,8968.0,39530.0
2011-01-13,9002.0,9017.0,8915.0,8968.0,52219.0
2011-01-14,8957.0,8981.0,8931.0,8969.0,34460.0
2011-01-17,8982.0,9001.0,8915.0,8917.0,41127.0
2011-01-18,8908.0,9011.0,8870.0,8975.0,40231.0
2011-01-19,9000.0,9084.0,8983.0,9083.0,24185.0
2011-01-20,9023.0,9032.0,8996.0,9008.0,34928.0
2011-01-21,8973.0,8977.0,8860.0,8905.0,72393.0
2011-01-24,8920.0,8955.0,8910.0,8946.0,38387.0
2011-01-25,8995.0,9030.0,8965.0,8965.0,41420.0
2011-01-26,8979.0,9072.0,8970.0,9053.0,48633.0
2011-01-27,9073.0,9126.0,9068.0,9106.0,41561.0
2011-01-28,9112.0,9141.0,9094.0,9139.0,31421.0
2011-02-08,9180.0,9197.0,9063.0,9098.0,48287.0
2011-02-09,9065.0,9109.0,8975.0,9011.0,65696.0
2011-02-10,8985.0,8985.0,8816.0,8823.0,70032.0
2011-02-11,8803.0,8828.0,8523.0,8564.0,93263.0
2011-02-14,8606.0,8692.0,8600.0,8640.0,46550.0
2011-02-15,8644.0,8732.0,8531.0,8699.0,61784.0
2011-02-16,8733.0,8756.0,8695.0,8718.0,28293.0
2011-02-17,8645.0,8675.0,8590.0,8624.0,68083.0
2011-02-18,8698.0,8845.0,8675.0,8812.0,63710.0
2011-02-21,8803.0,8814.0,8732.0,8811.0,51203.0
2011-02-22,8733.0,8733.0,8561.0,8619.0,86436.0
2011-02-23,8580.0,8637.0,8481.0,8521.0,84019.0
2011-02-24,8501.0,8609.0,8501.0,8533.0,68540.0
2011-02-25,8564.0,8630.0,8432.0,8616.0,110209.0
2011-03-01,8691.0,8715.0,8633.0,8691.0,49683.0
2011-03-02,8628.0,8673.0,8582.0,8603.0,70492.0
2011-03-03,8650.0,8755.0,8630.0,8743.0,67955.0
2011-03-04,8800.0,8800.0,8754.0,8760.0,48417.0
2011-03-07,8741.0,8763.0,8678.0,8723.0,62269.0
2011-03-08,8701.0,8758.0,8701.0,8741.0,44271.0
2011-03-09,8790.0,8798.0,8698.0,8759.0,55401.0
2011-03-10,8765.0,8765.0,8608.0,8624.0,75763.0
2011-03-11,8552.0,8574.0,8481.0,8558.0,68534.0
2011-03-14,8538.0,8568.0,8366.0,8504.0,84409.0
2011-03-15,8508.0,8525.0,8027.0,8252.0,130956.0
2011-03-16,8400.0,8411.0,8263.0,8306.0,48806.0
2011-03-17,8173.0,8274.0,8129.0,8255.0,93223.0
2011-03-18,8307.0,8345.0,8270.0,8319.0,63677.0
2011-03-21,8345.0,8444.0,8329.0,8391.0,66013.0
2011-03-22,8430.0,8479.0,8415.0,8415.0,56865.0
2011-03-23,8405.0,8510.0,8393.0,8451.0,70908.0
2011-03-24,8505.0,8548.0,8480.0,8528.0,60120.0
2011-03-25,8584.0,8624.0,8548.0,8579.0,55296.0
2011-03-28,8579.0,8584.0,8495.0,8518.0,58779.0
2011-03-29,8498.0,8576.0,8475.0,8575.0,60713.0
2011-03-30,8600.0,8650.0,8583.0,8594.0,57770.0
2011-03-31,8606.0,8645.0,8557.0,8642.0,64694.0
2011-04-01,8640.0,8689.0,8630.0,8689.0,45436.0
2011-04-06,8727.0,8863.0,8726.0,8841.0,57483.0
2011-04-07,8874.0,8902.0,8825.0,8897.0,46411.0
2011-04-08,8897.0,8933.0,8850.0,8868.0,61577.0
2011-04-11,8854.0,8882.0,8821.0,8859.0,49250.0
2011-04-12,8820.0,8822.0,8703.0,8704.0,78627.0
2011-04-13,8707.0,8810.0,8696.0,8808.0,55986.0
2011-04-14,8795.0,8851.0,8751.0,8796.0,72650.0
2011-04-15,8788.0,8820.0,8681.0,8702.0,67786.0
2011-04-18,8686.0,8759.0,8675.0,8711.0,55113.0
2011-04-19,8652.0,8671.0,8585.0,8626.0,58677.0
2011-04-20,8694.0,8800.0,8694.0,8791.0,30656.0
2011-04-21,8888.0,9004.0,8878.0,8990.0,68545.0
2011-04-22,8990.0,9008.0,8972.0,8991.0,33112.0
2011-04-25,9002.0,9050.0,8943.0,8977.0,65157.0
2011-04-26,8927.0,8982.0,8870.0,8967.0,84046.0
2011-04-27,9050.0,9078.0,9031.0,9061.0,53256.0
2011-04-28,9093.0,9099.0,9006.0,9011.0,60971.0
2011-04-29,9011.0,9048.0,8931.0,9022.0,85903.0
2011-05-03,9039.0,9069.0,8896.0,8927.0,75921.0
2011-05-04,8905.0,8958.0,8861.0,8935.0,71627.0
2011-05-05,8903.0,9057.0,8885.0,9053.0,78411.0
2011-05-06,8980.0,9022.0,8957.0,9018.0,64558.0
2011-05-09,9022.0,9110.0,9001.0,9064.0,60449.0
2011-05-10,9060.0,9072.0,9026.0,9045.0,43887.0
2011-05-11,9100.0,9118.0,9013.0,9021.0,63075.0
2011-05-12,8951.0,9067.0,8943.0,9030.0,65376.0
2011-05-13,9028.0,9063.0,9000.0,9028.0,53834.0
2011-05-16,8984.0,9026.0,8915.0,8926.0,64295.0
2011-05-17,8916.0,8936.0,8847.0,8916.0,59377.0
2011-05-18,8920.0,8947.0,8896.0,8932.0,27199.0
2011-05-19,8964.0,9043.0,8837.0,8840.0,93733.0
2011-05-20,8881.0,8915.0,8806.0,8815.0,80003.0
2011-05-23,8752.0,8772.0,8669.0,8736.0,73428.0
2011-05-24,8720.0,8767.0,8660.0,8766.0,75692.0
2011-05-25,8748.0,8750.0,8651.0,8680.0,79747.0
2011-05-26,8755.0,8795.0,8720.0,8787.0,56638.0
2011-05-27,8780.0,8854.0,8769.0,8779.0,64916.0
2011-05-30,8767.0,8826.0,8709.0,8819.0,67639.0
2011-05-31,8858.0,9035.0,8856.0,9022.0,68774.0
2011-06-01,9028.0,9106.0,9007.0,9091.0,60824.0
2011-06-02,8997.0,9057.0,8975.0,9031.0,56222.0
2011-06-03,9050.0,9078.0,8999.0,9072.0,62632.0
2011-06-07,9035.0,9092.0,8973.0,9091.0,69095.0
2011-06-08,9078.0,9087.0,9003.0,9031.0,73079.0
2011-06-09,9005.0,9049.0,8993.0,9031.0,55734.0
2011-06-10,9060.0,9070.0,8812.0,8825.0,100540.0
2011-06-13,8783.0,8806.0,8682.0,8742.0,66857.0
2011-06-14,8748.0,8848.0,8733.0,8848.0,54387.0
2011-06-15,8840.0,8877.0,8731.0,8840.0,47006.0
2011-06-16,8547.0,8558.0,8481.0,8493.0,79764.0
2011-06-17,8494.0,8543.0,8436.0,8462.0,83061.0
2011-06-20,8500.0,8525.0,8366.0,8400.0,84078.0
2011-06-21,8461.0,8485.0,8400.0,8465.0,79551.0
2011-06-22,8513.0,8525.0,8416.0,8441.0,83252.0
2011-06-23,8422.0,8473.0,8388.0,8394.0,73385.0
2011-06-24,8420.0,8431.0,8365.0,8409.0,60159.0
2011-06-27,8327.0,8373.0,8260.0,8334.0,64025.0
2011-06-28,8383.0,8396.0,8305.0,8309.0,59220.0
2011-06-29,8370.0,8485.0,8353.0,8474.0,76461.0
2011-06-30,8475.0,8528.0,8456.0,8506.0,61113.0
2011-07-01,8558.0,8615.0,8544.0,8567.0,61058.0
2011-07-04,8625.0,8656.0,8598.0,8600.0,48903.0
2011-07-05,8614.0,8631.0,8585.0,8630.0,43566.0
2011-07-06,8625.0,8714.0,8622.0,8692.0,55341.0
2011-07-07,8690.0,8713.0,8665.0,8691.0,45724.0
2011-07-08,8701.0,8767.0,8636.0,8642.0,73391.0
2011-07-11,8606.0,8630.0,8574.0,8601.0,52391.0
2011-07-12,8517.0,8538.0,8413.0,8418.0,65243.0
2011-07-13,8434.0,8483.0,8410.0,8462.0,60171.0
2011-07-14,8433.0,8506.0,8360.0,8479.0,82814.0
2011-07-15,8477.0,8570.0,8451.0,8562.0,74646.0
2011-07-18,8520.0,8592.0,8470.0,8486.0,68403.0
2011-07-19,8500.0,8545.0,8487.0,8534.0,51135.0
2011-07-20,8615.0,8709.0,8611.0,8697.0,33928.0
2011-07-21,8631.0,8654.0,8613.0,8653.0,40427.0
2011-07-22,8710.0,8740.0,8681.0,8692.0,50485.0
2011-07-25,8658.0,8688.0,8587.0,8605.0,64077.0
2011-07-26,8627.0,8744.0,8627.0,8735.0,64959.0
2011-07-27,8711.0,8770.0,8707.0,8763.0,53173.0
2011-07-28,8695.0,8734.0,8661.0,8728.0,68293.0
2011-07-29,8701.0,8725.0,8592.0,8613.0,85960.0
2011-08-01,8708.0,8729.0,8655.0,8682.0,48493.0
2011-08-02,8605.0,8611.0,8535.0,8570.0,62679.0
2011-08-03,8405.0,8454.0,8368.0,8436.0,65535.0
2011-08-04,8431.0,8488.0,8278.0,8291.0,84814.0
2011-08-05,7709.0,7988.0,7709.0,7765.0,121396.0
2011-08-08,7750.0,7770.0,7260.0,7559.0,157695.0
2011-08-09,7250.0,7606.0,7092.0,7531.0,190535.0
2011-08-10,7640.0,7698.0,7582.0,7664.0,101065.0
2011-08-11,7560.0,7748.0,7462.0,7702.0,130351.0
2011-08-12,7748.0,7794.0,7565.0,7586.0,105411.0
2011-08-15,7683.0,7831.0,7683.0,7823.0,60608.0
2011-08-16,7853.0,7875.0,7734.0,7771.0,79357.0
2011-08-17,7750.0,7824.0,7718.0,7753.0,46015.0
2011-08-18,7594.0,7595.0,7447.0,7499.0,97713.0
2011-08-19,7266.0,7356.0,7190.0,7190.0,114841.0
2011-08-22,7189.0,7433.0,7161.0,7254.0,138576.0
2011-08-23,7310.0,7543.0,7296.0,7511.0,113321.0
2011-08-24,7544.0,7549.0,7341.0,7421.0,128596.0
2011-08-25,7532.0,7558.0,7346.0,7365.0,110484.0
2011-08-26,7377.0,7490.0,7355.0,7451.0,111197.0
2011-08-29,7465.0,7610.0,7440.0,7532.0,87710.0
2011-08-30,7600.0,7632.0,7548.0,7600.0,83606.0
2011-08-31,7617.0,7714.0,7556.0,7709.0,88874.0
2011-09-01,7750.0,7848.0,7682.0,7702.0,100969.0
2011-09-02,7700.0,7745.0,7651.0,7712.0,87145.0
2011-09-05,7576.0,7586.0,7466.0,7475.0,82435.0
2011-09-06,7400.0,7488.0,7313.0,7337.0,111911.0
2011-09-07,7455.0,7539.0,7411.0,7536.0,79058.0
2011-09-08,7572.0,7598.0,7476.0,7549.0,93957.0
2011-09-09,7547.0,7653.0,7510.0,7606.0,106198.0
2011-09-13,7506.0,7538.0,7335.0,7368.0,93698.0
2011-09-14,7396.0,7462.0,7161.0,7199.0,119858.0
2011-09-15,7350.0,7449.0,7324.0,7403.0,104154.0
2011-09-16,7518.0,7628.0,7507.0,7612.0,87011.0
2011-09-19,7583.0,7585.0,7455.0,7477.0,78455.0
2011-09-20,7437.0,7566.0,7369.0,7486.0,100968.0
2011-09-21,7503.0,7590.0,7452.0,7538.0,46266.0
2011-09-22,7383.0,7385.0,7251.0,7273.0,88991.0
2011-09-23,7028.0,7103.0,6972.0,7053.0,107912.0
2011-09-26,7048.0,7048.0,6855.0,6878.0,109981.0
2011-09-27,7040.0,7135.0,7030.0,7135.0,84959.0
2011-09-28,7197.0,7198.0,7068.0,7102.0,93398.0
2011-09-29,7045.0,7208.0,7022.0,7183.0,98450.0
2011-09-30,7185.0,7229.0,7132.0,7182.0,92226.0
2011-10-03,7045.0,7085.0,6960.0,7015.0,86797.0
2011-10-04,6890.0,7098.0,6871.0,7097.0,103255.0
2011-10-05,7062.0,7086.0,6973.0,6985.0,85505.0
2011-10-06,7106.0,7189.0,7099.0,7121.0,88253.0
2011-10-07,7239.0,7260.0,7184.0,7191.0,87386.0
2011-10-11,7355.0,7409.0,7336.0,7409.0,58908.0
2011-10-12,7377.0,7425.0,7341.0,7391.0,71476.0
2011-10-13,7450.0,7459.0,7375.0,7391.0,70855.0
2011-10-14,7362.0,7399.0,7353.0,7377.0,55828.0
2011-10-17,7458.0,7495.0,7409.0,7454.0,64406.0
2011-10-18,7351.0,7389.0,7313.0,7339.0,56278.0
2011-10-19,7363.0,7382.0,7320.0,7329.0,27507.0
2011-10-20,7350.0,7358.0,7212.0,7215.0,73750.0
2011-10-21,7228.0,7272.0,7192.0,7261.0,68597.0
2011-10-24,7380.0,7502.0,7375.0,7495.0,63797.0
2011-10-25,7492.0,7519.0,7464.0,7473.0,53409.0
2011-10-26,7420.0,7573.0,7408.0,7547.0,77790.0
2011-10-27,7553.0,7603.0,7503.0,7592.0,80677.0
2011-10-28,7730.0,7777.0,7612.0,7633.0,90241.0
2011-10-31,7634.0,7683.0,7548.0,7560.0,80755.0
2011-11-01,7586.0,7684.0,7522.0,7638.0,94172.0
2011-11-02,7500.0,7632.0,7453.0,7610.0,95141.0
2011-11-03,7568.0,7580.0,7438.0,7443.0,101168.0
2011-11-04,7593.0,7665.0,7572.0,7628.0,75424.0
2011-11-07,7620.0,7656.0,7591.0,7637.0,56268.0
2011-11-08,7632.0,7709.0,7580.0,7590.0,83664.0
2011-11-09,7657.0,7672.0,7576.0,7612.0,68405.0
2011-11-10,7447.0,7455.0,7276.0,7313.0,96373.0
2011-11-11,7329.0,7383.0,7288.0,7358.0,72180.0
2011-11-14,7474.0,7562.0,7474.0,7545.0,52840.0
2011-11-15,7512.0,7549.0,7480.0,7503.0,45820.0
2011-11-16,7528.0,7561.0,7385.0,7396.0,43942.0
2011-11-17,7325.0,7409.0,7284.0,7403.0,91654.0
2011-11-18,7294.0,7330.0,7235.0,7251.0,93642.0
2011-11-21,7184.0,7190.0,7016.0,7048.0,86077.0
2011-11-22,7040.0,7102.0,6971.0,7021.0,96562.0
2011-11-23,6979.0,6988.0,6798.0,6816.0,110437.0
2011-11-24,6833.0,6903.0,6765.0,6833.0,95416.0
2011-11-25,6845.0,6955.0,6725.0,6758.0,124273.0
2011-11-28,6896.0,6925.0,6851.0,6920.0,86011.0
2011-11-29,6970.0,6995.0,6912.0,6973.0,79335.0
2011-11-30,6942.0,6957.0,6826.0,6899.0,96418.0
2011-12-01,7200.0,7250.0,7140.0,7210.0,77465.0
2011-12-02,7218.0,7218.0,7117.0,7154.0,75692.0
2011-12-05,7162.0,7167.0,7052.0,7132.0,81883.0
2011-12-06,7100.0,7105.0,6954.0,6983.0,80060.0
2011-12-07,7016.0,7062.0,7006.0,7055.0,74656.0
2011-12-08,7021.0,7028.0,6907.0,6960.0,82073.0
2011-12-09,6800.0,6933.0,6790.0,6888.0,103589.0
2011-12-12,6966.0,7015.0,6932.0,6940.0,71541.0
2011-12-13,6850.0,6930.0,6837.0,6897.0,71584.0
2011-12-14,6885.0,6925.0,6857.0,6923.0,60742.0
2011-12-15,6852.0,6857.0,6750.0,6753.0,71634.0
2011-12-16,6780.0,6803.0,6746.0,6775.0,58236.0
2011-12-19,6687.0,6741.0,6613.0,6636.0,72127.0
2011-12-20,6670.0,6704.0,6664.0,6670.0,42142.0
2011-12-21,6820.0,6959.0,6820.0,6952.0,33398.0
2011-12-22,6945.0,6980.0,6936.0,6957.0,43911.0
2011-12-23,7032.0,7124.0,7031.0,7110.0,52774.0
2011-12-26,7118.0,7118.0,7073.0,7106.0,35093.0
2011-12-27,7098.0,7113.0,7035.0,7085.0,55405.0
2011-12-28,7055.0,7088.0,7038.0,7051.0,44819.0
2011-12-29,7012.0,7078.0,7000.0,7076.0,51171.0
2011-12-30,7115.0,7148.0,7037.0,7042.0,66406.0
2012-01-02,7020.0,7052.0,6928.0,6945.0,70905.0
2012-01-03,7025.0,7087.0,7002.0,7048.0,62815.0
2012-01-04,7080.0,7108.0,7043.0,7074.0,64669.0
2012-01-05,7084.0,7124.0,7061.0,7118.0,59461.0
2012-01-06,7101.0,7117.0,7061.0,7085.0,65258.0
2012-01-09,7053.0,7083.0,7026.0,7057.0,51978.0
2012-01-10,7110.0,7180.0,7109.0,7174.0,54169.0
2012-01-11,7188.0,7195.0,7168.0,7179.0,34617.0
2012-01-12,7186.0,7193.0,7161.0,7188.0,34419.0
2012-01-13,7229.0,7263.0,7147.0,7165.0,55233.0
2012-01-16,7239.0,7280.0,7071.0,7092.0,71966.0
2012-01-17,7166.0,7228.0,7119.0,7226.0,54800.0
2012-01-18,7220.0,7247.0,7192.0,7206.0,31162.0
2012-01-30,7326.0,7448.0,7326.0,7393.0,51007.0
2012-01-31,7446.0,7503.0,7421.0,7470.0,68232.0
2012-02-01,7495.0,7548.0,7475.0,7524.0,65383.0
2012-02-02,7622.0,7650.0,7566.0,7642.0,62090.0
2012-02-03,7621.0,7650.0,7602.0,7641.0,53734.0
2012-02-04,7713.0,7758.0,7692.0,7736.0,50616.0
2012-02-06,7710.0,7724.0,7668.0,7684.0,55336.0
2012-02-07,7700.0,7750.0,7674.0,7720.0,66073.0
2012-02-08,7755.0,7894.0,7755.0,7894.0,67642.0
2012-02-09,7865.0,7933.0,7830.0,7925.0,69630.0
2012-02-10,7885.0,7928.0,7850.0,7864.0,65189.0
2012-02-13,7867.0,7937.0,7841.0,7909.0,60998.0
2012-02-14,7900.0,7914.0,7807.0,7872.0,64892.0
2012-02-15,7913.0,8010.0,7891.0,8006.0,34687.0
2012-02-16,7962.0,7994.0,7867.0,7906.0,77783.0
2012-02-17,7978.0,8020.0,7880.0,7930.0,102515.0
2012-02-20,7988.0,8003.0,7926.0,7959.0,67298.0
2012-02-21,7956.0,7975.0,7855.0,7949.0,95013.0
2012-02-22,7920.0,8036.0,7890.0,8008.0,88093.0
2012-02-23,7963.0,7990.0,7941.0,7963.0,60435.0
2012-02-24,7953.0,7975.0,7883.0,7942.0,78951.0
2012-02-29,7999.0,8126.0,7997.0,8113.0,62356.0
2012-03-01,8138.0,8177.0,8113.0,8139.0,58260.0
2012-03-02,8177.0,8187.0,8113.0,8152.0,59576.0
2012-03-03,8132.0,8132.0,8087.0,8120.0,39235.0
2012-03-05,8098.0,8108.0,8003.0,8038.0,72663.0
2012-03-06,8018.0,8035.0,7872.0,7944.0,91358.0
2012-03-07,7850.0,7928.0,7840.0,7895.0,71432.0
2012-03-08,7928.0,7999.0,7882.0,7976.0,74675.0
2012-03-09,7992.0,8030.0,7942.0,8006.0,76876.0
2012-03-12,7982.0,8008.0,7908.0,7921.0,64232.0
2012-03-13,7961.0,8065.0,7960.0,8035.0,72261.0
2012-03-14,8156.0,8188.0,8132.0,8143.0,52152.0
2012-03-15,8142.0,8159.0,8090.0,8138.0,58231.0
2012-03-16,8120.0,8142.0,8058.0,8067.0,56857.0
2012-03-19,8106.0,8115.0,7972.0,8053.0,71447.0
2012-03-20,8064.0,8078.0,7952.0,7985.0,61890.0
2012-03-21,7950.0,8016.0,7950.0,7980.0,33890.0
2012-03-22,8000.0,8095.0,7986.0,8085.0,72315.0
2012-03-23,8080.0,8097.0,8052.0,8084.0,47696.0
2012-03-26,8091.0,8097.0,7938.0,7960.0,77561.0
2012-03-27,8000.0,8023.0,7973.0,8011.0,57787.0
2012-03-28,8011.0,8078.0,7996.0,8028.0,63400.0
2012-03-29,7995.0,8006.0,7820.0,7848.0,89707.0
2012-03-30,7803.0,7906.0,7786.0,7885.0,74930.0
2012-04-02,7888.0,7904.0,7833.0,7864.0,60663.0
2012-04-03,7887.0,7919.0,7737.0,7777.0,95487.0
2012-04-05,7640.0,7666.0,7524.0,7619.0,90987.0
2012-04-06,7619.0,7688.0,7613.0,7673.0,67395.0
2012-04-09,7562.0,7633.0,7503.0,7576.0,79854.0
2012-04-10,7628.0,7683.0,7578.0,7612.0,74427.0
2012-04-11,7509.0,7649.0,7507.0,7642.0,80801.0
2012-04-12,7625.0,7649.0,7568.0,7637.0,73145.0
2012-04-13,7695.0,7765.0,7685.0,7756.0,72459.0
2012-04-16,7700.0,7734.0,7681.0,7712.0,42768.0
2012-04-17,7720.0,7739.0,7585.0,7594.0,73204.0
2012-04-18,7670.0,7690.0,7600.0,7619.0,31814.0
2012-04-19,7600.0,7626.0,7511.0,7615.0,83837.0
2012-04-20,7590.0,7599.0,7490.0,7513.0,84301.0
2012-04-23,7500.0,7510.0,7417.0,7477.0,81880.0
2012-04-24,7440.0,7533.0,7434.0,7490.0,94226.0
2012-04-25,7533.0,7572.0,7510.0,7541.0,67059.0
2012-04-26,7570.0,7584.0,7480.0,7494.0,83346.0
2012-04-27,7536.0,7560.0,7435.0,7446.0,90971.0
2012-04-30,7450.0,7469.0,7396.0,7466.0,63838.0
2012-05-02,7498.0,7683.0,7491.0,7679.0,79137.0
2012-05-03,7675.0,7675.0,7636.0,7659.0,44443.0
2012-05-04,7620.0,7684.0,7583.0,7665.0,69593.0
2012-05-07,7564.0,7578.0,7491.0,7501.0,70246.0
2012-05-08,7523.0,7544.0,7493.0,7522.0,49055.0
2012-05-09,7480.0,7490.0,7418.0,7461.0,70822.0
2012-05-10,7426.0,7516.0,7426.0,7484.0,68887.0
2012-05-11,7472.0,7472.0,7356.0,7362.0,74192.0
2012-05-14,7382.0,7398.0,7327.0,7370.0,54511.0
2012-05-15,7306.0,7406.0,7291.0,7385.0,61403.0
2012-05-16,7359.0,7387.0,7249.0,7254.0,40514.0
2012-05-17,7262.0,7333.0,7251.0,7316.0,73643.0
2012-05-18,7198.0,7230.0,7128.0,7132.0,92926.0
2012-05-21,7175.0,7208.0,7156.0,7187.0,62058.0
2012-05-22,7260.0,7262.0,7202.0,7237.0,59721.0
2012-05-23,7165.0,7171.0,7091.0,7134.0,70883.0
2012-05-24,7155.0,7177.0,7082.0,7130.0,76635.0
2012-05-25,7160.0,7160.0,7048.0,7055.0,80353.0
2012-05-28,7071.0,7132.0,7025.0,7116.0,64649.0
2012-05-29,7109.0,7336.0,7105.0,7294.0,85613.0
2012-05-30,7274.0,7274.0,7196.0,7234.0,77410.0
2012-05-31,7134.0,7255.0,7086.0,7215.0,92267.0
2012-06-01,7223.0,7223.0,7075.0,7097.0,106392.0
2012-06-04,6921.0,6934.0,6832.0,6867.0,90574.0
2012-06-05,6943.0,7005.0,6925.0,6970.0,85746.0
2012-06-06,6992.0,7055.0,6958.0,7015.0,92093.0
2012-06-07,7145.0,7145.0,7020.0,7047.0,78208.0
2012-06-08,7010.0,7040.0,6946.0,6953.0,82025.0
2012-06-11,7075.0,7136.0,7060.0,7094.0,73334.0
2012-06-12,6982.0,7037.0,6962.0,7019.0,66145.0
2012-06-13,7042.0,7070.0,7002.0,7047.0,66325.0
2012-06-14,7035.0,7108.0,7032.0,7065.0,69576.0
2012-06-15,7045.0,7162.0,7043.0,7159.0,71990.0
2012-06-18,7305.0,7323.0,7245.0,7263.0,51987.0
2012-06-19,7260.0,7270.0,7234.0,7264.0,39092.0
2012-06-20,7300.0,7319.0,7281.0,7312.0,26421.0
2012-06-21,7165.0,7166.0,7093.0,7115.0,59337.0
2012-06-22,7020.0,7048.0,6996.0,7035.0,54507.0
2012-06-25,6950.0,6978.0,6939.0,6946.0,47574.0
2012-06-26,6939.0,6960.0,6923.0,6938.0,38949.0
2012-06-27,6919.0,7005.0,6898.0,6988.0,61351.0
2012-06-28,7025.0,7037.0,6962.0,7002.0,62985.0
2012-06-29,6981.0,7128.0,6981.0,7118.0,82440.0
2012-07-02,7114.0,7151.0,7107.0,7135.0,41159.0
2012-07-03,7170.0,7280.0,7160.0,7230.0,65464.0
2012-07-04,7261.0,7326.0,7250.0,7290.0,59043.0
2012-07-05,7298.0,7320.0,7277.0,7297.0,42747.0
2012-07-06,7288.0,7318.0,7237.0,7273.0,61702.0
2012-07-09,7213.0,7272.0,7202.0,7237.0,51734.0
2012-07-10,7250.0,7269.0,7162.0,7181.0,74820.0
2012-07-11,7151.0,7204.0,7133.0,7186.0,55373.0
2012-07-12,7180.0,7189.0,7068.0,7078.0,72714.0
2012-07-13,7079.0,7107.0,7045.0,7072.0,57483.0
2012-07-16,7096.0,7110.0,7021.0,7055.0,51840.0
2012-07-17,7042.0,7136.0,7030.0,7110.0,60462.0
2012-07-18,7116.0,7116.0,7056.0,7059.0,26822.0
2012-07-19,6965.0,7032.0,6945.0,7025.0,72503.0
2012-07-20,7020.0,7039.0,6996.0,7013.0,48199.0
2012-07-23,6936.0,6936.0,6844.0,6871.0,60136.0
2012-07-24,6862.0,6888.0,6850.0,6875.0,48091.0
2012-07-25,6792.0,6912.0,6776.0,6843.0,71446.0
2012-07-26,6860.0,6905.0,6833.0,6877.0,63303.0
2012-07-27,6968.0,7032.0,6946.0,7032.0,63569.0
2012-07-30,7097.0,7102.0,7056.0,7078.0,47566.0
2012-07-31,7098.0,7178.0,7061.0,7157.0,71597.0
2012-08-01,7131.0,7211.0,7131.0,7194.0,56986.0
2012-08-03,7142.0,7165.0,7116.0,7139.0,49948.0
2012-08-06,7265.0,7314.0,7235.0,7236.0,53071.0
2012-08-07,7237.0,7263.0,7223.0,7236.0,38350.0
2012-08-08,7300.0,7336.0,7278.0,7298.0,59114.0
2012-08-09,7353.0,7451.0,7346.0,7442.0,70552.0
2012-08-10,7459.0,7465.0,7425.0,7446.0,37611.0
2012-08-13,7437.0,7475.0,7430.0,7454.0,36189.0
2012-08-14,7478.0,7545.0,7451.0,7498.0,54221.0
2012-08-15,7493.0,7497.0,7433.0,7469.0,24206.0
2012-08-16,7461.0,7520.0,7441.0,7493.0,61293.0
2012-08-17,7510.0,7511.0,7468.0,7476.0,43057.0
2012-08-20,7474.0,7475.0,7397.0,7440.0,54459.0
2012-08-21,7463.0,7552.0,7456.0,7515.0,73420.0
2012-08-22,7486.0,7508.0,7453.0,7491.0,49578.0
2012-08-23,7475.0,7533.0,7468.0,7514.0,57814.0
2012-08-24,7454.0,7490.0,7441.0,7489.0,41962.0
2012-08-27,7528.0,7551.0,7452.0,7456.0,55863.0
2012-08-28,7432.0,7442.0,7376.0,7398.0,55532.0
2012-08-29,7401.0,7413.0,7381.0,7404.0,30229.0
2012-08-30,7360.0,7394.0,7341.0,7365.0,50209.0
2012-08-31,7369.0,7419.0,7363.0,7381.0,44162.0
2012-09-03,7356.0,7465.0,7352.0,7442.0,56346.0
2012-09-04,7442.0,7469.0,7431.0,7448.0,30306.0
2012-09-05,7402.0,7410.0,7340.0,7344.0,52601.0
2012-09-06,7329.0,7368.0,7286.0,7332.0,54194.0
2012-09-07,7460.0,7480.0,7404.0,7418.0,53476.0
2012-09-10,7424.0,7468.0,7413.0,7456.0,40893.0
2012-09-11,7448.0,7490.0,7438.0,7465.0,34187.0
2012-09-12,7510.0,7587.0,7506.0,7587.0,51662.0
2012-09-13,7588.0,7609.0,7571.0,7576.0,35588.0
2012-09-14,7698.0,7758.0,7671.0,7739.0,50869.0
2012-09-17,7731.0,7767.0,7726.0,7751.0,29663.0
2012-09-18,7735.0,7769.0,7713.0,7749.0,33481.0
2012-09-19,7749.0,7794.0,7740.0,7768.0,22037.0
2012-09-20,7777.0,7786.0,7716.0,7748.0,50632.0
2012-09-21,7771.0,7782.0,7748.0,7762.0,38032.0
2012-09-24,7743.0,7811.0,7686.0,7778.0,61327.0
2012-09-25,7778.0,7810.0,7745.0,7755.0,45238.0
2012-09-26,7696.0,7725.0,7669.0,7701.0,47589.0
2012-09-27,7680.0,7730.0,7679.0,7730.0,41069.0
2012-09-28,7731.0,7748.0,7666.0,7717.0,53298.0
2012-10-01,7692.0,7706.0,7666.0,7684.0,32033.0
2012-10-02,7720.0,7748.0,7693.0,7729.0,40567.0
2012-10-03,7738.0,7741.0,7688.0,7704.0,37604.0
2012-10-04,7710.0,7715.0,7633.0,7708.0,62462.0
2012-10-05,7716.0,7733.0,7681.0,7702.0,48714.0
2012-10-08,7680.0,7692.0,7613.0,7626.0,51795.0
2012-10-09,7628.0,7646.0,7595.0,7595.0,48434.0
2012-10-11,7503.0,7508.0,7442.0,7443.0,50808.0
2012-10-12,7436.0,7462.0,7384.0,7412.0,51318.0
2012-10-15,7391.0,7434.0,7386.0,7426.0,37277.0
2012-10-16,7462.0,7463.0,7435.0,7456.0,27645.0
2012-10-17,7501.0,7525.0,7452.0,7460.0,24674.0
2012-10-18,7463.0,7478.0,7442.0,7453.0,36761.0
2012-10-19,7465.0,7468.0,7385.0,7385.0,48157.0
2012-10-22,7290.0,7360.0,7287.0,7348.0,44579.0
2012-10-23,7342.0,7350.0,7294.0,7298.0,42670.0
2012-10-24,7235.0,7346.0,7225.0,7304.0,62799.0
2012-10-25,7305.0,7320.0,7251.0,7258.0,48122.0
2012-10-26,7234.0,7287.0,7090.0,7093.0,78569.0
2012-10-29,7112.0,7154.0,7092.0,7122.0,52241.0
2012-10-30,7165.0,7220.0,7142.0,7162.0,63453.0
2012-10-31,7195.0,7212.0,7125.0,7140.0,57572.0
2012-11-01,7091.0,7192.0,7030.0,7174.0,84450.0
2012-11-02,7219.0,7226.0,7182.0,7200.0,49391.0
2012-11-05,7195.0,7221.0,7146.0,7181.0,54561.0
2012-11-06,7183.0,7259.0,7163.0,7259.0,50426.0
2012-11-07,7235.0,7292.0,7193.0,7257.0,84601.0
2012-11-08,7173.0,7219.0,7160.0,7200.0,52109.0
2012-11-09,7146.0,7300.0,7127.0,7285.0,74768.0
2012-11-12,7270.0,7305.0,7238.0,7244.0,46170.0
2012-11-13,7233.0,7238.0,7092.0,7093.0,68770.0
2012-11-14,7086.0,7149.0,7076.0,7127.0,52489.0
2012-11-15,7096.0,7155.0,7035.0,7122.0,65380.0
2012-11-16,7121.0,7179.0,7082.0,7109.0,64366.0
2012-11-19,7137.0,7168.0,7120.0,7125.0,41081.0
2012-11-20,7173.0,7179.0,7131.0,7158.0,35950.0
2012-11-21,7174.0,7176.0,7051.0,7082.0,29820.0
2012-11-22,7090.0,7115.0,7080.0,7090.0,45229.0
2012-11-23,7119.0,7328.0,7118.0,7321.0,77470.0
2012-11-26,7370.0,7410.0,7357.0,7389.0,41124.0
2012-11-27,7407.0,7435.0,7380.0,7425.0,47945.0
2012-11-28,7419.0,7440.0,7390.0,7428.0,38965.0
2012-11-29,7473.0,7538.0,7465.0,7527.0,60810.0
2012-11-30,7532.0,7604.0,7523.0,7593.0,57397.0
2012-12-03,7605.0,7647.0,7561.0,7600.0,52806.0
2012-12-04,7570.0,7604.0,7548.0,7596.0,46372.0
2012-12-05,7583.0,7678.0,7575.0,7653.0,56758.0
2012-12-06,7665.0,7672.0,7622.0,7636.0,45160.0
2012-12-07,7657.0,7692.0,7642.0,7660.0,46460.0
2012-12-10,7681.0,7684.0,7601.0,7622.0,48660.0
2012-12-11,7636.0,7645.0,7580.0,7638.0,49801.0
2012-12-12,7666.0,7724.0,7652.0,7695.0,52290.0
2012-12-13,7718.0,7777.0,7709.0,7772.0,49678.0
2012-12-14,7743.0,7747.0,7701.0,7705.0,47596.0
2012-12-17,7690.0,7707.0,7616.0,7649.0,54764.0
2012-12-18,7659.0,7666.0,7621.0,7654.0,33697.0
2012-12-19,7696.0,7709.0,7655.0,7660.0,22792.0
2012-12-20,7635.0,7637.0,7556.0,7560.0,52252.0
2012-12-21,7559.0,7578.0,7471.0,7494.0,68459.0
2012-12-22,7526.0,7557.0,7520.0,7529.0,21611.0
2012-12-24,7517.0,7565.0,7490.0,7521.0,34747.0
2012-12-25,7550.0,7688.0,7538.0,7673.0,54637.0
2012-12-26,7650.0,7685.0,7623.0,7635.0,41586.0
2012-12-27,7603.0,7667.0,7583.0,7628.0,54521.0
2012-12-28,7651.0,7709.0,7645.0,7679.0,44647.0
2013-01-02,7725.0,7804.0,7701.0,7775.0,52557.0
2013-01-03,7813.0,7835.0,7803.0,7825.0,34060.0
2013-01-04,7803.0,7809.0,7751.0,7775.0,40919.0
2013-01-07,7748.0,7775.0,7701.0,7742.0,47655.0
2013-01-08,7725.0,7747.0,7672.0,7710.0,55246.0
2013-01-09,7682.0,7773.0,7682.0,7741.0,53430.0
2013-01-10,7765.0,7847.0,7761.0,7836.0,68597.0
2013-01-11,7860.0,7867.0,7796.0,7800.0,47966.0
2013-01-14,7762.0,7828.0,7705.0,7824.0,55545.0
2013-01-15,7810.0,7813.0,7728.0,7741.0,47753.0
2013-01-16,7732.0,7768.0,7698.0,7717.0,28524.0
2013-01-17,7705.0,7767.0,7582.0,7614.0,91345.0
2013-01-18,7672.0,7723.0,7666.0,7712.0,55038.0
2013-01-21,7680.0,7743.0,7645.0,7704.0,62102.0
2013-01-22,7726.0,7765.0,7672.0,7751.0,67644.0
2013-01-23,7776.0,7788.0,7715.0,7721.0,50387.0
2013-01-24,7685.0,7728.0,7625.0,7679.0,78002.0
2013-01-25,7670.0,7688.0,7612.0,7648.0,63192.0
2013-01-28,7635.0,7735.0,7621.0,7728.0,59992.0
2013-01-29,7755.0,7822.0,7736.0,7815.0,61113.0
2013-01-30,7850.0,7859.0,7792.0,7795.0,53924.0
2013-01-31,7803.0,7850.0,7777.0,7848.0,52258.0
2013-02-01,7850.0,7900.0,7825.0,7860.0,53228.0
2013-02-04,7878.0,7952.0,7871.0,7940.0,49503.0
2013-02-05,7893.0,7912.0,7869.0,7902.0,40025.0
2013-02-06,7920.0,7952.0,7891.0,7900.0,38335.0
2013-02-18,7965.0,7978.0,7913.0,7937.0,35976.0
2013-02-19,7959.0,7970.0,7941.0,7958.0,24084.0
2013-02-20,7994.0,8027.0,7983.0,8022.0,22737.0
2013-02-21,7995.0,7997.0,7948.0,7949.0,40411.0
2013-02-22,7937.0,7975.0,7902.0,7953.0,54443.0
2013-02-23,7974.0,7995.0,7971.0,7992.0,19842.0
2013-02-25,7985.0,7990.0,7935.0,7943.0,43648.0
2013-02-26,7890.0,7920.0,7861.0,7885.0,47132.0
2013-02-27,7907.0,7908.0,7860.0,7879.0,33797.0
2013-03-01,7937.0,7950.0,7921.0,7935.0,26406.0
2013-03-04,7941.0,7941.0,7827.0,7843.0,55121.0
2013-03-05,7869.0,7930.0,7862.0,7913.0,44282.0
2013-03-06,7980.0,7998.0,7935.0,7945.0,46277.0
2013-03-07,7930.0,7982.0,7921.0,7938.0,41773.0
2013-03-08,7968.0,8032.0,7963.0,8010.0,46613.0
2013-03-11,8008.0,8068.0,7993.0,8042.0,43304.0
2013-03-12,8048.0,8058.0,7983.0,8000.0,46447.0
2013-03-13,7998.0,8035.0,7951.0,7991.0,61813.0
2013-03-14,7988.0,7995.0,7941.0,7952.0,47968.0
2013-03-15,7974.0,7986.0,7906.0,7908.0,60229.0
2013-03-18,7865.0,7870.0,7789.0,7789.0,46423.0
2013-03-19,7830.0,7852.0,7816.0,7831.0,31349.0
2013-03-20,7784.0,7842.0,7773.0,7795.0,26161.0
2013-03-21,7800.0,7817.0,7782.0,7798.0,40233.0
2013-03-22,7775.0,7814.0,7765.0,7775.0,38102.0
2013-03-25,7838.0,7865.0,7826.0,7851.0,35137.0
2013-03-26,7845.0,7848.0,7822.0,7835.0,29419.0
2013-03-27,7841.0,7875.0,7827.0,7861.0,40356.0
2013-03-28,7860.0,7875.0,7820.0,7842.0,37260.0
2013-03-29,7873.0,7935.0,7872.0,7926.0,40812.0
2013-04-01,7933.0,7943.0,7908.0,7920.0,26945.0
2013-04-02,7903.0,7927.0,7875.0,7903.0,44905.0
2013-04-03,7940.0,7953.0,7910.0,7938.0,36813.0
2013-04-08,7876.0,7876.0,7733.0,7737.0,70389.0
2013-04-09,7730.0,7750.0,7697.0,7708.0,44726.0
2013-04-10,7738.0,7744.0,7712.0,7725.0,30169.0
2013-04-11,7776.0,7825.0,7759.0,7816.0,44753.0
2013-04-12,7833.0,7833.0,7783.0,7785.0,31930.0
2013-04-15,7762.0,7816.0,7730.0,7764.0,50842.0
2013-04-16,7702.0,7786.0,7693.0,7780.0,47749.0
2013-04-17,7789.0,7809.0,7772.0,7808.0,25957.0
2013-04-18,7715.0,7774.0,7700.0,7750.0,58926.0
2013-04-19,7778.0,7945.0,7776.0,7945.0,76430.0
2013-04-22,7964.0,7976.0,7938.0,7956.0,33218.0
2013-04-23,7942.0,7950.0,7896.0,7928.0,42837.0
2013-04-24,7970.0,8015.0,7948.0,7992.0,59656.0
2013-04-25,7977.0,8009.0,7970.0,8005.0,40328.0
2013-04-26,8009.0,8066.0,7995.0,7996.0,54178.0
2013-04-29,8003.0,8042.0,8000.0,8022.0,36810.0
2013-04-30,8067.0,8123.0,8062.0,8098.0,41343.0
2013-05-02,8080.0,8127.0,8080.0,8121.0,35327.0
2013-05-03,8150.0,8175.0,8119.0,8142.0,42158.0
2013-05-06,8198.0,8209.0,8154.0,8168.0,35226.0
2013-05-07,8169.0,8187.0,8150.0,8176.0,31140.0
2013-05-08,8190.0,8302.0,8187.0,8268.0,60692.0
2013-05-09,8303.0,8330.0,8290.0,8312.0,40162.0
2013-05-10,8292.0,8312.0,8280.0,8310.0,30942.0
2013-05-13,8315.0,8316.0,8229.0,8260.0,43705.0
2013-05-14,8282.0,8307.0,8244.0,8273.0,37776.0
2013-05-15,8310.0,8311.0,8260.0,8303.0,24580.0
2013-05-16,8330.0,8440.0,8323.0,8425.0,69325.0
2013-05-17,8400.0,8422.0,8386.0,8401.0,31513.0
2013-05-20,8405.0,8405.0,8340.0,8387.0,41050.0
2013-05-21,8381.0,8442.0,8357.0,8390.0,51982.0
2013-05-22,8429.0,8449.0,8392.0,8394.0,43090.0
2013-05-23,8350.0,8355.0,8210.0,8210.0,77120.0
2013-05-24,8233.0,8248.0,8146.0,8222.0,58838.0
2013-05-27,8190.0,8268.0,8183.0,8256.0,45960.0
2013-05-28,8276.0,8283.0,8245.0,8256.0,37314.0
2013-05-29,8258.0,8345.0,8246.0,8314.0,57214.0
2013-05-30,8291.0,8302.0,8203.0,8233.0,70376.0
2013-05-31,8264.0,8342.0,8225.0,8244.0,73912.0
2013-06-03,8146.0,8206.0,8086.0,8193.0,58994.0
2013-06-04,8230.0,8230.0,8150.0,8162.0,50878.0
2013-06-05,8130.0,8195.0,8124.0,8146.0,48713.0
2013-06-06,8098.0,8130.0,8061.0,8105.0,63005.0
2013-06-07,8089.0,8110.0,8050.0,8086.0,53422.0
2013-06-10,8140.0,8186.0,8128.0,8148.0,46837.0
2013-06-11,8135.0,8156.0,8108.0,8128.0,42176.0
2013-06-13,8050.0,8055.0,7930.0,7930.0,63526.0
2013-06-14,7978.0,7984.0,7905.0,7919.0,47964.0
2013-06-17,7921.0,7982.0,7918.0,7972.0,37430.0
2013-06-18,7972.0,8012.0,7936.0,7995.0,45120.0
2013-06-19,8013.0,8038.0,7988.0,8021.0,26352.0
2013-06-20,7793.0,7819.0,7738.0,7748.0,63158.0
2013-06-21,7610.0,7680.0,7588.0,7659.0,66779.0
2013-06-24,7625.0,7663.0,7602.0,7628.0,52740.0
2013-06-25,7611.0,7684.0,7580.0,7607.0,93634.0
2013-06-26,7668.0,7689.0,7609.0,7638.0,69164.0
2013-06-27,7719.0,7747.0,7701.0,7715.0,53559.0
2013-06-28,7760.0,7860.0,7729.0,7825.0,67359.0
2013-07-01,7818.0,7915.0,7811.0,7902.0,53482.0
2013-07-02,7902.0,7920.0,7880.0,7906.0,40589.0
2013-07-03,7880.0,7895.0,7806.0,7812.0,58412.0
2013-07-04,7838.0,7864.0,7801.0,7842.0,55874.0
2013-07-05,7888.0,7979.0,7871.0,7963.0,59227.0
2013-07-08,7961.0,7965.0,7820.0,7828.0,65096.0
2013-07-09,7832.0,7930.0,7824.0,7922.0,66511.0
2013-07-10,7943.0,8017.0,7921.0,7960.0,70630.0
2013-07-11,8055.0,8167.0,8054.0,8164.0,61260.0
2013-07-12,8168.0,8185.0,8138.0,8181.0,37518.0
2013-07-15,8145.0,8238.0,8133.0,8217.0,54259.0
2013-07-16,8216.0,8233.0,8193.0,8230.0,32080.0
2013-07-17,8205.0,8258.0,8202.0,8241.0,25800.0
2013-07-18,8154.0,8169.0,8088.0,8099.0,61537.0
2013-07-19,8077.0,8078.0,7953.0,7955.0,76976.0
2013-07-22,7967.0,8054.0,7967.0,8021.0,52112.0
2013-07-23,8066.0,8156.0,8062.0,8133.0,65974.0
2013-07-24,8139.0,8147.0,8100.0,8125.0,45243.0
2013-07-25,8100.0,8158.0,8057.0,8109.0,62960.0
2013-07-26,8107.0,8183.0,8088.0,8099.0,63936.0
2013-07-29,8074.0,8109.0,8018.0,8035.0,61204.0
2013-07-30,8058.0,8145.0,8053.0,8129.0,58023.0
2013-07-31,8128.0,8133.0,8046.0,8050.0,53385.0
2013-08-01,8044.0,8080.0,8000.0,8046.0,61784.0
2013-08-02,8098.0,8146.0,8047.0,8062.0,70355.0
2013-08-05,8066.0,8108.0,8022.0,8100.0,55852.0
2013-08-06,8069.0,8075.0,7972.0,7990.0,67592.0
2013-08-07,7932.0,7940.0,7845.0,7845.0,56920.0
2013-08-08,7865.0,7893.0,7844.0,7845.0,44457.0
2013-08-09,7850.0,7883.0,7801.0,7826.0,69300.0
2013-08-12,7850.0,7882.0,7820.0,7860.0,46449.0
2013-08-13,7894.0,7959.0,7890.0,7954.0,51827.0
2013-08-14,7960.0,7961.0,7888.0,7927.0,49279.0
2013-08-15,7852.0,7878.0,7805.0,7858.0,51405.0
2013-08-16,7803.0,7943.0,7800.0,7916.0,75719.0
2013-08-19,7888.0,7903.0,7854.0,7888.0,38944.0
2013-08-20,7852.0,7920.0,7801.0,7805.0,60117.0
2013-08-22,7691.0,7823.0,7690.0,7813.0,29347.0
2013-08-23,7758.0,7816.0,7751.0,7787.0,56108.0
2013-08-26,7816.0,7844.0,7786.0,7825.0,48051.0
2013-08-27,7804.0,7818.0,7747.0,7757.0,52232.0
2013-08-28,7700.0,7780.0,7678.0,7780.0,65750.0
2013-08-29,7810.0,7900.0,7788.0,7896.0,61436.0
2013-08-30,7895.0,7983.0,7880.0,7970.0,57405.0
2013-09-02,7968.0,8025.0,7955.0,8018.0,51699.0
2013-09-03,8045.0,8079.0,8025.0,8054.0,46946.0
2013-09-04,8017.0,8074.0,8005.0,8073.0,48874.0
2013-09-05,8092.0,8142.0,8070.0,8130.0,57511.0
2013-09-06,8122.0,8154.0,8120.0,8141.0,35664.0
2013-09-09,8158.0,8183.0,8095.0,8159.0,58034.0
2013-09-10,8192.0,8220.0,8135.0,8170.0,56118.0
2013-09-11,8185.0,8200.0,8131.0,8189.0,60704.0
2013-09-12,8181.0,8217.0,8164.0,8194.0,51493.0
2013-09-13,8189.0,8215.0,8146.0,8147.0,43089.0
2013-09-14,8157.0,8178.0,8147.0,8163.0,19470.0
2013-09-16,8211.0,8259.0,8197.0,8249.0,36717.0
2013-09-17,8222.0,8242.0,8209.0,8241.0,24386.0
2013-09-18,8250.0,8269.0,8223.0,8238.0,21237.0
2013-09-23,8183.0,8269.0,8180.0,8259.0,44338.0
2013-09-24,8250.0,8274.0,8221.0,8270.0,44397.0
2013-09-25,8245.0,8258.0,8222.0,8233.0,40615.0
2013-09-26,8214.0,8242.0,8156.0,8181.0,51625.0
2013-09-27,8191.0,8207.0,8175.0,8182.0,31275.0
2013-09-30,8127.0,8156.0,8084.0,8121.0,53954.0
2013-10-01,8151.0,8175.0,8137.0,8149.0,39021.0
2013-10-02,8180.0,8192.0,8157.0,8159.0,33428.0
2013-10-03,8175.0,8384.0,8169.0,8379.0,71941.0
2013-10-04,8362.0,8393.0,8346.0,8367.0,38467.0
2013-10-07,8360.0,8370.0,8296.0,8325.0,38842.0
2013-10-08,8297.0,8383.0,8290.0,8376.0,47090.0
2013-10-09,8333.0,8378.0,8319.0,8339.0,42438.0
2013-10-11,8448.0,8450.0,8355.0,8359.0,50344.0
2013-10-14,8348.0,8349.0,8272.0,8295.0,47341.0
2013-10-15,8350.0,8385.0,8338.0,8357.0,37694.0
2013-10-16,8371.0,8378.0,8340.0,8346.0,19382.0
2013-10-17,8388.0,8421.0,8355.0,8365.0,45474.0
2013-10-18,8378.0,8429.0,8372.0,8417.0,41010.0
2013-10-21,8440.0,8444.0,8393.0,8402.0,33887.0
2013-10-22,8383.0,8423.0,8352.0,8417.0,44979.0
2013-10-23,8435.0,8442.0,8340.0,8359.0,55020.0
2013-10-24,8339.0,8400.0,8326.0,8394.0,47245.0
2013-10-25,8360.0,8367.0,8291.0,8321.0,57867.0
2013-10-28,8320.0,8443.0,8320.0,8390.0,44495.0
2013-10-29,8372.0,8435.0,8360.0,8409.0,55668.0
2013-10-30,8430.0,8459.0,8405.0,8440.0,42688.0
2013-10-31,8420.0,8465.0,8408.0,8427.0,45557.0
2013-11-01,8455.0,8476.0,8372.0,8391.0,61854.0
2013-11-04,8361.0,8369.0,8313.0,8339.0,49178.0
2013-11-05,8320.0,8354.0,8255.0,8267.0,60720.0
2013-11-06,8280.0,8288.0,8231.0,8271.0,49613.0
2013-11-07,8273.0,8280.0,8224.0,8258.0,46663.0
2013-11-08,8222.0,8269.0,8211.0,8223.0,45596.0
2013-11-11,8236.0,8237.0,8179.0,8194.0,41926.0
2013-11-12,8215.0,8247.0,8172.0,8217.0,48292.0
2013-11-13,8195.0,8198.0,8102.0,8107.0,50983.0
2013-11-14,8137.0,8156.0,8085.0,8125.0,48968.0
2013-11-15,8175.0,8215.0,8148.0,8161.0,50387.0
2013-11-18,8191.0,8222.0,8178.0,8188.0,38222.0
2013-11-19,8230.0,8256.0,8209.0,8249.0,36339.0
2013-11-20,8237.0,8259.0,8216.0,8220.0,20095.0
2013-11-21,8168.0,8170.0,8050.0,8077.0,55134.0
2013-11-22,8080.0,8110.0,8077.0,8087.0,34107.0
2013-11-25,8140.0,8218.0,8138.0,8196.0,45976.0
2013-11-26,8168.0,8277.0,8153.0,8247.0,58619.0
2013-11-27,8245.0,8300.0,8233.0,8298.0,42709.0
2013-11-28,8349.0,8392.0,8337.0,8380.0,45866.0
2013-11-29,8376.0,8429.0,8372.0,8428.0,38010.0
2013-12-02,8437.0,8448.0,8391.0,8413.0,41533.0
2013-12-03,8391.0,8424.0,8378.0,8408.0,37440.0
2013-12-04,8380.0,8449.0,8370.0,8437.0,51315.0
2013-12-05,8422.0,8443.0,8350.0,8378.0,59258.0
2013-12-06,8361.0,8409.0,8354.0,8386.0,47443.0
2013-12-09,8459.0,8495.0,8445.0,8456.0,44329.0
2013-12-10,8430.0,8458.0,8422.0,8455.0,30809.0
2013-12-11,8452.0,8510.0,8422.0,8430.0,59576.0
2013-12-12,8388.0,8406.0,8350.0,8392.0,48520.0
2013-12-13,8360.0,8405.0,8352.0,8397.0,42684.0
2013-12-16,8371.0,8385.0,8325.0,8334.0,43182.0
2013-12-17,8381.0,8386.0,8358.0,8362.0,24343.0
2013-12-18,8370.0,8376.0,8338.0,8339.0,17907.0
2013-12-19,8399.0,8431.0,8371.0,8392.0,51615.0
2013-12-20,8392.0,8428.0,8382.0,8417.0,40289.0
2013-12-23,8452.0,8495.0,8445.0,8477.0,33317.0
2013-12-24,8487.0,8488.0,8462.0,8482.0,20924.0
2013-12-25,8496.0,8505.0,8487.0,8501.0,17669.0
2013-12-26,8509.0,8515.0,8483.0,8501.0,18298.0
2013-12-27,8494.0,8549.0,8490.0,8545.0,34478.0
2013-12-30,8556.0,8637.0,8546.0,8624.0,40642.0
2013-12-31,8648.0,8664.0,8622.0,8633.0,30482.0
2014-01-02,8646.0,8648.0,8585.0,8616.0,39053.0
2014-01-03,8596.0,8598.0,8531.0,8543.0,48002.0
2014-01-06,8530.0,8562.0,8504.0,8528.0,43152.0
2014-01-07,8515.0,8575.0,8515.0,8552.0,40369.0
2014-01-08,8561.0,8599.0,8551.0,8586.0,38316.0
2014-01-09,8562.0,8573.0,8514.0,8527.0,54781.0
2014-01-10,8521.0,8549.0,8516.0,8541.0,34016.0
2014-01-13,8580.0,8629.0,8566.0,8570.0,43003.0
2014-01-14,8531.0,8559.0,8514.0,8547.0,33449.0
2014-01-15,8571.0,8612.0,8563.0,8611.0,25229.0
2014-01-16,8652.0,8662.0,8610.0,8616.0,38826.0
2014-01-17,8612.0,8625.0,8577.0,8606.0,51913.0
2014-01-20,8583.0,8634.0,8571.0,8622.0,40905.0
2014-01-21,8637.0,8648.0,8610.0,8623.0,37594.0
2014-01-22,8600.0,8636.0,8585.0,8635.0,35974.0
2014-01-23,8648.0,8650.0,8587.0,8595.0,47078.0
2014-01-24,8567.0,8628.0,8552.0,8618.0,45835.0
2014-01-27,8550.0,8550.0,8445.0,8449.0,64389.0
2014-02-05,8302.0,8331.0,8196.0,8242.0,65652.0
2014-02-06,8262.0,8292.0,8247.0,8276.0,42741.0
2014-02-07,8330.0,8373.0,8315.0,8339.0,49719.0
2014-02-10,8375.0,8403.0,8353.0,8355.0,40975.0
2014-02-11,8356.0,8415.0,8346.0,8415.0,39048.0
2014-02-12,8450.0,8496.0,8438.0,8483.0,45622.0
2014-02-13,8485.0,8494.0,8443.0,8444.0,33911.0
2014-02-14,8495.0,8567.0,8488.0,8507.0,49482.0
2014-02-17,8548.0,8557.0,8515.0,8528.0,30847.0
2014-02-18,8522.0,8564.0,8506.0,8563.0,30233.0
2014-02-19,8550.0,8569.0,8536.0,8556.0,16724.0
2014-02-20,8525.0,8548.0,8483.0,8483.0,59114.0
2014-02-21,8550.0,8598.0,8548.0,8588.0,38807.0
2014-02-24,8591.0,8605.0,8534.0,8550.0,41657.0
2014-02-25,8596.0,8609.0,8565.0,8572.0,33518.0
2014-02-26,8563.0,8627.0,8553.0,8608.0,44237.0
2014-02-27,8606.0,8632.0,8602.0,8626.0,33263.0
2014-03-03,8567.0,8580.0,8510.0,8566.0,56764.0
2014-03-04,8552.0,8582.0,8539.0,8555.0,37087.0
2014-03-05,8638.0,8647.0,8610.0,8620.0,32188.0
2014-03-06,8623.0,8708.0,8619.0,8695.0,47315.0
2014-03-07,8730.0,8772.0,8677.0,8705.0,56622.0
2014-03-10,8676.0,8694.0,8654.0,8676.0,37404.0
2014-03-11,8682.0,8723.0,8678.0,8715.0,38455.0
2014-03-12,8680.0,8680.0,8645.0,8659.0,39592.0
2014-03-13,8689.0,8756.0,8688.0,8743.0,46082.0
2014-03-14,8683.0,8701.0,8670.0,8694.0,30743.0
2014-03-17,8698.0,8715.0,8655.0,8700.0,35751.0
2014-03-18,8750.0,8752.0,8713.0,8728.0,28412.0
2014-03-19,8741.0,8742.0,8685.0,8697.0,22342.0
2014-03-20,8628.0,8638.0,8561.0,8567.0,53428.0
2014-03-21,8586.0,8598.0,8558.0,8575.0,41428.0
2014-03-24,8573.0,8605.0,8523.0,8602.0,59688.0
2014-03-25,8590.0,8660.0,8576.0,8659.0,52496.0
2014-03-26,8707.0,8722.0,8682.0,8712.0,43794.0
2014-03-27,8702.0,8756.0,8695.0,8755.0,48457.0
2014-03-28,8759.0,8775.0,8729.0,8736.0,42723.0
2014-03-31,8772.0,8794.0,8734.0,8790.0,40632.0
2014-04-01,8787.0,8833.0,8772.0,8829.0,40485.0
2014-04-02,8843.0,8888.0,8841.0,8854.0,35745.0
2014-04-03,8864.0,8878.0,8845.0,8868.0,29916.0
2014-04-07,8820.0,8860.0,8803.0,8859.0,32252.0
2014-04-08,8846.0,8887.0,8836.0,8880.0,37778.0
2014-04-09,8889.0,8903.0,8878.0,8896.0,23261.0
2014-04-10,8925.0,8938.0,8865.0,8908.0,42901.0
2014-04-11,8850.0,8892.0,8840.0,8870.0,44092.0
2014-04-14,8860.0,8885.0,8853.0,8858.0,23973.0
2014-04-15,8869.0,8902.0,8860.0,8897.0,26177.0
2014-04-16,8910.0,8957.0,8886.0,8956.0,21541.0
2014-04-17,8887.0,8910.0,8872.0,8894.0,39775.0
2014-04-18,8952.0,8971.0,8916.0,8918.0,33209.0
2014-04-21,8920.0,8926.0,8903.0,8923.0,19048.0
2014-04-22,8922.0,8962.0,8916.0,8951.0,30145.0
2014-04-23,8971.0,8980.0,8910.0,8922.0,39855.0
2014-04-24,8925.0,8942.0,8915.0,8936.0,29047.0
2014-04-25,8921.0,8928.0,8743.0,8750.0,85355.0
2014-04-28,8695.0,8835.0,8690.0,8819.0,68366.0
2014-04-29,8828.0,8855.0,8808.0,8839.0,45432.0
2014-04-30,8857.0,8858.0,8750.0,8755.0,64925.0
2014-05-02,8758.0,8845.0,8758.0,8840.0,45268.0
2014-05-05,8861.0,8888.0,8802.0,8829.0,48657.0
2014-05-06,8835.0,8889.0,8812.0,8885.0,55076.0
2014-05-07,8846.0,8861.0,8810.0,8839.0,53878.0
2014-05-08,8859.0,8887.0,8836.0,8881.0,49682.0
2014-05-09,8886.0,8890.0,8833.0,8841.0,44781.0
2014-05-12,8854.0,8854.0,8790.0,8823.0,47170.0
2014-05-13,8855.0,8875.0,8821.0,8829.0,47700.0
2014-05-14,8851.0,8886.0,8830.0,8885.0,46471.0
2014-05-15,8868.0,8887.0,8857.0,8877.0,31743.0
2014-05-16,8841.0,8883.0,8816.0,8879.0,43222.0
2014-05-19,8878.0,8901.0,8870.0,8888.0,28287.0
2014-05-20,8901.0,8926.0,8890.0,8896.0,29797.0
2014-05-21,8896.0,8909.0,8850.0,8860.0,21162.0
2014-05-22,8873.0,8959.0,8865.0,8958.0,53789.0
2014-05-23,8973.0,9014.0,8966.0,9014.0,38911.0
2014-05-26,9022.0,9049.0,9009.0,9041.0,26623.0
2014-05-27,9044.0,9059.0,9024.0,9057.0,26161.0
2014-05-28,9062.0,9144.0,9055.0,9135.0,43490.0
2014-05-29,9134.0,9149.0,9111.0,9115.0,33621.0
2014-05-30,9118.0,9130.0,9086.0,9092.0,36255.0
2014-06-03,9112.0,9133.0,9061.0,9107.0,41665.0
2014-06-04,9118.0,9124.0,9097.0,9104.0,26336.0
2014-06-05,9115.0,9119.0,9074.0,9118.0,33306.0
2014-06-06,9139.0,9158.0,9120.0,9126.0,31522.0
2014-06-09,9142.0,9155.0,9129.0,9146.0,22145.0
2014-06-10,9158.0,9202.0,9155.0,9185.0,33207.0
2014-06-11,9193.0,9212.0,9182.0,9210.0,18260.0
2014-06-12,9194.0,9215.0,9181.0,9203.0,22170.0
2014-06-13,9172.0,9198.0,9156.0,9198.0,32012.0
2014-06-16,9182.0,9214.0,9177.0,9202.0,18681.0
2014-06-17,9207.0,9248.0,9203.0,9243.0,23856.0
2014-06-18,9241.0,9308.0,9208.0,9302.0,25006.0
2014-06-19,9189.0,9238.0,9181.0,9227.0,37442.0
2014-06-20,9228.0,9230.0,9178.0,9179.0,39478.0
2014-06-23,9178.0,9206.0,9150.0,9167.0,42067.0
2014-06-24,9175.0,9199.0,9165.0,9174.0,33903.0
2014-06-25,9147.0,9170.0,9137.0,9155.0,31204.0
2014-06-26,9178.0,9236.0,9176.0,9232.0,37262.0
2014-06-27,9232.0,9243.0,9205.0,9206.0,28483.0
2014-06-30,9219.0,9307.0,9218.0,9291.0,37540.0
2014-07-01,9299.0,9401.0,9289.0,9382.0,43061.0
2014-07-02,9406.0,9488.0,9310.0,9401.0,76314.0
2014-07-03,9395.0,9463.0,9367.0,9456.0,53131.0
2014-07-04,9488.0,9494.0,9411.0,9456.0,53439.0
2014-07-07,9438.0,9452.0,9398.0,9450.0,43497.0
2014-07-08,9449.0,9492.0,9440.0,9477.0,40389.0
2014-07-09,9451.0,9477.0,9436.0,9464.0,37369.0
2014-07-10,9468.0,9555.0,9463.0,9554.0,47355.0
2014-07-11,9538.0,9566.0,9451.0,9488.0,70090.0
2014-07-14,9480.0,9529.0,9477.0,9525.0,34818.0
2014-07-15,9575.0,9581.0,9535.0,9561.0,35364.0
2014-07-16,9546.0,9564.0,9475.0,9484.0,30056.0
2014-07-17,9393.0,9402.0,9325.0,9356.0,60232.0
2014-07-18,9284.0,9372.0,9281.0,9340.0,58352.0
2014-07-21,9377.0,9407.0,9356.0,9365.0,42105.0
2014-07-22,9385.0,9435.0,9351.0,9433.0,48026.0
2014-07-24,9460.0,9470.0,9431.0,9467.0,38959.0
2014-07-25,9462.0,9465.0,9358.0,9389.0,61207.0
2014-07-28,9368.0,9424.0,9343.0,9388.0,58365.0
2014-07-29,9425.0,9446.0,9344.0,9358.0,63641.0
2014-07-30,9365.0,9428.0,9364.0,9416.0,53531.0
2014-07-31,9433.0,9438.0,9258.0,9292.0,59379.0
2014-08-01,9230.0,9264.0,9209.0,9252.0,46677.0
2014-08-04,9260.0,9297.0,9233.0,9284.0,38747.0
2014-08-05,9255.0,9256.0,9083.0,9097.0,71625.0
2014-08-06,9081.0,9129.0,9060.0,9098.0,57048.0
2014-08-07,9111.0,9134.0,9066.0,9093.0,46296.0
2014-08-08,9052.0,9092.0,8991.0,9091.0,64206.0
2014-08-11,9132.0,9162.0,9111.0,9141.0,40585.0
2014-08-12,9149.0,9158.0,9103.0,9121.0,42579.0
2014-08-13,9131.0,9203.0,9120.0,9200.0,45417.0
2014-08-14,9230.0,9253.0,9203.0,9220.0,39827.0
2014-08-15,9210.0,9218.0,9155.0,9202.0,43218.0
2014-08-18,9212.0,9224.0,9126.0,9139.0,44611.0
2014-08-19,9162.0,9249.0,9161.0,9239.0,36216.0
2014-08-20,9260.0,9285.0,9245.0,9275.0,25815.0
2014-08-21,9265.0,9266.0,9200.0,9230.0,56436.0
2014-08-22,9248.0,9387.0,9247.0,9380.0,60128.0
2014-08-25,9389.0,9399.0,9366.0,9393.0,32188.0
2014-08-26,9388.0,9408.0,9375.0,9389.0,29646.0
2014-08-27,9417.0,9498.0,9417.0,9477.0,46347.0
2014-08-28,9493.0,9500.0,9470.0,9479.0,32678.0
2014-08-29,9456.0,9485.0,9433.0,9474.0,42391.0
2014-09-01,9473.0,9550.0,9470.0,9527.0,34884.0
2014-09-02,9517.0,9518.0,9388.0,9408.0,63725.0
2014-09-03,9420.0,9481.0,9399.0,9450.0,52284.0
2014-09-04,9447.0,9450.0,9381.0,9425.0,52807.0
2014-09-05,9444.0,9462.0,9371.0,9405.0,57566.0
2014-09-09,9423.0,9550.0,9420.0,9428.0,44033.0
2014-09-10,9382.0,9402.0,9311.0,9347.0,57284.0
2014-09-11,9375.0,9385.0,9300.0,9302.0,41836.0
2014-09-12,9326.0,9329.0,9229.0,9246.0,60031.0
2014-09-15,9204.0,9243.0,9172.0,9220.0,48274.0
2014-09-16,9219.0,9233.0,9141.0,9153.0,41296.0
2014-09-17,9196.0,9248.0,9150.0,9172.0,30845.0
2014-09-18,9240.0,9265.0,9213.0,9242.0,51922.0
2014-09-19,9292.0,9303.0,9240.0,9265.0,58298.0
2014-09-22,9205.0,9210.0,9100.0,9128.0,65665.0
2014-09-23,9104.0,9152.0,9101.0,9115.0,50549.0
2014-09-24,9095.0,9142.0,9081.0,9126.0,47291.0
2014-09-25,9156.0,9167.0,8995.0,9029.0,77212.0
2014-09-26,8956.0,9022.0,8936.0,8982.0,65495.0
2014-09-29,8992.0,9008.0,8943.0,8983.0,59555.0
2014-09-30,8965.0,9021.0,8871.0,8994.0,85673.0
2014-10-01,8945.0,9015.0,8911.0,8980.0,65986.0
2014-10-02,8921.0,9021.0,8905.0,8992.0,70005.0
2014-10-03,9004.0,9107.0,8993.0,9100.0,67705.0
2014-10-06,9105.0,9110.0,9056.0,9084.0,50829.0
2014-10-07,9035.0,9047.0,8976.0,9019.0,65875.0
2014-10-08,8985.0,9029.0,8929.0,8935.0,53960.0
2014-10-09,8995.0,9038.0,8950.0,8980.0,73659.0
2014-10-13,8802.0,8817.0,8712.0,8713.0,64688.0
2014-10-14,8730.0,8759.0,8702.0,8745.0,48185.0
2014-10-15,8743.0,8764.0,8640.0,8646.0,36999.0
2014-10-16,8581.0,8683.0,8505.0,8633.0,104010.0
2014-10-17,8651.0,8673.0,8496.0,8500.0,98208.0
2014-10-20,8596.0,8681.0,8588.0,8663.0,74160.0
2014-10-21,8658.0,8662.0,8617.0,8638.0,55465.0
2014-10-22,8740.0,8764.0,8715.0,8744.0,57033.0
2014-10-23,8737.0,8740.0,8702.0,8721.0,47094.0
2014-10-24,8746.0,8748.0,8609.0,8641.0,78564.0
2014-10-27,8671.0,8686.0,8592.0,8645.0,63929.0
2014-10-28,8668.0,8805.0,8661.0,8793.0,65385.0
2014-10-29,8834.0,8905.0,8817.0,8879.0,57132.0
2014-10-30,8880.0,8890.0,8838.0,8881.0,53226.0
2014-10-31,8887.0,8978.0,8868.0,8978.0,72389.0
2014-11-03,8984.0,9027.0,8942.0,8982.0,62715.0
2014-11-04,8984.0,9055.0,8968.0,8990.0,73540.0
2014-11-05,9025.0,9039.0,8960.0,8988.0,61396.0
2014-11-06,8978.0,9006.0,8891.0,8902.0,70475.0
2014-11-07,8926.0,8942.0,8863.0,8940.0,68543.0
2014-11-10,8965.0,9092.0,8952.0,9073.0,61099.0
2014-11-11,9089.0,9105.0,9048.0,9061.0,47958.0
2014-11-12,9030.0,9034.0,8900.0,8903.0,72860.0
2014-11-13,8922.0,8978.0,8902.0,8961.0,62411.0
2014-11-14,8980.0,8996.0,8933.0,8961.0,61580.0
2014-11-17,8955.0,9043.0,8872.0,8901.0,80428.0
2014-11-18,8950.0,8959.0,8838.0,8875.0,60621.0
2014-11-19,8900.0,8985.0,8877.0,8952.0,38561.0
2014-11-20,9030.0,9104.0,9012.0,9092.0,60545.0
2014-11-21,9117.0,9125.0,9081.0,9105.0,46335.0
2014-11-24,9135.0,9169.0,9110.0,9130.0,44686.0
2014-11-25,9115.0,9150.0,9071.0,9108.0,54324.0
2014-11-26,9125.0,9143.0,9101.0,9121.0,39429.0
2014-11-27,9139.0,9235.0,9135.0,9177.0,60595.0
2014-11-28,9203.0,9208.0,9174.0,9178.0,34250.0
2014-12-01,9050.0,9181.0,8991.0,9121.0,89258.0
2014-12-02,9095.0,9098.0,9001.0,9032.0,80830.0
2014-12-03,9048.0,9214.0,9035.0,9214.0,79877.0
2014-12-04,9218.0,9265.0,9200.0,9219.0,56355.0
2014-12-05,9201.0,9230.0,9182.0,9216.0,52733.0
2014-12-08,9263.0,9265.0,9168.0,9186.0,59390.0
2014-12-09,9139.0,9175.0,9121.0,9131.0,50460.0
2014-12-10,9092.0,9136.0,9003.0,9047.0,82950.0
2014-12-11,8977.0,9049.0,8959.0,9010.0,64781.0
2014-12-12,9027.0,9069.0,9003.0,9006.0,52603.0
2014-12-15,8958.0,9038.0,8926.0,9038.0,58476.0
2014-12-16,8980.0,9042.0,8963.0,8979.0,57715.0
2014-12-17,8970.0,8985.0,8834.0,8844.0,40095.0
2014-12-18,8900.0,8927.0,8856.0,8859.0,62538.0
2014-12-19,8958.0,9039.0,8958.0,9019.0,86320.0
2014-12-22,9030.0,9100.0,9023.0,9095.0,59126.0
2014-12-23,9132.0,9140.0,9097.0,9116.0,43787.0
2014-12-24,9119.0,9183.0,9103.0,9177.0,53945.0
2014-12-25,9170.0,9195.0,9162.0,9181.0,27194.0
2014-12-26,9178.0,9229.0,9173.0,9228.0,42913.0
2014-12-27,9231.0,9257.0,9226.0,9257.0,18685.0
2014-12-29,9247.0,9336.0,9242.0,9311.0,56054.0
2014-12-30,9324.0,9343.0,9268.0,9286.0,53089.0
2014-12-31,9287.0,9303.0,9252.0,9281.0,45077.0
2015-01-05,9243.0,9276.0,9156.0,9251.0,68927.0
2015-01-06,9147.0,9153.0,9018.0,9056.0,82393.0
2015-01-07,9043.0,9093.0,9033.0,9046.0,54274.0
2015-01-08,9115.0,9259.0,9115.0,9258.0,70059.0
2015-01-09,9333.0,9335.0,9218.0,9231.0,66147.0
2015-01-12,9188.0,9239.0,9158.0,9186.0,60912.0
2015-01-13,9191.0,9275.0,9159.0,9252.0,70757.0
2015-01-14,9238.0,9247.0,9152.0,9171.0,67761.0
2015-01-15,9186.0,9229.0,9130.0,9198.0,65341.0
2015-01-16,9174.0,9229.0,9081.0,9118.0,85591.0
2015-01-19,9208.0,9259.0,9141.0,9183.0,70562.0
2015-01-20,9222.0,9270.0,9182.0,9269.0,59714.0
2015-01-21,9280.0,9317.0,9273.0,9308.0,27343.0
2015-01-22,9357.0,9404.0,9342.0,9388.0,59567.0
2015-01-23,9450.0,9488.0,9443.0,9464.0,50905.0
2015-01-26,9446.0,9479.0,9432.0,9465.0,39126.0
2015-01-27,9522.0,9539.0,9480.0,9524.0,51972.0
2015-01-28,9475.0,9535.0,9473.0,9529.0,42683.0
2015-01-29,9495.0,9503.0,9426.0,9428.0,67680.0
2015-01-30,9457.0,9472.0,9385.0,9398.0,58451.0
2015-02-02,9387.0,9433.0,9370.0,9422.0,47728.0
2015-02-03,9439.0,9485.0,9407.0,9464.0,55383.0
2015-02-04,9526.0,9557.0,9511.0,9523.0,45551.0
2015-02-05,9520.0,9520.0,9470.0,9514.0,44818.0
2015-02-06,9541.0,9543.0,9459.0,9467.0,54188.0
2015-02-09,9436.0,9465.0,9415.0,9450.0,41901.0
2015-02-10,9470.0,9474.0,9418.0,9435.0,43782.0
2015-02-11,9460.0,9510.0,9457.0,9480.0,45274.0
2015-02-12,9495.0,9500.0,9462.0,9484.0,33438.0
2015-02-13,9512.0,9549.0,9505.0,9516.0,36215.0
2015-02-24,9580.0,9640.0,9579.0,9623.0,20365.0
2015-02-25,9696.0,9696.0,9660.0,9683.0,35712.0
2015-02-26,9687.0,9691.0,9634.0,9649.0,42981.0
2015-03-02,9655.0,9683.0,9616.0,9631.0,45072.0
2015-03-03,9645.0,9658.0,9581.0,9615.0,50290.0
2015-03-04,9580.0,9638.0,9571.0,9622.0,43582.0
2015-03-05,9622.0,9633.0,9551.0,9589.0,55280.0
2015-03-06,9592.0,9643.0,9566.0,9638.0,49625.0
2015-03-09,9583.0,9595.0,9548.0,9575.0,51218.0
2015-03-10,9575.0,9585.0,9514.0,9529.0,57183.0
2015-03-11,9464.0,9545.0,9450.0,9521.0,59167.0
2015-03-12,9528.0,9610.0,9508.0,9610.0,57966.0
2015-03-13,9617.0,9633.0,9583.0,9597.0,43667.0
2015-03-16,9586.0,9594.0,9535.0,9544.0,43060.0
2015-03-17,9580.0,9645.0,9548.0,9555.0,55820.0
2015-03-18,9556.0,9648.0,9556.0,9633.0,32203.0
2015-03-19,9737.0,9769.0,9707.0,9767.0,53673.0
2015-03-20,9741.0,9769.0,9733.0,9758.0,37124.0
2015-03-23,9759.0,9770.0,9726.0,9750.0,38440.0
2015-03-24,9728.0,9754.0,9696.0,9719.0,48988.0
2015-03-25,9720.0,9730.0,9673.0,9688.0,49428.0
2015-03-26,9590.0,9635.0,9568.0,9611.0,59255.0
2015-03-27,9611.0,9627.0,9525.0,9542.0,65490.0
2015-03-30,9511.0,9562.0,9510.0,9556.0,45075.0
2015-03-31,9602.0,9610.0,9544.0,9583.0,55325.0
2015-04-01,9545.0,9552.0,9487.0,9507.0,56597.0
2015-04-02,9535.0,9630.0,9534.0,9616.0,61497.0
2015-04-07,9650.0,9660.0,9611.0,9629.0,38721.0
2015-04-08,9630.0,9635.0,9558.0,9570.0,51377.0
2015-04-09,9576.0,9675.0,9563.0,9572.0,84039.0
2015-04-10,9625.0,9665.0,9591.0,9633.0,69412.0
2015-04-13,9670.0,9683.0,9633.0,9657.0,41237.0
2015-04-14,9641.0,9673.0,9626.0,9645.0,37213.0
2015-04-15,9628.0,9655.0,9507.0,9520.0,39098.0
2015-04-16,9560.0,9648.0,9548.0,9646.0,67101.0
2015-04-17,9619.0,9630.0,9568.0,9582.0,60534.0
2015-04-20,9526.0,9583.0,9506.0,9565.0,67883.0
2015-04-21,9588.0,9613.0,9534.0,9556.0,60272.0
2015-04-22,9558.0,9636.0,9557.0,9614.0,71220.0
2015-04-23,9657.0,9853.0,9652.0,9838.0,96994.0
2015-04-24,9880.0,9999.0,9861.0,9920.0,108205.0
2015-04-27,9952.0,10031.0,9946.0,10020.0,73673.0
2015-04-28,10022.0,10032.0,9963.0,9989.0,56209.0
2015-04-29,9976.0,10023.0,9882.0,9906.0,88748.0
2015-04-30,9900.0,9930.0,9857.0,9875.0,70898.0
2015-05-04,9898.0,9911.0,9825.0,9885.0,65563.0
2015-05-05,9870.0,9878.0,9815.0,9847.0,58412.0
2015-05-06,9797.0,9865.0,9763.0,9849.0,67126.0
2015-05-07,9790.0,9808.0,9745.0,9751.0,63974.0
2015-05-08,9769.0,9783.0,9713.0,9718.0,48263.0
2015-05-11,9798.0,9815.0,9658.0,9723.0,86041.0
2015-05-12,9706.0,9748.0,9672.0,9707.0,58902.0
2015-05-13,9712.0,9775.0,9697.0,9739.0,63624.0
2015-05-14,9736.0,9740.0,9599.0,9604.0,75860.0
2015-05-15,9637.0,9643.0,9541.0,9576.0,69466.0
2015-05-18,9613.0,9614.0,9551.0,9600.0,46904.0
2015-05-19,9613.0,9722.0,9602.0,9703.0,57452.0
2015-05-20,9701.0,9726.0,9656.0,9668.0,34756.0
2015-05-21,9649.0,9650.0,9514.0,9541.0,73345.0
2015-05-22,9559.0,9649.0,9546.0,9627.0,71394.0
2015-05-25,9605.0,9640.0,9550.0,9631.0,62725.0
2015-05-26,9612.0,9725.0,9606.0,9660.0,73325.0
2015-05-27,9608.0,9698.0,9600.0,9661.0,67372.0
2015-05-28,9710.0,9750.0,9683.0,9730.0,69121.0
2015-05-29,9736.0,9764.0,9688.0,9703.0,60863.0
2015-06-01,9667.0,9712.0,9602.0,9631.0,71815.0
2015-06-02,9592.0,9640.0,9565.0,9605.0,61014.0
2015-06-03,9635.0,9646.0,9535.0,9548.0,69156.0
2015-06-04,9533.0,9554.0,9300.0,9310.0,107079.0
2015-06-05,9321.0,9347.0,9268.0,9309.0,75988.0
2015-06-08,9310.0,9403.0,9236.0,9350.0,85419.0
2015-06-09,9300.0,9346.0,9201.0,9237.0,88592.0
2015-06-10,9256.0,9328.0,9253.0,9287.0,72860.0
2015-06-11,9332.0,9333.0,9224.0,9286.0,80254.0
2015-06-12,9277.0,9314.0,9231.0,9267.0,64463.0
2015-06-15,9268.0,9318.0,9220.0,9245.0,62813.0
2015-06-16,9245.0,9258.0,9164.0,9215.0,58862.0
2015-06-17,9217.0,9236.0,9177.0,9180.0,34706.0
2015-06-18,9046.0,9077.0,9011.0,9049.0,62066.0
2015-06-22,9100.0,9202.0,9099.0,9180.0,64476.0
2015-06-23,9223.0,9267.0,9208.0,9232.0,65874.0
2015-06-24,9213.0,9248.0,9192.0,9247.0,50615.0
2015-06-25,9265.0,9370.0,9263.0,9343.0,79484.0
2015-06-26,9345.0,9346.0,9300.0,9324.0,45689.0
2015-06-29,9201.0,9223.0,9109.0,9138.0,77775.0
2015-06-30,9144.0,9217.0,9125.0,9211.0,62083.0
2015-07-01,9188.0,9318.0,9185.0,9292.0,72217.0
2015-07-02,9302.0,9324.0,9260.0,9276.0,56356.0
2015-07-03,9257.0,9308.0,9171.0,9308.0,88155.0
2015-07-06,9239.0,9296.0,9182.0,9201.0,81945.0
2015-07-07,9258.0,9302.0,9211.0,9245.0,83277.0
2015-07-08,9214.0,9214.0,8911.0,8945.0,124391.0
2015-07-09,8802.0,8939.0,8723.0,8876.0,120830.0
2015-07-13,8942.0,9004.0,8902.0,8992.0,85230.0
2015-07-14,9047.0,9084.0,8981.0,8984.0,67789.0
2015-07-15,9039.0,9078.0,8989.0,9030.0,48174.0
2015-07-16,8933.0,8982.0,8900.0,8918.0,88700.0
2015-07-17,8910.0,8935.0,8870.0,8912.0,79081.0
2015-07-20,8963.0,9026.0,8805.0,8850.0,102964.0
2015-07-21,8881.0,8940.0,8816.0,8937.0,85876.0
2015-07-22,8886.0,8887.0,8795.0,8810.0,90146.0
2015-07-23,8780.0,8822.0,8670.0,8752.0,115581.0
2015-07-24,8713.0,8740.0,8653.0,8683.0,82401.0
2015-07-27,8638.0,8670.0,8493.0,8524.0,109174.0
2015-07-28,8500.0,8590.0,8480.0,8541.0,94792.0
2015-07-29,8536.0,8548.0,8439.0,8486.0,97419.0
2015-07-30,8523.0,8632.0,8510.0,8610.0,96825.0
2015-07-31,8598.0,8606.0,8508.0,8575.0,94948.0
2015-08-03,8548.0,8548.0,8400.0,8455.0,92482.0
2015-08-04,8483.0,8552.0,8416.0,8461.0,112748.0
2015-08-05,8500.0,8547.0,8447.0,8524.0,95083.0
2015-08-06,8538.0,8579.0,8366.0,8390.0,117773.0
2015-08-07,8355.0,8422.0,8311.0,8391.0,103597.0
2015-08-10,8402.0,8461.0,8345.0,8445.0,95956.0
2015-08-11,8505.0,8555.0,8358.0,8358.0,115266.0
2015-08-12,8362.0,8390.0,8242.0,8301.0,108867.0
2015-08-13,8347.0,8364.0,8275.0,8309.0,96002.0
2015-08-14,8263.0,8333.0,8262.0,8330.0,67398.0
2015-08-17,8332.0,8333.0,8224.0,8239.0,68264.0
2015-08-18,8236.0,8276.0,8161.0,8172.0,68089.0
2015-08-19,8184.0,8184.0,7993.0,8001.0,59572.0
2015-08-20,7950.0,8040.0,7898.0,7973.0,127370.0
2015-08-21,7869.0,7887.0,7739.0,7747.0,109718.0
2015-08-24,7600.0,7676.0,7000.0,7345.0,233376.0
2015-08-25,7401.0,7607.0,7317.0,7576.0,152343.0
2015-08-26,7516.0,7678.0,7432.0,7609.0,152792.0
2015-08-27,7660.0,7728.0,7631.0,7681.0,122856.0
2015-08-28,7808.0,7901.0,7791.0,7873.0,120404.0
2015-08-31,7835.0,8033.0,7803.0,7970.0,104144.0
2015-09-01,7908.0,7964.0,7803.0,7830.0,124004.0
2015-09-02,7760.0,7997.0,7760.0,7942.0,137344.0
2015-09-03,7971.0,8003.0,7874.0,7977.0,116841.0
2015-09-04,7929.0,8039.0,7872.0,7891.0,138114.0
2015-09-07,7851.0,8007.0,7843.0,7930.0,129213.0
2015-09-08,7930.0,7979.0,7880.0,7973.0,99772.0
2015-09-09,8116.0,8340.0,8103.0,8335.0,118553.0
2015-09-10,8235.0,8292.0,8192.0,8269.0,95214.0
2015-09-11,8225.0,8295.0,8202.0,8268.0,83991.0
2015-09-14,8316.0,8338.0,8210.0,8275.0,93992.0
2015-09-15,8299.0,8332.0,8230.0,8237.0,81925.0
2015-09-16,8308.0,8357.0,8270.0,8319.0,54195.0
2015-09-17,8365.0,8477.0,8365.0,8444.0,101908.0
2015-09-18,8412.0,8459.0,8383.0,8440.0,87145.0
2015-09-21,8328.0,8335.0,8233.0,8268.0,92230.0
2015-09-22,8296.0,8340.0,8276.0,8334.0,71120.0
2015-09-23,8241.0,8250.0,8136.0,8140.0,96832.0
2015-09-24,8182.0,8219.0,8048.0,8092.0,113903.0
2015-09-25,8141.0,8152.0,8033.0,8125.0,120345.0
2015-09-30,8024.0,8177.0,7982.0,8137.0,116772.0
2015-10-01,8180.0,8328.0,8115.0,8308.0,125909.0
2015-10-02,8282.0,8319.0,8255.0,8276.0,76992.0
2015-10-05,8353.0,8377.0,8276.0,8332.0,97664.0
2015-10-06,8439.0,8480.0,8365.0,8369.0,102485.0
2015-10-07,8378.0,8498.0,8356.0,8494.0,97968.0
2015-10-08,8535.0,8544.0,8422.0,8442.0,106394.0
2015-10-12,8488.0,8580.0,8464.0,8554.0,92397.0
2015-10-13,8563.0,8575.0,8511.0,8556.0,74315.0
2015-10-14,8524.0,8554.0,8491.0,8520.0,75487.0
2015-10-15,8559.0,8667.0,8556.0,8611.0,91960.0
2015-10-16,8588.0,8626.0,8571.0,8609.0,69938.0
2015-10-19,8629.0,8670.0,8589.0,8622.0,69167.0
2015-10-20,8638.0,8663.0,8630.0,8660.0,43099.0
2015-10-21,8690.0,8704.0,8592.0,8617.0,42969.0
2015-10-22,8589.0,8633.0,8566.0,8596.0,72841.0
2015-10-23,8742.0,8752.0,8669.0,8694.0,75676.0
2015-10-26,8730.0,8766.0,8717.0,8734.0,55020.0
2015-10-27,8721.0,8728.0,8655.0,8694.0,67314.0
2015-10-28,8681.0,8710.0,8613.0,8638.0,78171.0
2015-10-29,8680.0,8685.0,8545.0,8548.0,97275.0
2015-10-30,8558.0,8599.0,8484.0,8570.0,106044.0
2015-11-02,8533.0,8597.0,8502.0,8587.0,80481.0
2015-11-03,8660.0,8740.0,8646.0,8722.0,78496.0
2015-11-04,8764.0,8899.0,8751.0,8884.0,92385.0
2015-11-05,8877.0,8898.0,8831.0,8873.0,64794.0
2015-11-06,8853.0,8859.0,8650.0,8689.0,121564.0
2015-11-09,8685.0,8747.0,8598.0,8627.0,115071.0
2015-11-10,8580.0,8594.0,8512.0,8532.0,86571.0
2015-11-11,8505.0,8549.0,8372.0,8377.0,112113.0
2015-11-12,8399.0,8461.0,8354.0,8461.0,105233.0
2015-11-13,8386.0,8475.0,8318.0,8356.0,123783.0
2015-11-16,8250.0,8306.0,8212.0,8287.0,89065.0
2015-11-17,8371.0,8490.0,8371.0,8439.0,87818.0
2015-11-18,8437.0,8450.0,8325.0,8336.0,47530.0
2015-11-19,8366.0,8460.0,8323.0,8450.0,110583.0
2015-11-20,8435.0,8475.0,8397.0,8445.0,83766.0
2015-11-23,8487.0,8510.0,8407.0,8480.0,92498.0
2015-11-24,8461.0,8494.0,8363.0,8403.0,112123.0
2015-11-25,8415.0,8420.0,8320.0,8387.0,99141.0
2015-11-26,8405.0,8525.0,8405.0,8502.0,96355.0
2015-11-27,8518.0,8534.0,8377.0,8391.0,97822.0
2015-11-30,8321.0,8345.0,8203.0,8299.0,110523.0
2015-12-01,8355.0,8463.0,8317.0,8459.0,109363.0
2015-12-02,8429.0,8510.0,8415.0,8455.0,97960.0
2015-12-03,8394.0,8490.0,8363.0,8474.0,106973.0
2015-12-04,8365.0,8410.0,8325.0,8394.0,100842.0
2015-12-07,8500.0,8550.0,8453.0,8468.0,98662.0
2015-12-08,8440.0,8450.0,8319.0,8331.0,99691.0
2015-12-09,8303.0,8329.0,8213.0,8221.0,110454.0
2015-12-10,8183.0,8207.0,8101.0,8189.0,116741.0
2015-12-11,8210.0,8220.0,8067.0,8068.0,109544.0
2015-12-14,7963.0,8065.0,7948.0,8065.0,89118.0
2015-12-15,8088.0,8137.0,8048.0,8066.0,79936.0
2015-12-16,8177.0,8209.0,8112.0,8199.0,53044.0
2015-12-17,8210.0,8303.0,8177.0,8282.0,102766.0
2015-12-18,8240.0,8318.0,8207.0,8230.0,103466.0
2015-12-21,8170.0,8284.0,8132.0,8283.0,99871.0
2015-12-22,8255.0,8297.0,8221.0,8276.0,94466.0
2015-12-23,8304.0,8346.0,8267.0,8286.0,99937.0
2015-12-24,8345.0,8388.0,8293.0,8315.0,87639.0
2015-12-25,8333.0,8378.0,8306.0,8377.0,55178.0
2015-12-28,8374.0,8394.0,8350.0,8353.0,54658.0
2015-12-29,8323.0,8346.0,8263.0,8288.0,82347.0
2015-12-30,8318.0,8329.0,8226.0,8257.0,77316.0
2015-12-31,8230.0,8300.0,8230.0,8272.0,74542.0
2016-01-04,8261.0,8294.0,8036.0,8070.0,127412.0
2016-01-05,8095.0,8130.0,8011.0,8025.0,111178.0
2016-01-06,8038.0,8048.0,7901.0,7969.0,131458.0
2016-01-07,7953.0,7971.0,7731.0,7802.0,162715.0
2016-01-08,7755.0,7884.0,7734.0,7868.0,129558.0
2016-01-11,7738.0,7793.0,7672.0,7741.0,121365.0
2016-01-12,7792.0,7807.0,7680.0,7705.0,115687.0
2016-01-13,7780.0,7849.0,7736.0,7809.0,121146.0
2016-01-14,7648.0,7724.0,7607.0,7716.0,111411.0
2016-01-15,7807.0,7810.0,7635.0,7665.0,113647.0
2016-01-18,7503.0,7828.0,7503.0,7812.0,148637.0
2016-01-19,7800.0,7869.0,7750.0,7869.0,100331.0
2016-01-20,7797.0,7804.0,7673.0,7703.0,69655.0
2016-01-21,7655.0,7707.0,7600.0,7616.0,149029.0
2016-01-22,7726.0,7753.0,7641.0,7748.0,132002.0
2016-01-25,7776.0,7881.0,7766.0,7835.0,100901.0
2016-01-26,7781.0,7809.0,7745.0,7779.0,101948.0
2016-01-27,7850.0,7860.0,7779.0,7837.0,96120.0
2016-01-28,7801.0,7903.0,7793.0,7859.0,108472.0
2016-01-29,7848.0,8074.0,7820.0,8053.0,154244.0
2016-01-30,8100.0,8168.0,8090.0,8163.0,52834.0
2016-02-01,8140.0,8150.0,8066.0,8126.0,103356.0
2016-02-02,8082.0,8148.0,8062.0,8106.0,91173.0
2016-02-03,8022.0,8085.0,7993.0,8034.0,100462.0
2016-02-15,7925.0,8068.0,7906.0,8046.0,77751.0
2016-02-16,8076.0,8232.0,8076.0,8207.0,82697.0
2016-02-17,8230.0,8252.0,8192.0,8212.0,40511.0
2016-02-18,8290.0,8332.0,8233.0,8285.0,91640.0
2016-02-19,8275.0,8318.0,8253.0,8306.0,71432.0
2016-02-22,8293.0,8404.0,8262.0,8299.0,98253.0
2016-02-23,8325.0,8330.0,8271.0,8319.0,80381.0
2016-02-24,8303.0,8382.0,8217.0,8246.0,107742.0
2016-02-25,8285.0,8375.0,8272.0,8339.0,110204.0
2016-02-26,8389.0,8416.0,8312.0,8391.0,101242.0
2016-03-01,8363.0,8484.0,8360.0,8450.0,92276.0
2016-03-02,8548.0,8575.0,8500.0,8520.0,80842.0
2016-03-03,8527.0,8605.0,8516.0,8565.0,93764.0
2016-03-04,8578.0,8618.0,8548.0,8605.0,87375.0
2016-03-07,8605.0,8684.0,8572.0,8605.0,86522.0
2016-03-08,8618.0,8620.0,8526.0,8615.0,91185.0
2016-03-09,8609.0,8632.0,8556.0,8621.0,80337.0
2016-03-10,8630.0,8675.0,8601.0,8641.0,82194.0
2016-03-11,8620.0,8709.0,8608.0,8709.0,85105.0
2016-03-14,8733.0,8778.0,8725.0,8741.0,62087.0
2016-03-15,8737.0,8750.0,8578.0,8601.0,87353.0
2016-03-16,8640.0,8705.0,8634.0,8691.0,36664.0
2016-03-17,8745.0,8819.0,8681.0,8697.0,115424.0
2016-03-18,8727.0,8778.0,8703.0,8767.0,85942.0
2016-03-21,8800.0,8809.0,8690.0,8747.0,87546.0
2016-03-22,8770.0,8775.0,8660.0,8753.0,103518.0
2016-03-23,8765.0,8786.0,8699.0,8712.0,97928.0
2016-03-24,8688.0,8750.0,8628.0,8713.0,111205.0
2016-03-25,8729.0,8759.0,8671.0,8703.0,82725.0
2016-03-28,8713.0,8732.0,8653.0,8686.0,80269.0
2016-03-29,8681.0,8697.0,8564.0,8601.0,112240.0
2016-03-30,8640.0,8747.0,8625.0,8740.0,99607.0
2016-03-31,8785.0,8814.0,8691.0,8715.0,118418.0
2016-04-01,8672.0,8693.0,8600.0,8628.0,107550.0
2016-04-06,8588.0,8598.0,8453.0,8461.0,98718.0
2016-04-07,8470.0,8492.0,8381.0,8436.0,106999.0
2016-04-08,8388.0,8500.0,8375.0,8486.0,99241.0
2016-04-11,8464.0,8530.0,8415.0,8515.0,96394.0
2016-04-12,8540.0,8583.0,8467.0,8495.0,104434.0
2016-04-13,8546.0,8644.0,8528.0,8636.0,92097.0
2016-04-14,8713.0,8724.0,8646.0,8660.0,82756.0
2016-04-15,8620.0,8720.0,8591.0,8718.0,89534.0
2016-04-18,8658.0,8684.0,8631.0,8645.0,62552.0
2016-04-19,8700.0,8748.0,8600.0,8635.0,86280.0
2016-04-20,8659.0,8683.0,8497.0,8520.0,57719.0
2016-04-21,8510.0,8535.0,8455.0,8530.0,90558.0
2016-04-22,8512.0,8560.0,8461.0,8498.0,112809.0
2016-04-25,8518.0,8539.0,8478.0,8529.0,74186.0
2016-04-26,8534.0,8619.0,8523.0,8573.0,96113.0
2016-04-27,8563.0,8590.0,8506.0,8559.0,83808.0
2016-04-28,8586.0,8599.0,8408.0,8417.0,131314.0
2016-04-29,8369.0,8400.0,8304.0,8310.0,92067.0
2016-05-03,8314.0,8330.0,8219.0,8260.0,84132.0
2016-05-04,8238.0,8257.0,8105.0,8176.0,113679.0
2016-05-05,8161.0,8182.0,8095.0,8145.0,96792.0
2016-05-06,8120.0,8140.0,8061.0,8102.0,91908.0
2016-05-09,8140.0,8160.0,8067.0,8114.0,89545.0
2016-05-10,8117.0,8179.0,8057.0,8155.0,100296.0
2016-05-11,8179.0,8192.0,8081.0,8125.0,100045.0
2016-05-12,8095.0,8155.0,8066.0,8082.0,91406.0
2016-05-13,8066.0,8075.0,7954.0,8016.0,113540.0
2016-05-16,8026.0,8085.0,7988.0,8063.0,80975.0
2016-05-17,8077.0,8152.0,8021.0,8150.0,92928.0
2016-05-18,8098.0,8153.0,8056.0,8149.0,50448.0
2016-05-19,8112.0,8130.0,8006.0,8031.0,106669.0
2016-05-20,8026.0,8124.0,8022.0,8106.0,115358.0
2016-05-23,8120.0,8355.0,8052.0,8347.0,140157.0
2016-05-24,8333.0,8346.0,8277.0,8283.0,72506.0
2016-05-25,8340.0,8412.0,8333.0,8384.0,92521.0
2016-05-26,8402.0,8408.0,8352.0,8382.0,65309.0
2016-05-27,8414.0,8467.0,8390.0,8463.0,76801.0
2016-05-30,8480.0,8533.0,8432.0,8510.0,84683.0
2016-05-31,8498.0,8544.0,8455.0,8512.0,89376.0
2016-06-01,8493.0,8590.0,8485.0,8564.0,86484.0
2016-06-02,8565.0,8610.0,8519.0,8548.0,95978.0
2016-06-03,8563.0,8585.0,8537.0,8566.0,65190.0
2016-06-04,8567.0,8589.0,8561.0,8576.0,20275.0
2016-06-06,8576.0,8655.0,8508.0,8573.0,94499.0
2016-06-07,8610.0,8684.0,8606.0,8667.0,84774.0
2016-06-08,8676.0,8742.0,8670.0,8717.0,82212.0
2016-06-13,8638.0,8639.0,8502.0,8523.0,88925.0
2016-06-14,8495.0,8578.0,8483.0,8576.0,65600.0
2016-06-15,8560.0,8608.0,8508.0,8603.0,53145.0
2016-06-16,8409.0,8410.0,8248.0,8281.0,118006.0
2016-06-17,8345.0,8431.0,8343.0,8396.0,95441.0
2016-06-20,8503.0,8520.0,8428.0,8469.0,85445.0
2016-06-21,8453.0,8524.0,8435.0,8512.0,79219.0
2016-06-22,8510.0,8530.0,8460.0,8508.0,80713.0
2016-06-23,8510.0,8526.0,8466.0,8511.0,63669.0
2016-06-24,8501.0,8552.0,8140.0,8235.0,258176.0
2016-06-27,8245.0,8338.0,8239.0,8327.0,92310.0
2016-06-28,8277.0,8387.0,8260.0,8380.0,93268.0
2016-06-29,8392.0,8493.0,8391.0,8438.0,95640.0
2016-06-30,8495.0,8541.0,8440.0,8519.0,113252.0
2016-07-01,8570.0,8637.0,8552.0,8626.0,93275.0
2016-07-04,8639.0,8680.0,8598.0,8633.0,79353.0
2016-07-05,8595.0,8634.0,8568.0,8609.0,74671.0
2016-07-06,8555.0,8558.0,8443.0,8468.0,108352.0
2016-07-07,8502.0,8570.0,8502.0,8563.0,70924.0
2016-07-11,8678.0,8748.0,8671.0,8735.0,77167.0
2016-07-12,8750.0,8795.0,8736.0,8776.0,66725.0
2016-07-13,8829.0,8837.0,8726.0,8792.0,96528.0
2016-07-14,8801.0,8841.0,8769.0,8813.0,73871.0
2016-07-15,8848.0,8924.0,8823.0,8915.0,80910.0
2016-07-18,8916.0,9002.0,8912.0,8999.0,59321.0
2016-07-19,9012.0,9036.0,8962.0,9036.0,68625.0
2016-07-20,9010.0,9042.0,8972.0,9004.0,51012.0
2016-07-21,8920.0,9009.0,8915.0,8985.0,79688.0
2016-07-22,8964.0,8984.0,8925.0,8925.0,82094.0
2016-07-25,8964.0,9027.0,8804.0,8893.0,122995.0
2016-07-26,8868.0,8970.0,8862.0,8967.0,90235.0
2016-07-27,9015.0,9049.0,8952.0,8979.0,104327.0
2016-07-28,8979.0,9026.0,8927.0,8979.0,94514.0
2016-07-29,9004.0,9014.0,8890.0,8893.0,114629.0
2016-08-01,8936.0,9043.0,8936.0,9043.0,86130.0
2016-08-02,9015.0,9036.0,8992.0,9012.0,62793.0
2016-08-03,8921.0,8972.0,8861.0,8936.0,93633.0
2016-08-04,8988.0,8995.0,8892.0,8972.0,97291.0
2016-08-05,8992.0,9074.0,8973.0,9065.0,90653.0
2016-08-08,9135.0,9147.0,9063.0,9117.0,80794.0
2016-08-09,9120.0,9145.0,9096.0,9117.0,68743.0
2016-08-10,9135.0,9167.0,9090.0,9149.0,82971.0
2016-08-11,9124.0,9158.0,9000.0,9089.0,113027.0
2016-08-12,9130.0,9149.0,9102.0,9132.0,73859.0
2016-08-15,9143.0,9160.0,9087.0,9123.0,69291.0
2016-08-16,9155.0,9155.0,9053.0,9088.0,87066.0
2016-08-17,9075.0,9123.0,9067.0,9121.0,42434.0
2016-08-18,9012.0,9059.0,8981.0,9042.0,78315.0
2016-08-19,9052.0,9108.0,8942.0,8947.0,132670.0
2016-08-22,8938.0,8948.0,8852.0,8895.0,103109.0
2016-08-23,8920.0,8987.0,8912.0,8983.0,75614.0
2016-08-24,9005.0,9022.0,8948.0,8954.0,71031.0
2016-08-25,8939.0,9073.0,8938.0,9071.0,91623.0
2016-08-26,9059.0,9090.0,9036.0,9082.0,64256.0
2016-08-29,9050.0,9075.0,8948.0,9044.0,109086.0
2016-08-30,9074.0,9085.0,9021.0,9035.0,80532.0
2016-08-31,9020.0,9059.0,8959.0,8977.0,99505.0
2016-09-01,8976.0,8981.0,8883.0,8944.0,116653.0
2016-09-02,8945.0,8973.0,8904.0,8933.0,88809.0
2016-09-05,8991.0,9066.0,8991.0,9064.0,76053.0
2016-09-06,9073.0,9160.0,9056.0,9149.0,75084.0
2016-09-07,9158.0,9262.0,9151.0,9255.0,73298.0
2016-09-08,9253.0,9253.0,9215.0,9240.0,54877.0
2016-09-09,9188.0,9189.0,9114.0,9126.0,91348.0
2016-09-10,8935.0,9001.0,8922.0,8955.0,59249.0
2016-09-12,8984.0,8993.0,8898.0,8900.0,91572.0
2016-09-13,8971.0,8978.0,8817.0,8907.0,117857.0
2016-09-14,8870.0,8942.0,8854.0,8876.0,84481.0
2016-09-19,8940.0,9157.0,8935.0,9151.0,83735.0
2016-09-20,9150.0,9165.0,9113.0,9142.0,54631.0
2016-09-21,9122.0,9223.0,9115.0,9222.0,42530.0
2016-09-22,9218.0,9262.0,9154.0,9186.0,95777.0
2016-09-23,9234.0,9248.0,9189.0,9235.0,73198.0
2016-09-26,9226.0,9227.0,9148.0,9152.0,73599.0
2016-09-29,9222.0,9295.0,9206.0,9252.0,87795.0
2016-09-30,9187.0,9206.0,9128.0,9130.0,95237.0
2016-10-03,9200.0,9230.0,9162.0,9193.0,75296.0
2016-10-04,9202.0,9259.0,9187.0,9252.0,67590.0
2016-10-05,9211.0,9266.0,9200.0,9240.0,59540.0
2016-10-06,9280.0,9283.0,9207.0,9255.0,75579.0
2016-10-07,9248.0,9269.0,9236.0,9252.0,48197.0
2016-10-11,9294.0,9342.0,9143.0,9188.0,123197.0
2016-10-12,9177.0,9274.0,9164.0,9261.0,75713.0
2016-10-13,9266.0,9278.0,9180.0,9201.0,94846.0
2016-10-14,9200.0,9224.0,9148.0,9169.0,91138.0
2016-10-17,9183.0,9193.0,9060.0,9169.0,112961.0
2016-10-18,9180.0,9218.0,9154.0,9212.0,75259.0
2016-10-19,9222.0,9300.0,9220.0,9280.0,47543.0
2016-10-20,9268.0,9295.0,9235.0,9278.0,77828.0
2016-10-21,9260.0,9321.0,9241.0,9266.0,88982.0
2016-10-24,9292.0,9325.0,9269.0,9309.0,73457.0
2016-10-25,9328.0,9393.0,9308.0,9377.0,79802.0
2016-10-26,9347.0,9363.0,9323.0,9336.0,62538.0
2016-10-27,9323.0,9347.0,9260.0,9288.0,95229.0
2016-10-28,9282.0,9313.0,9261.0,9279.0,72441.0
2016-10-31,9265.0,9299.0,9175.0,9286.0,106373.0
2016-11-01,9260.0,9291.0,9226.0,9279.0,72043.0
2016-11-02,9202.0,9225.0,9144.0,9157.0,103677.0
2016-11-03,9132.0,9160.0,9078.0,9088.0,99739.0
2016-11-04,9060.0,9094.0,9047.0,9065.0,71446.0
2016-11-07,9130.0,9199.0,9115.0,9199.0,74698.0
2016-11-08,9217.0,9230.0,9162.0,9225.0,83947.0
2016-11-09,9227.0,9308.0,8891.0,8927.0,254676.0
2016-11-10,9138.0,9192.0,9134.0,9178.0,87069.0
2016-11-11,9074.0,9074.0,8950.0,8967.0,115266.0
2016-11-14,8961.0,8988.0,8877.0,8944.0,109131.0
2016-11-15,8902.0,8975.0,8896.0,8937.0,83006.0
2016-11-16,8990.0,9034.0,8979.0,8983.0,53893.0
2016-11-17,8944.0,8965.0,8906.0,8962.0,96936.0
2016-11-18,8980.0,9005.0,8926.0,8987.0,98718.0
2016-11-21,8979.0,9026.0,8971.0,9018.0,65121.0
2016-11-22,9048.0,9164.0,9042.0,9141.0,88453.0
2016-11-23,9150.0,9191.0,9141.0,9175.0,65266.0
2016-11-24,9159.0,9165.0,9116.0,9142.0,75499.0
2016-11-25,9138.0,9192.0,9132.0,9162.0,69548.0
2016-11-28,9157.0,9248.0,9150.0,9225.0,80589.0
2016-11-29,9223.0,9239.0,9196.0,9202.0,75145.0
2016-11-30,9211.0,9245.0,9177.0,9228.0,85631.0
2016-12-01,9227.0,9279.0,9218.0,9260.0,80015.0
2016-12-02,9200.0,9203.0,9148.0,9163.0,83996.0
2016-12-05,9149.0,9183.0,9118.0,9156.0,75467.0
2016-12-06,9225.0,9285.0,9224.0,9263.0,68267.0
2016-12-07,9300.0,9305.0,9248.0,9263.0,64535.0
2016-12-08,9360.0,9370.0,9315.0,9369.0,73854.0
2016-12-09,9375.0,9399.0,9365.0,9390.0,52757.0
2016-12-12,9420.0,9440.0,9350.0,9355.0,86295.0
2016-12-13,9340.0,9381.0,9337.0,9379.0,48318.0
2016-12-14,9406.0,9413.0,9354.0,9368.0,59414.0
2016-12-15,9333.0,9375.0,9305.0,9369.0,84381.0
2016-12-16,9368.0,9370.0,9309.0,9311.0,59605.0
2016-12-19,9291.0,9317.0,9242.0,9245.0,67768.0
2016-12-20,9262.0,9266.0,9209.0,9262.0,62335.0
2016-12-21,9260.0,9270.0,9225.0,9231.0,38016.0
2016-12-22,9210.0,9222.0,9123.0,9130.0,85029.0
2016-12-23,9113.0,9147.0,9088.0,9093.0,78656.0
2016-12-26,9105.0,9132.0,9089.0,9125.0,52331.0
2016-12-27,9124.0,9130.0,9106.0,9113.0,36473.0
2016-12-28,9110.0,9213.0,9104.0,9213.0,67624.0
2016-12-29,9190.0,9211.0,9168.0,9182.0,64413.0
2016-12-30,9210.0,9281.0,9210.0,9263.0,78697.0
2017-01-03,9266.0,9281.0,9231.0,9280.0,60233.0
2017-01-04,9284.0,9295.0,9261.0,9272.0,55734.0
2017-01-05,9271.0,9354.0,9265.0,9342.0,79058.0
2017-01-06,9354.0,9375.0,9339.0,9367.0,43915.0
2017-01-09,9377.0,9409.0,9325.0,9343.0,75834.0
2017-01-10,9331.0,9351.0,9320.0,9341.0,52841.0
2017-01-11,9390.0,9396.0,9333.0,9336.0,58752.0
2017-01-12,9351.0,9433.0,9350.0,9411.0,75485.0
2017-01-13,9391.0,9397.0,9361.0,9376.0,52171.0
2017-01-16,9360.0,9361.0,9274.0,9286.0,62779.0
2017-01-17,9281.0,9344.0,9279.0,9340.0,45244.0
2017-01-18,9338.0,9349.0,9315.0,9340.0,32771.0
2017-01-19,9330.0,9342.0,9255.0,9304.0,75599.0
2017-01-20,9283.0,9338.0,9280.0,9332.0,50414.0
2017-01-23,9320.0,9423.0,9319.0,9408.0,65835.0
2017-01-24,9428.0,9464.0,9404.0,9447.0,51062.0
2017-02-02,9490.0,9509.0,9373.0,9375.0,82632.0
2017-02-03,9415.0,9458.0,9407.0,9437.0,65135.0
2017-02-06,9478.0,9533.0,9441.0,9505.0,75961.0
2017-02-07,9501.0,9525.0,9483.0,9521.0,47928.0
2017-02-08,9519.0,9535.0,9464.0,9517.0,71006.0
2017-02-09,9512.0,9579.0,9505.0,9576.0,69377.0
2017-02-10,9601.0,9681.0,9586.0,9658.0,82429.0
2017-02-13,9668.0,9706.0,9661.0,9704.0,50604.0
2017-02-14,9727.0,9758.0,9695.0,9712.0,74869.0
2017-02-15,9728.0,9802.0,9722.0,9799.0,43302.0
2017-02-16,9820.0,9852.0,9758.0,9770.0,97741.0
2017-02-17,9758.0,9786.0,9747.0,9764.0,53354.0
2017-02-18,9778.0,9789.0,9772.0,9788.0,18518.0
2017-02-20,9785.0,9814.0,9737.0,9765.0,70689.0
2017-02-21,9776.0,9784.0,9727.0,9767.0,70039.0
2017-02-22,9785.0,9827.0,9768.0,9781.0,78681.0
2017-02-23,9781.0,9820.0,9755.0,9772.0,80487.0
2017-02-24,9766.0,9786.0,9731.0,9760.0,69978.0
2017-03-01,9768.0,9769.0,9677.0,9683.0,86878.0
2017-03-02,9760.0,9783.0,9643.0,9691.0,109116.0
2017-03-03,9647.0,9673.0,9623.0,9630.0,84796.0
2017-03-06,9640.0,9684.0,9619.0,9683.0,68895.0
2017-03-07,9690.0,9733.0,9681.0,9729.0,63517.0
2017-03-08,9738.0,9765.0,9701.0,9748.0,73003.0
2017-03-09,9740.0,9741.0,9642.0,9650.0,89121.0
2017-03-10,9643.0,9652.0,9555.0,9626.0,102245.0
2017-03-13,9640.0,9698.0,9640.0,9693.0,73294.0
2017-03-14,9719.0,9767.0,9712.0,9748.0,64623.0
2017-03-15,9738.0,9752.0,9715.0,9733.0,45295.0
2017-03-16,9800.0,9852.0,9782.0,9841.0,80685.0
2017-03-17,9850.0,9896.0,9837.0,9889.0,63636.0
2017-03-20,9873.0,9908.0,9855.0,9895.0,59217.0
2017-03-21,9925.0,9980.0,9916.0,9964.0,68111.0
2017-03-22,9890.0,9907.0,9851.0,9896.0,85836.0
2017-03-23,9938.0,9952.0,9879.0,9909.0,88223.0
2017-03-24,9925.0,9928.0,9883.0,9900.0,68480.0
2017-03-27,9878.0,9917.0,9844.0,9867.0,82785.0
2017-03-28,9917.0,9927.0,9805.0,9884.0,112978.0
2017-03-29,9902.0,9905.0,9852.0,9860.0,73461.0
2017-03-30,9863.0,9888.0,9834.0,9850.0,67835.0
2017-03-31,9858.0,9872.0,9813.0,9822.0,63541.0
2017-04-05,9847.0,9968.0,9843.0,9962.0,86881.0
2017-04-06,9932.0,9941.0,9881.0,9897.0,75702.0
2017-04-07,9900.0,9904.0,9772.0,9861.0,133446.0
2017-04-10,9866.0,9892.0,9844.0,9876.0,64610.0
2017-04-11,9865.0,9895.0,9807.0,9817.0,96803.0
2017-04-12,9818.0,9830.0,9776.0,9812.0,77665.0
2017-04-13,9797.0,9869.0,9792.0,9847.0,92332.0
2017-04-14,9805.0,9809.0,9711.0,9716.0,104856.0
2017-04-17,9740.0,9754.0,9680.0,9722.0,80892.0
2017-04-18,9759.0,9772.0,9721.0,9737.0,63082.0
2017-04-19,9700.0,9707.0,9631.0,9639.0,62086.0
2017-04-20,9596.0,9640.0,9585.0,9617.0,80186.0
2017-04-21,9670.0,9706.0,9655.0,9697.0,73516.0
2017-04-24,9744.0,9766.0,9684.0,9705.0,85433.0
2017-04-25,9749.0,9827.0,9727.0,9814.0,90784.0
2017-04-26,9856.0,9870.0,9826.0,9842.0,81488.0
2017-04-27,9830.0,9850.0,9808.0,9838.0,64977.0
2017-04-28,9846.0,9884.0,9834.0,9858.0,73278.0
2017-05-02,9895.0,9950.0,9895.0,9931.0,64108.0
2017-05-03,9943.0,9966.0,9934.0,9939.0,48179.0
2017-05-04,9950.0,9964.0,9919.0,9959.0,58292.0
2017-05-05,9948.0,9950.0,9879.0,9886.0,72071.0
2017-05-08,9926.0,9959.0,9895.0,9920.0,69245.0
2017-05-09,9917.0,9994.0,9898.0,9906.0,109735.0
2017-05-10,9942.0,9959.0,9918.0,9949.0,63670.0
2017-05-11,9962.0,9997.0,9946.0,9989.0,79420.0
2017-05-12,9980.0,9996.0,9965.0,9981.0,54694.0
2017-05-15,9988.0,10031.0,9976.0,10027.0,49709.0
2017-05-16,10024.0,10055.0,10000.0,10023.0,60163.0
2017-05-17,10013.0,10026.0,9976.0,9999.0,47643.0
2017-05-18,9980.0,9996.0,9877.0,9951.0,97163.0
2017-05-19,9964.0,9973.0,9922.0,9935.0,63469.0
2017-05-22,9932.0,9980.0,9931.0,9975.0,59789.0
2017-05-23,9972.0,10016.0,9967.0,9995.0,66784.0
2017-05-24,9992.0,10030.0,9989.0,10022.0,50739.0
2017-05-25,10022.0,10110.0,10020.0,10109.0,63883.0
2017-05-26,10114.0,10136.0,10080.0,10094.0,72837.0
2017-05-31,10093.0,10105.0,10023.0,10029.0,69447.0
2017-06-01,10028.0,10076.0,10004.0,10068.0,61420.0
2017-06-02,10070.0,10136.0,10065.0,10134.0,61204.0
2017-06-03,10134.0,10159.0,10131.0,10158.0,22445.0
2017-06-05,10147.0,10207.0,10115.0,10201.0,68459.0
2017-06-06,10203.0,10210.0,10184.0,10186.0,40853.0
2017-06-07,10186.0,10230.0,10165.0,10191.0,75129.0
2017-06-08,10191.0,10218.0,10181.0,10212.0,47366.0
2017-06-09,10215.0,10252.0,10186.0,10193.0,65092.0
2017-06-12,10193.0,10210.0,10108.0,10120.0,70774.0
2017-06-13,10116.0,10143.0,10084.0,10135.0,56665.0
2017-06-14,10135.0,10166.0,10021.0,10063.0,97867.0
2017-06-15,10063.0,10079.0,10017.0,10073.0,71886.0
2017-06-16,10070.0,10159.0,10035.0,10147.0,82927.0
2017-06-19,10149.0,10250.0,10135.0,10241.0,62388.0
2017-06-20,10244.0,10352.0,10243.0,10321.0,67281.0
2017-06-21,10322.0,10371.0,10268.0,10369.0,49783.0
2017-06-22,10177.0,10233.0,10158.0,10233.0,84580.0
2017-06-23,10226.0,10245.0,10194.0,10214.0,64353.0
2017-06-26,10216.0,10395.0,10182.0,10383.0,117057.0
2017-06-27,10382.0,10423.0,10353.0,10369.0,79765.0
2017-06-28,10361.0,10362.0,10248.0,10260.0,104942.0
2017-06-29,10268.0,10356.0,10249.0,10294.0,91144.0
2017-06-30,10297.0,10302.0,10195.0,10254.0,96665.0
2017-07-03,10251.0,10290.0,10231.0,10290.0,81969.0
2017-07-04,10289.0,10318.0,10211.0,10215.0,99286.0
2017-07-05,10215.0,10304.0,10171.0,10299.0,107166.0
2017-07-06,10302.0,10331.0,10237.0,10266.0,97748.0
2017-07-07,10261.0,10265.0,10196.0,10202.0,93995.0
2017-07-10,10203.0,10242.0,10180.0,10210.0,85142.0
2017-07-11,10205.0,10355.0,10192.0,10342.0,91659.0
2017-07-12,10345.0,10384.0,10316.0,10341.0,75039.0
2017-07-13,10332.0,10442.0,10321.0,10421.0,96324.0
2017-07-14,10401.0,10423.0,10389.0,10402.0,56253.0
2017-07-17,10403.0,10480.0,10397.0,10436.0,75466.0
2017-07-18,10436.0,10465.0,10407.0,10463.0,51605.0
2017-07-19,10463.0,10542.0,10439.0,10500.0,56071.0
2017-07-20,10385.0,10425.0,10370.0,10392.0,70902.0
2017-07-21,10386.0,10396.0,10324.0,10327.0,69963.0
2017-07-24,10324.0,10364.0,10286.0,10362.0,74680.0
2017-07-25,10362.0,10388.0,10338.0,10363.0,64072.0
2017-07-26,10355.0,10422.0,10320.0,10330.0,93850.0
2017-07-27,10330.0,10462.0,10328.0,10449.0,89343.0
2017-07-28,10453.0,10466.0,10324.0,10338.0,91749.0
2017-07-31,10340.0,10363.0,10289.0,10356.0,79510.0
2017-08-01,10357.0,10424.0,10341.0,10367.0,89417.0
2017-08-02,10372.0,10471.0,10371.0,10456.0,78440.0
2017-08-03,10460.0,10469.0,9408.0,10407.0,98598.0
2017-08-04,10408.0,10456.0,10396.0,10442.0,61854.0
2017-08-07,10444.0,10539.0,10435.0,10530.0,63554.0
2017-08-08,10529.0,10568.0,10485.0,10526.0,82440.0
2017-08-09,10525.0,10544.0,10437.0,10453.0,93098.0
2017-08-10,10456.0,10485.0,10309.0,10329.0,125235.0
2017-08-11,10332.0,10334.0,10221.0,10303.0,104391.0
2017-08-14,10311.0,10356.0,10223.0,10230.0,100707.0
2017-08-15,10233.0,10330.0,10233.0,10308.0,80850.0
2017-08-16,10322.0,10322.0,10235.0,10253.0,71256.0
2017-08-17,10233.0,10324.0,10231.0,10299.0,96570.0
2017-08-18,10302.0,10311.0,10200.0,10260.0,112906.0
2017-08-21,10250.0,10279.0,10218.0,10270.0,88467.0
2017-08-22,10266.0,10369.0,10255.0,10352.0,76861.0
2017-08-23,10357.0,10419.0,10341.0,10361.0,94149.0
2017-08-24,10360.0,10460.0,10340.0,10449.0,84988.0
2017-08-25,10457.0,10494.0,10431.0,10487.0,85871.0
2017-08-28,10489.0,10515.0,10457.0,10490.0,76311.0
2017-08-29,10481.0,10513.0,10421.0,10464.0,88229.0
2017-08-30,10470.0,10552.0,10433.0,10531.0,96852.0
2017-08-31,10544.0,10582.0,10531.0,10551.0,82807.0
2017-09-01,10553.0,10598.0,10540.0,10576.0,71131.0
2017-09-04,10579.0,10597.0,10534.0,10553.0,64067.0
2017-09-05,10545.0,10590.0,10527.0,10582.0,68405.0
2017-09-06,10583.0,10585.0,10483.0,10519.0,105002.0
2017-09-07,10520.0,10568.0,10478.0,10490.0,94964.0
2017-09-08,10489.0,10571.0,10486.0,10556.0,94894.0
2017-09-11,10555.0,10635.0,10535.0,10564.0,100528.0
2017-09-12,10566.0,10614.0,10558.0,10589.0,78638.0
2017-09-13,10595.0,10605.0,10510.0,10521.0,90739.0
2017-09-14,10514.0,10545.0,10486.0,10530.0,78695.0
2017-09-15,10532.0,10570.0,10491.0,10568.0,86251.0
2017-09-18,10568.0,10649.0,10563.0,10638.0,71335.0
2017-09-19,10641.0,10657.0,10568.0,10578.0,75344.0
2017-09-20,10570.0,10585.0,10490.0,10509.0,67844.0
2017-09-21,10510.0,10583.0,10462.0,10573.0,97613.0
2017-09-22,10575.0,10578.0,10427.0,10432.0,119309.0
2017-09-25,10432.0,10453.0,10314.0,10332.0,114299.0
2017-09-26,10333.0,10369.0,10261.0,10262.0,118584.0
2017-09-27,10268.0,10340.0,10260.0,10321.0,90732.0
2017-09-28,10321.0,10350.0,10266.0,10301.0,109622.0
2017-09-29,10294.0,10329.0,10263.0,10320.0,92421.0
2017-09-30,10324.0,10394.0,10318.0,10382.0,40742.0
2017-10-02,10392.0,10457.0,10386.0,10450.0,64078.0
2017-10-03,10437.0,10476.0,10427.0,10463.0,70398.0
2017-10-05,10456.0,10519.0,10438.0,10505.0,62627.0
2017-10-06,10510.0,10544.0,10495.0,10524.0,64742.0
2017-10-11,10519.0,10647.0,10507.0,10633.0,90823.0
2017-10-12,10635.0,10705.0,10627.0,10699.0,64483.0
2017-10-13,10695.0,10713.0,10670.0,10710.0,48035.0
2017-10-16,10709.0,10762.0,10704.0,10756.0,62614.0
2017-10-17,10751.0,10781.0,10720.0,10722.0,59321.0
2017-10-18,10716.0,10784.0,10686.0,10729.0,58724.0
2017-10-19,10725.0,10799.0,10723.0,10761.0,87278.0
2017-10-20,10758.0,10763.0,10685.0,10730.0,101815.0
2017-10-23,10742.0,10786.0,10720.0,10736.0,80986.0
2017-10-24,10737.0,10758.0,10709.0,10746.0,64628.0
2017-10-25,10741.0,10782.0,10728.0,10740.0,78666.0
2017-10-26,10741.0,10750.0,10691.0,10727.0,74687.0
2017-10-27,10727.0,10792.0,10685.0,10710.0,98432.0
2017-10-30,10710.0,10820.0,10709.0,10747.0,108948.0
2017-10-31,10751.0,10799.0,10730.0,10784.0,81499.0
2017-11-01,10781.0,10826.0,10776.0,10809.0,74732.0
2017-11-02,10808.0,10832.0,10758.0,10779.0,81399.0
2017-11-03,10782.0,10810.0,10747.0,10787.0,80402.0
2017-11-06,10787.0,10828.0,10745.0,10770.0,91497.0
2017-11-07,10774.0,10825.0,10768.0,10825.0,68462.0
2017-11-08,10827.0,10831.0,10796.0,10805.0,52377.0
2017-11-09,10801.0,10823.0,10706.0,10721.0,96592.0
2017-11-10,10733.0,10737.0,10662.0,10729.0,91169.0
2017-11-13,10723.0,10727.0,10688.0,10691.0,65388.0
2017-11-14,10691.0,10714.0,10638.0,10683.0,78505.0
2017-11-15,10680.0,10685.0,10601.0,10638.0,63572.0
2017-11-16,10601.0,10633.0,10551.0,10619.0,82555.0
2017-11-17,10625.0,10710.0,10620.0,10708.0,83962.0
2017-11-20,10710.0,10728.0,10653.0,10665.0,78977.0
2017-11-21,10662.0,10787.0,10659.0,10787.0,88426.0
2017-11-22,10788.0,10877.0,10781.0,10828.0,99834.0
2017-11-23,10830.0,10857.0,10810.0,10856.0,64686.0
2017-11-24,10846.0,10856.0,10825.0,10855.0,48379.0
2017-11-27,10850.0,10870.0,10737.0,10749.0,89940.0
2017-11-28,10749.0,10765.0,10694.0,10708.0,88886.0
2017-11-29,10715.0,10763.0,10708.0,10729.0,74683.0
2017-11-30,10735.0,10742.0,10570.0,10575.0,121191.0
2017-12-01,10576.0,10664.0,10496.0,10604.0,145681.0
2017-12-04,10610.0,10651.0,10534.0,10650.0,123026.0
2017-12-05,10651.0,10653.0,10546.0,10573.0,110532.0
2017-12-06,10567.0,10593.0,10376.0,10385.0,140545.0
2017-12-07,10388.0,10427.0,10321.0,10362.0,133803.0
2017-12-08,10355.0,10413.0,10333.0,10397.0,113740.0
2017-12-11,10391.0,10497.0,10383.0,10480.0,90751.0
2017-12-12,10484.0,10496.0,10386.0,10433.0,91932.0
2017-12-13,10430.0,10474.0,10414.0,10451.0,79191.0
2017-12-14,10455.0,10583.0,10454.0,10528.0,95402.0
2017-12-15,10532.0,10543.0,10421.0,10485.0,104240.0
2017-12-18,10475.0,10531.0,10456.0,10502.0,85912.0
2017-12-19,10503.0,10530.0,10443.0,10455.0,84089.0
2017-12-20,10459.0,10509.0,10430.0,10496.0,61661.0
2017-12-21,10512.0,10540.0,10475.0,10496.0,91280.0
2017-12-22,10495.0,10535.0,10473.0,10535.0,64903.0
2017-12-25,10537.0,10565.0,10518.0,10526.0,53510.0
2017-12-26,10526.0,10541.0,10406.0,10417.0,92820.0
2017-12-27,10419.0,10485.0,10388.0,10477.0,84204.0
2017-12-28,10476.0,10593.0,10475.0,10562.0,101269.0
2017-12-29,10567.0,10644.0,10565.0,10636.0,80129.0
2018-01-02,10631.0,10710.0,10614.0,10709.0,75160.0
2018-01-03,10716.0,10797.0,10694.0,10791.0,77672.0
2018-01-04,10792.0,10840.0,10770.0,10838.0,80824.0
2018-01-05,10835.0,10867.0,10801.0,10858.0,84036.0
2018-01-08,10860.0,10900.0,10844.0,10885.0,73570.0
2018-01-09,10885.0,10909.0,10850.0,10880.0,72110.0
2018-01-10,10888.0,10904.0,10806.0,10809.0,89265.0
2018-01-11,10814.0,10834.0,10766.0,10800.0,107900.0
2018-01-12,10795.0,10898.0,10788.0,10878.0,83961.0
2018-01-15,10883.0,10958.0,10874.0,10957.0,72377.0
2018-01-16,10946.0,10987.0,10917.0,10983.0,60290.0
2018-01-17,10986.0,11024.0,10941.0,11020.0,63349.0
2018-01-18,10993.0,11137.0,10992.0,11056.0,123561.0
2018-01-19,11062.0,11142.0,11055.0,11139.0,87551.0
2018-01-22,11143.0,11225.0,11113.0,11224.0,109053.0
2018-01-23,11210.0,11253.0,11180.0,11224.0,110875.0
2018-01-24,11226.0,11234.0,11090.0,11125.0,123315.0
2018-01-25,11140.0,11272.0,11098.0,11155.0,162594.0
2018-01-26,11158.0,11187.0,11080.0,11146.0,136543.0
2018-01-29,11148.0,11238.0,11144.0,11198.0,102150.0
2018-01-30,11188.0,11197.0,11064.0,11066.0,123146.0
2018-01-31,11078.0,11144.0,11017.0,11099.0,148474.0
2018-02-01,11105.0,11199.0,11086.0,11164.0,108127.0
2018-02-02,11156.0,11162.0,11042.0,11115.0,135736.0
2018-02-05,11104.0,11116.0,10848.0,10927.0,145588.0
2018-02-06,10925.0,10949.0,10243.0,10396.0,326593.0
2018-02-07,10418.0,10668.0,10401.0,10515.0,255248.0
2018-02-08,10508.0,10611.0,10492.0,10519.0,165713.0
2018-02-09,10508.0,10522.0,10123.0,10354.0,254901.0
2018-02-12,10336.0,10438.0,10188.0,10410.0,183008.0
2018-02-21,10413.0,10717.0,10383.0,10706.0,83330.0
2018-02-22,10706.0,10773.0,10593.0,10626.0,109996.0
2018-02-23,10614.0,10788.0,10599.0,10783.0,123603.0
2018-02-26,10799.0,10872.0,10773.0,10820.0,96673.0
2018-02-27,10817.0,10914.0,10783.0,10788.0,107970.0
2018-03-01,10786.0,10806.0,10600.0,10737.0,142581.0
2018-03-02,10755.0,10788.0,10575.0,10681.0,178810.0
2018-03-05,10680.0,10741.0,10593.0,10634.0,185628.0
2018-03-06,10624.0,10788.0,10604.0,10787.0,148641.0
2018-03-07,10795.0,10837.0,10700.0,10710.0,158869.0
2018-03-08,10709.0,10847.0,10707.0,10830.0,131200.0
2018-03-09,10836.0,10910.0,10827.0,10863.0,130771.0
2018-03-12,10860.0,11025.0,10844.0,11023.0,114232.0
2018-03-13,11036.0,11103.0,11013.0,11100.0,103906.0
2018-03-14,11096.0,11121.0,11003.0,11031.0,125863.0
2018-03-15,11028.0,11073.0,10970.0,11043.0,121104.0
2018-03-16,11056.0,11083.0,10922.0,11017.0,154935.0
2018-03-19,11005.0,11054.0,10959.0,11028.0,101967.0
2018-03-20,11030.0,11032.0,10920.0,11012.0,97153.0
2018-03-21,11020.0,11073.0,10991.0,11044.0,73420.0
2018-03-22,11000.0,11122.0,10961.0,10990.0,173847.0
2018-03-23,10981.0,10983.0,10715.0,10733.0,198511.0
2018-03-26,10750.0,10847.0,10621.0,10840.0,172013.0
2018-03-27,10864.0,10991.0,10808.0,10989.0,152594.0
2018-03-28,10998.0,11000.0,10809.0,10820.0,159225.0
2018-03-29,10826.0,10858.0,10763.0,10840.0,178920.0
2018-03-30,10855.0,10974.0,10842.0,10918.0,128778.0
2018-03-31,10929.0,10953.0,10912.0,10925.0,29835.0
2018-04-02,10921.0,10959.0,10843.0,10864.0,106706.0
2018-04-03,10852.0,10879.0,10701.0,10785.0,153721.0
2018-04-09,10795.0,10911.0,10786.0,10905.0,146238.0
2018-04-10,10917.0,10993.0,10852.0,10948.0,150536.0
2018-04-11,10963.0,11007.0,10937.0,10978.0,109313.0
2018-04-12,10976.0,11024.0,10905.0,10942.0,135467.0
2018-04-13,10916.0,10988.0,10907.0,10956.0,112029.0
2018-04-16,10966.0,10984.0,10908.0,10942.0,110010.0
2018-04-17,10939.0,10968.0,10801.0,10807.0,115631.0
2018-04-18,10808.0,10909.0,10773.0,10846.0,103075.0
2018-04-19,10844.0,10975.0,10808.0,10969.0,131574.0
2018-04-20,10943.0,10968.0,10775.0,10787.0,178432.0
2018-04-23,10759.0,10767.0,10682.0,10692.0,160702.0
2018-04-24,10687.0,10694.0,10547.0,10585.0,176679.0
2018-04-25,10579.0,10624.0,10412.0,10535.0,194142.0
2018-04-26,10537.0,10621.0,10470.0,10474.0,182647.0
2018-04-27,10461.0,10565.0,10450.0,10560.0,145325.0
2018-04-30,10568.0,10655.0,10530.0,10653.0,145582.0
2018-05-02,10645.0,10670.0,10597.0,10610.0,112854.0
2018-05-03,10615.0,10633.0,10488.0,10505.0,143634.0
2018-05-04,10506.0,10545.0,10407.0,10523.0,165664.0
2018-05-07,10508.0,10615.0,10480.0,10596.0,148035.0
2018-05-08,10580.0,10672.0,10568.0,10668.0,105628.0
2018-05-09,10675.0,10731.0,10651.0,10703.0,115561.0
2018-05-10,10708.0,10770.0,10695.0,10764.0,104083.0
2018-05-11,10757.0,10865.0,10752.0,10860.0,104673.0
2018-05-14,10856.0,10968.0,10853.0,10957.0,103288.0
2018-05-15,10951.0,10975.0,10857.0,10864.0,90992.0
2018-05-16,10865.0,10906.0,10818.0,10872.0,87806.0
2018-05-17,10879.0,10929.0,10823.0,10824.0,116680.0
2018-05-18,10812.0,10874.0,10790.0,10820.0,113724.0
2018-05-21,10829.0,10966.0,10798.0,10965.0,101965.0
2018-05-22,10963.0,10999.0,10913.0,10920.0,108547.0
2018-05-23,10926.0,10993.0,10855.0,10858.0,123618.0
2018-05-24,10858.0,10922.0,10815.0,10918.0,126623.0
2018-05-25,10926.0,10956.0,10861.0,10932.0,121545.0
2018-05-28,10935.0,10989.0,10918.0,10983.0,89244.0
2018-05-29,10981.0,10987.0,10896.0,10928.0,96793.0
2018-05-30,10914.0,10918.0,10761.0,10775.0,138916.0
2018-05-31,10782.0,10870.0,10774.0,10865.0,119274.0
2018-06-01,10864.0,10925.0,10820.0,10914.0,112004.0
2018-06-04,10924.0,11095.0,10920.0,11085.0,91531.0
2018-06-05,11089.0,11136.0,11035.0,11069.0,108138.0
2018-06-06,11069.0,11210.0,11042.0,11199.0,114010.0
2018-06-07,11208.0,11253.0,11174.0,11228.0,118147.0
2018-06-08,11234.0,11240.0,11103.0,11125.0,116507.0
2018-06-11,11115.0,11173.0,11071.0,11128.0,107889.0
2018-06-12,11132.0,11156.0,11054.0,11142.0,137651.0
2018-06-13,11143.0,11169.0,11096.0,11145.0,106413.0
2018-06-14,11133.0,11147.0,10984.0,10984.0,115930.0
2018-06-15,10968.0,11075.0,10957.0,11055.0,123156.0
2018-06-19,11045.0,11051.0,10873.0,10873.0,115247.0
2018-06-20,10845.0,10952.0,10814.0,10936.0,103998.0
2018-06-21,10730.0,10748.0,10688.0,10705.0,119761.0
2018-06-22,10681.0,10685.0,10582.0,10655.0,138866.0
2018-06-25,10665.0,10676.0,10583.0,10585.0,110395.0
2018-06-26,10581.0,10598.0,10484.0,10592.0,162921.0
2018-06-27,10591.0,10625.0,10538.0,10554.0,127836.0
2018-06-28,10537.0,10596.0,10484.0,10523.0,163536.0
2018-06-29,10505.0,10691.0,10485.0,10678.0,148719.0
2018-07-02,10688.0,10719.0,10609.0,10611.0,124197.0
2018-07-03,10590.0,10716.0,10543.0,10622.0,199702.0
2018-07-04,10623.0,10647.0,10583.0,10618.0,127834.0
2018-07-05,10614.0,10639.0,10488.0,10499.0,155145.0
2018-07-06,10500.0,10556.0,10414.0,10541.0,200178.0
2018-07-09,10517.0,10675.0,10493.0,10663.0,142619.0
2018-07-10,10668.0,10744.0,10660.0,10709.0,113154.0
2018-07-11,10619.0,10657.0,10575.0,10615.0,131857.0
2018-07-12,10605.0,10750.0,10599.0,10740.0,133475.0
2018-07-13,10741.0,10850.0,10733.0,10850.0,118145.0
2018-07-16,10842.0,10874.0,10807.0,10814.0,99375.0
2018-07-17,10816.0,10828.0,10756.0,10769.0,98296.0
2018-07-18,10766.0,10872.0,10757.0,10843.0,85631.0
2018-07-19,10719.0,10792.0,10709.0,10721.0,124322.0
2018-07-20,10709.0,10847.0,10692.0,10824.0,175800.0
2018-07-23,10840.0,10868.0,10793.0,10831.0,132257.0
2018-07-24,10839.0,10879.0,10802.0,10873.0,103963.0
2018-07-25,10865.0,10912.0,10851.0,10865.0,95933.0
2018-07-26,10877.0,10926.0,10865.0,10913.0,109671.0
2018-07-27,10915.0,10995.0,10912.0,10991.0,98553.0
2018-07-30,10997.0,11038.0,10937.0,10940.0,115052.0
2018-07-31,10948.0,10997.0,10913.0,10989.0,108312.0
2018-08-01,10982.0,11057.0,10981.0,11046.0,87727.0
2018-08-02,11049.0,11059.0,10862.0,10872.0,140469.0
2018-08-03,10867.0,10977.0,10863.0,10968.0,106214.0
2018-08-06,10974.0,11036.0,10957.0,10982.0,121320.0
2018-08-07,10978.0,11004.0,10950.0,10968.0,96714.0
2018-08-08,10982.0,11070.0,10977.0,11049.0,93515.0
2018-08-09,11045.0,11066.0,10968.0,11019.0,103820.0
2018-08-10,11014.0,11029.0,10954.0,10960.0,93159.0
2018-08-13,10955.0,10971.0,10693.0,10756.0,162814.0
2018-08-14,10770.0,10831.0,10727.0,10819.0,121316.0
2018-08-15,10831.0,10843.0,10696.0,10737.0,99757.0
2018-08-16,10684.0,10724.0,10586.0,10689.0,163780.0
2018-08-17,10686.0,10747.0,10647.0,10661.0,127231.0
2018-08-20,10655.0,10715.0,10613.0,10670.0,139726.0
2018-08-21,10693.0,10774.0,10673.0,10768.0,117653.0
2018-08-22,10761.0,10806.0,10733.0,10764.0,110153.0
2018-08-23,10770.0,10845.0,10758.0,10840.0,134433.0
2018-08-24,10845.0,10851.0,10728.0,10788.0,138941.0
2018-08-27,10773.0,10892.0,10762.0,10886.0,120981.0
2018-08-28,10890.0,10980.0,10885.0,10954.0,94521.0
2018-08-29,10958.0,11048.0,10950.0,11044.0,112171.0
2018-08-30,11047.0,11134.0,11019.0,11023.0,146988.0
2018-08-31,11035.0,11047.0,10953.0,11021.0,135518.0
2018-09-03,11010.0,11045.0,10920.0,10934.0,138667.0
2018-09-04,10941.0,11004.0,10935.0,11003.0,116119.0
2018-09-05,11007.0,11021.0,10943.0,10950.0,147680.0
2018-09-06,10921.0,10951.0,10600.0,10901.0,173926.0
2018-09-07,10895.0,10929.0,10803.0,10844.0,168926.0
2018-09-10,10844.0,10879.0,10708.0,10732.0,179310.0
2018-09-11,10727.0,10767.0,10682.0,10741.0,139021.0
2018-09-12,10735.0,10774.0,10687.0,10724.0,143563.0
2018-09-13,10715.0,10779.0,10696.0,10718.0,135283.0
2018-09-14,10725.0,10887.0,10724.0,10881.0,132578.0
2018-09-17,10880.0,10905.0,10810.0,10824.0,101711.0
2018-09-18,10820.0,10834.0,10761.0,10782.0,96749.0
2018-09-19,10813.0,10876.0,10802.0,10872.0,70665.0
2018-09-20,10880.0,10922.0,10825.0,10848.0,127715.0
2018-09-21,10841.0,10975.0,10840.0,10973.0,143048.0
2018-09-25,10979.0,10996.0,10935.0,10979.0,95142.0
2018-09-26,10986.0,10997.0,10948.0,10972.0,92677.0
2018-09-27,10965.0,11011.0,10920.0,10980.0,119516.0
2018-09-28,10988.0,11039.0,10920.0,10956.0,142113.0
2018-10-01,10944.0,11018.0,10922.0,11007.0,90816.0
2018-10-02,11010.0,11022.0,10873.0,10879.0,122419.0
2018-10-03,10863.0,10914.0,10841.0,10855.0,128699.0
2018-10-04,10862.0,10877.0,10689.0,10696.0,133231.0
2018-10-05,10680.0,10700.0,10431.0,10507.0,223149.0
2018-10-08,10510.0,10530.0,10407.0,10458.0,173218.0
2018-10-09,10441.0,10508.0,10385.0,10460.0,150547.0
2018-10-11,10460.0,10477.0,9630.0,9641.0,281076.0
2018-10-12,9703.0,10021.0,9642.0,9950.0,263626.0
2018-10-15,9978.0,9978.0,9852.0,9863.0,177188.0
2018-10-16,9853.0,9992.0,9843.0,9950.0,161700.0
2018-10-17,9947.0,10115.0,9936.0,9993.0,122388.0
2018-10-18,9980.0,9988.0,9870.0,9884.0,182514.0
2018-10-19,9874.0,9915.0,9745.0,9904.0,220613.0
2018-10-22,9905.0,9972.0,9761.0,9935.0,208272.0
2018-10-23,9932.0,9946.0,9723.0,9727.0,201326.0
2018-10-24,9710.0,9791.0,9589.0,9714.0,272120.0
2018-10-25,9698.0,9749.0,9413.0,9488.0,266690.0
2018-10-26,9509.0,9636.0,9339.0,9421.0,287361.0
2018-10-29,9448.0,9539.0,9348.0,9472.0,260018.0
2018-10-30,9461.0,9574.0,9330.0,9524.0,221904.0
2018-10-31,9511.0,9747.0,9484.0,9728.0,206060.0
2018-11-01,9721.0,9827.0,9705.0,9789.0,165417.0
2018-11-02,9770.0,9877.0,9752.0,9872.0,188589.0
2018-11-05,9882.0,9931.0,9741.0,9817.0,197687.0
2018-11-06,9814.0,9868.0,9747.0,9774.0,148342.0
2018-11-07,9784.0,9889.0,9756.0,9849.0,170071.0
2018-11-08,9843.0,9999.0,9836.0,9924.0,151570.0
2018-11-09,9916.0,9934.0,9754.0,9790.0,160604.0
2018-11-12,9776.0,9864.0,9701.0,9813.0,150244.0
2018-11-13,9819.0,9822.0,9528.0,9728.0,209556.0
2018-11-14,9730.0,9810.0,9719.0,9769.0,162918.0
2018-11-15,9772.0,9840.0,9708.0,9828.0,206575.0
2018-11-16,9842.0,9927.0,9756.0,9784.0,195352.0
2018-11-19,9780.0,9838.0,9735.0,9818.0,131839.0
2018-11-20,9827.0,9850.0,9703.0,9733.0,142740.0
2018-11-21,9733.0,9760.0,9623.0,9742.0,124249.0
2018-11-22,9741.0,9788.0,9700.0,9715.0,119532.0
2018-11-23,9719.0,9733.0,9613.0,9621.0,128556.0
2018-11-26,9624.0,9850.0,9621.0,9768.0,165266.0
2018-11-27,9768.0,9808.0,9645.0,9740.0,153673.0
2018-11-28,9728.0,9880.0,9703.0,9867.0,178029.0
2018-11-29,9879.0,9995.0,9861.0,9878.0,156902.0
2018-11-30,9873.0,9942.0,9847.0,9854.0,142794.0
2018-12-03,9855.0,10155.0,9815.0,10124.0,152758.0
2018-12-04,10125.0,10145.0,10034.0,10041.0,128584.0
2018-12-05,10043.0,10071.0,9863.0,9878.0,164444.0
2018-12-06,9888.0,9905.0,9626.0,9671.0,161915.0
2018-12-07,9664.0,9764.0,9573.0,9746.0,188176.0
2018-12-10,9749.0,9800.0,9560.0,9627.0,180321.0
2018-12-11,9626.0,9712.0,9583.0,9689.0,178499.0
2018-12-12,9689.0,9826.0,9659.0,9817.0,182057.0
2018-12-13,9820.0,9882.0,9790.0,9855.0,148221.0
2018-12-14,9867.0,9886.0,9675.0,9728.0,171366.0
2018-12-17,9722.0,9825.0,9687.0,9790.0,139466.0
2018-12-18,9790.0,9798.0,9687.0,9719.0,134534.0
2018-12-19,9725.0,9778.0,9717.0,9767.0,83931.0
2018-12-20,9749.0,9790.0,9595.0,9641.0,171055.0
2018-12-21,9649.0,9682.0,9556.0,9657.0,186343.0
2018-12-22,9669.0,9700.0,9575.0,9587.0,91222.0
2018-12-24,9604.0,9627.0,9587.0,9620.0,74845.0
2018-12-25,9622.0,9624.0,9410.0,9477.0,147829.0
2018-12-26,9479.0,9555.0,9438.0,9459.0,110885.0
2018-12-27,9478.0,9655.0,9465.0,9632.0,170816.0
2018-12-28,9621.0,9679.0,9540.0,9669.0,136512.0
2019-01-02,9660.0,9763.0,9506.0,9530.0,173449.0
2019-01-03,9527.0,9590.0,9433.0,9440.0,172146.0
2019-01-04,9449.0,9475.0,9306.0,9369.0,209706.0
2019-01-07,9386.0,9588.0,9373.0,9563.0,173092.0
2019-01-08,9570.0,9632.0,9532.0,9560.0,135790.0
2019-01-09,9560.0,9755.0,9551.0,9711.0,178688.0
2019-01-10,9700.0,9750.0,9673.0,9695.0,124151.0
2019-01-11,9691.0,9802.0,9687.0,9748.0,145359.0
2019-01-14,9756.0,9779.0,9660.0,9688.0,118791.0
2019-01-15,9684.0,9817.0,9676.0,9796.0,128680.0
2019-01-16,9805.0,9813.0,9755.0,9783.0,75960.0
2019-01-17,9773.0,9834.0,9721.0,9780.0,151163.0
2019-01-18,9737.0,9850.0,9732.0,9820.0,146457.0
2019-01-21,9822.0,9922.0,9817.0,9866.0,136120.0
2019-01-22,9868.0,9892.0,9822.0,9846.0,96765.0
2019-01-23,9850.0,9873.0,9795.0,9820.0,116583.0
2019-01-24,9819.0,9885.0,9798.0,9862.0,128186.0
2019-01-25,9863.0,9989.0,9855.0,9971.0,126405.0
2019-01-28,9972.0,10038.0,9970.0,9986.0,88915.0
2019-01-29,9979.0,9984.0,9880.0,9922.0,115282.0
2019-01-30,9925.0,9956.0,9896.0,9925.0,94655.0
2019-02-11,9924.0,10066.0,9918.0,9999.0,106809.0
2019-02-12,10010.0,10092.0,10004.0,10086.0,80432.0
2019-02-13,10089.0,10141.0,10056.0,10086.0,96607.0
2019-02-14,10091.0,10124.0,10034.0,10081.0,100339.0
2019-02-15,10087.0,10116.0,10022.0,10042.0,124183.0
2019-02-18,10040.0,10161.0,10029.0,10138.0,97786.0
2019-02-19,10143.0,10158.0,10108.0,10146.0,57903.0
2019-02-20,10147.0,10263.0,10129.0,10256.0,77055.0
2019-02-21,10253.0,10326.0,10232.0,10325.0,105510.0
2019-02-22,10308.0,10322.0,10245.0,10309.0,107576.0
2019-02-25,10314.0,10377.0,10314.0,10368.0,112116.0
2019-02-26,10379.0,10420.0,10336.0,10354.0,100206.0
2019-02-27,10353.0,10383.0,10326.0,10362.0,80884.0
2019-03-04,10345.0,10400.0,10276.0,10313.0,123920.0
2019-03-05,10304.0,10310.0,10215.0,10275.0,109576.0
2019-03-06,10282.0,10333.0,10257.0,10324.0,98248.0
2019-03-07,10328.0,10355.0,10260.0,10262.0,110808.0
2019-03-08,10266.0,10292.0,10162.0,10201.0,140162.0
2019-03-11,10190.0,10233.0,10149.0,10228.0,101467.0
2019-03-12,10232.0,10385.0,10208.0,10349.0,115042.0
2019-03-13,10350.0,10366.0,10305.0,10366.0,102404.0
2019-03-14,10358.0,10413.0,10322.0,10336.0,100679.0
2019-03-15,10337.0,10430.0,10318.0,10414.0,101259.0
2019-03-18,10414.0,10488.0,10409.0,10478.0,79266.0
2019-03-19,10485.0,10511.0,10461.0,10505.0,69817.0
2019-03-20,10505.0,10553.0,10492.0,10546.0,62551.0
2019-03-21,10520.0,10592.0,10480.0,10589.0,105871.0
2019-03-22,10570.0,10663.0,10560.0,10614.0,123437.0
2019-03-25,10610.0,10629.0,10423.0,10438.0,133781.0
2019-03-26,10422.0,10539.0,10419.0,10524.0,111720.0
2019-03-27,10518.0,10570.0,10473.0,10521.0,105661.0
2019-03-28,10525.0,10529.0,10443.0,10493.0,115338.0
2019-03-29,10500.0,10600.0,10475.0,10598.0,147342.0
2019-04-01,10594.0,10715.0,10592.0,10638.0,130956.0
2019-04-02,10645.0,10704.0,10640.0,10679.0,87888.0
2019-04-03,10681.0,10727.0,10644.0,10694.0,104500.0
2019-04-08,10702.0,10795.0,10700.0,10771.0,98349.0
2019-04-09,10780.0,10848.0,10768.0,10843.0,74506.0
2019-04-10,10846.0,10879.0,10800.0,10862.0,90046.0
2019-04-11,10862.0,10885.0,10774.0,10805.0,114355.0
2019-04-12,10808.0,10832.0,10781.0,10802.0,92989.0
2019-04-15,10805.0,10895.0,10800.0,10876.0,87403.0
2019-04-16,10868.0,10933.0,10833.0,10931.0,90095.0
2019-04-17,10931.0,11009.0,10928.0,11005.0,63843.0
2019-04-18,10990.0,11042.0,10921.0,10938.0,130702.0
2019-04-19,10939.0,11036.0,10937.0,10974.0,118310.0
2019-04-22,10980.0,11030.0,10958.0,10979.0,84686.0
2019-04-23,10973.0,11025.0,10934.0,11024.0,120212.0
2019-04-24,11024.0,11060.0,10970.0,11009.0,117020.0
2019-04-25,11006.0,11040.0,10961.0,11031.0,110423.0
2019-04-26,11016.0,11022.0,10900.0,10934.0,145790.0
2019-04-29,10921.0,10977.0,10902.0,10932.0,113055.0
2019-04-30,10941.0,10961.0,10883.0,10952.0,100563.0
2019-05-02,10952.0,11033.0,10926.0,10978.0,122035.0
2019-05-03,10985.0,11094.0,10942.0,11094.0,125323.0
2019-05-06,11094.0,11138.0,10821.0,10857.0,161324.0
2019-05-07,10851.0,10996.0,10841.0,10972.0,136123.0
2019-05-08,10992.0,10994.0,10824.0,10894.0,171395.0
2019-05-09,10894.0,10922.0,10716.0,10747.0,197307.0
2019-05-10,10729.0,10850.0,10594.0,10745.0,280242.0
2019-05-13,10757.0,10790.0,10566.0,10575.0,207746.0
2019-05-14,10572.0,10575.0,10376.0,10532.0,222510.0
2019-05-15,10525.0,10609.0,10505.0,10579.0,107029.0
2019-05-16,10581.0,10597.0,10482.0,10489.0,197833.0
2019-05-17,10499.0,10568.0,10406.0,10411.0,192142.0
2019-05-20,10407.0,10485.0,10364.0,10433.0,195781.0
2019-05-21,10435.0,10503.0,10347.0,10488.0,179412.0
2019-05-22,10482.0,10515.0,10453.0,10477.0,143898.0
2019-05-23,10476.0,10490.0,10285.0,10312.0,169935.0
2019-05-24,10295.0,10385.0,10238.0,10345.0,162702.0
2019-05-27,10352.0,10391.0,10284.0,10334.0,129148.0
2019-05-28,10343.0,10374.0,10309.0,10339.0,91415.0
2019-05-29,10330.0,10344.0,10216.0,10292.0,119110.0
2019-05-30,10271.0,10382.0,10241.0,10367.0,145016.0
2019-05-31,10373.0,10493.0,10330.0,10455.0,146172.0
2019-06-03,10444.0,10477.0,10366.0,10473.0,146560.0
2019-06-04,10472.0,10499.0,10401.0,10416.0,129939.0
2019-06-05,10413.0,10510.0,10409.0,10455.0,119371.0
2019-06-06,10448.0,10470.0,10351.0,10362.0,135682.0
2019-06-10,10361.0,10546.0,10338.0,10540.0,135623.0
2019-06-11,10546.0,10618.0,10533.0,10591.0,105770.0
2019-06-12,10591.0,10616.0,10561.0,10592.0,99577.0
2019-06-13,10584.0,10594.0,10497.0,10530.0,128426.0
2019-06-14,10523.0,10558.0,10515.0,10529.0,92329.0
2019-06-17,10521.0,10566.0,10460.0,10545.0,106876.0
2019-06-18,10544.0,10576.0,10526.0,10555.0,74586.0
2019-06-19,10559.0,10800.0,10548.0,10770.0,101877.0
2019-06-20,10575.0,10604.0,10542.0,10592.0,94694.0
2019-06-21,10601.0,10677.0,10564.0,10586.0,130573.0
2019-06-24,10594.0,10647.0,10554.0,10623.0,101054.0
2019-06-25,10619.0,10630.0,10523.0,10539.0,105744.0
2019-06-26,10543.0,10568.0,10500.0,10503.0,102483.0
2019-06-27,10505.0,10641.0,10504.0,10622.0,122736.0
2019-06-28,10626.0,10636.0,10551.0,10579.0,102242.0
2019-07-01,10585.0,10779.0,10566.0,10770.0,99130.0
2019-07-02,10767.0,10782.0,10729.0,10748.0,77485.0
2019-07-03,10751.0,10760.0,10152.0,10643.0,111273.0
2019-07-04,10642.0,10729.0,10642.0,10710.0,92393.0
2019-07-05,10703.0,10749.0,10681.0,10718.0,80258.0
2019-07-08,10712.0,10714.0,10630.0,10663.0,120802.0
2019-07-09,10659.0,10698.0,10631.0,10649.0,87016.0
2019-07-10,10649.0,10740.0,10635.0,10731.0,107122.0
2019-07-11,10725.0,10833.0,10720.0,10814.0,105759.0
2019-07-12,10815.0,10830.0,10776.0,10812.0,82709.0
2019-07-15,10805.0,10860.0,10730.0,10849.0,112429.0
2019-07-16,10851.0,10892.0,10839.0,10879.0,70274.0
2019-07-17,10872.0,10874.0,10805.0,10832.0,80114.0
2019-07-18,10669.0,10676.0,10623.0,10652.0,80613.0
2019-07-19,10663.0,10792.0,10656.0,10742.0,112104.0
2019-07-22,10742.0,10798.0,10711.0,10796.0,90254.0
2019-07-23,10791.0,10836.0,10785.0,10803.0,87638.0
2019-07-24,10803.0,10835.0,10792.0,10804.0,76618.0
2019-07-25,10801.0,10832.0,10769.0,10823.0,85205.0
2019-07-26,10828.0,10828.0,10764.0,10788.0,75311.0
2019-07-29,10786.0,10802.0,10744.0,10783.0,82978.0
2019-07-30,10787.0,10837.0,10752.0,10752.0,93651.0
2019-07-31,10746.0,10747.0,10675.0,10737.0,119919.0
2019-08-01,10724.0,10733.0,10566.0,10645.0,122560.0
2019-08-02,10635.0,10696.0,10440.0,10469.0,181062.0
2019-08-05,10473.0,10473.0,10358.0,10377.0,157814.0
2019-08-06,10380.0,10390.0,10088.0,10330.0,241843.0
2019-08-07,10336.0,10375.0,10285.0,10346.0,144778.0
2019-08-08,10352.0,10454.0,10256.0,10438.0,204980.0
2019-08-12,10440.0,10482.0,10380.0,10441.0,114550.0
2019-08-13,10440.0,10452.0,10320.0,10344.0,141015.0
2019-08-14,10327.0,10491.0,10305.0,10430.0,160062.0
2019-08-15,10423.0,10425.0,10222.0,10300.0,184701.0
2019-08-16,10329.0,10421.0,10206.0,10413.0,203054.0
2019-08-19,10404.0,10489.0,10390.0,10483.0,114949.0
2019-08-20,10493.0,10530.0,10477.0,10525.0,87901.0
2019-08-21,10518.0,10544.0,10493.0,10528.0,68592.0
2019-08-22,10494.0,10564.0,10464.0,10475.0,117727.0
2019-08-23,10476.0,10513.0,10435.0,10498.0,106279.0
2019-08-26,10505.0,10511.0,10294.0,10308.0,186484.0
2019-08-27,10333.0,10390.0,10333.0,10364.0,106215.0
2019-08-28,10366.0,10438.0,10350.0,10414.0,108370.0
2019-08-29,10413.0,10441.0,10358.0,10432.0,113728.0
2019-08-30,10432.0,10584.0,10425.0,10578.0,103716.0
2019-09-02,10573.0,10620.0,10555.0,10606.0,88647.0
2019-09-03,10601.0,10632.0,10537.0,10543.0,95149.0
2019-09-04,10540.0,10657.0,10523.0,10647.0,103459.0
2019-09-05,10681.0,10762.0,10675.0,10735.0,102278.0
2019-09-06,10718.0,10795.0,10714.0,10769.0,86018.0
2019-09-09,10776.0,10827.0,10758.0,10794.0,77305.0
2019-09-10,10795.0,10814.0,10730.0,10742.0,75865.0
2019-09-11,10747.0,10808.0,10723.0,10775.0,90639.0
2019-09-12,10775.0,10870.0,10761.0,10825.0,82599.0
2019-09-16,10818.0,10885.0,10796.0,10880.0,83306.0
2019-09-17,10886.0,10913.0,10858.0,10866.0,61664.0
2019-09-18,10864.0,10963.0,10854.0,10960.0,62057.0
2019-09-19,10900.0,10936.0,10845.0,10867.0,97824.0
2019-09-20,10862.0,10919.0,10856.0,10901.0,73205.0
2019-09-23,10906.0,10929.0,10858.0,10892.0,83752.0
2019-09-24,10895.0,10932.0,10865.0,10908.0,94126.0
2019-09-25,10906.0,10908.0,10806.0,10841.0,108006.0
2019-09-26,10828.0,10894.0,10792.0,10844.0,110345.0
2019-09-27,10842.0,10898.0,10811.0,10823.0,106972.0
2019-10-01,10834.0,10962.0,10769.0,10955.0,116991.0
2019-10-02,10959.0,10964.0,10903.0,10924.0,84662.0
2019-10-03,10920.0,10922.0,10773.0,10851.0,131476.0
2019-10-04,10867.0,10911.0,10818.0,10878.0,134728.0
2019-10-07,10864.0,10938.0,10853.0,10914.0,92898.0
2019-10-08,10914.0,11021.0,10904.0,11000.0,86081.0
2019-10-09,11009.0,11009.0,10881.0,10883.0,114112.0
2019-10-14,10876.0,11091.0,10761.0,11075.0,101821.0
2019-10-15,11070.0,11122.0,11047.0,11110.0,64872.0
2019-10-16,11117.0,11172.0,11110.0,11145.0,71105.0
2019-10-17,11131.0,11166.0,11117.0,11160.0,71638.0
2019-10-18,11162.0,11245.0,11132.0,11149.0,136797.0
2019-10-21,11143.0,11173.0,11125.0,11158.0,69898.0
2019-10-22,11154.0,11252.0,11150.0,11240.0,88005.0
2019-10-23,11243.0,11268.0,11182.0,11202.0,87384.0
2019-10-24,11207.0,11291.0,11195.0,11290.0,84703.0
2019-10-25,11293.0,11328.0,11265.0,11283.0,81772.0
2019-10-28,11288.0,11341.0,11276.0,11310.0,62688.0
2019-10-29,11315.0,11366.0,11293.0,11325.0,85514.0
2019-10-30,11323.0,11350.0,11295.0,11338.0,73791.0
2019-10-31,11341.0,11396.0,11315.0,11346.0,88629.0
2019-11-01,11344.0,11377.0,11302.0,11370.0,83268.0
2019-11-04,11370.0,11554.0,11361.0,11546.0,99496.0
2019-11-05,11549.0,11650.0,11538.0,11646.0,101592.0
2019-11-06,11636.0,11682.0,11600.0,11652.0,106199.0
2019-11-07,11648.0,11662.0,11558.0,11595.0,104741.0
2019-11-08,11600.0,11674.0,11555.0,11572.0,117590.0
2019-11-11,11571.0,11602.0,11424.0,11438.0,124851.0
2019-11-12,11437.0,11527.0,11434.0,11523.0,92009.0
2019-11-13,11525.0,11525.0,11428.0,11465.0,106225.0
2019-11-14,11467.0,11512.0,11413.0,11458.0,125816.0
2019-11-15,11445.0,11564.0,11436.0,11533.0,106900.0
2019-11-18,11527.0,11594.0,11507.0,11592.0,83392.0
2019-11-19,11594.0,11654.0,11563.0,11647.0,88877.0
2019-11-20,11653.0,11665.0,11594.0,11607.0,66162.0
2019-11-21,11592.0,11612.0,11450.0,11546.0,147012.0
2019-11-22,11549.0,11593.0,11527.0,11555.0,91770.0
2019-11-25,11548.0,11629.0,11542.0,11566.0,90774.0
2019-11-26,11569.0,11658.0,11566.0,11617.0,102035.0
2019-11-27,11618.0,11651.0,11596.0,11648.0,75213.0
2019-11-28,11650.0,11682.0,11605.0,11614.0,95203.0
2019-11-29,11615.0,11623.0,11462.0,11465.0,130171.0
2019-12-02,11467.0,11533.0,11423.0,11503.0,110430.0
2019-12-03,11508.0,11530.0,11431.0,11524.0,113893.0
2019-12-04,11522.0,11543.0,11443.0,11501.0,134715.0
2019-12-05,11504.0,11618.0,11478.0,11599.0,111191.0
2019-12-06,11608.0,11670.0,11580.0,11613.0,104440.0
2019-12-09,11622.0,11698.0,11617.0,11673.0,94145.0
2019-12-10,11676.0,11683.0,11605.0,11625.0,80258.0
2019-12-11,11616.0,11706.0,11559.0,11704.0,123549.0
2019-12-12,11710.0,11888.0,11696.0,11853.0,126298.0
2019-12-13,11853.0,12007.0,11837.0,11965.0,140448.0
2019-12-16,11957.0,11991.0,11908.0,11959.0,106339.0
2019-12-17,11966.0,12101.0,11945.0,12098.0,91899.0
2019-12-18,12090.0,12129.0,12058.0,12118.0,63176.0
2019-12-19,12083.0,12118.0,12015.0,12032.0,105835.0
2019-12-20,12037.0,12079.0,11951.0,11979.0,146284.0
2019-12-23,11977.0,12029.0,11970.0,12019.0,94261.0
2019-12-24,12015.0,12044.0,11983.0,11983.0,71942.0
2019-12-25,11981.0,12027.0,11958.0,12019.0,58438.0
2019-12-26,12019.0,12043.0,11986.0,12008.0,57653.0
2019-12-27,12006.0,12111.0,12000.0,12097.0,83305.0
2019-12-30,12105.0,12125.0,12065.0,12070.0,82745.0
2019-12-31,12066.0,12076.0,11992.0,11995.0,91991.0
2020-01-02,11997.0,12120.0,11965.0,12100.0,114038.0
2020-01-03,12099.0,12198.0,11996.0,12086.0,181391.0
2020-01-06,12090.0,12093.0,11948.0,11950.0,144961.0
2020-01-07,11936.0,12009.0,11816.0,11873.0,186426.0
2020-01-08,11864.0,11912.0,11697.0,11789.0,182207.0
2020-01-09,11805.0,11999.0,11804.0,11970.0,147745.0
2020-01-10,11968.0,12042.0,11940.0,12011.0,130258.0
2020-01-13,12013.0,12121.0,11998.0,12116.0,118503.0
2020-01-14,12125.0,12200.0,12115.0,12182.0,95230.0
2020-01-15,12175.0,12197.0,12058.0,12062.0,95219.0
2020-01-16,12065.0,12085.0,11991.0,12057.0,124083.0
2020-01-17,12065.0,12118.0,12030.0,12071.0,128719.0
2020-01-20,12077.0,12160.0,12072.0,12111.0,92230.0
2020-01-30,12115.0,12116.0,11367.0,11368.0,236266.0
2020-01-31,11367.0,11568.0,11272.0,11468.0,219857.0
2020-02-03,11458.0,11471.0,11153.0,11326.0,292183.0
2020-02-04,11311.0,11557.0,11298.0,11538.0,186957.0
2020-02-05,11543.0,11639.0,11474.0,11542.0,211585.0
2020-02-06,11552.0,11744.0,11539.0,11740.0,203660.0
2020-02-07,11741.0,11742.0,11566.0,11592.0,184860.0
2020-02-10,11612.0,11625.0,11402.0,11565.0,216382.0
2020-02-11,11567.0,11688.0,11521.0,11665.0,135401.0
2020-02-12,11655.0,11797.0,11645.0,11770.0,135727.0
2020-02-13,11781.0,11842.0,11762.0,11775.0,147263.0
2020-02-14,11772.0,11852.0,11709.0,11811.0,156885.0
2020-02-17,11807.0,11812.0,11700.0,11770.0,137996.0
2020-02-18,11770.0,11787.0,11627.0,11639.0,140206.0
2020-02-19,11626.0,11805.0,11603.0,11759.0,114692.0
2020-02-20,11763.0,11830.0,11679.0,11714.0,171167.0
2020-02-21,11720.0,11765.0,11621.0,11663.0,189676.0
2020-02-24,11665.0,11678.0,11475.0,11510.0,198871.0
2020-02-25,11503.0,11561.0,11314.0,11541.0,262632.0
2020-02-26,11548.0,11555.0,11341.0,11422.0,272017.0
2020-02-27,11394.0,11487.0,11236.0,11274.0,316144.0
2020-03-02,11301.0,11345.0,11008.0,11175.0,358177.0
2020-03-03,11169.0,11374.0,11072.0,11323.0,318313.0
2020-03-04,11329.0,11399.0,11206.0,11362.0,282812.0
2020-03-05,11377.0,11501.0,11369.0,11492.0,183077.0
2020-03-06,11482.0,11486.0,11260.0,11269.0,235698.0
2020-03-09,11258.0,11287.0,10916.0,10951.0,361696.0
2020-03-10,10961.0,10996.0,10679.0,10984.0,445698.0
2020-03-11,10964.0,11049.0,10807.0,10821.0,348411.0
2020-03-12,10820.0,10878.0,10161.0,10363.0,503473.0
2020-03-13,10362.0,10379.0,9451.0,10011.0,688652.0
2020-03-16,10034.0,10346.0,9637.0,9665.0,611087.0
2020-03-17,9630.0,9677.0,9182.0,9365.0,630619.0
2020-03-18,9388.0,9500.0,9073.0,9264.0,452145.0
2020-03-19,8799.0,8870.0,8268.0,8350.0,708081.0
2020-03-20,8480.0,9165.0,8396.0,9019.0,611246.0
2020-03-23,9153.0,9340.0,8555.0,8646.0,532610.0
2020-03-24,8700.0,9295.0,8657.0,9192.0,518559.0
2020-03-25,9290.0,9625.0,9240.0,9586.0,439195.0
2020-03-26,9630.0,9788.0,9426.0,9640.0,536619.0
2020-03-27,9582.0,9911.0,9525.0,9581.0,444915.0
2020-03-30,9610.0,9623.0,9265.0,9573.0,393678.0
2020-03-31,9532.0,9718.0,9451.0,9596.0,343133.0
2020-04-01,9638.0,9666.0,9551.0,9553.0,281370.0
2020-04-06,9505.0,9879.0,9422.0,9826.0,295766.0
2020-04-07,9812.0,10020.0,9791.0,9998.0,260431.0
2020-04-08,10080.0,10184.0,9945.0,10125.0,308744.0
2020-04-09,10080.0,10197.0,10008.0,10100.0,295447.0
2020-04-10,10110.0,10140.0,9985.0,10133.0,218403.0
2020-04-13,10130.0,10185.0,10031.0,10076.0,152811.0
2020-04-14,10081.0,10355.0,10068.0,10343.0,185947.0
2020-04-15,10335.0,10463.0,10324.0,10451.0,138642.0
2020-04-16,10320.0,10343.0,10162.0,10302.0,236575.0
2020-04-17,10400.0,10669.0,10328.0,10565.0,318001.0
2020-04-20,10542.0,10568.0,10458.0,10476.0,205969.0
2020-04-21,10475.0,10479.0,10144.0,10196.0,312546.0
2020-04-22,10230.0,10243.0,10061.0,10223.0,296874.0
2020-04-23,10245.0,10402.0,10155.0,10291.0,296698.0
2020-04-24,10309.0,10363.0,10210.0,10268.0,243690.0
2020-04-27,10285.0,10567.0,10265.0,10547.0,223022.0
2020-04-28,10531.0,10627.0,10480.0,10582.0,202609.0
2020-04-29,10579.0,10770.0,10571.0,10709.0,226233.0
2020-04-30,10708.0,10971.0,10696.0,10946.0,213184.0
2020-05-04,10940.0,10946.0,10476.0,10614.0,274368.0
2020-05-05,10636.0,10795.0,10557.0,10723.0,224554.0
2020-05-06,10730.0,10780.0,10618.0,10751.0,224567.0
2020-05-07,10775.0,10878.0,10690.0,10833.0,226689.0
2020-05-08,10826.0,10956.0,10811.0,10895.0,201372.0
2020-05-11,10875.0,11038.0,10849.0,10981.0,175654.0
2020-05-12,10985.0,10995.0,10802.0,10862.0,216966.0
2020-05-13,10850.0,10938.0,10765.0,10916.0,198586.0
2020-05-14,10923.0,10960.0,10738.0,10748.0,258380.0
2020-05-15,10737.0,10876.0,10645.0,10819.0,283861.0
2020-05-18,10818.0,10844.0,10691.0,10761.0,238213.0
2020-05-19,10755.0,10972.0,10755.0,10870.0,198275.0
2020-05-20,10912.0,10959.0,10850.0,10888.0,144727.0
2020-05-21,10850.0,11008.0,10827.0,10951.0,210690.0
2020-05-22,10949.0,10964.0,10722.0,10743.0,248415.0
2020-05-25,10728.0,10840.0,10650.0,10824.0,239718.0
2020-05-26,10834.0,11027.0,10811.0,10985.0,172620.0
2020-05-27,11002.0,11037.0,10926.0,10973.0,183890.0
2020-05-28,10962.0,11077.0,10856.0,10909.0,249790.0
2020-05-29,10911.0,10983.0,10806.0,10920.0,230248.0
2020-06-01,10912.0,11103.0,10864.0,11057.0,205325.0
2020-06-02,11068.0,11140.0,11002.0,11107.0,174664.0
2020-06-03,11110.0,11299.0,11098.0,11283.0,194559.0
2020-06-04,11292.0,11472.0,11280.0,11359.0,224302.0
2020-06-05,11343.0,11472.0,11341.0,11457.0,181109.0
2020-06-08,11475.0,11626.0,11474.0,11571.0,220705.0
2020-06-09,11565.0,11631.0,11522.0,11606.0,167771.0
2020-06-10,11602.0,11730.0,11553.0,11705.0,177969.0
2020-06-11,11686.0,11745.0,11475.0,11489.0,242828.0
2020-06-12,11493.0,11532.0,11250.0,11395.0,273175.0
2020-06-15,11375.0,11484.0,11216.0,11228.0,283425.0
2020-06-16,11209.0,11555.0,11180.0,11524.0,227363.0
2020-06-17,11502.0,11574.0,11431.0,11520.0,176173.0
2020-06-18,11381.0,11431.0,11294.0,11396.0,224224.0
2020-06-19,11413.0,11470.0,11361.0,11410.0,189449.0
2020-06-22,11440.0,11498.0,11334.0,11418.0,214364.0
2020-06-23,11426.0,11540.0,11345.0,11454.0,227860.0
2020-06-24,11469.0,11570.0,11460.0,11526.0,168843.0
2020-06-29,11520.0,11528.0,11314.0,11362.0,227627.0
2020-06-30,11361.0,11502.0,11357.0,11471.0,152163.0
2020-07-01,11455.0,11623.0,11415.0,11545.0,174096.0
2020-07-02,11560.0,11711.0,11517.0,11696.0,179021.0
2020-07-03,11730.0,11850.0,11724.0,11836.0,190464.0
2020-07-06,11865.0,12073.0,11850.0,12068.0,153606.0
2020-07-07,12069.0,12192.0,11989.0,12027.0,206831.0
2020-07-08,12013.0,12145.0,11967.0,12126.0,180131.0
2020-07-09,12130.0,12222.0,12116.0,12148.0,178223.0
2020-07-10,12137.0,12213.0,11987.0,11997.0,211074.0
2020-07-13,12005.0,12210.0,12001.0,12207.0,159645.0
2020-07-14,12192.0,12297.0,12119.0,12187.0,179488.0
2020-07-15,12209.0,12323.0,12150.0,12220.0,142758.0
2020-07-16,12064.0,12128.0,11932.0,12031.0,227602.0
2020-07-17,12020.0,12138.0,11973.0,12039.0,208461.0
2020-07-20,12047.0,12076.0,11903.0,12033.0,176458.0
2020-07-21,12031.0,12324.0,12015.0,12292.0,177116.0
2020-07-22,12300.0,12369.0,12254.0,12333.0,181054.0
2020-07-23,12325.0,12339.0,12199.0,12288.0,204254.0
2020-07-24,12307.0,12351.0,12123.0,12149.0,274948.0
2020-07-27,12151.0,12572.0,12104.0,12502.0,258935.0
2020-07-28,12519.0,12900.0,12410.0,12454.0,398558.0
2020-07-29,12456.0,12543.0,12322.0,12424.0,267641.0
2020-07-30,12450.0,12656.0,12436.0,12597.0,235501.0
2020-07-31,12574.0,12644.0,12434.0,12575.0,257846.0
2020-08-03,12585.0,12600.0,12404.0,12443.0,249004.0
2020-08-04,12425.0,12632.0,12370.0,12629.0,202744.0
2020-08-05,12661.0,12745.0,12627.0,12743.0,184220.0
2020-08-06,12756.0,12925.0,12752.0,12836.0,242607.0
2020-08-07,12836.0,12879.0,12706.0,12760.0,215416.0
2020-08-10,12758.0,12905.0,12720.0,12856.0,191482.0
2020-08-11,12847.0,12874.0,12728.0,12737.0,189157.0
2020-08-12,12711.0,12782.0,12565.0,12656.0,219692.0
2020-08-13,12698.0,12836.0,12697.0,12726.0,192412.0
2020-08-14,12730.0,12790.0,12645.0,12790.0,185098.0
2020-08-17,12792.0,12959.0,12748.0,12955.0,160658.0
2020-08-18,12980.0,13029.0,12836.0,12876.0,168938.0
2020-08-19,12856.0,12955.0,12780.0,12807.0,128951.0
2020-08-20,12739.0,12778.0,12066.0,12307.0,346295.0
2020-08-21,12297.0,12599.0,12252.0,12551.0,256201.0
2020-08-24,12563.0,12653.0,12464.0,12603.0,210630.0
2020-08-25,12629.0,12795.0,12572.0,12736.0,208303.0
2020-08-26,12737.0,12798.0,12681.0,12795.0,162497.0
2020-08-27,12795.0,12925.0,12736.0,12758.0,226448.0
2020-08-28,12767.0,12810.0,12633.0,12690.0,248800.0
2020-08-31,12685.0,12826.0,12564.0,12590.0,237712.0
2020-09-01,12569.0,12698.0,12476.0,12692.0,219116.0
2020-09-02,12695.0,12775.0,12595.0,12692.0,213631.0
2020-09-03,12691.0,12858.0,12650.0,12734.0,257903.0
2020-09-04,12741.0,12758.0,12485.0,12609.0,315138.0
2020-09-07,12607.0,12733.0,12498.0,12583.0,317348.0
2020-09-08,12566.0,12695.0,12538.0,12670.0,185677.0
2020-09-09,12684.0,12699.0,12433.0,12599.0,311698.0
2020-09-10,12576.0,12706.0,12569.0,12698.0,216682.0
2020-09-11,12703.0,12736.0,12592.0,12664.0,239504.0
2020-09-14,12657.0,12797.0,12582.0,12785.0,193724.0
2020-09-15,12795.0,12854.0,12756.0,12844.0,136041.0
2020-09-16,12845.0,13018.0,12840.0,12969.0,137582.0
2020-09-17,12907.0,12957.0,12772.0,12815.0,212189.0
2020-09-18,12785.0,12866.0,12760.0,12834.0,209550.0
2020-09-21,12831.0,12877.0,12655.0,12660.0,244367.0
2020-09-22,12660.0,12677.0,12481.0,12508.0,291119.0
2020-09-23,12501.0,12575.0,12442.0,12528.0,236304.0
2020-09-24,12528.0,12567.0,12166.0,12177.0,303554.0
2020-09-25,12166.0,12309.0,12050.0,12197.0,321152.0
2020-09-28,12208.0,12421.0,12126.0,12419.0,199511.0
2020-09-29,12419.0,12521.0,12395.0,12420.0,195778.0
2020-09-30,12411.0,12547.0,12371.0,12471.0,205272.0
2020-10-05,12470.0,12620.0,12459.0,12530.0,190573.0
2020-10-06,12520.0,12703.0,12490.0,12675.0,184177.0
2020-10-07,12677.0,12758.0,12602.0,12756.0,192317.0
2020-10-08,12760.0,12876.0,12758.0,12875.0,179123.0
2020-10-12,12891.0,12995.0,12840.0,12921.0,196378.0
2020-10-13,12911.0,12984.0,12816.0,12919.0,169364.0
2020-10-14,12910.0,12956.0,12871.0,12891.0,158620.0
2020-10-15,12898.0,12907.0,12728.0,12841.0,209629.0
2020-10-16,12821.0,12865.0,12719.0,12745.0,213862.0
2020-10-19,12742.0,12912.0,12726.0,12896.0,157824.0
2020-10-20,12898.0,12928.0,12813.0,12855.0,134947.0
2020-10-21,12865.0,12946.0,12847.0,12861.0,113067.0
2020-10-22,12821.0,12840.0,12703.0,12839.0,199868.0
2020-10-23,12837.0,12894.0,12794.0,12837.0,167115.0
2020-10-26,12823.0,12935.0,12818.0,12859.0,162704.0
2020-10-27,12855.0,12868.0,12748.0,12807.0,179046.0
2020-10-28,12814.0,12819.0,12713.0,12742.0,149194.0
2020-10-29,12733.0,12743.0,12504.0,12606.0,308869.0
2020-10-30,12600.0,12634.0,12407.0,12412.0,241881.0
2020-11-02,12398.0,12531.0,12370.0,12518.0,230196.0
2020-11-03,12508.0,12716.0,12496.0,12688.0,182611.0
2020-11-04,12699.0,12880.0,12661.0,12864.0,261059.0
2020-11-05,12848.0,12950.0,12804.0,12890.0,222697.0
2020-11-06,12893.0,12991.0,12888.0,12935.0,193428.0
2020-11-09,12942.0,13175.0,12924.0,13127.0,210575.0
2020-11-10,13115.0,13350.0,13010.0,13070.0,267486.0
2020-11-11,13090.0,13281.0,13053.0,13264.0,211473.0
2020-11-12,13281.0,13328.0,13193.0,13229.0,189393.0
2020-11-13,13234.0,13296.0,13162.0,13285.0,163892.0
2020-11-16,13295.0,13581.0,13293.0,13581.0,159483.0
2020-11-17,13577.0,13768.0,13546.0,13622.0,200285.0
2020-11-18,13630.0,13789.0,13600.0,13757.0,127946.0
2020-11-19,13707.0,13839.0,13661.0,13740.0,215344.0
2020-11-20,13760.0,13789.0,13639.0,13735.0,186895.0
2020-11-23,13733.0,13943.0,13715.0,13876.0,205965.0
2020-11-24,13873.0,13929.0,13777.0,13803.0,173720.0
2020-11-25,13795.0,13909.0,13692.0,13709.0,210364.0
2020-11-26,13710.0,13862.0,13662.0,13842.0,184067.0
2020-11-27,13842.0,13890.0,13750.0,13877.0,153435.0
2020-11-30,13890.0,13975.0,13703.0,13718.0,230839.0
2020-12-01,13683.0,13885.0,13665.0,13878.0,187787.0
2020-12-02,13862.0,13980.0,13840.0,13958.0,201769.0
2020-12-03,13969.0,14047.0,13903.0,13985.0,201908.0
2020-12-04,13982.0,14148.0,13981.0,14137.0,185919.0
2020-12-07,14150.0,14247.0,14087.0,14224.0,210572.0
2020-12-08,14213.0,14349.0,14156.0,14341.0,197257.0
2020-12-09,14332.0,14425.0,14320.0,14396.0,179020.0
2020-12-10,14394.0,14405.0,14178.0,14239.0,236088.0
2020-12-11,14233.0,14340.0,14091.0,14239.0,299948.0
2020-12-14,14240.0,14286.0,14155.0,14201.0,203121.0
2020-12-15,14191.0,14233.0,14030.0,14080.0,209616.0
2020-12-16,14098.0,14329.0,14096.0,14323.0,141062.0
2020-12-17,14203.0,14236.0,14086.0,14186.0,211730.0
2020-12-18,14175.0,14222.0,14128.0,14137.0,163070.0
2020-12-21,14140.0,14312.0,14021.0,14311.0,211120.0
2020-12-22,14320.0,14334.0,14042.0,14043.0,295452.0
2020-12-23,14038.0,14181.0,14000.0,14115.0,223954.0
2020-12-24,14130.0,14288.0,14129.0,14244.0,181571.0
2020-12-25,14273.0,14382.0,14245.0,14305.0,162669.0
2020-12-28,14307.0,14444.0,14260.0,14436.0,120903.0
2020-12-29,14436.0,14474.0,14377.0,14460.0,144449.0
2020-12-30,14460.0,14642.0,14440.0,14637.0,157158.0
2020-12-31,14646.0,14712.0,14604.0,14678.0,174889.0
2021-01-04,14675.0,14926.0,14630.0,14874.0,193049.0
2021-01-05,14888.0,14979.0,14780.0,14978.0,235519.0
2021-01-06,15000.0,15140.0,14762.0,14908.0,354271.0
2021-01-07,14926.0,15260.0,14858.0,15230.0,279853.0
2021-01-08,15239.0,15473.0,15227.0,15454.0,299155.0
2021-01-11,15460.0,15538.0,15335.0,15537.0,296162.0
2021-01-12,15519.0,15605.0,15407.0,15488.0,300437.0
2021-01-13,15499.0,15790.0,15486.0,15762.0,255362.0
2021-01-14,15765.0,15813.0,15632.0,15726.0,250847.0
2021-01-15,15754.0,16061.0,15584.0,15635.0,427047.0
2021-01-18,15642.0,15739.0,15326.0,15608.0,338556.0
2021-01-19,15595.0,15946.0,15570.0,15893.0,224626.0
2021-01-20,15871.0,15964.0,15732.0,15764.0,233074.0
2021-01-21,15761.0,16183.0,15739.0,16129.0,373978.0
2021-01-22,16108.0,16146.0,15927.0,15981.0,301150.0
2021-01-25,15952.0,16004.0,15719.0,15912.0,353562.0
2021-01-26,15922.0,15975.0,15537.0,15624.0,410175.0
2021-01-27,15616.0,15814.0,15585.0,15657.0,336104.0
2021-01-28,15664.0,15680.0,15305.0,15383.0,441688.0
2021-01-29,15379.0,15585.0,15062.0,15075.0,491814.0
2021-02-01,15130.0,15398.0,15035.0,15364.0,410201.0
2021-02-02,15363.0,15820.0,15315.0,15754.0,325910.0
2021-02-03,15740.0,15884.0,15716.0,15773.0,268831.0
2021-02-04,15772.0,15820.0,15542.0,15700.0,307004.0
2021-02-05,15734.0,15985.0,15730.0,15802.0,278641.0
2021-02-17,15802.0,16433.0,15736.0,16326.0,164716.0
2021-02-18,16338.0,16526.0,16282.0,16381.0,280679.0
2021-02-19,16354.0,16361.0,16130.0,16312.0,301525.0
2021-02-22,16341.0,16563.0,16336.0,16385.0,309628.0
2021-02-23,16360.0,16450.0,16182.0,16440.0,299320.0
2021-02-24,16415.0,16435.0,16133.0,16178.0,408455.0
2021-02-25,16155.0,16422.0,16138.0,16387.0,341807.0
2021-02-26,16399.0,16400.0,15851.0,15936.0,397977.0
2021-03-02,15925.0,16277.0,15746.0,15905.0,404069.0
2021-03-03,15935.0,16197.0,15885.0,16185.0,314639.0
2021-03-04,16193.0,16255.0,15756.0,15924.0,402535.0
2021-03-05,15935.0,15998.0,15569.0,15853.0,440250.0
2021-03-08,15866.0,16095.0,15705.0,15816.0,464091.0
2021-03-09,15830.0,15957.0,15607.0,15823.0,399725.0
2021-03-10,15780.0,15996.0,15772.0,15878.0,313470.0
2021-03-11,15881.0,16213.0,15867.0,16171.0,296922.0
2021-03-12,16163.0,16285.0,16155.0,16223.0,263267.0
2021-03-15,16196.0,16248.0,16092.0,16199.0,252651.0
2021-03-16,16199.0,16348.0,16152.0,16306.0,214956.0
2021-03-17,16325.0,16361.0,16160.0,16176.0,163617.0
2021-03-18,16159.0,16401.0,16082.0,16238.0,284037.0
2021-03-19,16255.0,16263.0,15952.0,16010.0,331346.0
2021-03-22,16012.0,16174.0,15912.0,16139.0,295545.0
2021-03-23,16145.0,16278.0,16091.0,16117.0,251552.0
2021-03-24,16123.0,16146.0,15938.0,15982.0,260479.0
2021-03-25,15981.0,16091.0,15858.0,16033.0,290571.0
2021-03-26,16033.0,16293.0,15975.0,16286.0,267417.0
2021-03-29,16289.0,16485.0,16240.0,16411.0,250124.0
2021-03-30,16422.0,16531.0,16415.0,16519.0,219772.0
2021-03-31,16525.0,16567.0,16402.0,16422.0,209629.0
2021-04-01,16416.0,16586.0,16412.0,16550.0,229953.0
2021-04-06,16575.0,16840.0,16564.0,16729.0,214108.0
2021-04-07,16740.0,16795.0,16674.0,16768.0,177365.0
2021-04-08,16764.0,16930.0,16686.0,16929.0,210407.0
2021-04-09,16929.0,16977.0,16810.0,16840.0,201248.0
2021-04-12,16833.0,16965.0,16760.0,16834.0,218239.0
2021-04-13,16844.0,17046.0,16780.0,16795.0,260401.0
2021-04-14,16803.0,16917.0,16591.0,16857.0,319529.0
2021-04-15,16858.0,17074.0,16827.0,17072.0,258529.0
2021-04-16,17089.0,17160.0,16990.0,17157.0,254970.0
2021-04-19,17145.0,17295.0,17110.0,17270.0,179781.0
2021-04-20,17278.0,17325.0,17202.0,17321.0,183548.0
2021-04-21,17308.0,17330.0,17150.0,17231.0,170742.0
2021-04-22,17151.0,17368.0,17053.0,17105.0,327361.0
2021-04-23,17093.0,17260.0,17011.0,17258.0,269020.0
2021-04-26,17255.0,17537.0,17251.0,17530.0,239821.0
2021-04-27,17529.0,17576.0,17460.0,17571.0,225816.0
2021-04-28,17560.0,17571.0,17476.0,17531.0,180819.0
2021-04-29,17529.0,17703.0,17503.0,17570.0,257737.0
2021-05-03,17576.0,17633.0,17225.0,17251.0,327086.0
2021-05-04,17245.0,17330.0,16670.0,16934.0,444852.0
2021-05-05,16941.0,17020.0,16660.0,16770.0,361757.0
2021-05-06,16780.0,17081.0,16703.0,16944.0,384114.0
2021-05-07,16970.0,17287.0,16942.0,17285.0,310293.0
2021-05-10,17269.0,17375.0,17177.0,17230.0,268106.0
2021-05-11,17214.0,17220.0,16426.0,16564.0,470169.0
2021-05-12,16570.0,16580.0,15030.0,15681.0,819369.0
2021-05-13,15680.0,15992.0,15335.0,15564.0,626852.0
2021-05-14,15588.0,16021.0,15317.0,15768.0,580100.0
2021-05-17,15744.0,15974.0,15099.0,15262.0,568492.0
2021-05-18,15275.0,16179.0,15272.0,16150.0,460881.0
2021-05-19,16165.0,16318.0,15976.0,16138.0,300351.0
2021-05-20,16013.0,16114.0,15845.0,15983.0,449591.0
2021-05-21,15965.0,16424.0,15933.0,16254.0,432913.0
2021-05-24,16252.0,16368.0,16006.0,16290.0,373882.0
2021-05-25,16291.0,16623.0,16265.0,16587.0,347545.0
2021-05-26,16620.0,16664.0,16494.0,16618.0,276392.0
2021-05-27,16613.0,16673.0,16201.0,16536.0,321501.0
2021-05-28,16500.0,16878.0,16491.0,16865.0,293040.0
2021-05-31,16850.0,17098.0,16803.0,17010.0,343746.0
2021-06-01,17028.0,17148.0,16966.0,17133.0,257686.0
2021-06-02,17158.0,17226.0,17016.0,17101.0,274769.0
2021-06-03,17070.0,17312.0,17059.0,17230.0,275072.0
2021-06-04,17202.0,17211.0,17020.0,17101.0,284211.0
2021-06-07,17105.0,17260.0,16719.0,17092.0,392814.0
2021-06-08,17112.0,17208.0,17029.0,17091.0,264540.0
2021-06-09,17076.0,17125.0,16889.0,16959.0,300086.0
2021-06-10,16959.0,17175.0,16926.0,17158.0,286153.0
2021-06-11,17158.0,17299.0,17118.0,17220.0,261766.0
2021-06-15,17216.0,17400.0,17181.0,17400.0,197709.0
2021-06-16,17408.0,17433.0,17040.0,17346.0,149658.0
2021-06-17,17255.0,17299.0,17035.0,17298.0,243002.0
2021-06-18,17278.0,17332.0,17212.0,17254.0,239616.0
2021-06-21,17257.0,17258.0,16890.0,16960.0,357663.0
2021-06-22,17000.0,17194.0,16988.0,17028.0,259103.0
2021-06-23,17024.0,17318.0,16930.0,17269.0,299601.0
2021-06-24,17280.0,17398.0,17215.0,17338.0,221892.0
2021-06-25,17348.0,17562.0,17343.0,17421.0,245761.0
2021-06-28,17419.0,17560.0,17398.0,17534.0,206237.0
2021-06-29,17536.0,17627.0,17450.0,17530.0,239656.0
2021-06-30,17523.0,17766.0,17511.0,17715.0,206518.0
2021-07-01,17720.0,17774.0,17553.0,17646.0,280314.0
2021-07-02,17645.0,17725.0,17566.0,17651.0,242701.0
2021-07-05,17652.0,17919.0,17645.0,17900.0,221340.0
2021-07-06,17907.0,17974.0,17858.0,17878.0,197881.0
2021-07-07,17889.0,17906.0,17625.0,17828.0,279244.0
2021-07-08,17842.0,17917.0,17693.0,17822.0,276011.0
2021-07-09,17781.0,17782.0,17526.0,17661.0,354533.0
2021-07-12,17702.0,17962.0,17702.0,17829.0,282022.0
2021-07-13,17841.0,18029.0,17807.0,17869.0,269983.0
2021-07-14,17864.0,17936.0,17747.0,17872.0,276377.0
2021-07-15,17868.0,18045.0,17859.0,18022.0,237069.0
2021-07-16,18008.0,18017.0,17771.0,17924.0,297556.0
2021-07-19,17906.0,17951.0,17647.0,17794.0,276766.0
2021-07-20,17800.0,17807.0,17477.0,17557.0,344574.0
2021-07-21,17580.0,17674.0,17377.0,17431.0,252928.0
2021-07-22,17300.0,17524.0,17232.0,17409.0,298199.0
2021-07-23,17420.0,17559.0,17353.0,17406.0,282523.0
2021-07-26,17411.0,17487.0,17200.0,17201.0,261732.0
2021-07-27,17215.0,17348.0,17139.0,17168.0,288077.0
2021-07-28,17155.0,17168.0,16735.0,16968.0,470291.0
2021-07-29,16992.0,17333.0,16982.0,17333.0,307078.0
2021-07-30,17350.0,17420.0,17126.0,17172.0,276351.0
2021-08-02,17172.0,17470.0,17160.0,17470.0,314556.0
2021-08-03,17470.0,17496.0,17342.0,17482.0,241266.0
2021-08-04,17494.0,17585.0,17409.0,17574.0,221419.0
2021-08-05,17582.0,17588.0,17520.0,17543.0,166371.0
2021-08-06,17512.0,17568.0,17282.0,17439.0,257913.0
2021-08-09,17448.0,17478.0,17234.0,17406.0,251730.0
2021-08-10,17407.0,17466.0,17258.0,17297.0,239234.0
2021-08-11,17298.0,17324.0,17078.0,17170.0,311539.0
2021-08-12,17152.0,17235.0,17117.0,17159.0,242965.0
2021-08-13,17158.0,17211.0,16933.0,16936.0,298502.0
2021-08-16,16948.0,16962.0,16749.0,16770.0,289430.0
2021-08-17,16796.0,16873.0,16576.0,16579.0,237819.0
2021-08-18,16557.0,16795.0,16314.0,16785.0,271732.0
2021-08-19,16696.0,16710.0,16256.0,16329.0,382462.0
2021-08-20,16250.0,16425.0,16049.0,16185.0,498474.0
2021-08-23,16223.0,16729.0,16195.0,16682.0,298478.0
2021-08-24,16670.0,16842.0,16621.0,16782.0,235995.0
2021-08-25,16803.0,16982.0,16735.0,16961.0,242102.0
2021-08-26,16982.0,17148.0,16882.0,16996.0,302047.0
2021-08-27,16980.0,17219.0,16908.0,17173.0,288152.0
2021-08-30,17194.0,17354.0,17180.0,17336.0,237658.0
2021-08-31,17331.0,17468.0,17144.0,17459.0,265502.0
2021-09-01,17472.0,17500.0,17363.0,17474.0,252569.0
2021-09-02,17480.0,17524.0,17265.0,17318.0,281478.0
2021-09-03,17350.0,17553.0,17342.0,17508.0,263785.0
2021-09-06,17485.0,17595.0,17425.0,17491.0,277772.0
2021-09-07,17512.0,17568.0,17336.0,17426.0,250223.0
2021-09-08,17421.0,17447.0,17163.0,17259.0,320431.0
2021-09-09,17249.0,17291.0,17084.0,17236.0,356455.0
2021-09-10,17245.0,17478.0,17223.0,17477.0,252902.0
2021-09-13,17461.0,17495.0,17356.0,17438.0,225051.0
2021-09-14,17463.0,17568.0,17425.0,17464.0,203904.0
2021-09-15,17420.0,17470.0,17280.0,17381.0,190270.0
2021-09-16,17330.0,17364.0,17191.0,17246.0,231537.0
2021-09-17,17230.0,17395.0,17165.0,17296.0,252964.0
2021-09-22,17298.0,17305.0,16752.0,16897.0,290534.0
2021-09-23,16918.0,17130.0,16868.0,17079.0,237899.0
2021-09-24,17098.0,17275.0,17083.0,17248.0,229754.0
2021-09-27,17224.0,17344.0,17165.0,17293.0,216675.0
2021-09-28,17279.0,17284.0,17042.0,17170.0,225700.0
2021-09-29,17145.0,17145.0,16760.0,16821.0,347920.0
2021-09-30,16828.0,16966.0,16668.0,16921.0,318855.0
2021-10-01,16939.0,16942.0,16414.0,16515.0,384154.0
2021-10-04,16462.0,16654.0,16313.0,16363.0,422316.0
2021-10-05,16345.0,16457.0,16106.0,16394.0,422281.0
2021-10-06,16380.0,16500.0,16266.0,16360.0,320089.0
2021-10-07,16370.0,16760.0,16200.0,16701.0,353966.0
2021-10-08,16717.0,16798.0,16591.0,16623.0,259928.0
2021-10-12,16613.0,16671.0,16286.0,16415.0,319270.0
2021-10-13,16399.0,16584.0,16318.0,16321.0,295665.0
2021-10-14,16315.0,16545.0,16260.0,16401.0,296040.0
2021-10-15,16448.0,16790.0,16445.0,16781.0,264796.0
2021-10-18,16785.0,16870.0,16705.0,16724.0,218851.0
2021-10-19,16700.0,16954.0,16674.0,16908.0,189068.0
2021-10-20,16933.0,16990.0,16862.0,16882.0,150570.0
2021-10-21,16880.0,17047.0,16814.0,16814.0,256283.0
2021-10-22,16811.0,16912.0,16770.0,16856.0,237463.0
2021-10-25,16845.0,16930.0,16726.0,16894.0,255847.0
2021-10-26,16904.0,17073.0,16883.0,17048.0,211491.0
2021-10-27,17044.0,17088.0,16928.0,17071.0,207054.0
2021-10-28,17068.0,17103.0,16980.0,17041.0,219061.0
2021-10-29,17020.0,17112.0,16858.0,16943.0,242972.0
2021-11-01,16930.0,17130.0,16881.0,17082.0,209934.0
2021-11-02,17078.0,17255.0,17003.0,17048.0,225931.0
2021-11-03,17048.0,17128.0,17023.0,17090.0,173975.0
2021-11-04,17100.0,17280.0,17050.0,17072.0,220282.0
2021-11-05,17065.0,17279.0,17059.0,17269.0,206331.0
2021-11-08,17277.0,17425.0,17241.0,17424.0,191447.0
2021-11-09,17425.0,17593.0,17415.0,17553.0,183314.0
2021-11-10,17554.0,17634.0,17496.0,17555.0,186849.0
2021-11-11,17570.0,17626.0,17395.0,17469.0,223477.0
2021-11-12,17482.0,17638.0,17462.0,17543.0,209506.0
2021-11-15,17540.0,17706.0,17520.0,17665.0,177000.0
2021-11-16,17664.0,17718.0,17637.0,17699.0,130319.0
2021-11-17,17712.0,17761.0,17678.0,17721.0,112044.0
2021-11-18,17761.0,17868.0,17744.0,17861.0,175684.0
2021-11-19,17856.0,17949.0,17813.0,17852.0,183284.0
2021-11-22,17843.0,17876.0,17724.0,17836.0,172064.0
2021-11-23,17839.0,17888.0,17638.0,17657.0,231034.0
2021-11-24,17663.0,17698.0,17558.0,17682.0,210954.0
2021-11-25,17690.0,17718.0,17589.0,17676.0,186848.0
2021-11-26,17670.0,17677.0,17306.0,17339.0,237407.0
2021-11-29,17324.0,17416.0,17064.0,17310.0,331095.0
2021-11-30,17363.0,17537.0,17296.0,17327.0,251535.0
2021-12-01,17288.0,17619.0,17209.0,17588.0,312440.0
2021-12-02,17597.0,17710.0,17502.0,17706.0,269148.0
2021-12-03,17733.0,17775.0,17621.0,17707.0,253428.0
2021-12-06,17707.0,17735.0,17527.0,17692.0,255968.0
2021-12-07,17680.0,17798.0,17588.0,17795.0,233519.0
2021-12-08,17806.0,17988.0,17782.0,17848.0,210104.0
2021-12-09,17845.0,17947.0,17812.0,17907.0,186722.0
2021-12-10,17911.0,17940.0,17765.0,17819.0,183829.0
2021-12-13,17824.0,17943.0,17741.0,17753.0,191618.0
2021-12-14,17764.0,17793.0,17565.0,17599.0,209792.0
2021-12-15,17590.0,17667.0,17500.0,17630.0,169219.0
2021-12-16,17581.0,17807.0,17529.0,17803.0,215513.0
2021-12-17,17818.0,17849.0,17675.0,17785.0,215777.0
2021-12-20,17784.0,17808.0,17563.0,17581.0,252910.0
2021-12-21,17550.0,17829.0,17495.0,17796.0,231164.0
2021-12-22,17812.0,17853.0,17763.0,17832.0,143679.0
2021-12-23,17833.0,17983.0,17821.0,17953.0,154266.0
2021-12-24,17955.0,18035.0,17946.0,17956.0,115935.0
2021-12-27,17945.0,18099.0,17910.0,18069.0,116234.0
2021-12-28,18076.0,18208.0,18059.0,18206.0,122576.0
2021-12-29,18215.0,18289.0,18180.0,18276.0,129769.0
2021-12-30,18270.0,18291.0,18177.0,18212.0,132261.0
2022-01-03,18208.0,18389.0,18202.0,18271.0,174465.0
2022-01-04,18274.0,18522.0,18258.0,18515.0,175776.0
2022-01-05,18516.0,18576.0,18438.0,18479.0,179830.0
2022-01-06,18495.0,18565.0,18238.0,18337.0,266336.0
2022-01-07,18342.0,18479.0,18115.0,18147.0,305540.0
2022-01-10,18134.0,18263.0,18022.0,18260.0,254650.0
2022-01-11,18270.0,18305.0,18091.0,18281.0,290521.0
2022-01-12,18253.0,18417.0,18217.0,18375.0,233361.0
2022-01-13,18385.0,18485.0,18357.0,18425.0,220816.0
2022-01-14,18465.0,18650.0,18219.0,18363.0,352319.0
2022-01-17,18386.0,18537.0,18307.0,18507.0,244863.0
2022-01-18,18519.0,18583.0,18346.0,18348.0,198725.0
2022-01-19,18360.0,18388.0,18209.0,18218.0,204630.0
2022-01-20,18161.0,18270.0,18082.0,18227.0,284618.0
2022-01-21,18247.0,18287.0,17837.0,17892.0,339672.0
2022-01-24,17896.0,17972.0,17700.0,17960.0,339116.0
2022-01-25,17946.0,17981.0,17509.0,17677.0,453985.0
2022-01-26,17649.0,17757.0,17508.0,17622.0,321414.0
2022-02-07,17627.0,17899.0,17438.0,17898.0,274842.0
2022-02-08,17905.0,18046.0,17863.0,17939.0,208670.0
2022-02-09,17974.0,18169.0,17947.0,18166.0,172932.0
2022-02-10,18171.0,18338.0,18133.0,18335.0,201055.0
2022-02-11,18369.0,18397.0,18182.0,18274.0,243726.0
2022-02-14,18288.0,18380.0,17934.0,17971.0,294144.0
2022-02-15,17959.0,18093.0,17829.0,17953.0,279926.0
2022-02-16,17970.0,18249.0,17956.0,18206.0,177525.0
2022-02-17,18233.0,18330.0,18153.0,18241.0,299884.0
2022-02-18,18255.0,18275.0,18039.0,18230.0,255360.0
2022-02-21,18211.0,18243.0,17968.0,18213.0,290692.0
2022-02-22,18243.0,18255.0,17773.0,17876.0,350607.0
2022-02-23,17869.0,18060.0,17806.0,18043.0,300848.0
2022-02-24,18046.0,18093.0,17507.0,17509.0,440048.0
2022-02-25,17485.0,17702.0,17225.0,17610.0,488795.0
2022-03-01,17601.0,17942.0,17503.0,17915.0,336803.0
2022-03-02,17946.0,17979.0,17675.0,17842.0,315571.0
2022-03-03,17794.0,17965.0,17680.0,17925.0,311082.0
2022-03-04,17936.0,17945.0,17526.0,17663.0,347828.0
2022-03-07,17691.0,17747.0,17051.0,17055.0,433210.0
2022-03-08,17083.0,17175.0,16696.0,16698.0,497926.0
2022-03-09,16691.0,17023.0,16638.0,16947.0,435828.0
2022-03-10,16973.0,17456.0,16958.0,17435.0,302306.0
2022-03-11,17450.0,17497.0,17169.0,17218.0,371182.0
2022-03-14,17280.0,17394.0,17111.0,17238.0,354135.0
2022-03-15,17256.0,17320.0,16861.0,16886.0,355380.0
2022-03-16,16850.0,17094.0,16728.0,16937.0,303521.0
2022-03-17,17017.0,17468.0,16975.0,17446.0,394631.0
2022-03-18,17463.0,17496.0,17294.0,17386.0,337946.0
2022-03-21,17393.0,17576.0,17305.0,17485.0,291070.0
2022-03-22,17507.0,17566.0,17440.0,17525.0,239631.0
2022-03-23,17531.0,17735.0,17519.0,17702.0,237720.0
2022-03-24,17699.0,17700.0,17547.0,17670.0,260044.0
2022-03-25,17658.0,17761.0,17591.0,17620.0,254244.0
2022-03-28,17626.0,17661.0,17304.0,17440.0,329234.0
2022-03-29,17450.0,17582.0,17433.0,17544.0,243964.0
2022-03-30,17555.0,17755.0,17540.0,17741.0,275980.0
2022-03-31,17746.0,17774.0,17620.0,17635.0,232897.0
2022-04-01,17618.0,17662.0,17414.0,17557.0,265472.0
2022-04-06,17571.0,17624.0,17328.0,17503.0,264019.0
2022-04-07,17508.0,17522.0,17123.0,17141.0,317347.0
2022-04-08,17182.0,17310.0,17134.0,17308.0,271142.0
2022-04-11,17329.0,17383.0,16976.0,17035.0,335905.0
2022-04-12,17037.0,17100.0,16906.0,17000.0,307858.0
2022-04-13,17017.0,17320.0,16975.0,17319.0,295749.0
2022-04-14,17295.0,17353.0,17248.0,17297.0,223156.0
2022-04-15,17310.0,17331.0,16960.0,16985.0,283145.0
2022-04-18,16973.0,17020.0,16814.0,16879.0,209953.0
2022-04-19,16888.0,17122.0,16880.0,17001.0,233733.0
2022-04-20,17005.0,17138.0,16942.0,17125.0,195454.0
2022-04-21,17060.0,17222.0,17050.0,17124.0,254641.0
2022-04-22,17113.0,17192.0,16823.0,16990.0,279626.0
2022-04-25,16998.0,17013.0,16507.0,16571.0,348433.0
2022-04-26,16509.0,16667.0,16490.0,16585.0,312845.0
2022-04-27,16566.0,16575.0,16160.0,16287.0,407835.0
2022-04-28,16301.0,16415.0,16202.0,16386.0,382581.0
2022-04-29,16419.0,16660.0,16318.0,16580.0,369783.0
2022-05-03,16599.0,16622.0,16363.0,16474.0,310343.0
2022-05-04,16434.0,16589.0,16372.0,16520.0,260803.0
2022-05-05,16527.0,16776.0,16395.0,16682.0,297350.0
2022-05-06,16646.0,16648.0,16266.0,16358.0,357836.0
2022-05-09,16336.0,16418.0,16015.0,16026.0,403979.0
2022-05-10,16047.0,16091.0,15729.0,16039.0,391479.0
2022-05-11,16102.0,16115.0,15862.0,16008.0,355316.0
2022-05-12,16006.0,16093.0,15608.0,15629.0,470446.0
2022-05-13,15630.0,15855.0,15526.0,15850.0,382331.0
2022-05-16,15836.0,16044.0,15813.0,15923.0,294082.0
2022-05-17,15909.0,16096.0,15866.0,16074.0,237262.0
2022-05-18,16097.0,16318.0,16079.0,16302.0,188221.0
2022-05-19,16197.0,16216.0,15820.0,15909.0,341251.0
2022-05-20,15897.0,16145.0,15749.0,16135.0,388494.0
2022-05-23,16123.0,16263.0,15852.0,16147.0,419795.0
2022-05-24,16185.0,16243.0,15915.0,15927.0,341826.0
2022-05-25,15908.0,16146.0,15835.0,16065.0,344951.0
2022-05-26,16078.0,16202.0,15928.0,15947.0,398171.0
2022-05-27,15952.0,16245.0,15944.0,16231.0,294800.0
2022-05-30,16252.0,16583.0,16225.0,16560.0,247373.0
2022-05-31,16560.0,16716.0,16460.0,16680.0,225554.0
2022-06-01,16650.0,16755.0,16550.0,16607.0,299819.0
2022-06-02,16621.0,16668.0,16465.0,16531.0,298750.0
2022-06-06,16561.0,16700.0,16463.0,16599.0,297210.0
2022-06-07,16602.0,16704.0,16406.0,16463.0,294244.0
2022-06-08,16470.0,16693.0,16433.0,16643.0,246522.0
2022-06-09,16652.0,16702.0,16524.0,16581.0,249571.0
2022-06-10,16583.0,16662.0,16350.0,16473.0,295920.0
2022-06-13,16460.0,16512.0,15992.0,16050.0,322402.0
2022-06-14,16028.0,16077.0,15809.0,16056.0,346880.0
2022-06-15,16056.0,16096.0,15928.0,16060.0,220922.0
2022-06-16,15550.0,15805.0,15382.0,15405.0,384055.0
2022-06-17,15343.0,15356.0,15093.0,15200.0,425308.0
2022-06-20,15156.0,15245.0,14965.0,15032.0,404496.0
2022-06-21,15046.0,15362.0,15027.0,15339.0,250268.0
2022-06-22,15318.0,15415.0,14984.0,15015.0,322188.0
2022-06-23,14990.0,15174.0,14803.0,14941.0,492463.0
2022-06-24,14907.0,15142.0,14849.0,15055.0,415231.0
2022-06-27,15040.0,15399.0,15008.0,15273.0,283929.0
2022-06-28,15262.0,15328.0,15096.0,15191.0,294808.0
2022-06-29,15238.0,15295.0,14980.0,15018.0,339589.0
2022-06-30,14979.0,15036.0,14610.0,14622.0,366830.0
2022-07-01,14567.0,14703.0,14128.0,14170.0,515039.0
2022-07-04,14200.0,14316.0,14025.0,14150.0,432698.0
2022-07-05,14162.0,14430.0,13975.0,14227.0,362387.0
2022-07-06,14222.0,14264.0,13860.0,13876.0,447953.0
2022-07-07,13903.0,14296.0,13830.0,14181.0,433622.0
2022-07-08,14185.0,14485.0,14180.0,14328.0,367534.0
2022-07-11,14336.0,14496.0,14228.0,14278.0,411221.0
2022-07-12,14251.0,14308.0,13850.0,13914.0,350059.0
2022-07-13,13914.0,14356.0,13881.0,14280.0,393920.0
2022-07-14,14283.0,14437.0,14100.0,14387.0,456501.0
2022-07-15,14404.0,14542.0,14260.0,14478.0,403151.0
2022-07-18,14452.0,14666.0,14410.0,14649.0,301243.0
2022-07-19,14656.0,14716.0,14523.0,14675.0,243887.0
2022-07-20,14678.0,14908.0,14661.0,14712.0,195109.0
2022-07-21,14611.0,14771.0,14532.0,14748.0,316211.0
2022-07-22,14740.0,14855.0,14693.0,14754.0,302879.0
2022-07-25,14775.0,14846.0,14675.0,14792.0,278868.0
2022-07-26,14812.0,14850.0,14650.0,14709.0,264747.0
2022-07-27,14699.0,14800.0,14582.0,14792.0,284470.0
2022-07-28,14787.0,14968.0,14773.0,14832.0,264577.0
2022-07-29,14831.0,14990.0,14768.0,14937.0,299464.0
2022-08-01,14934.0,14998.0,14805.0,14870.0,240896.0
2022-08-02,14885.0,14910.0,14589.0,14644.0,293435.0
2022-08-03,14652.0,14756.0,14570.0,14673.0,321933.0
2022-08-04,14669.0,14736.0,14461.0,14657.0,334852.0
2022-08-05,14650.0,15020.0,14640.0,15014.0,237137.0
2022-08-08,15013.0,15015.0,14886.0,14961.0,232150.0
2022-08-09,14954.0,15066.0,14842.0,15019.0,255651.0
2022-08-10,15026.0,15033.0,14832.0,14876.0,230786.0
2022-08-11,14870.0,15191.0,14853.0,15182.0,244642.0
2022-08-12,15214.0,15332.0,15190.0,15274.0,237229.0
2022-08-15,15274.0,15432.0,15263.0,15385.0,194789.0
2022-08-16,15390.0,15451.0,15332.0,15421.0,166739.0
2022-08-17,15417.0,15463.0,15364.0,15452.0,135720.0
2022-08-18,15370.0,15376.0,15224.0,15316.0,224873.0
2022-08-19,15290.0,15405.0,15275.0,15352.0,210794.0
2022-08-22,15331.0,15342.0,15157.0,15173.0,208454.0
2022-08-23,15165.0,15195.0,15021.0,15030.0,207463.0
2022-08-24,15007.0,15136.0,14987.0,15035.0,219632.0
2022-08-25,15050.0,15226.0,15033.0,15171.0,222010.0
2022-08-26,15233.0,15318.0,15188.0,15239.0,208434.0
2022-08-29,15249.0,15296.0,14762.0,14817.0,333488.0
2022-08-30,14847.0,14994.0,14804.0,14951.0,231595.0
2022-08-31,14962.0,15098.0,14721.0,15042.0,348995.0
2022-09-01,15041.0,15049.0,14675.0,14735.0,334016.0
2022-09-02,14701.0,14818.0,14583.0,14597.0,330923.0
2022-09-05,14620.0,14743.0,14520.0,14614.0,334044.0
2022-09-06,14639.0,14770.0,14555.0,14637.0,211653.0
2022-09-07,14646.0,14680.0,14331.0,14355.0,306607.0
2022-09-08,14370.0,14551.0,14303.0,14548.0,278837.0
2022-09-12,14550.0,14824.0,14449.0,14797.0,272302.0
2022-09-13,14809.0,14928.0,14796.0,14877.0,191454.0
2022-09-14,14890.0,14937.0,14440.0,14578.0,330334.0
2022-09-15,14586.0,14714.0,14516.0,14643.0,272625.0
2022-09-16,14650.0,14672.0,14465.0,14485.0,279908.0
2022-09-19,14470.0,14579.0,14405.0,14419.0,259161.0
2022-09-20,14392.0,14570.0,14361.0,14557.0,218990.0
2022-09-21,14562.0,14595.0,14390.0,14401.0,183174.0
2022-09-22,14389.0,14545.0,14088.0,14241.0,386652.0
2022-09-23,14229.0,14324.0,14056.0,14116.0,319563.0
2022-09-26,14106.0,14134.0,13740.0,13760.0,364672.0
2022-09-27,13760.0,13882.0,13734.0,13816.0,308941.0
2022-09-28,13850.0,13910.0,13486.0,13515.0,384589.0
2022-09-29,13497.0,13693.0,13423.0,13524.0,383840.0
2022-09-30,13485.0,13493.0,13290.0,13397.0,380780.0
2022-10-03,13420.0,13466.0,13215.0,13302.0,357944.0
2022-10-04,13338.0,13615.0,13283.0,13595.0,277249.0
2022-10-05,13613.0,13884.0,13593.0,13816.0,304062.0
2022-10-06,13824.0,13956.0,13666.0,13869.0,314595.0
2022-10-07,13835.0,13846.0,13683.0,13688.0,300641.0
2022-10-11,13664.0,13716.0,13081.0,13091.0,385889.0
2022-10-12,13061.0,13156.0,12951.0,13075.0,382291.0
2022-10-13,13111.0,13119.0,12805.0,12870.0,332074.0
2022-10-14,12886.0,13249.0,12666.0,13170.0,502077.0
2022-10-17,13148.0,13208.0,12821.0,12980.0,456289.0
2022-10-18,12977.0,13182.0,12943.0,13104.0,318032.0
2022-10-19,13110.0,13192.0,12954.0,12998.0,307541.0
2022-10-20,12911.0,12929.0,12663.0,12900.0,437491.0
2022-10-21,12890.0,13078.0,12794.0,12804.0,424641.0
2022-10-24,12825.0,13126.0,12743.0,12881.0,461141.0
2022-10-25,12860.0,12944.0,12651.0,12683.0,448498.0
2022-10-26,12684.0,12850.0,12664.0,12741.0,331821.0
2022-10-27,12762.0,12984.0,12755.0,12959.0,342814.0
2022-10-28,12924.0,12976.0,12745.0,12769.0,345926.0
2022-10-31,12740.0,12995.0,12730.0,12945.0,310015.0
2022-11-01,12935.0,13095.0,12858.0,13034.0,258007.0
2022-11-02,13053.0,13107.0,12991.0,13085.0,249332.0
2022-11-03,13077.0,13140.0,12855.0,12958.0,323528.0
2022-11-04,12945.0,13039.0,12820.0,13028.0,294165.0
2022-11-07,13047.0,13265.0,12990.0,13225.0,357775.0
2022-11-08,13217.0,13390.0,13194.0,13332.0,230287.0
2022-11-09,13339.0,13613.0,13319.0,13595.0,255015.0
2022-11-10,13582.0,13657.0,13461.0,13484.0,276467.0
2022-11-11,13464.0,14061.0,13414.0,14061.0,382515.0
2022-11-14,14079.0,14231.0,14051.0,14129.0,310157.0
2022-11-15,14125.0,14575.0,14121.0,14527.0,285359.0
2022-11-16,14540.0,14812.0,14450.0,14499.0,294898.0
2022-11-17,14511.0,14560.0,14356.0,14513.0,299990.0
2022-11-18,14518.0,14681.0,14347.0,14462.0,420975.0
2022-11-21,14460.0,14565.0,14411.0,14425.0,294199.0
2022-11-22,14415.0,14530.0,14364.0,14504.0,248717.0
2022-11-23,14489.0,14642.0,14480.0,14600.0,230408.0
2022-11-24,14602.0,14788.0,14593.0,14775.0,223514.0
2022-11-25,14765.0,14827.0,14705.0,14708.0,179182.0
2022-11-28,14709.0,14710.0,14433.0,14476.0,269533.0
2022-11-29,14496.0,14678.0,14404.0,14662.0,255109.0
2022-11-30,14668.0,14837.0,14563.0,14800.0,271020.0
2022-12-01,14810.0,15119.0,14714.0,14983.0,331102.0
2022-12-02,14945.0,14996.0,14842.0,14882.0,260439.0
2022-12-05,14879.0,15046.0,14716.0,14932.0,290753.0
2022-12-06,14947.0,14951.0,14672.0,14676.0,275687.0
2022-12-07,14676.0,14780.0,14567.0,14625.0,299010.0
2022-12-08,14608.0,14637.0,14412.0,14496.0,339095.0
2022-12-09,14511.0,14722.0,14508.0,14707.0,279794.0
2022-12-12,14726.0,14783.0,14484.0,14582.0,298225.0
2022-12-13,14582.0,14688.0,14496.0,14515.0,235492.0
2022-12-14,14514.0,14778.0,14505.0,14711.0,355075.0
2022-12-15,14706.0,14750.0,14517.0,14711.0,290843.0
2022-12-16,14700.0,14702.0,14408.0,14465.0,315237.0
2022-12-19,14483.0,14511.0,14328.0,14409.0,269485.0
2022-12-20,14429.0,14493.0,14121.0,14155.0,280083.0
2022-12-21,14182.0,14278.0,14153.0,14219.0,185057.0
2022-12-22,14174.0,14396.0,14149.0,14376.0,227637.0
2022-12-23,14372.0,14404.0,14089.0,14188.0,293046.0
2022-12-26,14190.0,14274.0,14105.0,14242.0,222196.0
2022-12-27,14244.0,14392.0,14224.0,14307.0,141519.0
2022-12-28,14304.0,14320.0,14070.0,14112.0,231530.0
2022-12-29,14126.0,14168.0,13938.0,14036.0,260316.0
2022-12-30,14040.0,14221.0,14031.0,14134.0,209014.0
2023-01-03,14120.0,14247.0,13952.0,14230.0,304448.0
2023-01-04,14227.0,14315.0,14146.0,14208.0,264542.0
2023-01-05,14207.0,14375.0,14204.0,14287.0,276396.0
2023-01-06,14277.0,14404.0,14223.0,14363.0,240918.0
2023-01-09,14361.0,14771.0,14324.0,14768.0,291885.0
2023-01-10,14760.0,14902.0,14731.0,14807.0,232846.0
2023-01-11,14801.0,14884.0,14746.0,14789.0,217346.0
2023-01-12,14778.0,14872.0,14708.0,14769.0,211837.0
2023-01-13,14776.0,15020.0,14723.0,14835.0,348205.0
2023-01-16,14855.0,15004.0,14805.0,14936.0,215799.0
2023-01-17,14925.0,14970.0,14884.0,14928.0,129760.0
2023-01-30,14920.0,15568.0,14820.0,15452.0,134316.0
2023-01-31,15457.0,15498.0,15266.0,15267.0,175553.0
2023-02-01,15251.0,15402.0,15228.0,15380.0,196322.0
2023-02-02,15387.0,15600.0,15331.0,15582.0,252311.0
2023-02-03,15588.0,15668.0,15488.0,15581.0,241732.0
2023-02-06,15577.0,15610.0,15391.0,15406.0,275263.0
2023-02-07,15395.0,15447.0,15307.0,15396.0,225821.0
2023-02-08,15398.0,15624.0,15333.0,15608.0,241418.0
2023-02-09,15606.0,15627.0,15507.0,15600.0,207025.0
2023-02-10,15600.0,15742.0,15521.0,15578.0,260727.0
2023-02-13,15587.0,15643.0,15431.0,15532.0,257165.0
2023-02-14,15536.0,15682.0,15525.0,15657.0,184012.0
2023-02-15,15664.0,15740.0,15383.0,15397.0,255963.0
2023-02-16,15363.0,15598.0,15338.0,15545.0,237642.0
2023-02-17,15545.0,15569.0,15384.0,15439.0,266368.0
2023-02-20,15434.0,15555.0,15367.0,15526.0,226086.0
2023-02-21,15538.0,15547.0,15471.0,15527.0,147528.0
2023-02-22,15532.0,15534.0,15306.0,15374.0,243233.0
2023-02-23,15380.0,15656.0,15343.0,15600.0,269012.0
2023-02-24,15597.0,15699.0,15526.0,15540.0,258161.0
2023-03-01,15539.0,15554.0,15333.0,15548.0,253096.0
2023-03-02,15551.0,15617.0,15435.0,15543.0,247018.0
2023-03-03,15540.0,15670.0,15505.0,15614.0,241040.0
2023-03-06,15618.0,15834.0,15605.0,15775.0,223991.0
2023-03-07,15768.0,15894.0,15748.0,15871.0,171492.0
2023-03-08,15865.0,15883.0,15719.0,15786.0,239383.0
2023-03-09,15785.0,15863.0,15751.0,15765.0,203073.0
2023-03-10,15768.0,15798.0,15452.0,15478.0,296961.0
2023-03-13,15473.0,15552.0,15345.0,15519.0,348482.0
2023-03-14,15538.0,15568.0,15310.0,15352.0,331118.0
2023-03-15,15333.0,15532.0,15333.0,15405.0,196498.0
2023-03-16,15344.0,15348.0,15069.0,15227.0,416378.0
2023-03-17,15202.0,15418.0,15162.0,15405.0,308330.0
2023-03-20,15416.0,15477.0,15322.0,15370.0,276449.0
2023-03-21,15300.0,15517.0,15203.0,15456.0,280046.0
2023-03-22,15470.0,15725.0,15457.0,15715.0,229052.0
2023-03-23,15724.0,15866.0,15654.0,15838.0,295987.0
2023-03-24,15846.0,15979.0,15798.0,15918.0,276947.0
2023-03-27,15906.0,15936.0,15780.0,15826.0,274687.0
2023-03-28,15817.0,15835.0,15655.0,15690.0,251562.0
2023-03-29,15709.0,15787.0,15642.0,15738.0,207589.0
2023-03-30,15750.0,15862.0,15741.0,15825.0,215125.0
2023-03-31,15833.0,15966.0,15820.0,15863.0,218223.0
2023-04-06,15850.0,15928.0,15701.0,15766.0,196083.0
2023-04-07,15781.0,15870.0,15750.0,15819.0,174742.0
2023-04-10,15812.0,15926.0,15806.0,15849.0,129187.0
2023-04-11,15843.0,15962.0,15732.0,15924.0,221793.0
2023-04-12,15931.0,15966.0,15866.0,15928.0,154314.0
2023-04-13,15912.0,16003.0,15808.0,15817.0,260190.0
2023-04-14,15830.0,15994.0,15782.0,15947.0,229620.0
2023-04-17,15946.0,15973.0,15875.0,15970.0,194298.0
2023-04-18,15972.0,15980.0,15862.0,15893.0,173383.0
2023-04-19,15891.0,15942.0,15750.0,15775.0,142093.0
2023-04-20,15775.0,15797.0,15682.0,15731.0,252095.0
2023-04-21,15760.0,15794.0,15602.0,15616.0,280721.0
2023-04-24,15611.0,15655.0,15543.0,15621.0,206909.0
2023-04-25,15628.0,15670.0,15369.0,15386.0,241279.0
2023-04-26,15391.0,15410.0,15287.0,15376.0,224697.0
2023-04-27,15376.0,15460.0,15305.0,15427.0,216864.0
2023-04-28,15442.0,15596.0,15420.0,15574.0,224663.0
2023-05-02,15568.0,15671.0,15531.0,15635.0,204961.0
2023-05-03,15650.0,15654.0,15504.0,15550.0,194969.0
2023-05-04,15553.0,15619.0,15488.0,15609.0,206839.0
2023-05-05,15614.0,15696.0,15527.0,15643.0,222179.0
2023-05-08,15645.0,15779.0,15628.0,15723.0,186177.0
2023-05-09,15728.0,15749.0,15652.0,15738.0,168355.0
2023-05-10,15728.0,15730.0,15581.0,15610.0,182294.0
2023-05-11,15590.0,15683.0,15516.0,15516.0,252953.0
2023-05-12,15508.0,15558.0,15405.0,15507.0,233668.0
2023-05-15,15506.0,15535.0,15415.0,15511.0,202296.0
2023-05-16,15527.0,15723.0,15505.0,15692.0,177915.0
2023-05-17,15701.0,15973.0,15685.0,15953.0,151133.0
2023-05-18,15877.0,16084.0,15862.0,16070.0,229727.0
2023-05-19,16067.0,16161.0,16063.0,16126.0,220583.0
2023-05-22,16122.0,16157.0,16080.0,16115.0,141317.0
2023-05-23,16110.0,16195.0,16072.0,16134.0,173838.0
2023-05-24,16125.0,16131.0,16005.0,16071.0,183644.0
2023-05-25,16061.0,16232.0,15950.0,16207.0,244329.0
2023-05-26,16220.0,16457.0,16196.0,16437.0,246414.0
2023-05-29,16458.0,16650.0,16443.0,16572.0,224775.0
2023-05-30,16576.0,16607.0,16515.0,16574.0,145079.0
2023-05-31,16592.0,16724.0,16455.0,16487.0,288306.0
2023-06-01,16494.0,16542.0,16395.0,16470.0,233640.0
2023-06-02,16471.0,16738.0,16454.0,16711.0,227944.0
2023-06-05,16721.0,16800.0,16657.0,16680.0,223861.0
2023-06-06,16689.0,16785.0,16660.0,16745.0,189494.0
2023-06-07,16738.0,16907.0,16703.0,16889.0,185751.0
2023-06-08,16881.0,16965.0,16667.0,16716.0,251084.0
2023-06-09,16714.0,16888.0,16712.0,16885.0,196952.0
2023-06-12,16889.0,16986.0,16853.0,16940.0,219129.0
2023-06-13,16946.0,17274.0,16932.0,17218.0,210779.0
2023-06-14,17235.0,17320.0,17134.0,17196.0,228914.0
2023-06-15,17178.0,17348.0,17155.0,17337.0,216052.0
2023-06-16,17328.0,17366.0,17215.0,17269.0,208540.0
2023-06-19,17266.0,17310.0,17160.0,17253.0,176382.0
2023-06-20,17262.0,17268.0,17107.0,17188.0,150448.0
2023-06-21,17186.0,17244.0,17135.0,17230.0,118390.0
2023-06-26,17003.0,17022.0,16823.0,16875.0,178179.0
2023-06-27,16872.0,16906.0,16705.0,16741.0,220769.0
2023-06-28,16746.0,16846.0,16712.0,16773.0,196331.0
2023-06-29,16765.0,16965.0,16720.0,16755.0,272267.0
2023-06-30,16745.0,16826.0,16670.0,16790.0,219686.0
2023-07-03,16778.0,17038.0,16775.0,17037.0,187296.0
2023-07-04,17037.0,17116.0,16983.0,17105.0,172242.0
2023-07-05,17110.0,17125.0,16974.0,17004.0,146422.0
2023-07-06,16970.0,16972.0,16673.0,16686.0,260407.0
2023-07-07,16685.0,16716.0,16518.0,16624.0,269758.0
2023-07-10,16614.0,16760.0,16545.0,16553.0,280767.0
2023-07-11,16566.0,16877.0,16559.0,16867.0,232954.0
2023-07-12,16893.0,16939.0,16812.0,16923.0,226206.0
2023-07-13,16908.0,17255.0,16888.0,17085.0,280568.0
2023-07-14,17094.0,17304.0,17082.0,17290.0,218728.0
2023-07-17,17274.0,17358.0,17222.0,17287.0,209448.0
2023-07-18,17300.0,17386.0,17152.0,17223.0,210850.0
2023-07-19,17225.0,17325.0,17092.0,17102.0,171993.0
2023-07-20,17091.0,17150.0,17011.0,17130.0,241107.0
2023-07-21,17030.0,17030.0,16817.0,16948.0,301098.0
2023-07-24,16956.0,17024.0,16866.0,16982.0,248628.0
2023-07-25,16980.0,17224.0,16973.0,17182.0,221084.0
2023-07-26,17200.0,17267.0,17078.0,17099.0,212626.0
2023-07-27,17110.0,17264.0,17032.0,17223.0,270291.0
2023-07-28,17233.0,17332.0,17107.0,17263.0,290088.0
2023-07-31,17290.0,17425.0,17058.0,17101.0,318423.0
2023-08-01,17095.0,17218.0,17075.0,17179.0,233352.0
2023-08-02,17183.0,17195.0,16806.0,16815.0,303623.0
2023-08-04,16790.0,16863.0,16660.0,16825.0,308732.0
2023-08-07,16823.0,17027.0,16725.0,17002.0,316449.0
2023-08-08,17000.0,17052.0,16758.0,16852.0,291673.0
2023-08-09,16827.0,16935.0,16712.0,16850.0,285573.0
2023-08-10,16866.0,16918.0,16584.0,16655.0,322633.0
2023-08-11,16650.0,16794.0,16572.0,16627.0,334276.0
2023-08-14,16631.0,16645.0,16305.0,16377.0,306231.0
2023-08-15,16372.0,16540.0,16332.0,16424.0,229239.0
2023-08-16,16421.0,16438.0,16290.0,16363.0,187316.0
2023-08-17,16377.0,16493.0,16205.0,16457.0,341780.0
2023-08-18,16490.0,16545.0,16320.0,16351.0,338850.0
2023-08-21,16350.0,16474.0,16266.0,16350.0,296198.0
2023-08-22,16340.0,16507.0,16335.0,16399.0,261017.0
2023-08-23,16425.0,16561.0,16331.0,16561.0,272604.0
2023-08-24,16564.0,16798.0,16518.0,16760.0,287660.0
2023-08-25,16753.0,16775.0,16415.0,16421.0,308022.0
2023-08-28,16396.0,16549.0,16361.0,16492.0,292210.0
2023-08-29,16500.0,16632.0,16454.0,16628.0,229988.0
2023-08-30,16630.0,16778.0,16583.0,16724.0,224450.0
2023-08-31,16715.0,16747.0,16602.0,16624.0,241637.0
2023-09-01,16617.0,16726.0,16533.0,16650.0,234618.0
2023-09-04,16635.0,16780.0,16572.0,16779.0,259025.0
2023-09-05,16784.0,16794.0,16706.0,16751.0,141452.0
2023-09-06,16738.0,16800.0,16691.0,16711.0,205675.0
2023-09-07,16708.0,16710.0,16560.0,16562.0,229496.0
2023-09-08,16561.0,16588.0,16464.0,16562.0,211996.0
2023-09-11,16574.0,16598.0,16366.0,16424.0,236039.0
2023-09-12,16436.0,16591.0,16413.0,16569.0,216332.0
2023-09-13,16586.0,16645.0,16520.0,16579.0,197863.0
2023-09-14,16578.0,16842.0,16553.0,16840.0,213691.0
2023-09-15,16844.0,16917.0,16804.0,16906.0,195684.0
2023-09-18,16903.0,16905.0,16700.0,16707.0,211839.0
2023-09-19,16702.0,16747.0,16603.0,16607.0,180757.0
2023-09-20,16615.0,16648.0,16529.0,16536.0,144218.0
2023-09-21,16579.0,16650.0,16281.0,16308.0,249523.0
2023-09-22,16300.0,16355.0,16188.0,16344.0,222655.0
2023-09-25,16343.0,16491.0,16313.0,16462.0,203686.0
2023-09-26,16467.0,16471.0,16273.0,16308.0,234104.0
2023-09-27,16280.0,16344.0,16198.0,16312.0,219546.0
2023-09-28,16320.0,16435.0,16226.0,16370.0,250444.0
2023-10-02,16353.0,16609.0,16313.0,16558.0,216688.0
2023-10-03,16566.0,16584.0,16408.0,16411.0,235959.0
2023-10-04,16426.0,16444.0,16164.0,16245.0,255544.0
2023-10-05,16221.0,16485.0,16215.0,16458.0,253745.0
2023-10-06,16443.0,16553.0,16381.0,16527.0,226537.0
2023-10-11,16530.0,16828.0,16438.0,16715.0,262189.0
2023-10-12,16703.0,16856.0,16646.0,16850.0,191788.0
2023-10-13,16857.0,16860.0,16678.0,16770.0,192978.0
2023-10-16,16775.0,16784.0,16603.0,16647.0,222237.0
2023-10-17,16667.0,16788.0,16633.0,16653.0,179122.0
2023-10-18,16653.0,16698.0,16411.0,16425.0,195235.0
2023-10-19,16462.0,16487.0,16351.0,16460.0,237542.0
2023-10-20,16480.0,16577.0,16255.0,16415.0,334693.0
2023-10-23,16405.0,16447.0,16250.0,16258.0,248499.0
2023-10-24,16253.0,16348.0,16144.0,16334.0,333188.0
2023-10-25,16342.0,16480.0,16293.0,16357.0,250073.0
2023-10-26,16356.0,16383.0,16040.0,16066.0,320546.0
2023-10-27,16061.0,16218.0,16033.0,16154.0,295002.0
2023-10-30,16154.0,16237.0,16045.0,16161.0,253342.0
2023-10-31,16170.0,16230.0,15973.0,15996.0,277621.0
2023-11-01,16010.0,16120.0,15978.0,16049.0,238293.0
2023-11-02,16066.0,16398.0,16034.0,16393.0,233673.0
2023-11-03,16392.0,16536.0,16381.0,16512.0,226236.0
2023-11-06,16514.0,16749.0,16472.0,16673.0,222537.0
2023-11-07,16694.0,16715.0,16613.0,16708.0,175651.0
2023-11-08,16701.0,16796.0,16683.0,16750.0,198108.0
2023-11-09,16736.0,16798.0,16689.0,16765.0,192002.0
2023-11-10,16773.0,16843.0,16627.0,16733.0,215898.0
2023-11-13,16750.0,17041.0,16743.0,16874.0,233666.0
2023-11-14,16873.0,16976.0,16859.0,16948.0,150780.0
2023-11-15,16960.0,17193.0,16948.0,17124.0,163277.0
2023-11-16,17168.0,17260.0,17110.0,17187.0,236946.0
2023-11-17,17190.0,17251.0,17122.0,17220.0,224032.0
2023-11-20,17219.0,17288.0,17154.0,17198.0,184596.0
2023-11-21,17191.0,17425.0,17188.0,17412.0,165367.0
2023-11-22,17404.0,17422.0,17256.0,17286.0,176191.0
2023-11-23,17263.0,17350.0,17214.0,17305.0,230853.0
2023-11-24,17326.0,17375.0,17265.0,17290.0,140435.0
2023-11-27,17288.0,17360.0,17145.0,17172.0,185085.0
2023-11-28,17177.0,17402.0,17166.0,17363.0,190195.0
2023-11-29,17385.0,17450.0,17313.0,17340.0,183988.0
2023-11-30,17342.0,17444.0,17291.0,17394.0,208060.0
2023-12-01,17394.0,17444.0,17256.0,17424.0,227218.0
2023-12-04,17427.0,17507.0,17366.0,17418.0,220619.0
2023-12-05,17406.0,17417.0,17231.0,17310.0,219754.0
2023-12-06,17282.0,17452.0,17272.0,17380.0,210642.0
2023-12-07,17373.0,17427.0,17262.0,17271.0,217624.0
2023-12-08,17273.0,17470.0,17262.0,17374.0,219798.0
2023-12-11,17372.0,17457.0,17335.0,17416.0,206909.0
2023-12-12,17420.0,17545.0,17403.0,17461.0,170178.0
2023-12-13,17463.0,17519.0,17397.0,17457.0,197897.0
2023-12-14,17445.0,17690.0,17404.0,17664.0,219796.0
2023-12-15,17671.0,17774.0,17642.0,17673.0,189372.0
2023-12-18,17681.0,17707.0,17584.0,17654.0,154087.0
2023-12-19,17648.0,17650.0,17505.0,17576.0,154322.0
2023-12-20,17567.0,17654.0,17541.0,17637.0,110448.0
2023-12-21,17668.0,17683.0,17377.0,17531.0,212031.0
2023-12-22,17524.0,17612.0,17504.0,17559.0,163279.0
2023-12-25,17551.0,17665.0,17533.0,17621.0,131990.0
2023-12-26,17627.0,17739.0,17615.0,17733.0,97837.0
2023-12-27,17735.0,17872.0,17707.0,17857.0,131654.0
2023-12-28,17866.0,17888.0,17812.0,17863.0,149079.0
2023-12-29,17869.0,17900.0,17826.0,17871.0,124068.0
2024-01-02,17871.0,17920.0,17751.0,17798.0,199841.0
2024-01-03,17793.0,17817.0,17508.0,17543.0,228690.0
2024-01-04,17542.0,17584.0,17479.0,17548.0,181212.0
2024-01-05,17569.0,17625.0,17491.0,17515.0,190876.0
2024-01-08,17509.0,17705.0,17452.0,17597.0,262097.0
2024-01-09,17595.0,17782.0,17526.0,17544.0,259414.0
2024-01-10,17543.0,17555.0,17432.0,17458.0,221517.0
2024-01-11,17449.0,17605.0,17441.0,17574.0,219063.0
2024-01-12,17573.0,17594.0,17396.0,17486.0,253372.0
2024-01-15,17489.0,17656.0,17411.0,17555.0,257970.0
2024-01-16,17570.0,17576.0,17283.0,17332.0,184436.0
2024-01-17,17340.0,17375.0,17159.0,17167.0,192335.0
2024-01-18,17205.0,17325.0,17162.0,17278.0,232105.0
2024-01-19,17349.0,17683.0,17333.0,17677.0,307071.0
2024-01-22,17689.0,17843.0,17650.0,17817.0,250542.0
2024-01-23,17801.0,17877.0,17765.0,17869.0,188874.0
2024-01-24,17878.0,17940.0,17863.0,17896.0,174805.0
2024-01-25,17914.0,18089.0,17903.0,17998.0,226535.0
2024-01-26,18008.0,18079.0,17935.0,17999.0,191738.0
2024-01-29,17996.0,18135.0,17960.0,18124.0,196834.0
2024-01-30,18128.0,18153.0,18058.0,18080.0,168794.0
2024-01-31,18065.0,18066.0,17904.0,17919.0,188684.0
2024-02-01,17908.0,18043.0,17883.0,17989.0,235203.0
2024-02-02,17969.0,18105.0,17952.0,18084.0,179046.0
2024-02-05,18080.0,18102.0,17958.0,18086.0,200170.0
2024-02-15,18086.0,18696.0,18026.0,18667.0,189710.0
2024-02-16,18669.0,18727.0,18633.0,18635.0,138142.0
2024-02-19,18639.0,18692.0,18619.0,18671.0,129649.0
2024-02-20,18678.0,18755.0,18596.0,18755.0,107310.0
2024-02-21,18776.0,18817.0,18660.0,18671.0,121699.0
2024-02-22,18691.0,18895.0,18670.0,18887.0,190921.0
2024-02-23,18890.0,19004.0,18888.0,18911.0,199290.0
2024-02-26,18917.0,18995.0,18853.0,18964.0,168639.0
2024-02-27,18967.0,19019.0,18750.0,18867.0,227368.0
2024-02-29,18870.0,18997.0,18804.0,18966.0,181709.0
2024-03-01,18964.0,19016.0,18890.0,18959.0,209188.0
2024-03-04,18966.0,19341.0,18912.0,19314.0,246656.0
2024-03-05,19316.0,19437.0,19305.0,19391.0,213061.0
2024-03-06,19371.0,19523.0,19217.0,19508.0,237876.0
2024-03-07,19521.0,19771.0,19488.0,19705.0,316518.0
2024-03-08,19698.0,20009.0,19637.0,19794.0,407789.0
2024-03-11,19781.0,19991.0,19666.0,19713.0,365437.0
2024-03-12,19721.0,19957.0,19655.0,19955.0,247646.0
2024-03-13,19959.0,20064.0,19865.0,19928.0,302025.0
2024-03-14,19931.0,19978.0,19800.0,19938.0,238670.0
2024-03-15,19958.0,19967.0,19724.0,19726.0,246969.0
2024-03-18,19733.0,19918.0,19710.0,19918.0,206095.0
2024-03-19,19918.0,19964.0,19740.0,19867.0,203667.0
2024-03-20,19878.0,19956.0,19734.0,19748.0,182018.0
2024-03-21,19835.0,20265.0,19831.0,20265.0,244440.0
2024-03-22,20279.0,20358.0,20122.0,20240.0,280419.0
2024-03-25,20224.0,20305.0,20185.0,20226.0,200910.0
2024-03-26,20221.0,20459.0,20037.0,20188.0,355331.0
2024-03-27,20205.0,20288.0,20128.0,20261.0,212358.0
2024-03-28,20258.0,20285.0,20083.0,20203.0,250831.0
2024-03-29,20189.0,20297.0,20157.0,20279.0,210437.0
2024-04-01,20286.0,20400.0,20260.0,20289.0,199451.0
2024-04-02,20290.0,20523.0,20283.0,20522.0,234532.0
2024-04-03,20540.0,20553.0,20276.0,20351.0,268970.0
2024-04-08,20352.0,20519.0,20342.0,20451.0,217617.0
2024-04-09,20450.0,20878.0,20427.0,20873.0,252103.0
2024-04-10,20884.0,20893.0,20750.0,20850.0,215154.0
2024-04-11,20858.0,20874.0,20652.0,20752.0,265616.0
2024-04-12,20735.0,20808.0,20630.0,20752.0,245683.0
2024-04-15,20761.0,20767.0,20460.0,20507.0,283232.0
2024-04-16,20498.0,20587.0,19797.0,19943.0,352478.0
2024-04-17,19927.0,20284.0,19821.0,20238.0,221398.0
2024-04-18,20153.0,20359.0,19932.0,20355.0,350074.0
2024-04-19,20383.0,20450.0,19269.0,19543.0,665619.0
2024-04-22,19617.0,19765.0,19447.0,19529.0,440117.0
2024-04-23,19558.0,19745.0,19493.0,19680.0,302912.0
2024-04-24,19691.0,20202.0,19677.0,20171.0,283902.0
2024-04-25,20154.0,20160.0,19835.0,19875.0,351659.0
2024-04-26,19884.0,20270.0,19708.0,20177.0,476090.0
2024-04-29,20202.0,20559.0,20120.0,20552.0,306254.0
2024-04-30,20525.0,20576.0,20402.0,20415.0,241384.0
2024-05-02,20445.0,20467.0,20211.0,20298.0,295031.0
2024-05-03,20290.0,20597.0,20192.0,20381.0,362204.0
2024-05-06,20366.0,20714.0,20333.0,20601.0,320169.0
2024-05-07,20626.0,20759.0,20537.0,20645.0,239038.0
2024-05-08,20657.0,20738.0,20574.0,20723.0,208268.0
2024-05-09,20745.0,20763.0,20606.0,20611.0,247432.0
2024-05-10,20605.0,20828.0,20560.0,20815.0,256680.0
2024-05-13,20834.0,20984.0,20826.0,20882.0,242159.0
2024-05-14,20889.0,21014.0,20853.0,21011.0,161009.0
2024-05-15,21018.0,21362.0,20945.0,21144.0,193507.0
2024-05-16,21243.0,21557.0,21237.0,21372.0,325232.0
2024-05-17,21357.0,21440.0,21273.0,21334.0,245463.0
2024-05-20,21345.0,21485.0,21154.0,21302.0,285747.0
2024-05-21,21318.0,21387.0,21165.0,21278.0,230659.0
2024-05-22,21285.0,21614.0,21260.0,21583.0,229581.0
2024-05-23,21581.0,21660.0,21433.0,21605.0,242567.0
2024-05-24,21608.0,21692.0,21391.0,21569.0,297495.0
2024-05-27,21565.0,21917.0,21544.0,21872.0,252809.0
2024-05-28,21877.0,21995.0,21846.0,21949.0,167386.0
2024-05-29,21951.0,21971.0,21721.0,21723.0,234684.0
2024-05-30,21722.0,21742.0,21367.0,21393.0,301229.0
2024-05-31,21405.0,21642.0,21255.0,21284.0,361510.0
2024-06-03,21293.0,21698.0,21130.0,21655.0,379439.0
2024-06-04,21654.0,21666.0,21284.0,21322.0,354760.0
2024-06-05,21293.0,21493.0,21136.0,21464.0,396282.0
2024-06-06,21454.0,21961.0,21373.0,21875.0,353213.0
2024-06-07,21890.0,21933.0,21745.0,21897.0,269346.0
2024-06-11,21894.0,21970.0,21733.0,21800.0,306354.0
2024-06-12,21817.0,22062.0,21647.0,22048.0,297525.0
2024-06-13,22054.0,22473.0,22020.0,22322.0,345590.0
2024-06-14,22322.0,22513.0,22182.0,22510.0,292471.0
2024-06-17,22500.0,22555.0,22363.0,22475.0,237496.0
2024-06-18,22495.0,22812.0,22482.0,22784.0,246760.0
2024-06-19,22787.0,23291.0,22773.0,23228.0,246596.0
2024-06-20,23147.0,23380.0,23085.0,23380.0,247624.0
2024-06-21,23356.0,23400.0,22975.0,23204.0,380167.0
2024-06-24,23201.0,23215.0,22680.0,22749.0,424471.0
2024-06-25,22771.0,22850.0,22409.0,22749.0,389153.0
2024-06-26,22726.0,23004.0,22611.0,22871.0,328517.0
2024-06-27,22868.0,22937.0,22555.0,22794.0,342090.0
2024-06-28,22810.0,23115.0,22751.0,22982.0,361997.0
2024-07-01,22980.0,23168.0,22850.0,22990.0,322172.0
2024-07-02,23005.0,23014.0,22717.0,22833.0,355540.0
2024-07-03,22821.0,23187.0,22755.0,23186.0,299096.0
2024-07-04,23199.0,23625.0,23171.0,23621.0,297773.0
2024-07-05,23628.0,23697.0,23527.0,23573.0,194367.0
2024-07-08,23577.0,23994.0,23462.0,23912.0,317217.0
2024-07-09,23916.0,24092.0,23624.0,23880.0,371936.0
2024-07-10,23860.0,24012.0,23701.0,24003.0,295997.0
2024-07-11,24015.0,24405.0,23997.0,24371.0,298442.0
2024-07-12,24350.0,24449.0,23782.0,23814.0,427715.0
2024-07-15,23826.0,24185.0,23755.0,23850.0,390027.0
2024-07-16,23882.0,24183.0,23703.0,23997.0,368532.0
2024-07-17,23980.0,24086.0,23610.0,23680.0,272533.0
2024-07-18,23707.0,23733.0,23156.0,23392.0,482680.0
2024-07-19,23512.0,23593.0,22851.0,22913.0,635543.0
2024-07-22,22878.0,23008.0,22184.0,22372.0,624453.0
2024-07-23,22398.0,22871.0,22365.0,22832.0,358206.0
2024-07-26,22827.0,22865.0,21918.0,22089.0,389420.0
2024-07-29,22081.0,22518.0,22076.0,22258.0,392909.0
2024-07-30,22248.0,22298.0,21809.0,22250.0,434541.0
2024-07-31,22248.0,22348.0,21785.0,22290.0,431895.0
2024-08-01,22352.0,22728.0,22342.0,22652.0,373128.0
2024-08-02,22585.0,22637.0,21508.0,21528.0,550236.0
2024-08-05,21488.0,21524.0,19374.0,19374.0,753560.0
2024-08-06,19374.0,20792.0,18827.0,20429.0,894544.0
2024-08-07,20341.0,21336.0,19955.0,21136.0,679689.0
2024-08-08,21060.0,21434.0,20551.0,20696.0,614346.0
2024-08-09,20826.0,21592.0,20565.0,21478.0,570492.0
2024-08-12,21505.0,21893.0,21334.0,21671.0,492875.0
2024-08-13,21646.0,21924.0,21561.0,21770.0,344146.0
2024-08-14,21800.0,22158.0,21694.0,21986.0,336959.0
2024-08-15,22013.0,22210.0,21732.0,21841.0,380316.0
2024-08-16,21840.0,22445.0,21757.0,22365.0,333613.0
2024-08-19,22360.0,22522.0,22168.0,22360.0,302388.0
2024-08-20,22336.0,22579.0,22222.0,22435.0,238152.0
2024-08-21,22441.0,22496.0,22152.0,22200.0,201424.0
2024-08-22,22205.0,22300.0,22015.0,22103.0,317541.0
2024-08-23,22148.0,22299.0,21766.0,22131.0,360443.0
2024-08-26,22119.0,22450.0,22075.0,22207.0,368578.0
2024-08-27,22196.0,22312.0,21993.0,22153.0,263767.0
2024-08-28,22160.0,22411.0,22049.0,22400.0,305473.0
2024-08-29,22422.0,22553.0,21885.0,22175.0,354466.0
2024-08-30,22200.0,22476.0,22194.0,22322.0,302185.0
2024-09-02,22322.0,22447.0,22095.0,22221.0,306295.0
2024-09-03,22210.0,22313.0,22008.0,22058.0,223097.0
2024-09-04,22080.0,22150.0,20827.0,20940.0,475920.0
2024-09-05,20957.0,21453.0,20916.0,21184.0,396642.0
2024-09-06,21164.0,21471.0,21013.0,21314.0,396889.0
2024-09-09,21303.0,21530.0,20549.0,21079.0,499248.0
2024-09-10,21108.0,21350.0,20906.0,20998.0,357575.0
2024-09-11,21009.0,21184.0,20818.0,21005.0,336985.0
2024-09-12,21066.0,21780.0,20880.0,21709.0,415387.0
2024-09-13,21703.0,21894.0,21579.0,21819.0,262832.0
2024-09-16,21790.0,21892.0,21736.0,21812.0,179044.0
2024-09-18,21800.0,21873.0,21559.0,21617.0,183071.0
2024-09-19,21717.0,22080.0,21605.0,22071.0,308144.0
2024-09-20,22102.0,22434.0,22084.0,22216.0,280327.0
2024-09-23,22225.0,22392.0,22099.0,22336.0,229488.0
2024-09-24,22303.0,22508.0,22151.0,22495.0,252664.0
2024-09-25,22550.0,22901.0,22504.0,22789.0,268713.0
2024-09-26,22765.0,23078.0,22747.0,22955.0,249344.0
2024-09-27,23004.0,23395.0,22877.0,22885.0,342427.0
2024-09-30,22868.0,22983.0,22314.0,22327.0,350325.0
2024-10-01,22333.0,22463.0,22006.0,22391.0,291280.0
2024-10-04,22404.0,22506.0,21888.0,22286.0,369552.0
2024-10-07,22320.0,22807.0,22236.0,22775.0,318100.0
2024-10-08,22750.0,22767.0,22394.0,22580.0,269053.0
2024-10-09,22598.0,22886.0,22545.0,22700.0,257065.0
2024-10-11,22662.0,23048.0,22573.0,22912.0,247261.0
2024-10-14,22910.0,23077.0,22816.0,23008.0,218033.0
2024-10-15,23048.0,23385.0,23016.0,23228.0,190754.0
2024-10-16,23214.0,23262.0,22808.0,22986.0,224089.0
2024-10-17,23053.0,23276.0,23003.0,23260.0,251737.0
2024-10-18,23488.0,23988.0,23450.0,23660.0,364080.0
2024-10-21,23685.0,23883.0,23568.0,23571.0,210032.0
2024-10-22,23559.0,23688.0,23332.0,23626.0,277569.0
2024-10-23,23600.0,23667.0,23337.0,23403.0,235880.0
2024-10-24,23400.0,23465.0,23133.0,23301.0,303433.0
2024-10-25,23290.0,23485.0,23206.0,23477.0,217136.0
2024-10-28,23464.0,23709.0,23213.0,23320.0,287435.0
2024-10-29,23337.0,23386.0,22691.0,22976.0,304686.0
2024-10-30,23020.0,23143.0,22845.0,22901.0,250852.0
2024-11-01,22931.0,22996.0,22233.0,22755.0,319166.0
2024-11-04,22756.0,23045.0,22692.0,23035.0,254887.0
2024-11-05,23040.0,23300.0,22780.0,23141.0,251296.0
2024-11-06,23145.0,23447.0,23047.0,23321.0,294504.0
2024-11-07,23374.0,23577.0,22937.0,23533.0,349367.0
2024-11-08,23553.0,23796.0,23477.0,23777.0,246083.0
2024-11-11,23768.0,23840.0,23310.0,23574.0,284045.0
2024-11-12,23534.0,23570.0,22864.0,22866.0,304290.0
2024-11-13,22875.0,23015.0,22570.0,22779.0,316375.0
2024-11-14,22820.0,23077.0,22578.0,22677.0,341201.0
2024-11-15,22650.0,22930.0,22592.0,22758.0,261212.0
2024-11-18,22732.0,22831.0,22471.0,22576.0,264149.0
2024-11-19,22591.0,22975.0,22339.0,22853.0,262976.0
2024-11-20,22872.0,22955.0,22653.0,22686.0,207841.0
2024-11-21,22801.0,22823.0,22496.0,22571.0,282744.0
2024-11-22,22585.0,23067.0,22393.0,23036.0,353646.0
2024-11-25,23063.0,23285.0,22975.0,23063.0,225300.0
2024-11-26,23030.0,23032.0,22612.0,22638.0,243010.0
2024-11-27,22635.0,22761.0,22341.0,22343.0,248753.0
2024-11-28,22392.0,22467.0,22049.0,22336.0,301979.0
2024-11-29,22333.0,22438.0,22003.0,22306.0,213903.0
2024-12-02,22300.0,22826.0,22160.0,22825.0,241053.0
2024-12-03,22830.0,23181.0,22803.0,23111.0,217397.0
2024-12-04,23086.0,23295.0,22936.0,23295.0,233551.0
2024-12-05,23270.0,23365.0,23185.0,23256.0,191922.0
2024-12-06,23268.0,23454.0,23135.0,23174.0,205639.0
2024-12-09,23209.0,23328.0,23170.0,23251.0,188567.0
2024-12-10,23235.0,23477.0,23026.0,23090.0,246088.0
2024-12-11,23088.0,23144.0,22824.0,22850.0,227359.0
2024-12-12,22870.0,23211.0,22800.0,23110.0,208559.0
2024-12-13,23100.0,23141.0,22850.0,22985.0,224852.0
2024-12-16,23016.0,23269.0,22933.0,22960.0,245155.0
2024-12-17,22989.0,23214.0,22962.0,23035.0,185417.0
2024-12-18,23020.0,23200.0,22837.0,23105.0,172830.0
2024-12-19,23191.0,23386.0,22602.0,22849.0,275753.0
2024-12-20,22850.0,22972.0,22589.0,22633.0,262023.0
2024-12-23,22671.0,23243.0,22520.0,23239.0,270385.0
2024-12-24,23252.0,23450.0,23145.0,23215.0,204819.0
2024-12-25,23228.0,23377.0,23206.0,23328.0,132551.0
2024-12-26,23327.0,23420.0,23275.0,23324.0,90007.0
2024-12-27,23306.0,23376.0,23152.0,23376.0,161331.0
2024-12-30,23383.0,23395.0,23090.0,23170.0,181044.0
2024-12-31,23160.0,23195.0,22921.0,23043.0,203330.0
2025-01-02,23025.0,23167.0,22690.0,22846.0,229420.0
2025-01-03,22850.0,23106.0,22731.0,22979.0,255662.0
2025-01-06,22972.0,23620.0,22939.0,23607.0,216787.0
2025-01-07,23646.0,23993.0,23617.0,23754.0,226204.0
2025-01-08,23754.0,23894.0,23440.0,23451.0,228517.0
2025-01-09,23411.0,23486.0,23083.0,23101.0,251791.0
2025-01-10,23083.0,23196.0,22956.0,23049.0,180161.0
2025-01-13,23029.0,23175.0,22431.0,22531.0,329908.0
2025-01-14,22546.0,22767.0,22316.0,22752.0,218895.0
2025-01-15,22740.0,22821.0,22493.0,22519.0,170435.0
2025-01-16,22525.0,23217.0,22512.0,23033.0,256450.0
2025-01-17,23247.0,23529.0,22956.0,23194.0,309898.0
2025-01-20,23213.0,23416.0,23192.0,23345.0,190152.0
2025-01-21,23338.0,23439.0,23171.0,23365.0,199275.0
2025-01-22,23351.0,23720.0,23326.0,23700.0,187173.0
2025-02-03,23661.0,23842.0,22550.0,22594.0,206879.0
2025-02-04,22605.0,22947.0,22590.0,22823.0,201666.0
2025-02-05,22835.0,23282.0,22833.0,23135.0,175895.0
2025-02-06,23135.0,23378.0,23050.0,23295.0,163657.0
2025-02-07,23292.0,23465.0,23241.0,23429.0,144480.0
2025-02-10,23431.0,23526.0,23168.0,23243.0,214089.0
2025-02-11,23246.0,23503.0,23233.0,23340.0,157353.0
2025-02-12,23333.0,23536.0,23214.0,23311.0,181233.0
2025-02-13,23333.0,23455.0,23150.0,23401.0,214623.0
2025-02-14,23395.0,23400.0,23116.0,23179.0,219098.0
2025-02-17,23163.0,23539.0,23065.0,23502.0,183601.0
2025-02-18,23531.0,23664.0,23463.0,23650.0,102005.0
2025-02-19,23670.0,23703.0,23513.0,23607.0,118758.0
2025-02-20,23628.0,23678.0,23372.0,23534.0,183084.0
2025-02-21,23538.0,23759.0,23468.0,23748.0,194074.0
2025-02-24,23767.0,23783.0,23421.0,23555.0,191757.0
2025-02-25,23543.0,23594.0,23138.0,23297.0,224909.0
2025-02-26,23253.0,23420.0,23050.0,23419.0,246981.0
2025-02-27,23432.0,23590.0,23127.0,23189.0,257381.0
2025-03-03,23205.0,23309.0,22602.0,22723.0,282616.0
2025-03-04,22732.0,22758.0,22109.0,22580.0,321526.0
2025-03-05,22595.0,22926.0,22339.0,22894.0,326207.0
2025-03-06,22899.0,23030.0,22705.0,22764.0,277763.0
2025-03-07,22759.0,22808.0,22406.0,22523.0,279147.0
2025-03-10,22456.0,22629.0,22242.0,22443.0,317862.0
2025-03-11,22440.0,22484.0,21661.0,22032.0,340538.0
2025-03-12,22053.0,22345.0,21835.0,22228.0,320174.0
2025-03-13,22188.0,22475.0,21917.0,21923.0,326201.0
2025-03-14,21905.0,22131.0,21857.0,21962.0,304269.0
2025-03-17,21962.0,22312.0,21925.0,22156.0,231385.0
2025-03-18,22135.0,22438.0,22098.0,22230.0,185857.0
2025-03-19,22262.0,22335.0,21945.0,21963.0,175058.0
2025-03-20,22019.0,22418.0,21970.0,22366.0,238176.0
2025-03-21,22368.0,22382.0,22168.0,22178.0,264259.0
2025-03-24,22202.0,22398.0,22017.0,22154.0,246689.0
2025-03-25,22171.0,22444.0,22161.0,22303.0,222323.0
2025-03-26,22311.0,22428.0,22250.0,22306.0,187110.0
2025-03-27,22303.0,22315.0,21891.0,21971.0,237168.0
2025-03-28,21956.0,21986.0,21484.0,21604.0,295912.0
2025-03-31,21577.0,21644.0,20724.0,20778.0,350915.0
2025-04-01,20807.0,21271.0,20688.0,21178.0,304003.0
2025-04-02,21227.0,21389.0,21060.0,21302.0,291210.0
2025-04-07,21302.0,21668.0,19167.0,19167.0,210711.0
2025-04-08,17693.0,19287.0,17567.0,18193.0,721611.0
2025-04-09,18248.0,18847.0,17138.0,17204.0,687529.0
2025-04-10,17340.0,18902.0,17015.0,18902.0,412189.0
2025-04-11,19670.0,19747.0,18384.0,19531.0,673407.0
2025-04-14,19543.0,19981.0,19178.0,19495.0,470440.0
2025-04-15,19538.0,19833.0,19346.0,19796.0,276011.0
2025-04-16,19808.0,19909.0,19427.0,19549.0,199648.0
2025-04-17,19367.0,19447.0,19002.0,19370.0,347818.0
2025-04-18,19513.0,19583.0,19253.0,19337.0,278639.0
2025-04-21,19347.0,19402.0,19028.0,19102.0,144237.0
2025-04-22,19093.0,19142.0,18752.0,18798.0,260572.0
2025-04-23,18877.0,19596.0,18809.0,19557.0,279207.0
2025-04-24,19568.0,19775.0,19414.0,19460.0,289286.0
2025-04-25,19445.0,20008.0,19354.0,19875.0,287117.0
2025-04-28,19897.0,20071.0,19752.0,19962.0,257550.0
2025-04-29,20000.0,20206.0,19825.0,20156.0,227293.0
2025-04-30,20165.0,20266.0,20061.0,20151.0,216441.0
2025-05-02,20180.0,20710.0,19923.0,20676.0,288347.0
2025-05-05,20650.0,20900.0,20207.0,20413.0,307678.0
2025-05-06,20419.0,20483.0,20139.0,20340.0,256914.0
2025-05-07,20331.0,20558.0,20158.0,20379.0,284076.0
2025-05-08,20388.0,20695.0,20251.0,20579.0,282221.0
2025-05-09,20564.0,20872.0,20505.0,20848.0,267603.0
2025-05-12,20863.0,21135.0,20728.0,21066.0,207266.0
2025-05-13,21068.0,21518.0,21067.0,21357.0,253411.0
2025-05-14,21353.0,21787.0,21314.0,21770.0,220220.0
2025-05-15,21800.0,21889.0,21676.0,21692.0,189452.0
2025-05-16,21698.0,21877.0,21630.0,21825.0,184324.0
2025-05-19,21806.0,21931.0,21498.0,21537.0,199208.0
2025-05-20,21522.0,21786.0,21475.0,21540.0,181462.0
2025-05-21,21534.0,21852.0,21492.0,21849.0,127376.0
2025-05-22,21665.0,21727.0,21391.0,21498.0,210209.0
2025-05-23,21506.0,21640.0,21332.0,21466.0,221299.0
2025-05-26,21450.0,21562.0,21072.0,21386.0,275322.0
2025-05-27,21400.0,21438.0,21132.0,21229.0,152645.0
2025-05-28,21232.0,21512.0,21150.0,21249.0,225899.0
2025-05-29,21251.0,21615.0,21191.0,21322.0,225818.0
2025-06-02,21290.0,21292.0,20790.0,20868.0,267901.0
2025-06-03,20880.0,21220.0,20830.0,20976.0,214616.0
2025-06-04,21025.0,21535.0,20975.0,21477.0,196512.0
2025-06-05,21499.0,21678.0,21454.0,21557.0,175417.0
2025-06-06,21555.0,21752.0,21501.0,21578.0,201079.0
2025-06-09,21579.0,21788.0,21534.0,21725.0,155946.0
2025-06-10,21742.0,22237.0,21720.0,22113.0,183700.0
2025-06-11,22129.0,22356.0,22096.0,22349.0,177873.0
2025-06-12,22355.0,22491.0,22215.0,22253.0,179044.0
2025-06-13,22235.0,22349.0,21893.0,21934.0,227526.0
2025-06-16,21961.0,22146.0,21868.0,22036.0,196673.0
2025-06-17,22057.0,22277.0,22036.0,22165.0,168530.0
2025-06-18,22150.0,22385.0,22028.0,22308.0,148890.0
2025-06-19,21957.0,21987.0,21676.0,21704.0,210883.0
2025-06-20,21680.0,21742.0,21468.0,21649.0,207581.0
2025-06-23,21650.0,21788.0,21206.0,21474.0,268913.0
2025-06-24,21481.0,21964.0,21350.0,21962.0,256485.0
2025-06-25,22000.0,22168.0,21928.0,22160.0,179918.0
2025-06-26,22146.0,22264.0,22078.0,22110.0,178663.0
2025-06-27,22121.0,22220.0,21988.0,22120.0,197680.0
2025-06-30,22098.0,22257.0,22037.0,22141.0,185471.0
2025-07-01,22133.0,22592.0,22012.0,22351.0,212983.0
2025-07-02,22352.0,22409.0,22208.0,22391.0,169621.0
2025-07-03,22387.0,22716.0,22281.0,22679.0,185671.0
2025-07-04,22710.0,22875.0,22431.0,22434.0,195742.0
2025-07-07,22423.0,22505.0,22246.0,22336.0,174986.0
2025-07-08,22313.0,22427.0,22142.0,22254.0,206645.0
2025-07-09,22275.0,22472.0,22146.0,22430.0,176059.0
2025-07-10,22440.0,22647.0,22365.0,22608.0,200465.0
2025-07-11,22620.0,22772.0,22487.0,22764.0,180770.0
2025-07-14,22741.0,22753.0,22520.0,22550.0,158610.0
2025-07-15,22528.0,22882.0,22461.0,22810.0,173694.0
2025-07-16,22830.0,23118.0,22811.0,23048.0,127082.0
2025-07-17,22888.0,23150.0,22811.0,23145.0,195158.0
2025-07-18,23319.0,23414.0,23230.0,23262.0,187991.0
2025-07-21,23277.0,23323.0,23173.0,23232.0,128852.0
2025-07-22,23257.0,23407.0,22978.0,22992.0,208320.0
2025-07-23,23012.0,23259.0,22862.0,23184.0,194619.0
2025-07-24,23197.0,23405.0,23153.0,23309.0,162655.0
2025-07-25,23298.0,23328.0,23190.0,23241.0,133010.0
2025-07-28,23238.0,23483.0,23190.0,23398.0,169396.0
2025-07-29,23400.0,23402.0,23027.0,23164.0,184280.0
2025-07-30,23183.0,23420.0,23132.0,23363.0,200971.0
2025-07-31,23364.0,23620.0,23222.0,23602.0,197323.0
2025-08-01,23594.0,23683.0,23021.0,23348.0,243410.0
2025-08-04,23290.0,23322.0,22980.0,23266.0,236922.0
2025-08-05,23279.0,23583.0,23266.0,23577.0,153983.0
2025-08-06,23598.0,23621.0,23376.0,23426.0,172847.0
2025-08-07,23413.0,24054.0,23292.0,23995.0,214996.0
2025-08-08,24006.0,24132.0,23930.0,23952.0,163387.0
2025-08-11,23928.0,24222.0,23833.0,24161.0,175087.0
2025-08-12,24165.0,24240.0,24071.0,24137.0,149570.0
2025-08-13,24168.0,24408.0,24133.0,24343.0,199402.0
2025-08-14,24349.0,24439.0,24207.0,24253.0,148950.0
2025-08-15,24246.0,24384.0,24187.0,24317.0,163558.0
2025-08-18,24314.0,24462.0,24138.0,24425.0,163155.0
2025-08-19,24395.0,24447.0,24313.0,24344.0,121491.0
2025-08-20,24349.0,24380.0,23630.0,23636.0,155324.0
2025-08-21,23652.0,23943.0,23529.0,23851.0,229294.0
2025-08-22,23870.0,23982.0,23730.0,23749.0,204283.0
2025-08-25,23720.0,24313.0,23708.0,24257.0,238901.0
2025-08-26,24232.0,24282.0,24090.0,24254.0,160476.0
2025-08-27,24243.0,24496.0,24188.0,24462.0,152661.0
2025-08-28,24473.0,24488.0,24204.0,24222.0,191605.0
2025-08-29,24265.0,24453.0,24247.0,24267.0,187119.0
2025-09-01,24250.0,24285.0,23847.0,24009.0,264735.0
2025-09-02,24023.0,24250.0,23880.0,23971.0,193995.0
2025-09-03,24005.0,24084.0,23690.0,23999.0,261973.0
2025-09-04,24014.0,24365.0,23977.0,24129.0,270249.0
2025-09-05,24132.0,24428.0,24116.0,24420.0,176309.0
2025-09-08,24438.0,24675.0,24289.0,24551.0,250443.0
2025-09-09,24580.0,24838.0,24561.0,24804.0,160973.0
2025-09-10,24813.0,25244.0,24750.0,25171.0,204401.0
2025-09-11,25191.0,25475.0,25165.0,25234.0,238460.0
2025-09-12,25268.0,25465.0,25256.0,25465.0,164670.0
2025-09-15,25434.0,25450.0,25270.0,25348.0,157547.0
2025-09-16,25367.0,25663.0,25285.0,25628.0,137318.0
2025-09-17,25616.0,25650.0,25400.0,25434.0,120026.0
2025-09-18,25472.0,25745.0,25350.0,25711.0,232987.0
2025-09-19,25709.0,25888.0,25594.0,25670.0,263862.0
2025-09-22,25669.0,25940.0,25640.0,25890.0,170031.0
2025-09-23,25873.0,26326.0,25792.0,26270.0,212971.0
2025-09-24,26263.0,26544.0,26072.0,26238.0,261469.0
2025-09-25,26232.0,26296.0,26088.0,26097.0,198454.0
2025-09-26,26070.0,26095.0,25500.0,25666.0,313816.0
2025-09-30,25652.0,26046.0,25566.0,25953.0,213946.0
2025-10-01,25948.0,26375.0,25913.0,26046.0,222488.0
2025-10-02,25980.0,26527.0,25918.0,26427.0,224943.0
2025-10-03,26431.0,26764.0,26365.0,26739.0,245266.0
2025-10-07,26777.0,27356.0,26632.0,27319.0,220399.0
2025-10-08,27296.0,27397.0,26909.0,27092.0,220918.0
2025-10-09,27040.0,27456.0,27000.0,27333.0,217745.0
2025-10-13,27352.0,27396.0,26380.0,26901.0,241840.0
2025-10-14,26922.0,27450.0,26714.0,26717.0,291224.0
2025-10-15,26740.0,27191.0,26500.0,27155.0,231163.0
2025-10-16,27319.0,27878.0,27230.0,27824.0,348187.0
2025-10-17,27789.0,27814.0,27241.0,27325.0,342601.0
2025-10-20,27260.0,27822.0,27037.0,27783.0,358593.0
2025-10-21,27808.0,28036.0,27702.0,27830.0,243805.0
2025-10-22,27827.0,27948.0,27526.0,27708.0,262630.0
2025-10-23,27724.0,27737.0,27311.0,27560.0,291929.0
2025-10-27,27615.0,28288.0,27495.0,28222.0,223965.0
2025-10-28,28234.0,28320.0,27984.0,28001.0,199686.0
2025-10-29,27984.0,28445.0,27952.0,28416.0,194648.0
2025-10-30,28439.0,28551.0,28181.0,28399.0,270959.0
2025-10-31,28380.0,28589.0,28200.0,28434.0,240821.0
2025-11-03,28430.0,28583.0,28148.0,28339.0,266960.0
2025-11-04,28321.0,28595.0,28112.0,28113.0,266267.0
2025-11-05,28103.0,28229.0,27414.0,27804.0,349029.0
2025-11-06,27856.0,28158.0,27746.0,28034.0,246440.0
2025-11-07,28018.0,28137.0,27596.0,27729.0,330142.0
2025-11-10,27760.0,28038.0,27155.0,28015.0,343191.0
2025-11-11,28002.0,28180.0,27764.0,27772.0,248770.0
2025-11-12,27815.0,28078.0,27702.0,28056.0,240323.0
2025-11-13,28081.0,28176.0,27802.0,27979.0,243038.0
2025-11-14,28009.0,28064.0,27365.0,27408.0,296028.0
2025-11-17,27389.0,27692.0,26954.0,27476.0,371367.0
2025-11-18,27447.0,27574.0,26773.0,26806.0,363715.0
2025-11-19,26745.0,27022.0,26536.0,26615.0,243398.0
2025-11-20,26679.0,27493.0,26656.0,27486.0,319759.0
2025-11-21,27505.0,27540.0,26396.0,26475.0,395406.0
2025-11-24,26488.0,26801.0,26246.0,26617.0,382173.0
2025-11-25,26615.0,27103.0,26455.0,26940.0,275062.0
2025-11-26,26908.0,27383.0,26650.0,27332.0,302028.0
2025-11-27,27352.0,27649.0,27224.0,27582.0,258042.0
2025-11-28,27567.0,27855.0,27523.0,27741.0,131367.0
2025-12-01,27740.0,27864.0,27401.0,27402.0,185875.0
2025-12-02,27450.0,27789.0,27406.0,27561.0,231978.0
2025-12-03,27570.0,27888.0,27570.0,27759.0,228590.0
2025-12-04,27750.0,27879.0,27611.0,27800.0,216507.0
2025-12-05,27828.0,28018.0,27702.0,28016.0,196872.0
2025-12-08,28025.0,28298.0,27972.0,28287.0,193099.0
2025-12-09,28281.0,28363.0,28169.0,28222.0,156071.0
2025-12-10,28215.0,28435.0,28132.0,28396.0,163374.0
2025-12-11,28414.0,28699.0,28059.0,28103.0,235455.0
2025-12-12,28119.0,28345.0,28093.0,28293.0,199415.0
2025-12-15,28279.0,28335.0,27712.0,27908.0,240222.0
2025-12-16,27898.0,28030.0,27410.0,27627.0,229510.0
2025-12-17,27611.0,27796.0,27474.0,27483.0,155634.0
2025-12-18,27749.0,27960.0,27348.0,27587.0,304397.0
2025-12-19,27588.0,27984.0,27577.0,27897.0,256101.0
2025-12-22,27888.0,28368.0,27869.0,28339.0,199588.0
2025-12-23,28351.0,28455.0,28290.0,28417.0,128966.0
2025-12-24,28407.0,28588.0,28335.0,28471.0,143286.0
2025-12-26,28468.0,28714.0,28457.0,28673.0,122045.0
2025-12-29,28663.0,28997.0,28616.0,28947.0,145017.0
2025-12-30,28938.0,28955.0,28705.0,28881.0,158106.0
2025-12-31,28866.0,29053.0,28782.0,29017.0,158364.0
2026-01-02,29011.0,29499.0,28960.0,29476.0,172890.0
2026-01-05,29500.0,30488.0,29463.0,30310.0,291488.0
2026-01-06,30350.0,30673.0,30183.0,30614.0,197548.0
2026-01-07,30628.0,30676.0,30450.0,30521.0,197466.0
2026-01-08,30509.0,30662.0,30264.0,30458.0,207491.0
2026-01-09,30430.0,30582.0,30006.0,30456.0,248626.0
2026-01-12,30468.0,30838.0,30417.0,30703.0,215254.0
2026-01-13,30725.0,31267.0,30626.0,30873.0,262670.0
2026-01-14,30873.0,31163.0,30856.0,30983.0,220615.0
2026-01-15,30952.0,31055.0,30656.0,31054.0,239837.0
2026-01-16,31195.0,31541.0,31117.0,31478.0,255458.0
2026-01-19,31486.0,31772.0,31207.0,31670.0,202192.0
2026-01-20,31645.0,31740.0,31328.0,31669.0,164373.0
2026-01-21,31561.0,31652.0,31182.0,31246.0,213845.0
2026-01-22,31510.0,32056.0,31447.0,31862.0,328687.0
2026-01-23,31844.0,32166.0,31834.0,32150.0,248287.0
2026-01-26,32181.0,32266.0,32058.0,32148.0,228975.0
2026-01-27,32131.0,32531.0,32035.0,32506.0,218830.0
2026-01-28,32530.0,32937.0,32514.0,32925.0,197524.0
2026-01-29,33000.0,33152.0,32586.0,32779.0,282637.0
2026-01-30,32759.0,32797.0,31993.0,32252.0,371061.0
2026-02-02,32107.0,32306.0,31392.0,31611.0,439632.0
2026-02-03,31593.0,32444.0,31582.0,32266.0,285987.0
2026-02-04,32293.0,32496.0,31739.0,32417.0,321330.0
2026-02-05,32476.0,32612.0,31768.0,31910.0,381261.0
2026-02-06,31942.0,32054.0,31222.0,31803.0,448307.0
2026-02-09,31838.0,32849.0,31753.0,32656.0,272366.0
2026-02-10,32621.0,33312.0,32454.0,33310.0,248778.0
2026-02-11,33260.0,33844.0,33183.0,33697.0,245765.0
2026-02-23,33612.0,34327.0,33600.0,33839.0,184348.0
2026-02-24,33950.0,34956.0,33822.0,34835.0,265897.0
2026-02-25,34845.0,35775.0,34818.0,35490.0,314449.0
2026-02-26,35474.0,35756.0,35349.0,35604.0,243625.0
2026-03-02,35640.0,35878.0,34708.0,35236.0,369997.0
2026-03-03,35097.0,35364.0,34314.0,34331.0,457145.0
2026-03-04,34317.0,34442.0,32680.0,32835.0,655631.0
2026-03-05,32876.0,34293.0,32807.0,33641.0,480767.0
2026-03-06,33688.0,33889.0,32819.0,33705.0,503969.0
2026-03-09,33705.0,33794.0,31126.0,31798.0,522734.0
2026-03-10,31913.0,33529.0,31761.0,32703.0,458491.0
2026-03-11,32788.0,34184.0,32712.0,33986.0,430679.0
2026-03-12,33948.0,34006.0,33325.0,33524.0,373868.0
2026-03-13,33623.0,33843.0,32436.0,33314.0,413374.0
2026-03-16,33055.0,33725.0,32679.0,33253.0,431437.0
2026-03-17,33368.0,34016.0,33104.0,33803.0,267851.0
2026-03-18,33615.0,34440.0,33502.0,34263.0,204410.0
2026-03-19,34566.0,34734.0,33538.0,33550.0,336643.0
2026-03-20,33550.0,33888.0,32859.0,33571.0,427554.0
2026-03-23,33411.0,33743.0,32213.0,32529.0,413789.0
2026-03-24,32200.0,34000.0,32100.0,32782.0,514776.0
2026-03-25,33021.0,33877.0,32787.0,33629.0,368053.0
2026-03-26,33560.0,34025.0,33350.0,33454.0,346746.0
2026-03-27,33477.0,33544.0,32634.0,33130.0,328325.0
2026-03-30,33048.0,33065.0,32018.0,32479.0,357801.0
2026-03-31,32630.0,32861.0,31805.0,31972.0,370181.0
2026-04-01,31936.0,33410.0,31742.0,33399.0,338226.0
2026-04-02,33620.0,33881.0,32496.0,32497.0,378997.0
2026-04-07,32598.0,33376.0,32190.0,33182.0,317714.0
2026-04-08,33223.0,35063.0,32824.0,34996.0,349323.0
2026-04-09,34996.0,35345.0,34743.0,34930.0,263372.0
2026-04-10,34914.0,35578.0,34764.0,35573.0,230258.0
2026-04-13,35510.0,35747.0,35205.0,35450.0,196737.0
2026-04-14,35512.0,36430.0,35456.0,36374.0,189811.0
2026-04-15,36377.0,37071.0,36355.0,36642.0,140812.0
2026-04-16,37009.0,37666.0,37001.0,37643.0,219351.0
2026-04-17,37565.0,37566.0,36928.0,37083.0,263127.0
2026-04-20,37031.0,37992.0,37031.0,37251.0,255355.0
2026-04-21,37306.0,38160.0,37216.0,38047.0,246737.0
2026-04-22,38131.0,38369.0,37543.0,38216.0,267428.0
2026-04-23,38248.0,39085.0,37408.0,37886.0,371665.0
2026-04-24,37930.0,39242.0,37648.0,39218.0,363621.0
2026-04-27,39258.0,40449.0,39128.0,39885.0,326000.0
2026-04-28,39863.0,40346.0,39487.0,39739.0,259475.0
2026-04-29,39680.0,39855.0,39120.0,39486.0,289624.0
2026-04-30,39479.0,39937.0,39169.0,39360.0,304265.0
2026-05-04,39385.0,41074.0,39373.0,41042.0,291348.0
2026-05-05,40999.0,41184.0,40546.0,41036.0,254647.0
2026-05-06,41075.0,42002.0,40960.0,41511.0,308010.0
2026-05-07,41436.0,42468.0,41413.0,42355.0,287227.0
2026-05-08,42425.0,42554.0,41541.0,41936.0,310211.0
2026-05-11,41999.0,42300.0,41669.0,41953.0,234402.0
2026-05-12,41982.0,42365.0,41605.0,41699.0,284447.0
2026-05-13,41620.0,41690.0,40738.0,41483.0,350718.0
2026-05-14,41510.0,42239.0,41208.0,41620.0,301057.0
2026-05-15,41768.0,42453.0,40977.0,41001.0,338184.0
2026-05-18,41150.0,41223.0,40148.0,40803.0,332730.0
2026-05-19,40956.0,41452.0,40189.0,40243.0,328099.0
2026-05-20,40330.0,40541.0,39736.0,40079.0,260550.0
2026-05-21,40275.0,41668.0,40217.0,41487.0,264480.0
2026-05-22,41355.0,42499.0,41200.0,42440.0,315784.0
2026-05-25,42403.0,44050.0,42326.0,43880.0,261090.0
2026-05-26,43845.0,44393.0,43622.0,43895.0,200594.0
2026-05-27,43942.0,45256.0,43790.0,44794.0,298564.0
2026-05-28,44669.0,45622.0,43464.0,43846.0,446333.0
2026-05-29,43958.0,45469.0,43943.0,45292.0,306589.0
2026-06-01,45404.0,46463.0,44855.0,46052.0,344194.0
2026-06-02,46070.0,46745.0,45335.0,46110.0,361043.0
2026-06-03,46238.0,46995.0,46177.0,46863.0,250789.0
2026-06-04,46794.0,46978.0,46140.0,46303.0,283602.0
2026-06-05,46388.0,46549.0,44659.0,45202.0,426949.0
2026-06-08,45104.0,45314.0,40761.0,43060.0,520768.0
2026-06-09,43255.0,44750.0,43216.0,44672.0,347543.0
2026-06-10,44700.0,45062.0,42366.0,43429.0,546494.0
2026-06-11,43503.0,43972.0,42139.0,43241.0,582694.0
2026-06-12,43399.0,44939.0,43005.0,44199.0,409092.0
2026-06-15,43987.0,45904.0,43722.0,45594.0,321976.0
2026-06-16,45558.0,46266.0,45461.0,45762.0,223323.0
2026-06-17,45805.0,45933.0,44943.0,45669.0,184979.0
2026-06-18,46124.0,46776.0,45728.0,46768.0,320430.0
2026-06-22,46765.0,48467.0,46731.0,48445.0,250757.0
2026-06-23,48536.0,49239.0,47408.0,47440.0,311257.0
2026-06-24,46997.0,47074.0,45911.0,46382.0,408585.0
2026-06-25,46407.0,47000.0,45067.0,46548.0,398222.0
2026-06-26,46445.0,46885.0,44384.0,44411.0,446705.0
2026-06-29,44888.0,45640.0,44132.0,45558.0,390855.0
2026-06-30,45575.0,46881.0,45037.0,46770.0,332952.0
2026-07-01,46672.0,47693.0,46361.0,47230.0,273040.0
2026-07-02,47132.0,47547.0,45832.0,46613.0,346990.0
2026-07-03,46300.0,47221.0,45267.0,46985.0,423830.0
2026-07-06,47042.0,47555.0,46536.0,46875.0,227930.0
2026-07-07,46999.0,47496.0,45597.0,45759.0,321508.0
2026-07-08,45988.0,46000.0,44896.0,45546.0,345869.0
2026-07-09,45465.0,46160.0,44580.0,45681.0,406340.0
2026-07-13,45800.0,46497.0,45266.0,45598.0,297214.0
2026-07-14,45550.0,45891.0,43850.0,44800.0,325638.0
2026-07-15,44770.0,45840.0,44644.0,45831.0,176633.0
2026-07-16,46098.0,46387.0,45190.0,45715.0,333898.0
2026-07-17,45452.0,45461.0,42537.0,42697.0,387355.0
