Date,Open,High,Low,Close,Volume
1999-07-21,345.0,363.0,345.0,360.85,522.0
1999-07-22,360.0,360.0,353.5,354.0,409.0
1999-07-23,352.0,355.8,350.25,354.0,500.0
1999-07-26,350.0,351.0,340.0,340.0,581.0
1999-07-27,333.35,337.35,319.5,323.0,902.0
1999-07-28,330.0,334.7,324.0,328.5,858.0
1999-07-29,329.0,329.0,317.15,318.5,784.0
1999-07-30,310.0,328.0,308.5,326.1,1000.0
1999-07-31,323.0,327.0,316.0,316.0,750.0
1999-08-02,318.4,319.8,310.0,312.8,928.0
1999-08-03,307.5,316.2,297.6,313.7,1258.0
1999-08-04,314.1,317.25,306.0,306.0,932.0
1999-08-05,302.0,307.5,300.0,304.75,1043.0
1999-08-06,306.5,310.0,303.0,303.4,1159.0
1999-08-07,305.0,320.0,305.0,317.0,1459.0
1999-08-09,319.0,319.5,314.0,315.4,818.0
1999-08-10,315.6,332.9,314.6,332.0,1451.0
1999-08-11,330.0,337.8,328.5,332.05,1131.0
1999-08-12,337.0,345.0,333.1,334.9,1123.0
1999-08-13,350.0,355.0,342.0,348.6,1171.0
1999-08-16,353.0,373.0,352.0,372.9,1030.0
1999-08-17,368.6,373.0,361.95,370.1,392.0
1999-08-18,370.1,372.0,361.0,362.45,164.0
1999-08-19,360.0,368.9,358.0,367.1,895.0
1999-08-20,367.95,379.2,367.3,377.5,865.0
1999-08-21,383.3,387.0,372.0,372.0,1202.0
1999-08-23,373.0,373.9,368.0,373.8,729.0
1999-08-24,378.4,379.5,363.5,363.6,948.0
1999-08-25,364.0,377.0,363.6,376.0,1044.0
1999-08-26,378.0,378.9,369.0,372.2,961.0
1999-08-27,370.45,373.5,368.9,372.8,594.0
1999-08-30,370.05,378.0,370.0,373.5,520.0
1999-08-31,373.0,380.0,371.05,379.5,687.0
1999-09-01,384.2,392.5,384.0,390.0,879.0
1999-09-02,392.9,393.5,386.2,388.0,677.0
1999-09-03,386.0,387.0,380.05,380.05,632.0
1999-09-04,388.0,389.0,378.6,382.0,667.0
1999-09-06,382.5,387.0,378.1,387.0,549.0
1999-09-07,387.0,388.0,372.0,373.0,648.0
1999-09-08,375.0,378.0,369.1,377.5,854.0
1999-09-09,374.0,378.5,372.0,376.5,512.0
1999-09-10,378.2,382.0,378.2,380.5,493.0
1999-09-13,379.95,382.8,377.0,380.7,286.0
1999-09-14,378.0,379.0,375.2,377.5,286.0
1999-09-15,377.45,377.45,371.0,371.3,304.0
1999-09-16,365.8,369.9,365.1,368.55,467.0
1999-09-17,369.5,372.1,365.2,366.2,394.0
1999-09-18,369.4,373.0,368.0,372.35,357.0
1999-09-20,371.8,371.8,368.35,371.4,227.0
1999-09-27,358.45,358.45,358.45,358.45,6.0
1999-09-28,345.95,345.95,345.95,345.95,163.0
1999-09-29,347.0,358.5,346.2,357.5,737.0
1999-09-30,354.3,358.85,353.5,353.6,479.0
1999-10-01,356.8,357.8,352.0,355.95,292.0
1999-10-02,355.0,355.8,345.6,348.5,437.0
1999-10-04,347.0,352.0,342.5,349.0,421.0
1999-10-05,352.0,353.0,343.6,344.5,363.0
1999-10-06,346.0,348.3,343.0,347.6,427.0
1999-10-07,352.0,352.9,349.2,351.75,352.0
1999-10-08,351.0,352.0,347.8,348.8,204.0
1999-10-11,348.8,354.5,348.8,354.5,312.0
1999-10-12,355.2,372.0,355.2,370.7,760.0
1999-10-13,368.2,371.0,366.8,371.0,406.0
1999-10-14,368.0,375.0,367.6,375.0,338.0
1999-10-15,375.0,377.95,370.5,371.5,322.0
1999-10-16,367.7,370.85,366.2,370.5,268.0
1999-10-18,369.95,370.85,366.3,368.0,116.0
1999-10-19,367.5,369.5,365.5,366.7,122.0
1999-10-20,367.4,367.4,362.25,363.3,174.0
1999-10-21,367.4,369.0,363.6,363.75,339.0
1999-10-22,364.1,365.7,353.1,358.5,391.0
1999-10-25,358.0,364.45,358.0,364.3,270.0
1999-10-26,364.3,368.0,362.5,364.6,233.0
1999-10-27,365.0,368.5,364.0,366.9,272.0
1999-10-28,367.5,369.0,367.0,368.0,244.0
1999-10-29,371.5,374.1,370.5,373.8,496.0
1999-10-30,379.0,389.0,379.0,386.7,692.0
1999-11-01,386.7,387.5,384.8,386.2,371.0
1999-11-02,386.1,386.1,378.0,381.8,360.0
1999-11-03,381.8,382.2,373.0,373.25,439.0
1999-11-04,376.8,376.8,371.15,372.0,437.0
1999-11-05,372.0,375.0,369.5,375.0,534.0
1999-11-06,376.3,377.5,370.5,370.5,510.0
1999-11-08,368.1,368.9,362.05,367.8,717.0
1999-11-09,369.2,372.0,367.4,367.4,446.0
1999-11-10,367.0,372.5,365.6,368.0,352.0
1999-11-11,371.0,377.0,370.3,376.7,529.0
1999-11-15,378.7,379.5,374.7,379.0,307.0
1999-11-16,379.0,385.6,378.5,384.0,337.0
1999-11-17,387.5,388.5,385.1,388.5,258.0
1999-11-18,387.0,394.0,385.5,392.4,856.0
1999-11-19,395.0,400.0,395.0,399.0,957.0
1999-11-20,409.8,424.8,405.0,414.0,1192.0
1999-11-22,416.0,419.8,413.0,417.0,990.0
1999-11-23,419.0,419.0,409.9,416.5,1013.0
1999-11-24,409.1,411.95,408.0,408.0,958.0
1999-11-25,408.3,412.8,405.5,412.55,921.0
1999-11-26,412.6,413.5,383.75,389.0,1627.0
1999-11-29,392.8,397.0,391.0,395.0,866.0
1999-11-30,395.0,395.0,383.1,386.5,1012.0
1999-12-01,385.0,389.95,384.0,389.95,889.0
1999-12-02,389.95,392.0,386.5,388.0,691.0
1999-12-03,392.0,397.0,390.1,396.85,899.0
1999-12-04,404.95,407.0,400.15,402.0,977.0
1999-12-06,402.0,402.0,391.5,394.0,789.0
1999-12-07,394.0,394.95,390.0,393.8,830.0
1999-12-08,393.0,396.45,392.05,392.8,478.0
1999-12-09,391.0,394.5,389.05,390.5,809.0
1999-12-10,390.0,392.0,386.0,390.5,580.0
1999-12-13,392.0,401.95,392.0,401.95,636.0
1999-12-14,402.8,402.8,397.0,398.3,269.0
1999-12-15,395.0,399.8,394.3,397.95,372.0
1999-12-16,402.5,403.8,396.0,397.95,882.0
1999-12-17,400.3,401.5,395.0,398.9,600.0
1999-12-18,400.0,402.5,397.6,402.45,510.0
1999-12-20,398.0,401.95,397.5,400.9,302.0
1999-12-21,401.25,407.75,400.5,406.8,727.0
1999-12-22,413.0,417.95,411.5,414.5,653.0
1999-12-23,415.9,421.4,412.1,421.0,638.0
1999-12-24,429.0,437.95,425.0,436.95,875.0
1999-12-27,440.95,459.8,437.5,459.8,1211.0
1999-12-28,460.0,460.8,448.3,455.15,1051.0
2000-01-04,462.0,487.0,461.0,481.55,1438.0
2000-01-05,470.0,478.4,464.0,476.8,1556.0
2000-01-06,477.0,480.0,469.1,470.0,1066.0
2000-01-07,462.0,464.0,454.3,462.0,1262.0
2000-01-10,470.0,485.0,466.1,485.0,1037.0
2000-01-11,492.1,497.0,467.5,471.0,1642.0
2000-01-12,473.0,485.1,471.6,485.1,1055.0
2000-01-13,485.1,485.5,475.0,478.45,864.0
2000-01-14,482.0,485.0,470.1,475.1,1009.0
2000-01-15,482.0,488.0,478.5,488.0,742.0
2000-01-17,488.0,492.0,484.0,487.95,527.0
2000-01-18,487.3,487.3,480.3,484.85,389.0
2000-01-19,481.05,484.85,472.5,473.3,475.0
2000-01-20,478.4,479.95,473.2,479.95,982.0
2000-01-21,479.95,490.3,479.9,485.6,1132.0
2000-01-24,488.95,492.0,487.2,489.1,801.0
2000-01-25,485.0,489.0,483.05,488.45,881.0
2000-01-26,522.0,522.0,492.6,509.0,1429.0
2000-01-27,507.9,510.5,502.0,505.85,1063.0
2000-01-28,502.0,504.0,495.0,503.95,912.0
2000-01-29,495.1,498.95,493.0,498.95,1044.0
2000-01-31,497.4,504.0,495.1,503.9,611.0
2000-02-01,508.2,509.0,504.0,505.0,723.0
2000-02-09,515.0,517.0,508.2,512.95,744.0
2000-02-10,510.0,512.45,505.0,509.8,547.0
2000-02-11,513.0,519.0,510.25,511.2,702.0
2000-02-14,506.05,513.8,502.0,504.0,552.0
2000-02-15,502.2,507.5,502.2,505.0,311.0
2000-02-16,507.5,509.5,506.0,506.5,421.0
2000-02-17,512.2,518.5,511.0,517.0,525.0
2000-02-18,521.0,523.0,508.5,512.0,674.0
2000-02-19,510.0,514.0,508.0,512.0,522.0
2000-02-21,511.0,511.0,485.0,486.5,850.0
2000-02-22,481.0,491.95,478.4,489.0,1061.0
2000-02-23,486.0,490.75,482.5,483.0,474.0
2000-02-24,488.0,492.2,485.5,488.25,494.0
2000-02-25,491.3,494.0,486.1,489.0,541.0
2000-02-29,492.7,494.8,490.0,491.95,371.0
2000-03-01,496.8,503.7,496.2,503.0,498.0
2000-03-02,502.0,502.5,495.0,496.35,376.0
2000-03-03,496.35,499.4,495.15,499.0,191.0
2000-03-04,503.4,503.9,497.2,497.55,270.0
2000-03-06,494.5,496.45,490.85,491.5,235.0
2000-03-07,491.5,494.0,485.1,493.0,274.0
2000-03-08,491.5,497.2,490.1,492.7,263.0
2000-03-09,496.55,503.5,494.7,503.5,298.0
2000-03-10,505.0,505.9,492.1,492.1,321.0
2000-03-13,488.5,489.0,457.7,457.7,455.0
2000-03-14,445.05,462.0,445.05,461.3,420.0
2000-03-15,455.0,462.5,443.0,444.0,301.0
2000-03-16,454.9,457.6,428.0,451.0,542.0
2000-03-17,454.35,455.8,440.2,440.2,451.0
2000-03-20,424.8,430.0,424.8,424.8,350.0
2000-03-21,436.0,454.5,427.9,454.5,284.0
2000-03-22,465.0,486.3,462.0,486.3,1030.0
2000-03-23,495.0,519.95,494.0,518.95,963.0
2000-03-24,514.9,523.95,505.0,516.95,904.0
2000-03-27,520.0,553.1,519.0,551.0,1082.0
2000-03-28,547.0,553.0,537.5,548.5,1148.0
2000-03-29,542.0,549.0,538.0,546.0,801.0
2000-03-30,544.9,563.5,542.0,553.2,964.0
2000-03-31,545.0,549.9,538.0,543.95,745.0
2000-04-01,545.0,565.0,541.6,565.0,1211.0
2000-04-05,560.0,579.0,555.6,573.0,1222.0
2000-04-06,573.0,574.65,548.05,548.05,1217.0
2000-04-07,553.0,556.65,546.1,550.5,953.0
2000-04-08,553.9,560.7,552.3,558.95,900.0
2000-04-10,557.0,579.0,554.2,572.2,1015.0
2000-04-11,568.0,571.0,561.0,564.55,788.0
2000-04-12,561.2,563.0,546.0,546.0,971.0
2000-04-13,526.9,531.2,511.0,523.8,1441.0
2000-04-14,510.0,520.0,497.5,497.5,868.0
2000-04-15,465.5,476.4,462.7,466.5,958.0
2000-04-17,479.0,489.2,466.5,487.0,502.0
2000-04-18,499.0,512.5,499.0,506.0,247.0
2000-04-19,514.95,514.95,485.0,485.0,153.0
2000-04-20,492.2,502.0,474.0,501.0,1612.0
2000-04-21,498.0,504.9,488.0,491.0,1022.0
2000-04-24,491.0,491.0,475.0,476.0,930.0
2000-04-25,474.0,493.0,471.6,491.0,1490.0
2000-04-26,494.2,494.2,467.1,470.0,1766.0
2000-04-27,476.5,483.8,471.1,479.5,1190.0
2000-04-28,482.0,513.0,478.6,498.0,1867.0
2000-04-29,496.0,501.8,488.7,494.6,1256.0
2000-05-02,499.8,500.0,487.0,488.0,927.0
2000-05-03,485.0,485.0,470.0,475.05,1146.0
2000-05-04,477.05,486.9,457.6,465.0,1484.0
2000-05-05,461.0,486.4,458.0,485.6,1330.0
2000-05-06,482.0,486.0,478.1,480.95,905.0
2000-05-08,478.0,484.5,470.5,479.0,908.0
2000-05-09,476.1,480.0,471.5,480.0,906.0
2000-05-10,478.0,482.7,470.0,470.0,1028.0
2000-05-11,456.5,459.9,446.0,453.3,1045.0
2000-05-12,458.3,464.95,455.0,460.1,1024.0
2000-05-15,461.2,462.9,448.1,450.0,600.0
2000-05-16,451.2,471.6,450.0,470.2,643.0
2000-05-17,479.0,497.85,478.0,494.1,489.0
2000-05-18,491.1,497.2,487.0,494.9,1332.0
2000-05-19,488.0,503.4,488.0,501.95,1046.0
2000-05-20,496.0,498.0,466.95,476.8,1543.0
2000-05-22,480.5,486.8,476.2,477.0,1265.0
2000-05-23,480.9,481.95,468.1,474.5,1351.0
2000-05-24,461.0,463.65,457.05,461.0,1192.0
2000-05-25,468.6,472.0,457.05,459.6,1274.0
2000-05-26,455.0,464.8,454.0,462.1,1145.0
2000-05-29,460.1,468.85,459.55,462.3,989.0
2000-05-30,465.4,474.6,463.0,473.0,1388.0
2000-05-31,483.0,487.3,481.2,485.2,1494.0
2000-06-01,483.0,484.9,480.05,483.5,736.0
2000-06-02,490.0,494.6,486.1,487.0,1315.0
2000-06-03,497.0,498.0,490.1,493.0,1018.0
2000-06-05,493.0,495.5,487.5,495.5,763.0
2000-06-07,492.9,510.8,491.1,508.4,1345.0
2000-06-08,508.4,510.5,500.5,503.1,1345.0
2000-06-09,504.0,505.0,499.2,503.5,877.0
2000-06-12,504.2,505.7,500.5,503.85,796.0
2000-06-13,501.0,503.05,497.3,497.5,957.0
2000-06-14,500.25,505.8,500.25,503.0,939.0
2000-06-15,500.0,501.8,494.1,496.0,771.0
2000-06-16,496.0,498.0,492.1,495.95,649.0
2000-06-17,495.0,496.5,491.15,492.95,432.0
2000-06-19,492.0,493.0,483.65,491.6,624.0
2000-06-20,499.0,499.0,485.1,485.1,485.0
2000-06-21,486.5,490.85,484.8,485.5,425.0
2000-06-22,488.75,500.5,487.1,499.8,1394.0
2000-06-23,497.5,498.8,492.5,493.0,833.0
2000-06-26,491.0,491.0,478.2,480.45,1089.0
2000-06-27,482.45,482.9,475.05,476.3,889.0
2000-06-28,475.3,480.0,468.0,479.5,1227.0
2000-06-29,479.2,481.9,462.1,462.1,1409.0
2000-06-30,462.25,470.85,457.0,465.15,1151.0
2000-07-03,465.5,465.7,446.1,456.55,1526.0
2000-07-04,459.0,460.0,440.0,441.0,1592.0
2000-07-05,442.5,468.9,437.0,465.0,1731.0
2000-07-06,458.0,458.0,447.0,447.55,1409.0
2000-07-07,451.0,456.8,441.2,443.1,1295.0
2000-07-10,444.5,448.8,432.2,442.8,1389.0
2000-07-11,439.8,454.0,438.0,444.95,1436.0
2000-07-12,446.3,448.0,438.9,444.9,1166.0
2000-07-13,450.0,464.0,449.2,461.0,1755.0
2000-07-14,461.0,469.95,460.2,466.5,1235.0
2000-07-15,469.0,471.7,465.0,468.0,847.0
2000-07-17,473.0,473.0,463.0,465.5,554.0
2000-07-18,468.0,468.0,456.0,456.85,513.0
2000-07-19,451.0,458.5,448.0,457.8,451.0
2000-07-20,450.6,451.8,440.5,441.0,1527.0
2000-07-21,442.0,444.0,432.05,440.0,2032.0
2000-07-24,435.0,438.5,430.5,432.0,1085.0
2000-07-25,430.0,438.0,422.6,422.6,1796.0
2000-07-26,426.65,436.9,422.1,427.0,1754.0
2000-07-27,423.0,427.0,413.6,427.0,1881.0
2000-07-28,421.0,432.8,420.1,430.0,1598.0
2000-07-29,426.95,428.9,421.2,425.7,1166.0
2000-07-31,425.0,427.3,420.5,422.5,708.0
2000-08-01,427.0,427.8,416.8,416.8,1038.0
2000-08-02,416.9,421.0,413.1,415.9,1155.0
2000-08-03,412.9,416.0,406.0,412.1,1577.0
2000-08-04,415.3,422.9,413.0,417.6,1680.0
2000-08-05,416.0,419.0,411.05,411.5,1076.0
2000-08-07,409.1,409.8,403.3,407.0,1091.0
2000-08-08,409.15,414.0,404.1,412.3,1395.0
2000-08-09,415.0,428.0,414.1,428.0,1640.0
2000-08-10,428.0,429.5,424.05,428.0,1214.0
2000-08-11,426.5,428.7,423.7,425.2,947.0
2000-08-14,425.6,425.6,418.4,418.4,643.0
2000-08-15,421.0,423.5,418.6,420.8,449.0
2000-08-16,420.8,432.5,420.3,432.5,721.0
2000-08-17,433.1,444.9,432.05,442.0,1710.0
2000-08-18,444.3,448.55,440.5,441.0,1572.0
2000-08-19,443.0,449.5,439.05,449.2,1291.0
2000-08-21,448.0,454.9,446.3,450.9,1372.0
2000-08-22,448.3,448.3,441.35,444.2,1243.0
2000-08-24,448.5,452.1,446.1,448.2,1489.0
2000-08-25,450.1,450.2,442.1,444.2,1275.0
2000-08-28,440.0,440.0,433.5,433.9,1078.0
2000-08-29,432.0,439.8,428.5,439.8,1699.0
2000-08-30,437.0,438.9,426.0,426.0,1685.0
2000-08-31,426.0,433.0,423.0,430.0,1692.0
2000-09-01,431.0,432.2,418.5,421.5,1510.0
2000-09-02,421.5,434.4,421.5,431.5,1587.0
2000-09-04,433.5,436.0,429.35,434.0,1125.0
2000-09-05,433.5,435.9,431.3,435.7,908.0
2000-09-06,432.05,433.15,428.2,429.0,939.0
2000-09-07,420.3,423.0,416.4,417.6,1701.0
2000-09-08,419.2,420.8,409.0,409.5,1361.0
2000-09-11,404.6,408.6,404.0,407.55,1003.0
2000-09-13,405.0,414.5,397.25,412.35,1639.0
2000-09-14,409.8,410.0,395.0,395.0,1317.0
2000-09-15,397.5,409.3,395.0,396.0,1592.0
2000-09-16,393.0,401.7,391.1,396.0,1227.0
2000-09-18,394.0,398.0,391.1,392.0,668.0
2000-09-19,392.0,393.0,377.7,381.2,663.0
2000-09-20,387.0,390.0,377.1,380.5,429.0
2000-09-21,381.1,382.5,378.25,380.35,1334.0
2000-09-22,366.0,366.0,353.75,353.75,1767.0
2000-09-25,358.0,359.0,350.5,354.45,1275.0
2000-09-26,350.1,369.8,343.15,368.0,2070.0
2000-09-27,367.7,377.8,365.5,367.3,2244.0
2000-09-28,371.0,374.8,356.0,359.5,1882.0
2000-09-29,357.0,357.5,346.0,346.0,1967.0
2000-09-30,335.8,339.5,325.2,326.5,2107.0
2000-10-02,330.0,334.0,312.0,312.0,2081.0
2000-10-03,306.3,328.0,306.3,322.95,2332.0
2000-10-04,311.65,311.65,311.65,311.65,269.0
2000-10-05,309.0,316.7,308.0,313.0,1740.0
2000-10-06,314.0,334.9,313.1,334.9,1777.0
2000-10-07,334.0,337.0,330.0,334.5,1871.0
2000-10-09,334.2,335.3,322.8,322.8,1530.0
2000-10-11,311.55,313.0,311.55,311.55,468.0
2000-10-12,307.0,311.5,289.75,289.75,1975.0
2000-10-13,269.5,298.0,269.5,292.6,1986.0
2000-10-16,309.9,309.9,272.15,272.15,1471.0
2000-10-17,270.1,291.0,270.1,281.1,1170.0
2000-10-18,275.1,275.95,261.45,261.45,406.0
2000-10-19,253.0,256.0,242.2,242.2,931.0
2000-10-20,259.15,259.15,259.15,259.15,522.0
2000-10-21,271.2,277.25,267.05,277.25,2489.0
2000-10-23,273.0,286.9,270.3,278.5,2486.0
2000-10-24,280.0,297.95,277.15,297.95,2172.0
2000-10-25,294.0,305.5,294.0,303.0,2715.0
2000-10-26,296.05,301.9,295.05,298.0,1494.0
2000-10-27,304.0,305.0,288.0,288.0,2317.0
2000-10-30,277.95,277.95,277.95,277.95,314.0
2000-10-31,271.0,282.5,271.0,275.1,2683.0
2000-11-01,280.3,283.0,266.0,268.8,1918.0
2000-11-02,269.3,287.6,269.3,287.6,2695.0
2000-11-03,293.35,306.0,290.6,304.85,3199.0
2000-11-04,306.0,308.9,294.2,294.2,2090.0
2000-11-06,296.9,297.0,287.8,292.8,2501.0
2000-11-07,297.0,313.25,295.8,313.25,2818.0
2000-11-08,313.0,335.0,309.15,320.8,3755.0
2000-11-09,314.0,330.0,310.5,328.0,3830.0
2000-11-10,325.0,329.4,321.15,325.1,3161.0
2000-11-13,307.5,311.0,302.35,302.35,1680.0
2000-11-14,306.0,308.0,301.0,304.75,873.0
2000-11-15,312.8,314.8,295.1,298.0,671.0
2000-11-16,290.0,290.0,272.05,277.0,2791.0
2000-11-17,270.3,277.0,262.4,275.8,3557.0
2000-11-18,271.5,277.5,264.5,264.5,2812.0
2000-11-20,260.2,260.2,246.0,246.0,2452.0
2000-11-21,245.0,263.2,243.1,263.2,3268.0
2000-11-22,264.0,277.0,257.0,259.3,4492.0
2000-11-23,257.8,270.5,255.0,270.5,2770.0
2000-11-24,272.0,285.0,272.0,284.2,4062.0
2000-11-27,285.95,287.2,278.3,281.9,3080.0
2000-11-28,276.9,277.0,272.05,272.1,2278.0
2000-11-29,266.1,274.0,264.0,270.95,2929.0
2000-11-30,270.0,273.8,262.0,262.5,2738.0
2000-12-01,263.5,278.0,260.55,278.0,3323.0
2000-12-02,275.8,276.0,268.3,268.3,2206.0
2000-12-04,265.8,266.8,261.0,263.8,1920.0
2000-12-05,265.8,267.95,259.1,263.3,3293.0
2000-12-06,274.8,274.9,258.0,258.0,3235.0
2000-12-07,258.0,263.0,255.5,260.5,2500.0
2000-12-08,260.5,263.5,258.5,262.7,2309.0
2000-12-11,264.8,265.65,260.6,263.1,1686.0
2000-12-12,264.0,270.4,263.2,267.2,2261.0
2000-12-13,267.0,268.8,263.1,268.5,1684.0
2000-12-14,263.6,264.5,260.5,261.8,1540.0
2000-12-15,257.85,259.5,255.05,255.05,1446.0
2000-12-16,255.0,258.0,250.6,250.75,1318.0
2000-12-18,251.5,252.8,246.5,248.0,989.0
2000-12-19,245.5,246.0,241.0,242.0,812.0
2000-12-20,236.0,239.0,233.55,233.6,640.0
2000-12-21,223.5,224.9,223.5,223.5,345.0
2000-12-22,224.1,233.8,216.6,229.1,3382.0
2000-12-26,230.0,233.0,221.1,221.1,1899.0
2000-12-27,219.5,219.5,214.0,214.0,2271.0
2000-12-28,217.0,228.95,212.3,228.95,3750.0
2000-12-29,227.0,227.8,220.95,220.95,2263.0
2000-12-30,216.1,225.2,215.3,220.0,2640.0
2001-01-02,217.95,232.8,214.8,229.7,4342.0
2001-01-03,226.0,231.5,224.55,228.0,3347.0
2001-01-04,243.95,243.95,237.5,243.25,2893.0
2001-01-05,244.9,259.0,242.3,258.0,4236.0
2001-01-08,254.6,259.4,245.0,246.5,3659.0
2001-01-09,249.4,262.65,248.1,262.2,4684.0
2001-01-10,261.0,263.5,255.1,261.0,3775.0
2001-01-11,263.6,266.7,255.3,257.0,3864.0
2001-01-12,260.3,262.0,255.0,262.0,3161.0
2001-01-15,260.0,263.9,255.6,263.9,1718.0
2001-01-16,263.9,282.35,261.0,282.35,2313.0
2001-01-17,284.9,302.1,278.7,302.1,952.0
2001-01-18,285.0,290.0,281.4,289.0,3725.0
2001-01-29,287.1,288.0,269.0,269.2,2495.0
2001-01-30,269.55,284.45,268.5,282.1,3231.0
2001-01-31,283.9,295.5,283.9,289.5,3718.0
2001-02-01,289.5,291.2,282.0,287.5,2589.0
2001-02-02,289.0,295.8,289.0,293.0,2713.0
2001-02-05,288.0,288.0,282.0,284.8,2180.0
2001-02-06,283.0,289.0,277.5,279.5,2967.0
2001-02-07,276.2,276.2,267.5,267.5,2058.0
2001-02-08,267.6,277.2,267.5,276.5,2686.0
2001-02-09,275.0,281.0,271.1,274.05,2739.0
2001-02-12,273.0,280.0,272.5,279.5,2078.0
2001-02-13,283.3,294.5,283.3,294.2,2531.0
2001-02-14,292.5,294.0,281.7,281.7,2669.0
2001-02-15,286.2,299.8,284.2,299.15,3407.0
2001-02-16,300.0,301.65,291.4,295.5,3008.0
2001-02-19,290.0,291.7,287.6,290.95,1580.0
2001-02-20,291.0,295.8,287.5,289.3,794.0
2001-02-21,285.0,290.0,283.0,289.05,591.0
2001-02-22,281.9,283.0,273.2,275.25,2816.0
2001-02-23,275.25,277.0,271.95,273.8,2102.0
2001-02-26,272.55,275.0,270.4,272.5,1376.0
2001-02-27,275.0,276.0,265.25,266.0,2033.0
2001-03-01,260.2,260.2,255.2,258.5,1772.0
2001-03-02,259.5,260.4,255.8,257.8,2105.0
2001-03-05,257.05,266.3,256.2,266.0,2005.0
2001-03-06,267.95,272.8,265.2,267.5,2960.0
2001-03-07,272.0,276.8,272.0,275.35,2795.0
2001-03-08,276.0,276.0,272.9,274.4,1458.0
2001-03-09,270.95,270.95,267.2,269.0,1509.0
2001-03-12,261.0,264.9,260.95,264.5,1618.0
2001-03-13,259.5,273.5,259.0,271.65,3344.0
2001-03-14,274.65,274.9,271.4,273.1,1871.0
2001-03-15,271.6,283.35,269.4,283.35,3168.0
2001-03-16,282.35,283.95,278.8,279.4,1899.0
2001-03-19,278.4,279.9,272.0,272.5,1190.0
2001-03-20,274.0,277.45,273.15,275.5,930.0
2001-03-21,272.5,276.45,270.5,274.9,549.0
2001-03-22,270.8,280.3,270.8,280.0,2846.0
2001-03-23,286.6,287.75,283.4,285.1,2550.0
2001-03-26,286.4,289.5,282.8,289.0,2226.0
2001-03-27,287.5,292.3,286.65,287.0,2106.0
2001-03-28,287.8,288.2,283.5,284.2,1783.0
2001-03-29,283.8,288.05,283.15,288.0,1635.0
2001-03-30,287.2,288.25,284.1,284.8,1561.0
2001-04-02,284.3,284.4,275.5,276.0,1802.0
2001-04-03,274.45,274.45,268.0,268.1,2279.0
2001-04-04,265.2,269.9,263.8,268.9,1988.0
2001-04-06,276.8,277.0,273.35,273.75,1488.0
2001-04-09,271.0,271.0,266.7,267.8,1163.0
2001-04-10,268.3,272.6,262.0,262.0,1770.0
2001-04-11,266.95,274.0,264.5,274.0,2912.0
2001-04-12,276.5,279.35,273.5,277.0,2109.0
2001-04-13,279.6,280.7,271.6,271.7,1876.0
2001-04-16,272.2,272.2,268.2,270.6,976.0
2001-04-17,269.6,274.25,268.05,272.6,972.0
2001-04-18,274.1,279.4,274.1,279.1,682.0
2001-04-19,290.0,290.0,285.35,286.3,2316.0
2001-04-20,288.5,288.5,284.8,285.0,1486.0
2001-04-23,284.05,287.9,283.35,287.8,1231.0
2001-04-24,286.0,289.55,285.35,286.6,1488.0
2001-04-25,286.0,287.3,278.8,280.9,1970.0
2001-04-26,281.6,283.8,276.7,281.5,2108.0
2001-04-27,280.0,280.0,274.5,275.0,1631.0
2001-04-30,274.9,279.4,273.0,275.0,1886.0
2001-05-02,277.3,281.0,272.1,274.6,2185.0
2001-05-03,275.5,279.8,272.5,279.8,1962.0
2001-05-04,278.0,278.8,265.1,266.9,2534.0
2001-05-07,267.2,272.0,264.6,268.9,2459.0
2001-05-08,267.65,269.7,263.2,267.8,1724.0
2001-05-09,270.2,270.8,267.05,267.05,1735.0
2001-05-10,265.6,265.9,261.7,261.95,1495.0
2001-05-11,261.3,267.65,257.0,266.15,2218.0
2001-05-14,263.2,265.0,262.35,263.7,871.0
2001-05-15,262.5,264.8,262.0,262.8,680.0
2001-05-16,263.05,263.5,252.0,253.3,637.0
2001-05-17,260.0,261.0,256.6,259.85,1791.0
2001-05-18,261.0,261.0,256.25,257.1,1624.0
2001-05-21,256.5,257.35,248.3,250.4,1757.0
2001-05-22,253.0,255.7,251.0,251.6,1741.0
2001-05-23,251.6,265.4,250.2,264.7,2970.0
2001-05-24,263.5,266.55,262.7,265.75,1493.0
2001-05-25,265.0,265.65,263.0,263.7,1122.0
2001-05-28,262.35,262.75,258.1,259.2,1128.0
2001-05-29,257.65,265.3,257.4,260.5,2009.0
2001-05-30,259.0,261.0,257.0,259.65,1260.0
2001-05-31,257.1,260.3,256.1,258.35,1194.0
2001-06-01,259.1,261.6,255.1,255.8,1559.0
2001-06-04,255.8,256.9,252.8,254.4,901.0
2001-06-05,255.0,258.35,254.0,258.2,1218.0
2001-06-06,260.95,266.4,260.65,265.0,1991.0
2001-06-07,263.4,265.0,262.0,263.05,1002.0
2001-06-08,266.35,270.95,266.35,269.0,1950.0
2001-06-11,268.0,274.5,266.85,273.7,1219.0
2001-06-12,271.7,272.45,268.9,270.0,1526.0
2001-06-13,271.0,271.75,265.95,265.95,1622.0
2001-06-14,263.55,264.5,261.0,261.5,1545.0
2001-06-15,258.95,263.3,258.4,263.3,972.0
2001-06-18,261.3,261.6,258.0,259.0,846.0
2001-06-19,258.1,259.75,256.5,257.5,618.0
2001-06-20,256.0,258.4,255.65,256.0,784.0
2001-06-21,257.1,257.3,251.5,252.3,1563.0
2001-06-22,252.1,253.8,247.55,249.3,1346.0
2001-06-26,250.1,250.1,241.0,241.0,1292.0
2001-06-27,241.0,245.9,241.0,245.4,1696.0
2001-06-28,244.4,244.4,240.55,242.45,1017.0
2001-06-29,246.75,248.1,245.45,247.4,1306.0
2001-07-02,247.6,250.8,243.8,249.1,1347.0
2001-07-03,247.6,249.9,245.2,245.2,1227.0
2001-07-04,245.05,245.05,240.2,242.0,1304.0
2001-07-05,241.5,243.5,239.3,241.5,1016.0
2001-07-06,240.2,244.0,239.8,241.6,1378.0
2001-07-09,239.3,240.4,237.0,238.5,1079.0
2001-07-10,239.6,240.3,236.7,236.7,1029.0
2001-07-11,235.0,236.25,233.6,234.0,1143.0
2001-07-12,244.6,244.6,236.25,240.7,1265.0
2001-07-13,241.7,242.9,231.9,232.5,1443.0
2001-07-16,232.5,236.0,223.3,229.45,979.0
2001-07-17,227.1,231.5,225.3,228.5,532.0
2001-07-18,229.8,229.8,218.9,219.0,704.0
2001-07-19,219.3,224.0,212.6,219.3,2409.0
2001-07-20,218.3,222.7,216.4,217.8,1798.0
2001-07-23,219.8,221.8,213.7,213.8,1283.0
2001-07-24,212.0,212.15,207.6,210.9,1405.0
2001-07-25,210.0,215.6,208.7,215.6,1847.0
2001-07-26,215.6,225.0,212.75,222.95,2424.0
2001-07-27,224.0,229.2,222.4,223.0,2391.0
2001-07-31,224.5,227.9,222.0,227.5,1393.0
2001-08-01,228.0,230.5,224.85,226.9,1802.0
2001-08-02,229.0,239.0,228.35,239.0,2790.0
2001-08-03,239.9,242.0,237.0,239.6,1859.0
2001-08-06,238.05,238.05,234.55,235.5,1000.0
2001-08-07,233.15,234.05,229.65,233.0,1535.0
2001-08-08,232.0,237.4,230.8,237.1,1777.0
2001-08-09,234.5,235.95,230.5,230.5,1726.0
2001-08-10,230.65,234.95,227.55,233.5,1851.0
2001-08-13,233.3,235.8,230.7,231.25,1066.0
2001-08-14,232.7,238.0,231.6,238.0,821.0
2001-08-15,237.9,241.0,236.5,238.5,791.0
2001-08-16,236.0,238.8,234.5,237.6,1856.0
2001-08-17,239.45,240.4,236.65,237.95,1753.0
2001-08-20,234.2,234.8,232.6,233.3,1326.0
2001-08-21,234.4,235.0,232.0,234.5,1201.0
2001-08-22,232.1,232.8,226.4,226.5,1972.0
2001-08-23,225.2,227.8,223.6,224.5,2047.0
2001-08-24,224.0,224.9,213.8,214.6,2752.0
2001-08-27,216.4,219.6,214.0,217.2,2430.0
2001-08-28,218.0,218.3,212.1,214.4,1966.0
2001-08-29,212.0,221.8,211.1,220.75,3238.0
2001-08-30,219.8,220.15,215.15,216.65,2773.0
2001-08-31,213.5,217.5,210.25,216.5,3004.0
2001-09-03,217.9,220.0,213.7,213.7,2251.0
2001-09-04,214.0,222.5,212.6,222.45,3671.0
2001-09-05,219.6,219.6,214.75,215.3,2527.0
2001-09-06,214.8,215.6,210.45,212.2,2264.0
2001-09-07,208.6,210.7,206.65,209.8,2503.0
2001-09-10,208.0,212.0,207.2,210.2,1981.0
2001-09-11,211.2,211.9,201.8,201.8,3382.0
2001-09-13,187.7,187.7,187.7,187.7,477.0
2001-09-14,182.5,187.0,174.6,174.9,3704.0
2001-09-19,171.0,174.8,169.8,174.8,2074.0
2001-09-20,170.1,170.1,165.4,165.4,2232.0
2001-09-21,159.65,159.65,159.65,159.65,145.0
2001-09-24,155.0,166.0,153.25,161.3,5478.0
2001-09-25,168.5,169.6,156.6,157.65,5411.0
2001-09-26,158.0,168.65,156.5,168.65,6209.0
2001-09-27,165.6,168.6,163.5,166.9,3844.0
2001-09-28,168.4,172.8,165.9,169.8,4866.0
2001-10-02,169.0,169.0,157.95,157.95,3952.0
2001-10-03,157.95,160.2,153.75,154.6,4979.0
2001-10-04,165.0,165.0,155.05,155.45,5040.0
2001-10-05,156.3,164.6,156.1,163.3,5691.0
2001-10-08,161.0,163.8,159.0,160.5,3058.0
2001-10-09,164.2,169.0,162.6,168.7,4062.0
2001-10-11,173.1,180.5,173.1,180.5,2935.0
2001-10-12,189.75,190.3,179.55,183.45,5688.0
2001-10-15,181.5,181.75,177.5,177.5,2076.0
2001-10-16,176.6,185.2,176.3,185.2,1381.0
2001-10-17,186.0,189.1,185.1,185.5,1099.0
2001-10-18,178.1,182.5,177.3,182.5,3619.0
2001-10-19,181.45,186.75,178.8,184.9,5234.0
2001-10-22,186.5,188.8,184.9,187.0,3356.0
2001-10-23,189.3,190.7,183.8,184.3,3710.0
2001-10-24,184.4,192.9,184.4,192.7,5670.0
2001-10-25,193.0,193.6,190.5,193.3,3410.0
2001-10-26,195.3,198.3,193.0,194.0,4002.0
2001-10-29,194.0,196.45,192.0,195.0,2894.0
2001-10-30,191.05,192.0,185.3,185.3,3725.0
2001-10-31,183.75,188.0,183.5,187.1,3514.0
2001-11-01,188.5,189.5,187.0,188.1,2575.0
2001-11-02,192.2,194.95,191.9,193.35,3325.0
2001-11-05,193.8,201.15,192.6,200.85,3658.0
2001-11-06,203.0,204.6,198.25,198.6,3932.0
2001-11-07,201.85,204.5,201.2,203.6,3961.0
2001-11-08,204.0,205.8,201.2,203.3,3303.0
2001-11-09,203.0,204.0,200.65,202.4,2698.0
2001-11-12,202.65,207.7,201.2,207.7,2938.0
2001-11-13,207.7,208.6,205.8,206.3,2356.0
2001-11-14,210.0,219.75,209.9,219.75,5117.0
2001-11-15,220.0,227.0,218.0,226.7,3526.0
2001-11-16,227.0,232.5,223.55,228.35,3733.0
2001-11-19,229.3,241.8,227.8,239.8,2845.0
2001-11-20,242.0,242.3,227.4,227.4,1959.0
2001-11-21,227.4,234.7,224.65,234.65,1088.0
2001-11-22,229.0,229.0,220.2,223.5,4564.0
2001-11-23,223.5,229.2,222.2,228.75,4839.0
2001-11-26,230.8,236.4,230.75,235.75,4068.0
2001-11-27,239.35,241.0,224.0,234.0,6152.0
2001-11-28,234.7,236.85,226.6,227.0,4981.0
2001-11-29,224.1,228.5,224.1,227.7,3644.0
2001-11-30,229.5,231.75,227.0,227.75,3635.0
2001-12-03,229.95,240.0,229.95,239.2,4540.0
2001-12-04,238.0,249.9,235.8,249.15,5252.0
2001-12-05,254.4,262.65,252.4,261.9,6051.0
2001-12-06,270.0,280.2,268.3,280.2,5559.0
2001-12-07,277.1,282.95,270.35,281.4,6619.0
2001-12-10,275.7,280.95,271.0,271.9,4592.0
2001-12-11,268.1,276.0,266.2,275.9,5888.0
2001-12-12,274.9,295.2,273.25,295.2,6243.0
2001-12-13,298.9,300.9,281.0,283.9,8302.0
2001-12-14,278.0,288.0,276.6,288.0,5833.0
2001-12-17,285.1,285.15,269.0,269.0,3895.0
2001-12-18,279.1,283.7,272.6,274.8,2695.0
2001-12-19,276.0,281.4,272.05,273.6,1407.0
2001-12-20,268.0,277.4,267.15,276.0,4897.0
2001-12-21,271.4,272.4,262.1,263.0,3798.0
2001-12-24,264.25,269.1,264.2,267.5,2389.0
2001-12-25,267.5,286.2,265.7,285.5,4229.0
2001-12-26,286.9,289.5,279.0,282.5,4035.0
2001-12-27,284.5,287.6,273.3,277.0,4560.0
2001-12-28,278.5,287.5,275.0,285.3,4813.0
2001-12-31,288.0,299.4,288.0,297.0,3386.0
2002-01-02,295.1,300.5,290.3,296.05,3771.0
2002-01-03,300.1,302.5,287.2,287.6,4282.0
2002-01-04,296.0,302.0,295.1,299.3,4396.0
2002-01-07,299.3,313.6,297.0,313.25,3722.0
2002-01-08,311.05,313.9,306.2,312.4,3427.0
2002-01-09,313.0,317.8,308.2,316.0,3557.0
2002-01-10,313.0,316.95,308.7,314.0,3144.0
2002-01-11,313.4,315.3,299.2,300.6,3907.0
2002-01-14,298.3,299.0,295.3,299.0,2064.0
2002-01-15,296.45,302.8,296.0,301.6,2104.0
2002-01-16,300.5,302.4,292.0,292.8,1473.0
2002-01-17,282.1,291.0,282.0,290.5,3693.0
2002-01-18,290.5,296.45,288.0,288.4,4303.0
2002-01-21,289.1,308.55,288.5,308.55,3042.0
2002-01-22,312.8,314.9,306.7,313.0,4982.0
2002-01-23,309.5,327.0,308.25,314.2,5953.0
2002-01-24,315.0,317.65,308.6,315.8,3799.0
2002-01-25,318.0,323.7,316.55,321.8,3893.0
2002-01-28,322.4,323.8,319.6,323.65,1933.0
2002-01-29,322.8,322.8,311.2,312.0,2858.0
2002-01-30,307.2,312.3,305.2,312.3,2678.0
2002-01-31,313.0,314.0,306.2,309.2,2802.0
2002-02-01,310.6,313.4,308.05,310.6,2618.0
2002-02-04,308.1,309.85,305.3,308.0,2001.0
2002-02-05,303.7,312.8,303.5,312.5,2211.0
2002-02-06,312.4,319.5,311.8,316.5,2958.0
2002-02-18,318.95,323.0,318.25,318.75,1743.0
2002-02-19,319.1,320.5,309.6,311.35,1172.0
2002-02-20,309.1,309.4,300.3,301.25,1184.0
2002-02-21,300.0,301.6,294.3,297.0,2743.0
2002-02-22,292.2,296.9,290.1,295.2,2667.0
2002-02-25,295.5,297.0,288.5,289.5,1935.0
2002-02-26,293.25,295.2,288.0,289.65,2554.0
2002-02-27,290.7,301.75,290.7,300.95,3241.0
2002-03-01,298.05,299.35,295.0,297.6,2792.0
2002-03-04,314.8,315.7,308.05,313.1,2985.0
2002-03-05,318.0,319.6,313.45,317.5,2828.0
2002-03-06,319.0,329.45,316.0,328.55,3477.0
2002-03-07,330.0,330.5,324.0,324.85,2194.0
2002-03-08,326.45,329.1,317.0,321.55,2798.0
2002-03-11,324.6,333.95,323.6,332.0,2891.0
2002-03-12,332.0,332.0,323.25,326.65,2436.0
2002-03-13,325.0,330.0,319.55,321.7,3409.0
2002-03-14,318.3,323.8,316.5,323.8,2786.0
2002-03-15,321.0,324.95,312.2,312.75,3023.0
2002-03-18,314.3,315.85,311.8,315.5,1589.0
2002-03-19,315.4,316.5,309.0,312.0,1251.0
2002-03-20,313.0,324.05,311.3,323.95,1298.0
2002-03-21,317.5,323.0,316.8,320.2,2774.0
2002-03-22,324.85,328.3,324.3,325.5,2492.0
2002-03-25,324.6,327.95,321.1,325.8,2072.0
2002-03-26,323.0,327.5,322.25,326.95,1674.0
2002-03-27,328.0,328.3,317.0,317.8,3212.0
2002-03-28,319.0,322.35,316.2,321.75,2658.0
2002-03-29,323.5,325.0,319.0,324.0,2583.0
2002-04-01,321.5,325.8,319.95,319.95,1931.0
2002-04-02,324.95,331.5,324.1,327.2,2527.0
2002-04-03,324.1,327.85,322.8,327.0,1828.0
2002-04-04,325.05,325.35,317.0,319.4,2630.0
2002-04-08,318.0,318.6,314.2,314.55,2354.0
2002-04-09,316.5,318.5,313.0,314.55,2699.0
2002-04-10,311.6,314.8,310.55,314.2,2650.0
2002-04-11,315.0,317.0,313.5,314.8,1971.0
2002-04-12,311.5,322.4,311.0,321.0,2830.0
2002-04-15,322.05,324.8,320.1,322.4,1410.0
2002-04-16,323.0,325.3,321.7,324.6,1211.0
2002-04-17,329.95,333.4,329.95,332.65,1444.0
2002-04-18,328.6,329.4,326.5,328.35,1807.0
2002-04-19,326.4,328.45,324.1,328.0,2010.0
2002-04-22,328.5,330.5,326.55,327.2,1954.0
2002-04-23,325.05,326.0,321.0,324.8,2281.0
2002-04-24,323.0,329.95,323.0,328.0,2532.0
2002-04-25,325.05,325.8,320.15,322.4,2912.0
2002-04-26,322.0,323.2,318.25,321.25,1847.0
2002-04-29,318.0,318.0,312.05,312.5,2168.0
2002-04-30,312.1,313.5,308.25,310.5,2640.0
2002-05-02,309.5,312.0,294.3,294.4,3195.0
2002-05-03,291.0,297.0,289.2,295.7,2857.0
2002-05-06,288.5,290.2,275.05,277.5,3421.0
2002-05-07,271.5,285.8,271.5,282.75,3598.0
2002-05-08,287.4,287.4,279.45,285.0,2935.0
2002-05-09,294.0,294.8,282.55,283.5,3539.0
2002-05-10,282.2,292.0,278.1,291.9,3489.0
2002-05-13,286.8,289.0,283.9,287.4,1593.0
2002-05-14,291.0,291.8,287.6,289.0,1468.0
2002-05-15,293.0,300.9,293.0,299.4,1737.0
2002-05-16,295.0,295.85,287.3,287.5,2411.0
2002-05-17,289.5,293.5,287.0,289.9,3262.0
2002-05-20,287.1,287.6,274.3,274.5,2798.0
2002-05-21,275.1,276.8,268.85,272.0,3309.0
2002-05-22,272.2,277.0,270.5,275.7,2976.0
2002-05-23,276.0,276.5,272.45,273.1,2436.0
2002-05-24,274.0,283.45,274.0,283.0,3012.0
2002-05-27,280.0,284.2,279.25,284.2,1594.0
2002-05-28,284.7,286.6,277.9,280.7,2726.0
2002-05-29,277.5,277.5,272.5,274.2,2145.0
2002-05-30,272.5,282.3,272.5,277.2,3770.0
2002-05-31,276.0,278.1,272.8,275.95,2528.0
2002-06-03,276.0,276.0,270.5,272.1,2047.0
2002-06-04,266.15,271.5,264.5,270.0,2056.0
2002-06-05,271.75,275.3,271.75,274.9,2485.0
2002-06-06,274.7,276.0,270.35,270.75,2699.0
2002-06-07,264.6,268.0,256.0,256.0,3764.0
2002-06-10,260.0,264.0,259.1,262.8,2223.0
2002-06-11,261.3,264.8,254.0,256.0,2958.0
2002-06-12,254.1,258.7,253.55,257.4,2942.0
2002-06-13,260.4,266.35,260.4,265.65,3234.0
2002-06-14,263.2,266.2,262.0,266.2,2157.0
2002-06-17,266.5,268.35,261.7,261.7,2007.0
2002-06-18,266.0,267.5,263.6,264.85,1493.0
2002-06-19,263.05,263.9,253.6,253.6,1697.0
2002-06-20,249.1,254.1,246.05,253.15,2652.0
2002-06-21,248.0,258.9,246.4,254.65,4352.0
2002-06-24,253.0,253.9,247.2,251.0,2674.0
2002-06-25,253.8,254.5,248.5,249.5,4511.0
2002-06-26,244.3,244.8,236.4,236.6,3834.0
2002-06-27,240.5,241.65,235.7,238.5,3468.0
2002-06-28,241.65,243.0,240.0,240.5,2568.0
2002-07-01,238.6,238.6,228.6,228.6,2147.0
2002-07-02,225.0,230.3,224.8,228.0,2644.0
2002-07-03,224.0,234.9,217.0,234.8,4329.0
2002-07-04,234.8,237.4,232.35,234.6,3430.0
2002-07-05,234.9,244.5,233.2,243.5,4584.0
2002-07-08,247.4,254.9,247.4,250.8,4095.0
2002-07-09,250.0,254.8,247.8,254.7,3005.0
2002-07-10,251.0,251.5,246.8,247.45,2853.0
2002-07-11,241.0,246.6,239.8,241.4,4561.0
2002-07-12,247.1,257.95,246.55,257.95,3949.0
2002-07-15,256.1,257.95,254.0,255.4,1999.0
2002-07-16,259.8,261.6,251.3,251.7,2349.0
2002-07-17,249.1,249.4,243.35,246.0,1486.0
2002-07-18,242.7,246.15,240.8,242.3,3658.0
2002-07-19,238.0,238.0,235.2,237.5,2929.0
2002-07-22,232.4,235.45,231.2,233.7,2506.0
2002-07-23,232.85,243.3,232.25,243.0,4375.0
2002-07-24,236.85,236.85,229.0,232.8,4056.0
2002-07-25,241.0,241.6,232.25,233.0,4320.0
2002-07-26,220.0,221.6,216.7,216.7,2309.0
2002-07-29,216.7,223.0,214.3,218.3,3961.0
2002-07-30,225.9,228.2,221.5,223.8,3822.0
2002-07-31,225.0,225.2,220.3,220.9,2698.0
2002-08-01,221.1,224.0,218.75,219.0,3242.0
2002-08-02,213.8,220.15,211.3,219.5,3457.0
2002-08-05,210.0,210.0,204.15,204.15,2816.0
2002-08-06,198.5,207.5,198.1,203.0,4231.0
2002-08-07,209.5,213.5,209.0,212.3,3770.0
2002-08-08,212.4,213.9,207.7,210.0,4452.0
2002-08-09,217.2,218.2,214.0,215.7,4467.0
2002-08-12,215.7,216.95,214.0,214.45,1923.0
2002-08-13,214.6,216.0,214.0,216.0,1834.0
2002-08-14,213.65,222.45,212.8,221.6,3804.0
2002-08-15,227.55,229.8,225.8,226.7,4052.0
2002-08-16,227.5,228.5,225.25,227.7,2354.0
2002-08-19,229.8,231.0,225.8,226.0,1827.0
2002-08-20,229.35,230.5,227.8,228.85,1712.0
2002-08-21,226.7,227.45,225.5,227.45,1140.0
2002-08-22,226.3,232.0,226.3,230.3,3581.0
2002-08-23,232.25,233.75,229.3,229.5,2310.0
2002-08-26,228.0,229.0,225.8,229.0,2307.0
2002-08-27,229.5,229.65,223.5,223.75,2662.0
2002-08-28,220.55,222.0,217.1,218.8,2985.0
2002-08-29,217.2,219.6,215.0,218.25,3216.0
2002-08-30,216.05,218.9,216.0,216.5,2899.0
2002-09-02,215.95,216.0,208.85,208.85,2698.0
2002-09-03,208.2,212.0,206.25,209.65,3371.0
2002-09-04,205.6,210.5,204.4,208.6,3779.0
2002-09-05,210.0,210.3,202.7,202.95,3283.0
2002-09-09,206.9,206.9,202.1,206.35,2687.0
2002-09-10,207.95,215.0,206.1,215.0,4341.0
2002-09-11,216.4,216.5,214.05,215.5,2778.0
2002-09-12,214.5,215.75,211.1,215.5,3561.0
2002-09-13,210.3,212.1,209.65,210.0,2837.0
2002-09-16,210.0,210.8,203.5,203.5,2325.0
2002-09-17,205.6,217.0,204.4,215.15,2325.0
2002-09-18,210.2,210.2,204.3,205.6,1357.0
2002-09-19,206.5,208.0,203.05,203.2,4216.0
2002-09-20,197.6,201.1,195.35,199.55,3918.0
2002-09-23,198.4,200.8,195.3,196.2,2726.0
2002-09-24,195.0,198.8,194.05,196.5,3922.0
2002-09-25,195.9,196.5,186.0,191.3,4023.0
2002-09-26,194.95,196.8,193.0,193.05,3587.0
2002-09-27,193.8,195.0,189.8,191.9,3031.0
2002-09-30,187.0,191.75,184.05,188.25,2564.0
2002-10-01,188.0,192.7,186.1,188.3,3220.0
2002-10-02,193.8,194.55,186.85,186.85,3394.0
2002-10-03,186.0,186.0,180.5,181.0,2677.0
2002-10-04,179.9,183.9,178.35,181.1,3745.0
2002-10-07,177.1,178.0,170.0,170.0,3068.0
2002-10-08,170.0,175.85,169.35,175.0,3772.0
2002-10-09,174.5,177.25,170.2,170.9,3991.0
2002-10-11,175.25,175.25,166.5,168.5,3606.0
2002-10-14,172.45,173.6,170.2,172.0,2676.0
2002-10-15,175.5,184.0,174.7,184.0,1831.0
2002-10-16,192.3,192.3,187.0,190.3,1624.0
2002-10-17,188.7,195.0,187.6,193.45,4744.0
2002-10-18,196.2,202.4,195.4,201.2,4535.0
2002-10-21,197.0,201.0,197.0,200.0,3176.0
2002-10-22,201.5,202.4,192.5,193.0,4837.0
2002-10-23,193.0,206.5,190.8,206.5,6093.0
2002-10-24,206.0,208.2,202.5,205.1,5025.0
2002-10-25,203.5,207.7,201.5,204.9,4314.0
2002-10-28,208.0,210.5,203.2,203.35,4118.0
2002-10-29,202.5,204.35,202.1,203.7,2903.0
2002-10-30,202.7,205.0,196.2,198.5,4468.0
2002-10-31,200.45,206.4,199.2,204.4,4013.0
2002-11-01,204.4,204.8,198.4,200.45,3479.0
2002-11-04,209.5,209.8,203.2,207.0,3430.0
2002-11-05,208.0,208.4,203.65,205.5,2579.0
2002-11-06,205.5,217.55,203.9,215.6,5622.0
2002-11-07,215.05,218.8,213.5,216.8,3526.0
2002-11-08,213.5,216.7,213.25,216.2,2941.0
2002-11-11,213.6,213.6,206.8,207.0,2957.0
2002-11-12,204.6,207.7,202.8,207.1,2908.0
2002-11-13,206.0,207.3,201.8,205.2,3851.0
2002-11-14,205.2,208.8,203.7,204.0,3764.0
2002-11-15,209.0,212.0,207.8,210.1,4420.0
2002-11-18,209.15,211.5,207.05,210.3,2375.0
2002-11-19,210.0,210.8,208.1,208.2,1556.0
2002-11-20,206.55,210.2,203.0,203.0,1526.0
2002-11-21,206.8,207.3,201.25,204.7,4606.0
2002-11-22,207.95,212.0,207.5,208.7,5060.0
2002-11-25,209.7,211.0,205.3,211.0,3846.0
2002-11-26,210.5,210.5,205.5,205.8,3438.0
2002-11-27,204.0,204.45,202.1,203.9,3335.0
2002-11-28,207.0,208.45,203.35,204.4,4037.0
2002-11-29,205.6,207.9,204.05,206.85,3099.0
2002-12-02,206.85,211.5,205.6,211.4,2967.0
2002-12-03,211.4,217.6,210.1,215.3,5275.0
2002-12-04,213.3,214.05,212.1,213.0,2140.0
2002-12-05,212.6,213.7,210.5,213.3,2762.0
2002-12-06,211.2,212.75,211.0,211.0,1974.0
2002-12-09,213.5,215.5,210.4,210.95,3753.0
2002-12-10,207.65,208.15,204.3,206.0,3321.0
2002-12-11,206.0,207.15,202.55,202.6,3813.0
2002-12-12,203.0,204.8,197.55,199.8,4308.0
2002-12-13,198.0,199.8,196.6,196.8,3899.0
2002-12-16,194.8,196.8,194.1,196.8,2529.0
2002-12-17,198.8,198.9,194.1,194.75,2142.0
2002-12-18,194.2,196.3,191.75,192.0,1738.0
2002-12-19,190.0,193.35,188.15,189.5,5165.0
2002-12-20,190.6,192.9,184.55,192.3,7368.0
2002-12-23,190.8,191.5,186.5,186.5,3902.0
2002-12-24,186.8,189.85,186.8,187.9,4441.0
2002-12-25,187.2,188.45,184.7,187.0,4830.0
2002-12-26,188.2,191.35,186.55,190.3,5547.0
2002-12-27,189.5,190.3,188.3,188.5,3118.0
2002-12-30,186.55,186.6,182.1,182.4,4171.0
2002-12-31,182.4,183.95,182.2,182.2,2896.0
2003-01-02,182.35,184.8,180.75,182.8,4288.0
2003-01-03,186.0,189.1,185.5,187.8,5086.0
2003-01-06,188.0,191.3,187.5,190.4,4451.0
2003-01-07,193.6,195.6,190.65,191.0,5368.0
2003-01-08,190.8,196.3,190.5,194.4,5411.0
2003-01-09,192.7,196.4,192.4,196.0,3769.0
2003-01-10,199.0,200.5,196.4,196.8,5071.0
2003-01-13,199.3,209.5,198.5,209.5,4497.0
2003-01-14,209.25,209.3,205.55,205.8,2945.0
2003-01-15,207.4,208.5,203.6,205.2,1382.0
2003-01-16,203.9,204.8,198.5,199.0,5062.0
2003-01-17,197.1,199.8,196.55,198.45,3889.0
2003-01-20,196.3,197.45,195.0,197.45,2690.0
2003-01-21,197.45,200.75,197.0,197.2,5188.0
2003-01-22,197.0,198.8,193.25,197.0,5366.0
2003-01-23,198.0,202.7,196.35,201.95,7573.0
2003-01-24,201.8,202.9,197.1,197.3,5327.0
2003-01-27,194.0,196.65,191.8,195.8,4296.0
2003-01-28,194.8,197.35,194.05,195.45,2938.0
2003-02-06,193.05,194.0,181.8,181.8,3384.0
2003-02-07,178.3,184.6,178.2,181.75,5922.0
2003-02-10,179.0,184.4,178.75,182.4,4046.0
2003-02-11,183.05,184.9,182.5,183.25,3665.0
2003-02-12,182.5,183.7,179.0,182.6,3290.0
2003-02-13,181.0,183.3,177.4,177.4,3883.0
2003-02-14,177.9,180.75,177.9,178.8,2774.0
2003-02-17,186.3,188.2,184.0,187.85,2914.0
2003-02-18,186.65,187.5,185.6,186.75,1471.0
2003-02-19,188.1,189.4,176.6,176.6,1562.0
2003-02-20,183.0,186.8,182.0,186.6,4803.0
2003-02-21,187.5,188.8,184.25,185.6,3844.0
2003-02-24,187.0,188.0,183.7,187.4,3240.0
2003-02-25,185.0,185.0,179.6,180.3,3488.0
2003-02-26,181.6,182.55,180.3,180.55,2531.0
2003-02-27,178.1,179.9,175.8,178.0,3290.0
2003-03-03,180.0,184.4,178.8,183.5,3412.0
2003-03-04,181.5,181.6,178.25,179.8,2368.0
2003-03-05,175.8,177.0,174.25,174.85,3006.0
2003-03-06,174.55,176.25,174.2,175.5,1794.0
2003-03-07,173.95,176.9,173.3,175.6,3431.0
2003-03-10,176.2,177.75,175.05,176.0,1714.0
2003-03-11,174.0,177.0,173.6,174.7,3382.0
2003-03-12,174.8,177.65,174.7,177.4,2908.0
2003-03-13,177.0,179.75,175.9,178.1,3109.0
2003-03-14,186.0,187.0,182.25,183.0,3095.0
2003-03-17,180.5,180.8,176.0,176.0,2186.0
2003-03-18,182.5,188.3,182.5,187.8,2519.0
2003-03-19,187.7,189.0,186.1,188.0,898.0
2003-03-20,190.2,192.8,187.1,190.8,5478.0
2003-03-21,190.4,190.5,188.2,190.0,2080.0
2003-03-24,193.2,193.2,187.8,188.0,1815.0
2003-03-25,184.0,185.3,183.5,185.0,2324.0
2003-03-26,185.9,186.3,184.1,184.1,1548.0
2003-03-27,183.0,184.5,182.1,184.3,2514.0
2003-03-28,184.1,184.1,181.2,181.65,2089.0
2003-03-31,180.0,180.0,173.7,174.5,3306.0
2003-04-01,174.0,175.8,173.85,175.75,1530.0
2003-04-02,175.3,176.85,173.65,175.55,3079.0
2003-04-03,179.95,179.95,177.8,177.9,2366.0
2003-04-04,177.45,183.4,176.5,182.75,3985.0
2003-04-07,182.75,187.0,182.25,186.45,3289.0
2003-04-08,183.65,187.0,183.0,184.3,2896.0
2003-04-09,182.8,182.8,181.0,181.25,1890.0
2003-04-10,180.45,184.5,180.25,181.6,3164.0
2003-04-11,182.3,182.55,180.3,181.45,1836.0
2003-04-14,182.2,182.45,178.6,178.95,1681.0
2003-04-15,180.95,181.2,179.05,180.55,1123.0
2003-04-16,183.0,188.9,183.0,188.0,1856.0
2003-04-17,185.9,187.0,184.0,185.5,2265.0
2003-04-18,191.6,192.0,189.9,191.0,4028.0
2003-04-21,190.2,192.7,189.6,192.5,2105.0
2003-04-22,191.05,191.2,187.5,187.9,2895.0
2003-04-23,190.1,191.4,188.0,189.0,3352.0
2003-04-24,190.1,190.1,179.2,181.7,5385.0
2003-04-25,180.0,181.8,176.1,176.1,4069.0
2003-04-28,174.3,175.45,168.0,170.75,3093.0
2003-04-29,173.0,174.45,171.0,173.9,2710.0
2003-04-30,176.85,179.5,171.8,173.0,4017.0
2003-05-02,172.8,175.55,172.0,175.45,2637.0
2003-05-05,176.8,176.9,173.45,175.2,1984.0
2003-05-06,175.55,177.35,174.1,174.1,1905.0
2003-05-07,175.0,176.35,174.25,176.2,1653.0
2003-05-08,175.2,175.55,172.5,172.5,1902.0
2003-05-09,172.2,176.5,172.1,175.2,2275.0
2003-05-12,175.6,178.4,175.0,176.2,1773.0
2003-05-13,178.0,181.15,178.0,179.8,2197.0
2003-05-14,180.2,181.3,179.0,181.2,1127.0
2003-05-15,180.15,181.3,178.5,181.3,1667.0
2003-05-16,181.35,183.3,177.1,177.1,2173.0
2003-05-19,176.0,176.9,175.2,176.2,1237.0
2003-05-20,174.0,175.95,173.3,175.6,1133.0
2003-05-21,176.3,176.3,174.3,174.9,830.0
2003-05-22,173.05,176.3,173.0,176.3,2218.0
2003-05-23,177.3,180.85,177.05,180.1,1982.0
2003-05-26,180.0,184.9,179.8,184.8,1940.0
2003-05-27,185.0,185.05,183.5,184.1,1304.0
2003-05-28,189.5,189.95,185.5,186.0,2180.0
2003-05-29,186.2,187.25,185.0,185.0,1286.0
2003-05-30,186.0,194.8,185.6,189.9,3909.0
2003-06-02,192.9,198.6,192.9,198.4,3378.0
2003-06-03,197.0,198.0,195.6,197.8,2363.0
2003-06-05,200.0,202.75,199.2,200.05,3012.0
2003-06-06,201.0,201.5,198.1,201.3,2285.0
2003-06-09,199.4,206.35,199.0,205.75,3841.0
2003-06-10,204.0,207.75,203.6,207.15,2293.0
2003-06-11,207.45,208.35,204.65,205.05,2624.0
2003-06-12,205.9,211.0,205.1,208.05,3341.0
2003-06-13,206.85,209.35,205.55,208.3,2611.0
2003-06-16,206.8,210.3,206.8,207.95,1829.0
2003-06-17,212.0,213.0,210.85,212.9,2118.0
2003-06-18,213.3,220.0,213.3,214.6,1690.0
2003-06-19,214.7,219.4,213.5,219.4,4467.0
2003-06-20,217.5,218.55,214.8,215.9,3597.0
2003-06-23,215.05,216.4,211.05,211.2,2787.0
2003-06-24,208.7,211.0,208.25,210.8,2866.0
2003-06-25,210.0,212.8,209.0,212.2,2336.0
2003-06-26,211.2,211.8,209.5,209.75,1882.0
2003-06-27,212.9,213.0,207.7,208.85,2760.0
2003-06-30,208.0,209.35,207.5,209.25,1934.0
2003-07-01,208.4,217.5,208.25,217.15,4400.0
2003-07-02,219.5,223.95,218.55,223.3,3984.0
2003-07-03,226.8,228.95,220.1,221.0,4835.0
2003-07-04,222.4,228.4,221.0,228.1,4340.0
2003-07-07,229.6,236.5,229.0,236.5,6052.0
2003-07-08,239.9,241.2,236.6,238.5,5079.0
2003-07-09,239.4,239.45,235.5,237.0,4446.0
2003-07-10,236.0,237.3,228.35,228.35,5739.0
2003-07-11,226.2,233.95,225.55,232.45,5717.0
2003-07-14,233.55,243.5,233.1,241.3,5356.0
2003-07-15,242.8,243.0,236.9,238.1,2640.0
2003-07-16,239.9,243.4,238.3,241.6,1828.0
2003-07-17,234.0,238.5,231.05,231.2,6371.0
2003-07-18,229.2,233.6,229.0,231.7,5373.0
2003-07-21,232.5,235.3,227.4,228.0,4697.0
2003-07-22,229.5,233.5,228.2,233.25,4381.0
2003-07-23,234.0,236.8,232.7,235.3,5019.0
2003-07-24,236.2,241.85,235.3,241.7,5881.0
2003-07-25,239.6,242.25,238.6,240.0,4291.0
2003-07-28,243.5,246.3,241.2,242.5,4650.0
2003-07-29,242.5,242.5,237.0,237.5,4331.0
2003-07-30,237.6,238.7,234.2,235.95,3795.0
2003-07-31,236.0,238.0,234.55,237.75,4242.0
2003-08-01,239.2,242.95,238.8,241.8,4360.0
2003-08-04,241.0,241.0,239.0,240.4,2164.0
2003-08-05,241.2,242.15,234.0,234.0,4304.0
2003-08-06,231.0,233.4,230.5,233.4,2431.0
2003-08-07,233.2,236.5,229.5,235.2,4605.0
2003-08-08,235.0,236.0,231.8,232.1,3205.0
2003-08-11,230.8,234.5,229.15,234.5,3028.0
2003-08-12,234.9,235.7,233.6,234.9,2609.0
2003-08-13,237.2,245.45,236.9,245.0,5150.0
2003-08-14,243.6,246.15,241.6,243.3,3927.0
2003-08-15,244.5,248.15,243.8,245.2,3774.0
2003-08-18,248.0,248.0,243.55,246.0,2557.0
2003-08-19,250.0,250.95,246.35,247.65,2485.0
2003-08-20,248.65,249.6,247.2,248.0,1220.0
2003-08-21,247.45,253.55,245.6,253.4,4989.0
2003-08-22,253.95,256.0,252.4,253.2,4110.0
2003-08-25,253.0,254.45,250.2,253.8,3560.0
2003-08-26,252.8,252.8,245.9,246.85,4573.0
2003-08-27,247.9,248.8,245.5,245.85,3237.0
2003-08-28,247.5,249.4,245.65,246.7,3680.0
2003-08-29,249.0,255.45,248.25,254.4,6205.0
2003-09-01,255.8,257.3,252.6,255.0,3822.0
2003-09-02,256.0,256.8,252.75,256.8,4041.0
2003-09-03,258.0,258.2,251.35,251.4,4569.0
2003-09-04,252.5,252.65,249.4,250.0,4150.0
2003-09-05,252.95,255.25,250.2,252.8,5883.0
2003-09-08,252.0,258.5,251.15,258.0,5737.0
2003-09-09,260.1,261.65,256.25,257.5,5526.0
2003-09-10,255.9,258.0,254.5,257.0,4445.0
2003-09-12,256.0,258.6,255.0,257.5,3070.0
2003-09-15,257.2,258.2,255.3,256.25,2415.0
2003-09-16,254.9,260.3,254.55,260.2,2880.0
2003-09-17,263.0,264.0,261.55,263.1,1979.0
2003-09-18,261.8,262.9,258.95,262.9,3764.0
2003-09-19,264.1,264.85,261.0,262.5,4327.0
2003-09-22,260.0,260.1,256.8,257.0,4615.0
2003-09-23,256.7,258.4,255.5,257.6,4074.0
2003-09-24,258.4,259.0,255.0,258.95,3973.0
2003-09-25,254.0,255.6,252.35,254.3,4097.0
2003-09-26,253.05,255.5,253.0,253.8,3174.0
2003-09-29,253.1,254.2,252.1,252.5,2881.0
2003-09-30,253.9,254.45,252.2,252.2,2890.0
2003-10-01,251.2,252.5,250.2,251.7,2806.0
2003-10-02,254.05,257.4,253.85,256.7,5199.0
2003-10-03,256.4,257.4,255.55,257.0,3184.0
2003-10-06,259.0,260.3,257.5,259.3,4984.0
2003-10-07,259.25,261.1,258.5,259.5,3343.0
2003-10-08,260.2,260.35,256.6,256.6,4650.0
2003-10-09,256.45,259.55,255.5,259.5,5316.0
2003-10-13,261.5,262.0,260.3,261.6,4421.0
2003-10-14,262.0,264.5,257.1,258.4,4011.0
2003-10-15,261.95,261.95,257.5,258.75,2071.0
2003-10-16,260.0,265.5,259.2,264.5,8767.0
2003-10-17,265.0,266.6,263.15,264.75,5771.0
2003-10-20,262.8,265.8,262.0,265.25,4717.0
2003-10-21,266.2,266.95,260.6,262.65,8449.0
2003-10-22,261.8,262.9,259.3,261.8,5205.0
2003-10-23,257.0,259.85,256.95,257.5,5231.0
2003-10-24,258.1,258.8,256.6,257.5,2521.0
2003-10-27,259.2,259.9,258.5,259.7,3010.0
2003-10-28,259.7,264.1,259.5,263.8,5994.0
2003-10-29,268.0,268.0,264.5,265.8,6066.0
2003-10-30,266.2,267.2,264.0,264.5,3967.0
2003-10-31,264.0,264.85,257.9,258.0,5709.0
2003-11-03,258.4,261.1,258.1,261.1,4115.0
2003-11-04,262.95,264.45,260.6,261.45,4846.0
2003-11-05,261.2,264.45,261.05,263.85,5360.0
2003-11-06,264.1,264.3,245.4,255.0,7873.0
2003-11-07,259.2,263.4,257.8,263.1,6882.0
2003-11-10,262.5,266.0,261.2,262.95,6917.0
2003-11-11,261.15,261.45,258.75,261.0,5548.0
2003-11-12,260.8,262.3,259.85,260.1,3613.0
2003-11-13,263.95,264.5,262.1,263.6,4324.0
2003-11-14,263.0,263.5,261.65,262.45,2756.0
2003-11-17,259.6,259.9,256.4,257.6,3597.0
2003-11-18,258.5,258.5,256.6,257.8,2982.0
2003-11-19,256.8,256.8,249.2,250.3,3778.0
2003-11-20,252.9,253.5,250.2,251.0,4143.0
2003-11-21,248.0,250.45,246.0,249.8,3796.0
2003-11-24,249.8,250.15,247.8,248.7,2672.0
2003-11-25,252.0,252.35,250.15,250.6,3530.0
2003-11-26,250.7,251.35,250.0,251.0,1885.0
2003-11-27,250.6,250.9,246.55,247.2,3478.0
2003-11-28,248.1,249.7,246.5,247.2,3290.0
2003-12-01,246.8,251.8,245.65,251.8,3987.0
2003-12-02,252.7,253.2,251.8,252.7,2994.0
2003-12-03,252.15,253.4,252.15,252.8,2602.0
2003-12-04,252.0,253.9,251.5,253.9,2902.0
2003-12-05,253.4,253.65,251.8,252.05,2516.0
2003-12-08,250.1,250.3,248.2,248.7,1945.0
2003-12-09,249.5,249.6,247.8,249.0,2118.0
2003-12-10,245.2,246.45,243.5,245.75,3148.0
2003-12-11,246.4,248.25,245.55,248.15,3020.0
2003-12-12,250.0,251.25,247.0,247.45,4300.0
2003-12-15,249.5,251.3,248.5,251.3,3227.0
2003-12-16,248.0,248.7,247.6,247.6,2274.0
2003-12-17,248.6,248.6,238.2,238.65,3238.0
2003-12-18,240.9,241.45,239.25,239.7,2976.0
2003-12-19,241.6,242.15,238.6,241.0,3702.0
2003-12-22,241.05,243.8,240.35,242.4,3493.0
2003-12-23,243.3,243.5,242.45,242.85,2347.0
2003-12-24,243.5,246.1,243.05,244.5,3982.0
2003-12-25,244.1,245.4,243.15,244.1,2054.0
2003-12-26,244.1,245.15,243.2,244.85,1857.0
2003-12-29,245.0,245.8,243.25,244.1,1657.0
2003-12-30,246.0,247.8,245.1,247.0,4567.0
2003-12-31,247.0,248.1,246.85,247.5,2280.0
2004-01-02,247.5,252.8,247.2,252.35,4900.0
2004-01-05,252.5,255.9,252.2,255.85,5446.0
2004-01-06,257.7,258.9,255.05,256.0,5545.0
2004-01-07,256.8,259.65,256.15,256.75,7666.0
2004-01-08,257.95,259.8,257.65,258.6,4505.0
2004-01-09,261.5,263.7,261.0,262.75,6439.0
2004-01-12,263.25,264.45,262.05,264.3,4068.0
2004-01-13,265.0,265.55,262.4,263.7,3541.0
2004-01-14,262.65,266.8,262.05,266.35,4187.0
2004-01-15,265.4,265.9,264.2,264.7,2830.0
2004-01-16,265.65,266.45,262.1,262.2,2117.0
2004-01-27,264.8,265.6,263.55,265.2,2144.0
2004-01-28,263.9,267.3,263.2,266.0,4992.0
2004-01-29,264.1,266.4,263.55,265.6,4975.0
2004-01-30,265.5,267.0,264.7,266.85,4052.0
2004-02-02,267.0,267.0,263.55,263.7,4097.0
2004-02-03,262.5,262.5,258.8,260.15,3416.0
2004-02-04,259.35,260.95,259.25,259.3,2459.0
2004-02-05,257.05,262.0,257.0,260.4,4121.0
2004-02-06,260.7,263.0,260.1,262.2,3906.0
2004-02-09,264.5,266.25,264.2,266.25,3739.0
2004-02-10,266.0,266.2,263.7,264.65,3229.0
2004-02-11,265.0,265.45,260.55,262.9,5371.0
2004-02-12,264.8,269.7,261.0,265.2,11431.0
2004-02-13,267.4,267.4,265.2,267.0,7399.0
2004-02-16,265.6,266.5,262.2,263.7,4422.0
2004-02-17,263.0,265.75,263.0,265.1,3630.0
2004-02-18,265.8,269.0,265.8,266.8,5051.0
2004-02-19,271.8,273.65,271.0,273.4,11801.0
2004-02-20,272.0,274.8,271.65,274.0,10139.0
2004-02-23,274.2,275.35,270.05,273.0,10239.0
2004-02-24,271.4,271.8,270.0,270.0,8755.0
2004-02-25,270.8,273.0,270.55,272.1,7637.0
2004-02-26,273.4,274.5,272.65,274.0,9731.0
2004-02-27,274.9,275.2,273.85,275.0,6704.0
2004-03-01,275.4,281.0,275.4,280.9,11772.0
2004-03-02,283.0,285.9,282.5,285.2,13380.0
2004-03-03,285.5,285.95,283.0,283.0,10030.0
2004-03-04,283.2,287.0,283.15,287.0,9941.0
2004-03-05,289.5,292.5,284.5,286.7,16187.0
2004-03-08,289.2,289.45,282.9,283.5,9210.0
2004-03-09,280.6,285.5,280.2,285.4,5948.0
2004-03-10,283.8,285.3,278.2,278.8,8682.0
2004-03-11,275.1,281.25,274.8,278.7,7268.0
2004-03-12,272.85,276.65,271.2,272.0,5649.0
2004-03-15,274.75,276.8,253.0,258.2,10346.0
2004-03-16,250.2,267.5,250.2,264.6,10233.0
2004-03-17,262.0,268.7,262.0,265.5,3387.0
2004-03-18,271.7,276.6,269.0,276.6,11766.0
2004-03-19,276.3,278.35,274.5,276.0,8083.0
2004-03-22,256.7,256.7,256.7,256.7,576.0
2004-03-23,238.75,251.55,238.75,243.0,16026.0
2004-03-24,249.2,253.0,246.4,252.85,9365.0
2004-03-25,252.9,255.7,248.6,250.7,7292.0
2004-03-26,254.6,255.0,249.25,250.7,7041.0
2004-03-29,259.6,266.7,256.3,266.0,6925.0
2004-03-30,266.0,267.7,263.2,265.5,7283.0
2004-03-31,266.8,267.45,262.0,263.95,8122.0
2004-04-01,264.0,266.0,261.55,264.6,7085.0
2004-04-02,265.2,266.9,264.3,265.3,5579.0
2004-04-05,268.0,277.2,267.0,276.3,12004.0
2004-04-06,277.8,278.0,273.15,273.6,8391.0
2004-04-07,272.5,273.9,271.3,273.4,3937.0
2004-04-08,273.8,274.9,273.1,274.9,3933.0
2004-04-09,272.9,273.35,270.15,272.1,4988.0
2004-04-12,273.8,280.7,273.1,280.05,8006.0
2004-04-13,280.0,280.7,277.85,280.2,4674.0
2004-04-14,278.0,289.0,277.3,287.5,7986.0
2004-04-15,285.9,286.9,277.65,280.0,8818.0
2004-04-16,279.0,285.3,278.1,283.05,7311.0
2004-04-19,283.0,283.45,280.05,282.0,4556.0
2004-04-20,283.6,286.5,282.1,283.65,4536.0
2004-04-21,282.6,283.4,281.0,281.05,1965.0
2004-04-22,284.0,287.2,273.1,277.0,16069.0
2004-04-23,280.0,281.0,277.2,279.8,7089.0
2004-04-26,280.8,281.45,278.2,279.0,4837.0
2004-04-27,278.05,279.0,274.0,276.25,6555.0
2004-04-28,275.85,276.6,272.0,272.0,5118.0
2004-04-29,269.0,270.2,261.0,266.2,9711.0
2004-04-30,264.0,264.6,247.7,247.7,12800.0
2004-05-03,250.5,254.5,248.0,251.45,6418.0
2004-05-04,254.0,257.0,252.0,255.4,5977.0
2004-05-05,255.0,256.65,237.55,237.55,9048.0
2004-05-06,242.0,247.3,237.6,243.0,6975.0
2004-05-07,241.1,247.0,240.05,246.15,4913.0
2004-05-10,244.5,244.5,235.0,236.1,5750.0
2004-05-11,237.8,241.0,230.65,240.7,7174.0
2004-05-12,244.0,248.0,243.5,246.3,4758.0
2004-05-13,245.0,245.5,241.1,243.6,4398.0
2004-05-14,244.95,246.7,236.0,237.4,5887.0
2004-05-17,235.0,235.0,220.8,220.8,6889.0
2004-05-18,224.0,230.8,223.0,229.0,5672.0
2004-05-19,230.2,244.45,230.2,244.15,3685.0
2004-05-20,235.0,242.4,228.0,233.6,7581.0
2004-05-21,236.3,243.8,232.8,240.0,6076.0
2004-05-24,238.0,247.0,236.55,243.35,5958.0
2004-05-25,241.35,245.95,239.5,242.1,4182.0
2004-05-26,249.8,251.35,247.75,248.0,4629.0
2004-05-27,249.6,250.4,245.6,248.2,3262.0
2004-05-28,251.0,251.2,247.95,250.45,2993.0
2004-05-31,249.8,250.45,242.65,244.4,3896.0
2004-06-01,245.1,245.5,239.55,244.1,4204.0
2004-06-02,242.0,242.0,237.7,239.0,3979.0
2004-06-03,240.1,241.5,227.6,229.3,5400.0
2004-06-04,230.0,230.9,226.0,229.3,4147.0
2004-06-07,233.0,241.3,233.0,240.5,4306.0
2004-06-08,244.5,244.8,238.0,243.2,4747.0
2004-06-09,241.5,243.9,239.6,241.2,3089.0
2004-06-10,238.0,238.9,231.1,233.2,5062.0
2004-06-11,229.8,230.0,223.15,226.0,5554.0
2004-06-14,226.0,229.45,217.7,219.9,5547.0
2004-06-15,219.9,224.9,217.0,222.8,3579.0
2004-06-16,225.3,227.7,220.2,221.95,3285.0
2004-06-17,216.5,227.5,216.15,225.0,9478.0
2004-06-18,222.0,222.7,216.0,217.3,5534.0
2004-06-21,222.25,224.7,215.3,218.6,5707.0
2004-06-23,222.0,226.5,220.0,223.0,6651.0
2004-06-24,226.0,227.0,223.8,225.8,4471.0
2004-06-25,225.8,228.75,224.1,227.0,3913.0
2004-06-28,227.0,228.4,221.55,222.7,3716.0
2004-06-29,222.5,224.85,220.2,224.4,3237.0
2004-06-30,225.85,230.9,225.8,228.65,5052.0
2004-07-01,231.0,231.2,226.6,227.95,3824.0
2004-07-02,221.05,222.8,220.0,221.75,3584.0
2004-07-05,219.05,219.4,215.1,218.5,4759.0
2004-07-06,219.4,221.5,217.65,221.5,2493.0
2004-07-07,215.9,222.45,215.0,220.0,4530.0
2004-07-08,219.0,224.6,217.1,218.8,2709.0
2004-07-09,219.3,224.0,217.4,223.1,4217.0
2004-07-12,223.8,225.0,220.75,221.45,3229.0
2004-07-13,220.4,220.4,217.55,217.6,3939.0
2004-07-14,216.8,219.45,216.0,216.2,4655.0
2004-07-15,216.2,217.0,211.5,214.45,4860.0
2004-07-16,212.2,215.1,210.5,210.5,4982.0
2004-07-19,209.5,211.6,205.8,210.05,4141.0
2004-07-20,208.05,208.45,198.5,199.6,3681.0
2004-07-21,203.0,208.5,203.0,207.0,3399.0
2004-07-22,200.0,204.95,198.5,203.8,6453.0
2004-07-23,204.85,206.8,203.35,204.8,5773.0
2004-07-26,202.0,203.7,201.1,203.1,3973.0
2004-07-27,202.05,209.85,201.4,208.1,8196.0
2004-07-28,209.85,210.6,207.3,208.1,4818.0
2004-07-29,208.1,208.3,203.65,204.3,4482.0
2004-07-30,206.7,209.5,206.6,207.5,5167.0
2004-08-02,205.3,205.9,202.5,203.65,4444.0
2004-08-03,204.5,205.9,202.9,204.0,4020.0
2004-08-04,202.25,203.65,201.1,203.5,3852.0
2004-08-05,204.3,213.9,202.8,213.5,8605.0
2004-08-06,210.1,214.45,209.5,211.1,7050.0
2004-08-09,208.5,212.2,207.1,212.0,4288.0
2004-08-10,212.05,212.4,208.5,209.7,5197.0
2004-08-11,211.9,211.9,206.8,208.1,5275.0
2004-08-12,208.2,209.0,206.4,209.0,3029.0
2004-08-13,207.05,210.5,206.1,208.8,4539.0
2004-08-16,207.9,208.35,206.65,207.1,2793.0
2004-08-17,208.1,208.85,206.4,206.4,3270.0
2004-08-18,207.0,211.5,204.9,209.7,3430.0
2004-08-19,212.4,218.4,212.1,217.5,6667.0
2004-08-20,217.5,220.9,216.75,219.0,4753.0
2004-08-23,220.5,221.5,218.5,220.15,3362.0
2004-08-26,224.0,228.3,224.0,226.7,4401.0
2004-08-27,227.6,228.0,225.25,228.0,3167.0
2004-08-30,227.2,227.5,225.05,225.05,2718.0
2004-08-31,224.0,228.9,222.0,222.3,6753.0
2004-09-01,223.6,227.7,223.2,226.4,5081.0
2004-09-02,226.2,226.35,222.5,224.5,4636.0
2004-09-03,224.05,224.5,217.2,217.8,8535.0
2004-09-06,217.0,219.15,214.65,218.2,6027.0
2004-09-07,217.55,220.3,216.6,220.0,5011.0
2004-09-08,220.0,222.4,217.35,218.1,6188.0
2004-09-09,218.0,221.0,217.7,219.6,4651.0
2004-09-10,220.7,222.4,219.0,220.5,5092.0
2004-09-13,222.6,224.85,222.6,223.65,4757.0
2004-09-14,224.95,225.4,223.7,223.9,3860.0
2004-09-15,223.7,225.0,223.0,223.2,2608.0
2004-09-16,221.0,224.4,219.5,223.6,5682.0
2004-09-17,223.6,224.1,220.75,220.75,4396.0
2004-09-20,221.0,222.6,219.3,219.7,4510.0
2004-09-21,221.0,224.4,220.6,224.15,7143.0
2004-09-22,224.8,225.2,223.05,223.8,5074.0
2004-09-23,221.5,224.0,221.0,223.3,4264.0
2004-09-24,223.6,224.55,220.5,220.6,5379.0
2004-09-27,219.9,220.45,217.5,218.2,3611.0
2004-09-29,218.3,219.5,216.4,217.85,5231.0
2004-09-30,219.55,220.8,217.15,218.4,6117.0
2004-10-01,218.5,219.4,216.5,218.9,6388.0
2004-10-04,223.0,225.55,222.5,225.55,8663.0
2004-10-05,226.0,226.4,225.0,225.7,5539.0
2004-10-06,225.7,228.25,224.5,225.15,10700.0
2004-10-07,226.5,227.0,224.25,225.5,6228.0
2004-10-08,224.3,225.0,223.5,224.2,5372.0
2004-10-11,223.0,223.0,220.5,221.8,4334.0
2004-10-12,220.4,221.15,217.0,217.35,6880.0
2004-10-13,218.95,219.0,216.7,217.3,3812.0
2004-10-14,216.6,217.0,213.65,215.5,6517.0
2004-10-15,214.3,216.2,210.35,212.9,5770.0
2004-10-18,212.0,213.65,210.0,210.0,3577.0
2004-10-19,211.7,215.2,211.7,214.6,5379.0
2004-10-20,213.05,214.1,210.2,210.2,3410.0
2004-10-21,212.6,214.4,211.45,212.5,6171.0
2004-10-22,214.95,215.35,213.35,213.85,5263.0
2004-10-26,211.35,211.35,205.2,206.4,5854.0
2004-10-27,207.15,207.45,203.4,204.0,4832.0
2004-10-28,207.6,209.25,206.95,208.85,6054.0
2004-10-29,207.7,210.1,207.2,209.0,5005.0
2004-11-01,209.0,210.85,205.15,205.65,5325.0
2004-11-02,206.85,212.2,206.2,211.95,6047.0
2004-11-03,212.0,218.15,211.5,217.95,10489.0
2004-11-04,217.4,218.85,216.1,217.1,6284.0
2004-11-05,221.0,222.2,218.2,219.0,6821.0
2004-11-08,219.1,219.4,216.85,217.75,3736.0
2004-11-09,218.2,219.75,217.75,219.3,3793.0
2004-11-10,219.85,221.1,218.4,219.85,4284.0
2004-11-11,219.5,219.6,216.2,216.3,4561.0
2004-11-12,219.0,220.45,218.4,219.2,4327.0
2004-11-15,221.0,222.5,220.0,220.45,3541.0
2004-11-16,220.1,222.0,220.0,221.0,3604.0
2004-11-17,220.9,227.7,220.9,227.7,4517.0
2004-11-18,229.5,230.95,228.85,228.85,7013.0
2004-11-19,229.6,229.85,227.6,228.45,3925.0
2004-11-22,224.5,225.0,216.65,217.0,7019.0
2004-11-23,218.35,219.5,215.6,218.3,4259.0
2004-11-24,218.1,220.95,217.9,220.75,3757.0
2004-11-25,221.45,221.5,218.15,219.15,2930.0
2004-11-26,220.0,224.0,213.5,213.5,7074.0
2004-11-29,214.55,216.6,214.0,215.8,3207.0
2004-11-30,215.3,216.95,211.6,214.5,5281.0
2004-12-01,212.95,215.2,208.5,214.0,4039.0
2004-12-02,218.5,218.95,216.6,218.25,4129.0
2004-12-03,219.95,220.5,218.0,219.3,3234.0
2004-12-06,217.0,219.75,216.75,219.0,2742.0
2004-12-07,219.0,220.1,218.6,220.0,2028.0
2004-12-08,218.8,219.7,218.05,218.65,1843.0
2004-12-09,218.15,219.35,217.75,218.35,2478.0
2004-12-10,218.55,219.0,217.3,217.6,2049.0
2004-12-13,219.5,224.1,216.5,219.5,5575.0
2004-12-14,220.3,221.5,219.75,221.15,3412.0
2004-12-15,223.1,227.6,222.6,225.5,3281.0
2004-12-16,227.1,227.5,225.4,226.35,4197.0
2004-12-17,225.9,226.4,225.05,225.65,2605.0
2004-12-20,223.0,224.85,222.0,224.0,3112.0
2004-12-21,224.0,224.5,223.5,223.9,1563.0
2004-12-22,225.4,227.4,224.8,225.1,4128.0
2004-12-23,225.4,225.4,223.5,224.0,2420.0
2004-12-24,224.2,226.25,223.6,225.3,2189.0
2004-12-27,226.0,226.0,223.8,224.5,1602.0
2004-12-28,223.9,225.95,223.9,225.3,1309.0
2004-12-29,226.5,228.5,226.2,228.25,3287.0
2004-12-30,228.6,228.8,227.7,227.9,1512.0
2004-12-31,228.25,231.4,227.6,230.9,3109.0
2005-01-03,231.5,231.95,229.2,229.4,2711.0
2005-01-04,227.9,228.2,224.6,224.8,4122.0
2005-01-05,221.2,223.25,220.9,222.9,2511.0
2005-01-06,222.9,223.2,221.65,222.5,1566.0
2005-01-07,222.6,223.35,218.15,219.75,4512.0
2005-01-10,220.0,221.45,219.9,221.3,1946.0
2005-01-11,221.3,222.8,220.6,221.9,2253.0
2005-01-12,221.0,221.45,216.8,217.6,3980.0
2005-01-13,218.6,218.8,213.8,215.55,4779.0
2005-01-14,214.0,216.4,213.3,215.6,3605.0
2005-01-17,217.6,219.6,217.6,219.0,3897.0
2005-01-18,219.0,219.65,217.65,218.25,2903.0
2005-01-19,219.2,219.7,215.9,216.0,2766.0
2005-01-20,214.75,218.25,214.1,216.3,5682.0
2005-01-21,216.8,217.75,215.4,216.5,3477.0
2005-01-24,216.8,217.1,212.3,213.5,3592.0
2005-01-25,212.5,214.55,211.55,214.4,3824.0
2005-01-26,215.5,217.95,215.25,217.65,5399.0
2005-01-27,218.3,218.5,216.8,217.3,3551.0
2005-01-28,217.1,221.4,216.85,220.0,6007.0
2005-01-31,220.6,226.4,220.25,225.45,7007.0
2005-02-01,225.5,227.2,224.6,225.85,4572.0
2005-02-02,226.45,229.8,226.45,227.85,4691.0
2005-02-03,227.85,229.95,226.9,229.95,2980.0
2005-02-14,236.8,236.8,233.0,234.25,3454.0
2005-02-15,234.8,234.8,233.5,233.65,2740.0
2005-02-16,234.9,235.65,232.0,235.4,3658.0
2005-02-17,234.15,235.3,231.05,231.65,5859.0
2005-02-18,231.7,235.6,231.1,235.35,4743.0
2005-02-21,235.8,237.75,234.0,234.0,4305.0
2005-02-22,234.8,235.3,232.8,233.0,3673.0
2005-02-23,231.1,235.1,230.5,234.4,6398.0
2005-02-24,234.0,235.6,232.85,233.95,4648.0
2005-02-25,235.4,238.8,235.3,237.3,6140.0
2005-03-01,237.7,237.7,235.7,237.1,3522.0
2005-03-02,237.65,237.65,234.2,234.8,3873.0
2005-03-03,234.5,235.3,232.3,234.6,4316.0
2005-03-04,234.0,234.5,232.55,233.5,3681.0
2005-03-07,234.5,235.4,233.8,234.35,2473.0
2005-03-08,235.2,237.1,232.85,233.5,5738.0
2005-03-09,233.2,235.5,233.05,234.95,3105.0
2005-03-10,234.1,235.5,232.85,234.8,4331.0
2005-03-11,235.9,237.15,235.25,236.6,3172.0
2005-03-14,235.5,236.35,234.2,234.6,3061.0
2005-03-15,234.6,234.85,227.6,229.3,6252.0
2005-03-16,228.5,230.7,227.6,230.1,1939.0
2005-03-17,227.8,228.45,226.9,227.2,4199.0
2005-03-18,227.75,228.3,226.6,227.45,2504.0
2005-03-21,227.15,228.6,227.05,228.35,2465.0
2005-03-22,228.2,228.2,225.8,227.3,3359.0
2005-03-23,226.6,227.9,225.5,227.7,3217.0
2005-03-24,228.0,230.3,227.75,229.0,3911.0
2005-03-25,229.2,231.35,228.75,231.25,3017.0
2005-03-28,231.75,232.25,230.3,231.6,3136.0
2005-03-29,231.2,231.2,228.35,228.55,4020.0
2005-03-30,228.35,228.5,227.1,228.15,3208.0
2005-03-31,230.5,231.0,229.6,230.9,3745.0
2005-04-01,230.85,234.65,230.1,234.6,5770.0
2005-04-04,233.8,234.85,233.15,233.5,3677.0
2005-04-06,233.5,233.7,232.3,232.4,3163.0
2005-04-07,233.0,234.0,231.25,231.6,4164.0
2005-04-08,233.2,233.5,232.2,233.3,2467.0
2005-04-11,232.3,232.7,231.8,232.3,1664.0
2005-04-12,231.85,233.45,231.85,233.2,1797.0
2005-04-13,233.45,233.9,232.9,233.8,1718.0
2005-04-14,232.0,233.0,231.8,232.45,2633.0
2005-04-15,231.0,231.6,229.85,230.5,3740.0
2005-04-18,227.55,227.8,220.6,223.05,4490.0
2005-04-19,225.5,226.6,224.1,225.25,3796.0
2005-04-20,227.35,227.5,221.8,221.9,1821.0
2005-04-21,218.0,221.6,217.0,220.8,6221.0
2005-04-22,222.4,224.2,221.15,222.55,6131.0
2005-04-25,221.8,222.3,221.3,222.0,2360.0
2005-04-26,222.4,225.0,221.75,224.6,4979.0
2005-04-27,224.55,225.4,223.8,224.5,3664.0
2005-04-28,223.6,226.2,222.6,225.8,4607.0
2005-04-29,224.7,225.35,223.5,224.5,3102.0
2005-05-03,225.8,227.8,224.8,225.1,3754.0
2005-05-04,225.7,226.2,224.3,225.5,3116.0
2005-05-05,228.0,232.8,227.65,230.9,7098.0
2005-05-06,230.9,234.4,230.9,234.15,5542.0
2005-05-09,234.15,234.4,233.25,234.25,2735.0
2005-05-10,235.0,235.0,232.8,233.3,2832.0
2005-05-11,231.6,232.3,230.85,231.5,4028.0
2005-05-12,231.9,233.75,231.6,233.6,2845.0
2005-05-13,233.1,237.9,233.1,236.7,5653.0
2005-05-16,237.4,238.2,235.7,235.8,4359.0
2005-05-17,236.7,237.15,234.0,234.7,4570.0
2005-05-18,235.6,236.25,234.85,235.5,1740.0
2005-05-19,237.0,239.5,236.7,238.95,6182.0
2005-05-20,239.2,239.4,237.55,237.65,3701.0
2005-05-23,238.0,238.2,234.2,234.7,4848.0
2005-05-24,235.1,235.95,234.5,234.8,3577.0
2005-05-25,235.4,237.1,232.15,233.8,6760.0
2005-05-26,234.35,236.5,233.2,236.45,4091.0
2005-05-27,238.6,240.8,238.1,240.7,4849.0
2005-05-30,240.7,242.1,239.75,241.1,3634.0
2005-05-31,240.4,241.35,238.8,240.35,4069.0
2005-06-01,239.8,241.0,238.45,240.35,4180.0
2005-06-02,241.1,243.35,241.1,241.75,4244.0
2005-06-03,242.8,246.05,241.75,245.2,5974.0
2005-06-06,244.0,245.3,243.7,244.95,3561.0
2005-06-07,244.8,245.0,242.7,244.3,3958.0
2005-06-08,243.15,248.65,243.15,248.6,5956.0
2005-06-09,248.15,249.7,246.2,247.15,5380.0
2005-06-10,248.5,249.7,246.6,249.6,4671.0
2005-06-13,249.0,253.5,248.4,253.5,3459.0
2005-06-14,253.5,254.65,251.75,252.0,3715.0
2005-06-15,251.75,254.0,251.75,253.85,2290.0
2005-06-16,251.2,253.4,250.05,252.9,5521.0
2005-06-17,253.15,257.35,253.0,254.1,6263.0
2005-06-20,254.0,255.0,252.85,253.8,3078.0
2005-06-21,254.5,254.5,252.25,253.2,3275.0
2005-06-22,253.4,260.1,253.4,259.4,6241.0
2005-06-23,258.8,260.75,258.8,260.15,3427.0
2005-06-24,258.5,258.7,256.6,257.25,4344.0
2005-06-27,255.0,255.3,253.45,254.5,3388.0
2005-06-28,254.5,255.9,254.1,255.9,2219.0
2005-06-29,258.05,258.65,252.0,252.1,6016.0
2005-06-30,252.3,254.0,251.7,252.7,3420.0
2005-07-01,251.9,255.4,249.7,255.0,5379.0
2005-07-04,255.6,255.95,253.3,255.0,2447.0
2005-07-05,255.0,255.65,253.5,253.95,2661.0
2005-07-06,255.05,256.4,253.7,254.8,4270.0
2005-07-07,254.3,254.8,252.4,253.9,3974.0
2005-07-08,254.0,256.4,253.3,254.6,4674.0
2005-07-11,258.0,262.1,257.4,262.0,7027.0
2005-07-12,264.0,265.3,263.4,264.3,5281.0
2005-07-13,264.6,267.65,264.0,265.95,4738.0
2005-07-14,267.9,269.6,266.35,269.6,4536.0
2005-07-15,269.7,269.8,266.9,266.9,4636.0
2005-07-19,266.9,269.0,266.35,268.9,3526.0
2005-07-20,268.0,271.75,267.5,268.0,4511.0
2005-07-21,268.8,269.8,265.5,266.2,8561.0
2005-07-22,264.75,264.9,262.4,263.05,5761.0
2005-07-25,263.1,265.3,262.6,265.05,4283.0
2005-07-26,264.55,266.3,262.65,262.9,5336.0
2005-07-27,263.1,263.5,260.75,261.8,5113.0
2005-07-28,262.8,264.95,262.15,264.65,3942.0
2005-07-29,264.9,267.3,261.3,261.3,6443.0
2005-08-01,261.5,262.8,260.8,262.6,2858.0
2005-08-02,263.2,264.45,261.3,263.6,4889.0
2005-08-03,265.7,271.2,265.6,270.2,7346.0
2005-08-04,270.2,271.45,269.0,270.0,4564.0
2005-08-08,267.0,267.4,265.75,267.0,3798.0
2005-08-09,266.8,267.5,265.75,267.5,2951.0
2005-08-10,269.0,269.35,266.05,266.1,4436.0
2005-08-11,266.7,267.85,265.1,267.8,3273.0
2005-08-12,268.5,268.9,263.0,263.0,4507.0
2005-08-15,262.05,262.7,257.0,257.35,4810.0
2005-08-16,257.6,257.9,255.55,257.6,3569.0
2005-08-17,254.95,259.6,254.75,258.05,3270.0
2005-08-18,258.7,260.15,256.6,256.6,5878.0
2005-08-19,255.7,256.0,253.5,254.55,3768.0
2005-08-22,255.2,257.7,255.05,257.6,2224.0
2005-08-23,257.0,258.3,255.8,255.9,2238.0
2005-08-24,255.0,255.7,254.1,254.1,2823.0
2005-08-25,253.1,255.9,252.15,253.6,4342.0
2005-08-26,254.6,255.0,253.3,254.55,2817.0
2005-08-29,252.3,253.4,248.25,248.8,3969.0
2005-08-30,250.5,251.3,247.55,247.95,2918.0
2005-08-31,248.0,249.95,244.5,247.9,5045.0
2005-09-02,249.5,251.25,249.1,251.0,3355.0
2005-09-05,250.9,251.8,250.5,251.0,2023.0
2005-09-06,252.0,253.5,252.0,253.2,2294.0
2005-09-07,255.4,255.45,253.05,254.2,3123.0
2005-09-08,254.1,255.3,253.85,254.25,2574.0
2005-09-09,254.65,255.4,252.8,253.4,2901.0
2005-09-12,255.4,257.6,254.9,257.5,4112.0
2005-09-13,256.4,258.5,256.4,257.4,3820.0
2005-09-14,256.8,257.6,255.5,256.4,2281.0
2005-09-15,255.4,255.5,252.35,252.4,3582.0
2005-09-16,252.4,253.0,248.6,250.05,4042.0
2005-09-19,250.55,251.0,249.35,250.05,2118.0
2005-09-20,250.4,255.75,247.95,255.2,3761.0
2005-09-21,253.85,255.7,252.0,252.0,1886.0
2005-09-22,251.0,252.05,247.75,248.4,5410.0
2005-09-23,247.9,248.2,243.5,245.4,4028.0
2005-09-26,247.2,247.4,244.4,246.7,2963.0
2005-09-27,246.0,249.15,245.25,247.25,3880.0
2005-09-28,247.25,249.8,245.8,247.6,4041.0
2005-09-29,247.1,252.95,247.05,252.9,5222.0
2005-09-30,254.5,257.0,254.2,256.0,5046.0
2005-10-03,256.45,258.2,255.65,257.6,3401.0
2005-10-04,258.0,261.35,257.6,260.5,5785.0
2005-10-05,259.15,261.7,259.1,259.95,4993.0
2005-10-06,257.0,259.25,256.6,259.2,4573.0
2005-10-07,258.1,259.95,258.1,259.5,3001.0
2005-10-11,259.0,259.9,257.15,257.6,3525.0
2005-10-12,255.8,256.0,249.6,250.0,7727.0
2005-10-13,248.15,249.0,246.6,248.95,3344.0
2005-10-14,249.75,250.45,247.15,247.2,3368.0
2005-10-17,247.8,248.2,239.15,239.4,4249.0
2005-10-18,240.5,242.75,239.7,241.05,3125.0
2005-10-19,237.05,239.0,234.2,235.45,4834.0
2005-10-20,237.0,241.3,233.6,240.5,7357.0
2005-10-21,237.0,240.1,236.3,238.45,4379.0
2005-10-24,239.8,240.4,237.7,238.25,3509.0
2005-10-25,243.1,243.5,238.0,238.0,5309.0
2005-10-26,238.5,238.55,234.6,235.4,5984.0
2005-10-27,234.0,235.85,231.05,233.1,6660.0
2005-10-28,230.3,234.5,230.2,232.6,4506.0
2005-10-31,234.75,239.8,234.0,239.7,5191.0
2005-11-01,242.0,242.45,239.9,240.3,5030.0
2005-11-02,241.0,244.1,240.85,244.0,5114.0
2005-11-03,245.2,246.45,244.05,244.7,4447.0
2005-11-04,246.4,248.9,246.0,247.75,5122.0
2005-11-07,247.0,247.45,244.3,244.8,3921.0
2005-11-08,245.6,245.85,243.4,244.75,3321.0
2005-11-09,244.3,251.85,243.85,251.7,6728.0
2005-11-10,252.0,254.1,251.05,252.35,4504.0
2005-11-11,255.35,256.75,253.45,256.6,4479.0
2005-11-14,256.6,257.75,255.5,257.75,1897.0
2005-11-15,257.75,257.75,253.95,255.0,2496.0
2005-11-16,255.0,257.9,253.2,256.0,2323.0
2005-11-17,256.25,257.7,254.0,255.9,5002.0
2005-11-18,259.95,262.45,258.9,261.65,4910.0
2005-11-21,262.0,264.2,260.8,261.8,5003.0
2005-11-22,261.8,261.8,259.1,259.2,3264.0
2005-11-23,260.0,263.0,259.8,263.0,5486.0
2005-11-24,262.85,264.1,261.5,261.8,4695.0
2005-11-25,261.55,264.1,261.15,263.6,3798.0
2005-11-28,264.45,268.95,264.1,268.95,4401.0
2005-11-29,267.8,268.2,264.5,264.75,3741.0
2005-11-30,265.75,268.9,264.75,267.6,4317.0
2005-12-01,267.1,268.0,265.65,267.6,3004.0
2005-12-02,272.6,272.95,270.7,271.25,4394.0
2005-12-05,272.6,280.0,271.2,279.9,7089.0
2005-12-06,278.2,278.95,276.6,277.5,4924.0
2005-12-07,277.7,279.3,274.7,276.2,5575.0
2005-12-08,275.3,276.65,270.8,272.0,6381.0
2005-12-09,271.6,273.8,270.65,273.25,5243.0
2005-12-12,273.75,275.35,269.8,274.4,5692.0
2005-12-13,274.3,275.7,271.6,273.5,5369.0
2005-12-14,275.0,275.4,271.25,271.4,4404.0
2005-12-15,271.0,274.3,270.9,274.2,3750.0
2005-12-16,273.2,280.45,273.2,279.25,5437.0
2005-12-19,279.9,282.6,279.1,282.2,4549.0
2005-12-20,280.9,281.5,279.75,281.5,2355.0
2005-12-21,282.3,284.5,281.15,283.35,2518.0
2005-12-22,284.3,284.95,281.7,282.2,4733.0
2005-12-23,283.2,289.0,282.5,288.8,6177.0
2005-12-26,290.0,290.95,287.5,289.55,3852.0
2005-12-27,289.2,292.0,287.55,290.0,4243.0
2005-12-28,287.05,288.7,286.0,288.3,3558.0
2005-12-29,288.55,292.5,288.5,290.4,5981.0
2005-12-30,289.2,291.4,288.85,289.9,4081.0
2006-01-02,285.0,288.5,281.25,287.4,5275.0
2006-01-03,288.9,297.0,286.3,297.0,8986.0
2006-01-04,299.5,299.9,294.6,297.0,6671.0
2006-01-05,297.7,301.4,297.3,300.0,7099.0
2006-01-06,300.25,301.4,298.9,300.0,6658.0
2006-01-09,302.95,303.5,300.75,302.65,5529.0
2006-01-10,303.5,303.55,298.6,299.8,6318.0
2006-01-11,299.5,299.5,295.2,298.5,8031.0
2006-01-12,299.05,301.45,295.2,295.2,7166.0
2006-01-13,294.4,297.8,293.0,295.75,5762.0
2006-01-16,294.9,299.0,293.1,298.85,5024.0
2006-01-17,298.2,302.2,297.85,299.5,5073.0
2006-01-18,294.0,294.6,285.3,288.4,5408.0
2006-01-19,290.8,290.8,284.65,287.7,9028.0
2006-01-20,289.3,290.5,285.1,285.1,7265.0
2006-01-23,280.4,281.9,279.15,279.95,5345.0
2006-01-24,281.0,286.15,281.0,285.5,5815.0
2006-01-25,286.5,287.8,285.15,287.4,4609.0
2006-02-03,290.0,291.35,285.9,287.4,5330.0
2006-02-06,286.2,293.4,283.0,293.0,5858.0
2006-02-07,292.0,296.2,291.05,293.2,5979.0
2006-02-08,292.55,293.4,288.5,288.8,4350.0
2006-02-09,292.45,294.4,287.9,289.0,6163.0
2006-02-10,290.5,290.5,284.8,286.55,5155.0
2006-02-13,284.8,287.55,283.75,284.1,4248.0
2006-02-14,283.2,289.05,282.9,289.0,4453.0
2006-02-15,290.0,291.75,288.05,288.65,5136.0
2006-02-16,288.55,294.5,288.25,294.0,7071.0
2006-02-17,296.0,296.75,292.0,293.7,7015.0
2006-02-20,291.7,293.9,289.8,292.55,5008.0
2006-02-21,293.7,294.4,289.25,290.0,5092.0
2006-02-22,289.0,290.8,282.75,283.6,7909.0
2006-02-23,284.5,284.55,279.55,281.15,6766.0
2006-02-24,281.15,283.4,280.0,283.3,5408.0
2006-02-27,283.3,284.8,280.7,284.35,4829.0
2006-03-01,282.9,289.5,281.55,287.7,7286.0
2006-03-02,289.7,292.4,289.5,290.45,5763.0
2006-03-03,290.0,291.0,284.2,284.75,5828.0
2006-03-06,284.75,287.9,283.75,287.9,5782.0
2006-03-07,286.2,286.2,284.0,284.6,4357.0
2006-03-08,284.0,285.5,280.5,283.2,6506.0
2006-03-09,284.0,285.2,283.0,284.0,4429.0
2006-03-10,283.8,287.0,282.65,285.2,5234.0
2006-03-13,287.1,288.8,286.4,288.8,4032.0
2006-03-14,287.3,288.55,284.2,285.8,7348.0
2006-03-15,288.3,291.8,287.15,290.8,3418.0
2006-03-16,289.6,293.0,286.5,287.0,8610.0
2006-03-17,285.0,287.7,284.65,287.55,5935.0
2006-03-20,288.8,290.7,286.8,288.2,5837.0
2006-03-21,288.0,289.7,284.8,284.95,6507.0
2006-03-22,283.0,283.1,279.6,280.0,6163.0
2006-03-23,281.15,281.6,277.1,279.0,6326.0
2006-03-24,277.55,280.2,277.55,278.5,4509.0
2006-03-27,279.3,280.5,278.35,280.5,2933.0
2006-03-28,280.5,283.75,279.65,282.75,4830.0
2006-03-29,281.1,286.0,280.5,286.0,5698.0
2006-03-30,287.6,289.15,285.5,286.0,7888.0
2006-03-31,287.5,292.85,287.1,291.65,7594.0
2006-04-03,292.5,295.9,291.2,295.5,5923.0
2006-04-04,295.0,295.9,293.55,294.85,4464.0
2006-04-06,296.85,300.3,296.5,300.25,5039.0
2006-04-07,300.05,303.0,298.2,301.2,5268.0
2006-04-10,299.55,304.15,298.6,301.8,6303.0
2006-04-11,301.05,301.1,298.15,300.5,3727.0
2006-04-12,297.55,303.3,296.65,303.3,7015.0
2006-04-13,303.85,305.5,302.7,304.9,4524.0
2006-04-14,304.8,310.7,303.7,310.5,5917.0
2006-04-17,310.85,312.4,308.1,308.1,5087.0
2006-04-18,308.6,310.15,306.1,309.05,5442.0
2006-04-19,312.3,316.65,312.3,313.45,5435.0
2006-04-20,311.85,316.9,311.15,316.8,6573.0
2006-04-21,317.05,320.75,316.0,318.5,5905.0
2006-04-24,315.5,318.45,315.1,316.0,6211.0
2006-04-25,316.4,317.4,310.15,311.35,7514.0
2006-04-26,311.8,317.2,311.3,317.2,6531.0
2006-04-27,317.2,317.7,311.55,312.4,7173.0
2006-04-28,312.4,315.85,310.1,314.5,7454.0
2006-05-02,313.0,315.5,311.7,315.4,6811.0
2006-05-03,316.1,318.8,316.05,317.5,5930.0
2006-05-04,318.0,322.5,316.75,321.0,8377.0
2006-05-05,322.5,325.85,320.3,322.55,8407.0
2006-05-08,324.05,325.35,321.25,325.35,5530.0
2006-05-09,324.5,325.2,319.5,319.5,6344.0
2006-05-10,319.25,320.4,313.05,315.9,9327.0
2006-05-11,315.1,319.2,313.4,319.0,7460.0
2006-05-12,313.5,316.15,311.75,312.0,5577.0
2006-05-15,309.35,309.85,307.6,308.6,5521.0
2006-05-16,308.85,311.75,306.0,306.0,7211.0
2006-05-17,307.95,310.85,307.05,309.9,3004.0
2006-05-18,302.0,302.9,299.2,302.45,5146.0
2006-05-19,301.2,305.4,301.05,305.2,5070.0
2006-05-22,306.0,307.9,296.15,296.15,8218.0
2006-05-23,294.0,297.55,293.2,294.6,6647.0
2006-05-24,295.95,297.45,288.15,295.2,9759.0
2006-05-25,293.9,293.9,289.4,290.7,5265.0
2006-05-26,293.5,295.6,289.2,290.7,5960.0
2006-05-29,292.7,294.25,290.8,292.95,4161.0
2006-05-30,293.1,296.8,292.0,295.0,6500.0
2006-06-01,295.0,296.7,294.15,294.4,3612.0
2006-06-02,297.5,298.5,294.5,298.5,5431.0
2006-06-05,297.5,297.9,282.25,282.55,6754.0
2006-06-06,279.6,286.0,279.2,284.55,6107.0
2006-06-07,283.0,283.7,278.0,278.3,5992.0
2006-06-08,275.3,277.1,259.55,260.0,9185.0
2006-06-09,264.95,271.2,260.6,269.6,6937.0
2006-06-12,266.6,269.6,264.0,268.25,5235.0
2006-06-13,261.95,265.3,261.05,263.2,6488.0
2006-06-14,262.7,271.0,262.1,270.2,5839.0
2006-06-15,271.5,273.0,264.7,266.6,5954.0
2006-06-16,279.0,279.0,270.6,273.1,5526.0
2006-06-19,272.0,272.95,269.65,271.35,4283.0
2006-06-20,270.35,270.8,253.6,262.95,7271.0
2006-06-21,260.8,266.0,260.0,260.1,4337.0
2006-06-22,260.0,269.15,260.0,268.2,6775.0
2006-06-23,266.5,267.85,261.8,265.8,6263.0
2006-06-26,267.25,272.3,266.0,270.5,3960.0
2006-06-27,270.45,275.5,268.9,272.1,6070.0
2006-06-28,268.6,269.65,266.2,269.0,3489.0
2006-06-29,271.15,273.0,269.45,271.25,4308.0
2006-06-30,278.0,279.0,276.0,278.0,4082.0
2006-07-03,278.4,279.5,277.5,279.3,2475.0
2006-07-04,280.0,283.6,279.1,280.55,4806.0
2006-07-05,279.55,280.25,275.2,275.8,3719.0
2006-07-06,274.3,277.0,273.0,276.5,4798.0
2006-07-07,277.05,277.2,273.8,275.0,3786.0
2006-07-10,273.55,279.6,272.15,279.5,4256.0
2006-07-11,277.5,279.5,276.4,276.7,3353.0
2006-07-12,276.7,281.45,273.6,275.85,6177.0
2006-07-13,273.05,275.3,271.3,271.35,4517.0
2006-07-14,266.2,266.8,262.5,264.8,4134.0
2006-07-17,263.1,265.5,254.0,256.8,5101.0
2006-07-18,255.2,261.25,255.2,261.0,5215.0
2006-07-19,261.15,265.0,260.8,261.5,3207.0
2006-07-20,261.4,268.8,261.2,268.7,7059.0
2006-07-21,264.6,265.6,262.75,265.5,4464.0
2006-07-24,261.0,261.0,256.5,259.45,4406.0
2006-07-25,266.4,267.55,263.5,264.2,4012.0
2006-07-26,264.7,265.6,261.85,263.75,4524.0
2006-07-27,263.75,270.0,263.65,269.6,4967.0
2006-07-28,269.1,269.95,266.8,269.15,3703.0
2006-07-31,273.6,273.8,266.5,267.4,3976.0
2006-08-01,268.5,270.8,267.45,268.65,3430.0
2006-08-02,267.0,271.8,266.7,270.8,4542.0
2006-08-03,272.0,272.95,269.8,270.25,3807.0
2006-08-04,271.2,272.15,267.6,268.75,3908.0
2006-08-07,267.75,271.5,267.4,268.55,3463.0
2006-08-08,270.0,275.5,269.7,275.5,4303.0
2006-08-09,274.15,281.0,273.9,281.0,5548.0
2006-08-10,279.6,283.8,279.3,281.95,6015.0
2006-08-11,282.95,283.6,280.45,281.8,3696.0
2006-08-14,282.6,285.95,282.6,285.4,4199.0
2006-08-15,286.0,286.5,282.4,286.15,3718.0
2006-08-16,290.0,291.3,289.5,290.3,2767.0
2006-08-17,292.1,293.95,291.25,291.7,6200.0
2006-08-18,292.7,292.7,290.25,290.55,2869.0
2006-08-21,289.9,290.3,278.0,278.45,6752.0
2006-08-22,280.0,284.4,279.45,284.25,4333.0
2006-08-23,283.6,284.25,275.0,283.0,6545.0
2006-08-24,281.0,282.8,280.35,282.0,4032.0
2006-08-25,281.5,285.0,279.65,279.9,5342.0
2006-08-28,280.85,280.9,273.3,275.6,5256.0
2006-08-29,277.85,279.0,277.1,278.4,3200.0
2006-08-30,279.0,285.8,278.25,285.0,5627.0
2006-08-31,286.6,289.15,286.5,287.8,5040.0
2006-09-01,287.6,289.5,286.65,289.5,3387.0
2006-09-04,291.65,295.85,291.5,295.1,4814.0
2006-09-05,295.4,295.4,292.85,294.0,3676.0
2006-09-06,293.9,294.25,286.8,289.25,6453.0
2006-09-07,287.0,291.1,286.0,289.4,5995.0
2006-09-08,288.35,292.45,287.45,291.7,4373.0
2006-09-11,291.4,297.65,286.7,289.65,6753.0
2006-09-12,289.0,291.5,287.1,287.5,5289.0
2006-09-13,291.5,292.0,288.5,290.6,4040.0
2006-09-14,291.4,292.75,284.25,287.35,7470.0
2006-09-15,287.6,290.95,286.65,290.5,4143.0
2006-09-18,293.6,302.0,293.0,301.85,5349.0
2006-09-19,302.1,303.05,300.7,301.1,5287.0
2006-09-20,299.95,301.6,298.0,301.55,5314.0
2006-09-21,302.0,302.45,297.0,299.55,6564.0
2006-09-22,298.0,298.2,296.2,297.7,3518.0
2006-09-25,296.9,300.0,295.2,299.6,5712.0
2006-09-26,300.9,301.2,297.2,297.2,5400.0
2006-09-27,299.5,300.0,297.55,299.3,4326.0
2006-09-28,299.8,300.2,293.8,293.8,6426.0
2006-09-29,296.0,296.1,292.6,294.1,4900.0
2006-10-02,293.25,297.7,293.2,297.05,5069.0
2006-10-03,295.8,298.15,294.6,297.0,4360.0
2006-10-04,297.0,297.8,293.5,294.35,5238.0
2006-10-05,297.7,301.0,296.6,300.65,7207.0
2006-10-11,301.5,301.8,297.5,298.55,3475.0
2006-10-12,299.55,301.2,297.2,297.55,4273.0
2006-10-13,301.2,304.0,300.35,302.4,5334.0
2006-10-14,302.6,302.6,300.5,301.95,2357.0
2006-10-16,302.0,306.0,301.6,305.15,4522.0
2006-10-17,304.95,305.0,302.75,303.25,4675.0
2006-10-18,302.2,302.45,297.7,300.1,4405.0
2006-10-19,298.5,300.1,296.65,298.0,5312.0
2006-10-20,299.15,300.55,299.05,299.85,3722.0
2006-10-23,300.2,300.4,297.25,300.15,3497.0
2006-10-24,301.0,303.5,299.8,301.6,4697.0
2006-10-25,301.3,302.5,300.65,301.1,3226.0
2006-10-26,302.3,304.25,301.75,302.2,3889.0
2006-10-27,303.8,305.0,302.8,303.8,3202.0
2006-10-30,301.35,301.35,298.2,298.7,4471.0
2006-10-31,299.8,300.0,298.45,299.0,2511.0
2006-11-01,299.0,300.5,298.95,299.6,2987.0
2006-11-02,297.2,301.9,297.1,301.1,4056.0
2006-11-03,301.45,305.75,300.85,304.2,4205.0
2006-11-06,302.0,304.2,300.3,303.1,3486.0
2006-11-07,306.0,306.95,304.5,305.2,3407.0
2006-11-08,305.2,305.85,303.6,303.6,2413.0
2006-11-09,305.1,307.1,300.95,301.5,5576.0
2006-11-10,301.7,302.85,300.55,302.2,4687.0
2006-11-13,302.9,303.05,300.4,300.8,4041.0
2006-11-14,302.3,305.75,302.1,305.3,6473.0
2006-11-15,308.5,308.5,307.0,308.3,5139.0
2006-11-16,307.15,308.8,306.6,307.7,4014.0
2006-11-17,308.4,308.8,307.0,308.3,2424.0
2006-11-20,307.65,308.3,306.05,307.6,3430.0
2006-11-21,308.4,313.05,307.8,312.8,4444.0
2006-11-22,313.15,314.65,312.6,313.7,3137.0
2006-11-23,314.0,316.4,313.2,314.75,4432.0
2006-11-24,314.05,317.2,313.5,316.9,2911.0
2006-11-27,326.4,326.4,319.0,321.3,5630.0
2006-11-28,317.3,319.2,317.0,317.2,3024.0
2006-11-29,318.3,319.0,314.2,317.55,4316.0
2006-11-30,318.7,320.8,318.4,320.4,3466.0
2006-12-01,320.0,323.0,319.55,322.15,4360.0
2006-12-04,321.5,322.6,319.9,321.75,2902.0
2006-12-05,323.75,324.2,319.55,321.0,4120.0
2006-12-06,320.95,326.0,320.9,325.95,3762.0
2006-12-07,326.5,326.85,323.5,324.4,3014.0
2006-12-08,323.05,323.4,318.0,320.5,2935.0
2006-12-11,320.6,321.7,319.1,321.1,2943.0
2006-12-12,320.6,320.6,312.65,314.0,5661.0
2006-12-13,314.0,315.6,309.5,313.9,4881.0
2006-12-14,313.75,315.8,312.5,315.2,2504.0
2006-12-15,317.5,318.5,316.5,317.3,2457.0
2006-12-18,317.6,323.55,316.9,322.05,3761.0
2006-12-19,321.1,323.8,320.1,320.6,4727.0
2006-12-20,322.05,323.65,321.05,323.5,3360.0
2006-12-21,323.0,325.45,321.6,322.8,4007.0
2006-12-22,322.15,325.4,322.15,325.4,2892.0
2006-12-25,324.9,325.0,323.05,324.1,1709.0
2006-12-26,325.1,328.1,324.1,327.05,3146.0
2006-12-27,327.5,329.6,326.9,328.05,2611.0
2006-12-28,329.3,330.6,327.5,329.6,2462.0
2006-12-29,329.6,332.3,328.9,332.3,3447.0
2007-01-02,331.7,336.1,331.7,335.25,3863.0
2007-01-03,335.8,337.25,334.35,336.35,3289.0
2007-01-04,335.35,338.25,335.15,337.6,3749.0
2007-01-05,338.1,339.4,332.6,333.6,4571.0
2007-01-08,333.0,333.1,326.85,327.1,3849.0
2007-01-09,328.0,331.7,328.0,331.05,2802.0
2007-01-10,329.0,329.45,325.9,327.2,3605.0
2007-01-11,328.6,331.7,325.2,326.55,6309.0
2007-01-12,330.05,336.1,330.0,335.4,5040.0
2007-01-15,337.0,338.0,334.85,338.0,3922.0
2007-01-16,338.5,338.9,335.35,336.85,4370.0
2007-01-17,333.0,339.1,332.85,338.75,3227.0
2007-01-18,337.6,339.8,336.6,339.75,5368.0
2007-01-19,336.1,338.6,335.75,336.0,4955.0
2007-01-22,336.8,337.55,332.8,336.4,5012.0
2007-01-23,334.65,336.3,334.0,335.9,2737.0
2007-01-24,340.1,343.0,340.1,341.8,4593.0
2007-01-25,343.05,344.0,341.0,342.5,3536.0
2007-01-26,338.0,338.7,334.35,335.75,4945.0
2007-01-29,335.05,336.2,331.85,332.8,2659.0
2007-01-30,332.9,333.35,330.6,331.4,2708.0
2007-01-31,331.5,332.35,324.0,328.2,5198.0
2007-02-01,329.2,330.5,325.5,328.15,3914.0
2007-02-02,329.85,332.4,329.7,331.25,3121.0
2007-02-05,330.2,332.8,329.4,329.7,2767.0
2007-02-06,330.5,335.0,330.5,334.9,3084.0
2007-02-07,334.5,335.3,333.9,334.6,2250.0
2007-02-08,335.4,336.5,331.5,334.45,3723.0
2007-02-09,334.45,336.8,333.1,334.4,2792.0
2007-02-12,332.0,332.3,328.85,329.25,3446.0
2007-02-13,329.0,330.55,325.3,325.3,4631.0
2007-02-14,326.9,330.65,326.55,330.0,4477.0
2007-02-26,334.9,335.8,333.7,334.15,2122.0
2007-02-27,334.3,336.3,333.4,334.65,5661.0
2007-03-01,327.85,327.85,322.8,324.2,4378.0
2007-03-02,322.0,325.5,321.2,323.4,3820.0
2007-03-03,319.5,322.25,317.7,319.7,3043.0
2007-03-05,316.2,317.8,303.3,305.1,6051.0
2007-03-06,307.0,313.0,306.55,312.3,3973.0
2007-03-07,313.1,316.0,311.35,313.5,3918.0
2007-03-08,313.6,318.75,312.85,318.2,3482.0
2007-03-09,319.2,320.2,316.4,318.2,3295.0
2007-03-12,319.2,322.45,318.9,322.3,2367.0
2007-03-13,323.05,325.6,321.85,325.35,2736.0
2007-03-14,319.2,319.2,316.0,317.5,3618.0
2007-03-15,320.1,327.3,320.1,326.1,3329.0
2007-03-16,324.0,328.3,323.1,326.55,3116.0
2007-03-19,327.55,329.8,325.5,328.5,4901.0
2007-03-20,330.95,331.5,328.5,329.3,3542.0
2007-03-21,331.4,331.4,329.0,330.3,1861.0
2007-03-22,332.5,333.8,331.55,332.0,3100.0
2007-03-23,332.0,335.0,330.8,333.4,3076.0
2007-03-26,333.65,335.5,333.0,334.9,2189.0
2007-03-27,334.5,337.8,332.1,332.5,3762.0
2007-03-28,330.15,332.7,327.25,328.2,3745.0
2007-03-29,327.15,333.3,326.1,332.7,4127.0
2007-03-30,332.0,334.5,330.7,332.1,2636.0
2007-04-02,333.5,336.2,331.55,332.7,3483.0
2007-04-03,332.7,335.4,331.2,335.4,3027.0
2007-04-04,339.8,339.9,336.9,338.3,3698.0
2007-04-09,340.0,341.25,338.6,340.3,2411.0
2007-04-10,339.05,339.8,336.8,339.1,2370.0
2007-04-11,340.0,342.4,339.7,342.1,2451.0
2007-04-12,340.0,342.85,339.65,341.65,2322.0
2007-04-13,343.4,343.45,337.1,338.1,3064.0
2007-04-14,339.6,340.45,338.85,340.45,1183.0
2007-04-16,340.65,342.8,337.5,338.4,4300.0
2007-04-17,340.05,341.0,332.6,334.3,5258.0
2007-04-18,335.3,335.8,333.4,335.8,3720.0
2007-04-19,332.85,334.45,327.5,328.75,5104.0
2007-04-20,330.25,332.4,330.2,331.45,2890.0
2007-04-23,334.05,338.7,334.05,336.7,3283.0
2007-04-24,336.05,338.95,335.15,338.6,2836.0
2007-04-25,337.6,338.0,335.35,336.0,2489.0
2007-04-26,339.1,339.4,336.55,337.4,2204.0
2007-04-27,337.5,338.3,333.9,334.7,2420.0
2007-04-30,334.0,334.95,330.1,333.05,2744.0
2007-05-02,333.6,337.4,332.35,336.2,2920.0
2007-05-03,338.0,339.3,335.2,338.7,4079.0
2007-05-04,339.2,344.2,339.2,343.6,3100.0
2007-05-07,345.3,347.4,343.6,346.7,2653.0
2007-05-08,346.5,347.2,344.8,345.55,1849.0
2007-05-09,346.4,346.5,343.8,344.75,2133.0
2007-05-10,346.0,347.5,345.6,346.85,1605.0
2007-05-11,343.2,344.2,342.0,342.6,2376.0
2007-05-14,345.0,345.75,342.6,343.45,2520.0
2007-05-15,342.8,342.8,338.55,338.9,7044.0
2007-05-16,338.45,340.6,337.9,340.3,2587.0
2007-05-17,339.1,341.2,338.8,339.1,3352.0
2007-05-18,339.9,340.6,338.0,340.2,2439.0
2007-05-21,340.95,344.35,339.8,343.85,3299.0
2007-05-22,344.05,346.9,343.65,346.7,2247.0
2007-05-23,347.7,348.4,346.5,347.7,2450.0
2007-05-24,347.0,348.25,345.95,347.05,1805.0
2007-05-25,343.8,345.9,343.0,345.0,2210.0
2007-05-28,346.7,347.35,345.9,346.35,1832.0
2007-05-29,346.5,349.05,345.4,347.0,2250.0
2007-05-30,346.9,347.0,343.0,344.7,2776.0
2007-05-31,347.6,349.8,347.6,348.85,2859.0
2007-06-01,350.85,354.2,350.85,353.7,3246.0
2007-06-04,355.0,357.5,354.65,356.9,2937.0
2007-06-05,356.5,357.5,355.5,356.9,2199.0
2007-06-06,356.1,362.0,356.1,358.35,4304.0
2007-06-07,355.8,361.95,354.7,361.95,2930.0
2007-06-08,357.2,359.75,357.0,359.2,2759.0
2007-06-11,361.45,361.7,360.5,361.0,1916.0
2007-06-12,361.15,363.2,360.2,362.4,2620.0
2007-06-13,361.35,363.4,360.65,360.85,2642.0
2007-06-14,363.1,368.6,363.05,367.45,4624.0
2007-06-15,369.35,373.35,368.0,373.35,5076.0
2007-06-20,375.0,377.45,372.9,376.4,4200.0
2007-06-21,375.15,383.7,373.55,380.75,5892.0
2007-06-22,381.25,383.7,378.35,380.55,3783.0
2007-06-23,378.0,379.7,377.75,378.65,1796.0
2007-06-25,379.65,385.3,379.55,383.4,3868.0
2007-06-26,382.6,383.5,376.7,377.9,3446.0
2007-06-27,375.9,379.95,375.3,376.6,4153.0
2007-06-28,379.2,380.5,378.15,378.85,2576.0
2007-06-29,379.85,381.15,377.0,379.55,3029.0
2007-07-02,377.7,380.95,375.55,380.95,3315.0
2007-07-03,383.8,386.2,383.5,384.3,2762.0
2007-07-04,385.2,387.95,385.2,387.4,3248.0
2007-07-05,388.3,390.35,387.0,390.25,3313.0
2007-07-06,389.65,392.9,388.5,392.45,3423.0
2007-07-09,395.0,405.0,394.55,404.5,4078.0
2007-07-10,405.0,405.4,401.55,402.85,4161.0
2007-07-11,401.0,401.4,397.85,397.85,2852.0
2007-07-12,399.6,402.5,398.45,399.0,4094.0
2007-07-13,405.0,406.5,401.1,401.5,4269.0
2007-07-16,401.6,401.95,393.05,393.5,6525.0
2007-07-17,394.05,401.5,390.6,399.5,6380.0
2007-07-18,397.0,398.75,393.7,395.0,4997.0
2007-07-19,391.1,394.4,389.75,393.4,4878.0
2007-07-20,395.4,401.6,395.4,401.0,5352.0
2007-07-23,399.0,402.35,398.2,400.6,4287.0
2007-07-24,400.75,406.15,400.0,404.6,5871.0
2007-07-25,401.6,408.6,401.0,406.1,5062.0
2007-07-26,407.3,411.0,399.05,400.1,6801.0
2007-07-27,389.5,392.8,373.3,375.15,7437.0
2007-07-30,375.15,381.6,373.2,380.0,6401.0
2007-07-31,381.0,386.75,381.0,386.4,3701.0
2007-08-01,382.4,386.4,364.0,367.95,8382.0
2007-08-02,382.0,382.0,362.05,378.0,6702.0
2007-08-03,381.85,383.75,378.6,381.6,3494.0
2007-08-06,370.0,377.4,369.0,377.4,2936.0
2007-08-07,380.4,382.75,369.55,370.2,4146.0
2007-08-08,374.2,383.0,372.7,382.5,3495.0
2007-08-09,387.0,389.9,383.95,387.0,3685.0
2007-08-10,377.0,378.35,370.4,372.05,3641.0
2007-08-13,376.85,380.6,374.8,377.3,4733.0
2007-08-14,375.9,380.0,372.0,375.2,3861.0
2007-08-15,370.0,390.2,360.55,363.0,3082.0
2007-08-16,347.0,348.0,332.7,341.4,6437.0
2007-08-17,338.8,345.4,326.6,330.05,5014.0
2007-08-20,347.0,353.15,345.45,353.15,3389.0
2007-08-21,352.95,360.5,348.55,352.2,4827.0
2007-08-22,354.0,355.3,350.55,354.9,3271.0
2007-08-23,364.8,367.4,363.55,366.4,2701.0
2007-08-24,364.5,366.3,362.5,363.0,1878.0
2007-08-27,370.0,371.8,364.4,365.5,2132.0
2007-08-28,364.35,369.8,364.35,368.8,2342.0
2007-08-29,359.65,363.4,356.55,362.1,2744.0
2007-08-30,370.0,370.0,365.5,367.0,2392.0
2007-08-31,369.0,377.5,367.5,376.9,3268.0
2007-09-03,378.0,378.7,374.1,375.45,2456.0
2007-09-04,375.45,378.15,373.55,373.55,2253.0
2007-09-05,377.1,379.4,371.1,372.3,2615.0
2007-09-06,371.8,380.0,369.1,380.0,3054.0
2007-09-07,380.0,383.0,377.65,379.75,2397.0
2007-09-10,371.0,378.0,369.35,376.2,2456.0
2007-09-11,376.0,381.0,375.4,381.0,1782.0
2007-09-12,381.6,383.75,377.65,377.65,2742.0
2007-09-13,380.0,380.75,375.0,376.95,1816.0
2007-09-14,378.2,382.2,378.2,380.05,1675.0
2007-09-17,379.6,380.85,370.15,371.5,2928.0
2007-09-19,384.0,384.6,370.25,371.1,6644.0
2007-09-20,373.5,380.0,372.35,374.45,4191.0
2007-09-21,374.7,380.7,374.5,380.4,2599.0
2007-09-26,382.6,386.0,381.8,385.5,1842.0
2007-09-27,388.0,393.9,387.3,393.9,2513.0
2007-09-28,392.55,395.35,391.35,391.75,2745.0
2007-09-29,392.3,396.1,392.3,396.0,1635.0
2007-10-01,397.9,398.4,392.0,393.5,2320.0
2007-10-02,397.5,400.0,396.5,399.3,3161.0
2007-10-03,398.6,404.0,397.3,402.0,3942.0
2007-10-04,398.5,402.4,398.3,400.45,3273.0
2007-10-05,401.15,403.4,396.3,396.4,3416.0
2007-10-08,400.0,402.3,399.8,400.85,2310.0
2007-10-09,401.75,402.75,395.2,399.15,3025.0
2007-10-11,400.95,402.5,398.6,400.6,3447.0
2007-10-12,397.0,397.45,386.7,388.05,3823.0
2007-10-15,391.8,392.15,387.1,390.8,2621.0
2007-10-16,387.0,397.4,387.0,393.55,4291.0
2007-10-17,391.85,396.6,390.5,395.1,3210.0
2007-10-18,397.65,404.6,397.65,403.6,4227.0
2007-10-19,401.5,404.0,400.0,400.45,2904.0
2007-10-22,388.25,391.15,385.0,389.0,3257.0
2007-10-23,393.0,400.3,392.2,399.35,3241.0
2007-10-24,402.4,403.55,392.85,393.7,5405.0
2007-10-25,398.95,400.5,396.0,400.5,3609.0
2007-10-26,401.45,403.8,399.9,403.45,2968.0
2007-10-29,407.6,411.5,406.0,410.6,2798.0
2007-10-30,410.25,411.75,407.5,408.2,2695.0
2007-10-31,408.7,410.8,407.0,409.0,3276.0
2007-11-01,410.35,411.3,402.1,405.2,4632.0
2007-11-02,397.0,397.65,383.2,385.2,4806.0
2007-11-05,386.25,391.7,379.65,389.2,4605.0
2007-11-06,390.2,392.8,387.55,390.4,3038.0
2007-11-07,393.9,394.55,386.3,386.75,3116.0
2007-11-08,375.0,377.35,366.05,371.7,3707.0
2007-11-09,374.7,374.7,366.15,371.2,3627.0
2007-11-12,361.5,363.0,352.25,356.0,4555.0
2007-11-13,356.5,360.4,351.05,360.1,4040.0
2007-11-14,371.0,372.0,367.0,368.4,2956.0
2007-11-15,368.5,368.5,365.0,365.25,2230.0
2007-11-16,357.15,362.5,356.0,360.75,3413.0
2007-11-19,362.6,365.8,358.05,358.4,3925.0
2007-11-20,350.3,365.25,349.45,364.85,4022.0
2007-11-21,362.85,363.85,351.0,351.35,2306.0
2007-11-22,352.5,358.4,345.1,354.2,4658.0
2007-11-23,355.35,355.95,347.1,347.85,2931.0
2007-11-26,354.6,357.55,351.0,356.55,2713.0
2007-11-27,347.1,354.7,341.5,350.0,4237.0
2007-11-28,353.0,353.05,342.7,342.7,2993.0
2007-11-29,350.55,353.4,348.0,350.2,2895.0
2007-11-30,353.7,358.25,353.7,358.0,2357.0
2007-12-03,357.1,358.25,354.0,355.4,2115.0
2007-12-04,354.0,359.4,353.0,357.85,2233.0
2007-12-05,357.6,364.9,356.5,364.6,3480.0
2007-12-06,368.4,369.4,361.65,363.6,2914.0
2007-12-07,365.85,367.6,361.25,361.5,2650.0
2007-12-10,360.4,361.0,353.75,354.3,2718.0
2007-12-11,358.0,358.0,352.75,355.75,2896.0
2007-12-12,349.0,351.4,346.0,348.65,3710.0
2007-12-13,347.5,348.4,330.1,330.1,4332.0
2007-12-14,332.95,333.3,317.6,327.45,4973.0
2007-12-17,323.6,328.8,312.6,313.85,4335.0
2007-12-18,309.6,324.8,301.5,318.0,4696.0
2007-12-19,318.95,330.5,318.95,329.0,2144.0
2007-12-20,328.9,329.95,318.2,323.0,4106.0
2007-12-21,323.4,331.0,321.8,328.3,4256.0
2007-12-24,333.7,336.15,332.55,336.0,1934.0
2007-12-25,338.0,338.0,335.0,336.9,1812.0
2007-12-26,335.3,338.4,331.4,337.3,2274.0
2007-12-27,336.5,346.25,335.35,344.0,2932.0
2007-12-28,341.3,350.0,340.0,346.1,4161.0
2007-12-31,346.15,351.5,345.9,351.0,1719.0
2008-01-02,350.4,351.4,339.45,340.8,3224.0
2008-01-03,338.35,338.35,329.2,331.5,5352.0
2008-01-04,329.8,333.75,325.75,330.25,4655.0
2008-01-07,312.0,316.0,306.9,306.9,7328.0
2008-01-08,306.0,307.8,300.6,305.4,6258.0
2008-01-09,295.0,313.15,292.0,313.0,9134.0
2008-01-10,312.9,318.2,311.6,312.2,5165.0
2008-01-11,314.8,316.65,309.5,309.7,4226.0
2008-01-14,314.0,318.2,306.7,309.85,7615.0
2008-01-15,313.0,326.6,312.0,315.3,11680.0
2008-01-16,299.2,311.55,298.0,300.0,5738.0
2008-01-17,300.0,307.0,295.3,304.0,11174.0
2008-01-18,299.0,311.15,295.0,310.3,10417.0
2008-01-21,306.85,307.8,302.8,304.6,5069.0
2008-01-22,288.6,288.6,283.4,283.4,3656.0
2008-01-23,288.8,289.8,274.65,275.0,7578.0
2008-01-24,285.6,289.6,276.55,283.5,8186.0
2008-01-25,289.35,297.6,289.0,297.0,6279.0
2008-01-28,292.8,293.7,280.3,282.5,5008.0
2008-01-29,289.1,291.0,284.0,288.4,5264.0
2008-01-30,287.95,293.25,286.6,289.0,5641.0
2008-01-31,287.1,293.0,284.6,290.0,6220.0
2008-02-01,295.0,296.0,290.45,294.5,5180.0
2008-02-12,289.1,290.0,281.25,282.7,3795.0
2008-02-13,285.55,286.35,279.65,280.0,3374.0
2008-02-14,289.85,299.0,288.6,298.0,5527.0
2008-02-15,291.1,299.95,291.0,299.5,5274.0
2008-02-18,301.15,304.3,299.5,302.45,5685.0
2008-02-19,303.0,307.45,301.65,307.0,8165.0
2008-02-20,304.0,306.4,298.25,301.6,3671.0
2008-02-21,302.0,308.8,302.0,307.95,6070.0
2008-02-22,304.2,307.65,302.8,306.8,5762.0
2008-02-25,311.2,315.3,311.2,312.5,4287.0
2008-02-26,315.1,316.8,313.0,316.0,5205.0
2008-02-27,320.85,323.6,317.05,321.55,4725.0
2008-02-29,318.0,323.7,316.8,318.35,4991.0
2008-03-03,308.2,311.7,305.7,310.65,4665.0
2008-03-04,310.65,319.5,308.4,319.45,5414.0
2008-03-05,321.0,321.45,313.85,318.5,5438.0
2008-03-06,319.7,332.1,319.45,332.0,6747.0
2008-03-07,325.1,330.3,324.5,325.95,7561.0
2008-03-10,327.0,328.6,315.0,316.1,5633.0
2008-03-11,312.0,318.2,309.4,316.4,5212.0
2008-03-12,326.0,328.85,321.25,322.55,5757.0
2008-03-13,319.0,321.0,311.0,313.2,5638.0
2008-03-14,318.4,318.4,307.85,308.85,4929.0
2008-03-17,296.55,303.5,291.2,300.8,7650.0
2008-03-18,300.65,304.6,298.7,304.0,7707.0
2008-03-19,310.0,313.5,304.8,307.55,2701.0
2008-03-20,301.85,311.55,300.3,310.0,5872.0
2008-03-21,315.0,321.45,312.0,320.0,6466.0
2008-03-24,332.0,337.95,323.45,324.4,8921.0
2008-03-25,330.1,330.8,324.9,326.6,6146.0
2008-03-26,327.65,328.7,321.05,321.55,5479.0
2008-03-27,319.6,320.4,313.25,316.7,6346.0
2008-03-28,316.2,320.75,314.4,318.1,4606.0
2008-03-31,316.5,318.8,313.6,316.9,4654.0
2008-04-01,318.95,322.65,313.75,314.0,5300.0
2008-04-02,323.45,327.8,321.15,326.0,6482.0
2008-04-03,326.85,330.2,325.4,327.65,4338.0
2008-04-07,328.5,332.8,328.1,331.1,3626.0
2008-04-08,329.6,330.95,328.0,328.25,3237.0
2008-04-09,329.0,331.5,324.0,327.95,5225.0
2008-04-10,326.2,333.7,326.2,333.25,4158.0
2008-04-11,334.95,337.0,333.2,336.6,4366.0
2008-04-14,332.6,333.55,328.3,330.75,4513.0
2008-04-15,329.95,334.95,329.95,333.3,7111.0
2008-04-16,337.3,339.4,333.65,339.0,3163.0
2008-04-17,344.0,344.4,339.05,340.3,7368.0
2008-04-18,341.1,341.8,335.55,338.4,4667.0
2008-04-21,342.0,343.45,341.0,343.3,4926.0
2008-04-22,343.95,343.95,338.7,341.5,4602.0
2008-04-23,344.4,344.65,336.6,338.75,6153.0
2008-04-24,339.0,340.4,336.9,337.1,4138.0
2008-04-25,339.8,341.35,337.0,339.5,4496.0
2008-04-28,340.5,343.0,338.5,342.1,4150.0
2008-04-29,341.15,343.7,336.0,337.5,4579.0
2008-04-30,337.5,341.3,337.2,338.6,3521.0
2008-05-02,343.1,343.65,338.5,340.8,4053.0
2008-05-05,340.8,341.5,334.45,336.0,4254.0
2008-05-06,337.0,340.5,335.85,339.8,3995.0
2008-05-07,341.5,344.85,341.05,341.5,5131.0
2008-05-08,339.3,339.3,335.15,338.6,3759.0
2008-05-09,337.2,338.3,333.15,333.3,3372.0
2008-05-12,333.8,338.3,333.2,338.05,3095.0
2008-05-13,338.0,344.2,337.15,343.6,4666.0
2008-05-14,344.2,347.4,343.4,345.95,4425.0
2008-05-15,347.4,350.2,346.7,349.0,4773.0
2008-05-16,350.3,354.3,349.7,352.5,4224.0
2008-05-19,353.4,354.0,350.5,353.95,3838.0
2008-05-20,352.9,354.95,344.55,345.35,8075.0
2008-05-21,343.0,345.2,341.2,342.3,3775.0
2008-05-22,339.0,342.5,337.25,342.5,3960.0
2008-05-23,342.0,342.55,330.6,330.6,4816.0
2008-05-26,328.6,330.3,326.0,327.0,3977.0
2008-05-27,327.3,330.9,327.0,330.75,2144.0
2008-05-28,331.5,332.2,325.25,326.4,4446.0
2008-05-29,329.0,331.1,326.7,329.0,3062.0
2008-05-30,330.55,331.35,322.75,328.3,5278.0
2008-06-02,327.0,330.95,326.65,329.9,2830.0
2008-06-03,328.0,328.8,323.0,323.5,4485.0
2008-06-04,323.5,327.95,323.25,327.25,2578.0
2008-06-05,327.1,334.45,324.0,333.0,5031.0
2008-06-06,336.8,336.9,332.4,334.35,2920.0
2008-06-09,325.8,325.8,322.6,324.4,3566.0
2008-06-10,325.0,325.0,316.05,317.5,4293.0
2008-06-11,318.1,319.8,315.1,317.35,2639.0
2008-06-12,312.0,312.9,305.0,306.6,4043.0
2008-06-13,306.6,310.0,305.5,305.9,4044.0
2008-06-16,310.2,312.3,307.2,309.55,4065.0
2008-06-17,308.6,310.2,304.2,308.9,6368.0
2008-06-18,308.9,312.7,307.85,310.6,3457.0
2008-06-19,303.2,303.2,298.5,299.2,3269.0
2008-06-20,301.2,303.7,295.2,297.1,4687.0
2008-06-23,291.0,298.45,291.0,296.6,3734.0
2008-06-24,294.55,300.5,292.8,294.15,3369.0
2008-06-25,292.85,297.95,290.85,297.4,5154.0
2008-06-26,297.95,299.45,294.1,294.15,2895.0
2008-06-27,282.2,286.7,281.35,284.2,4080.0
2008-06-30,286.0,287.05,283.55,284.85,3535.0
2008-07-01,285.0,287.2,280.4,280.85,4013.0
2008-07-02,282.7,285.5,280.0,280.1,4309.0
2008-07-03,275.8,286.0,272.3,283.65,5310.0
2008-07-04,283.9,284.3,275.6,275.6,3577.0
2008-07-07,276.0,280.9,274.7,280.15,2831.0
2008-07-08,278.55,278.55,266.8,270.3,4595.0
2008-07-09,274.35,277.95,268.9,271.0,4262.0
2008-07-10,268.5,273.0,265.45,268.55,4792.0
2008-07-11,269.8,277.85,267.9,275.8,3948.0
2008-07-14,278.1,279.0,273.4,275.5,4925.0
2008-07-15,272.4,272.9,261.45,264.2,5684.0
2008-07-16,267.0,268.0,258.7,259.0,3282.0
2008-07-17,260.3,267.2,259.3,265.75,4004.0
2008-07-18,266.0,269.2,259.7,263.4,4429.0
2008-07-21,267.8,275.95,267.8,275.1,3744.0
2008-07-22,271.7,274.2,269.05,272.35,3766.0
2008-07-23,275.0,280.4,273.3,276.0,4912.0
2008-07-24,279.0,282.75,279.0,282.45,3945.0
2008-07-25,277.7,277.9,273.95,277.2,2856.0
2008-07-29,272.6,272.7,266.1,269.0,3173.0
2008-07-30,278.0,278.5,271.25,273.25,3484.0
2008-07-31,274.8,277.3,267.35,272.4,3943.0
2008-08-01,269.15,271.1,266.2,268.55,3129.0
2008-08-04,267.1,271.1,266.15,270.3,2321.0
2008-08-05,272.0,272.55,266.3,266.95,4262.0
2008-08-06,274.45,279.4,273.0,278.6,4457.0
2008-08-07,278.6,281.75,277.7,279.9,3755.0
2008-08-08,278.8,291.9,278.1,289.2,5612.0
2008-08-11,292.1,297.15,292.1,295.1,3856.0
2008-08-12,295.25,299.25,294.4,296.3,4535.0
2008-08-13,296.1,299.25,293.2,298.0,5241.0
2008-08-14,298.05,299.45,293.8,299.4,4590.0
2008-08-15,299.95,300.35,290.65,293.4,4678.0
2008-08-18,293.25,295.45,285.45,286.0,5025.0
2008-08-19,280.0,286.55,278.4,284.0,8036.0
2008-08-20,282.25,287.8,281.2,287.55,4292.0
2008-08-21,284.0,284.35,280.75,281.0,3609.0
2008-08-22,280.0,283.4,275.3,279.5,4659.0
2008-08-25,283.7,285.7,280.55,283.5,2820.0
2008-08-26,279.9,285.0,279.3,284.45,2985.0
2008-08-27,283.5,292.35,282.5,291.1,3777.0
2008-08-28,291.05,293.0,288.0,288.8,3536.0
2008-08-29,291.0,291.8,286.15,287.4,4108.0
2008-09-01,284.3,285.1,270.3,271.0,5469.0
2008-09-02,272.15,273.55,266.7,268.35,3941.0
2008-09-03,268.55,270.75,264.5,265.8,4894.0
2008-09-04,263.0,268.3,257.45,258.2,5532.0
2008-09-05,248.0,257.45,247.15,254.15,4612.0
2008-09-08,265.3,272.1,263.75,272.1,3125.0
2008-09-09,267.1,268.5,259.5,261.55,3842.0
2008-09-10,257.7,264.0,256.5,260.7,5113.0
2008-09-11,260.0,260.0,250.65,251.2,5388.0
2008-09-12,255.5,256.35,246.55,252.7,4103.0
2008-09-15,248.7,249.8,234.95,240.4,4836.0
2008-09-16,235.8,238.85,230.25,230.3,7363.0
2008-09-17,238.0,244.4,235.6,236.5,5501.0
2008-09-18,225.0,229.35,221.0,227.65,7087.0
2008-09-19,243.2,243.35,239.15,243.35,2443.0
2008-09-22,249.0,252.0,244.25,248.8,4808.0
2008-09-23,247.1,253.2,245.75,252.5,4128.0
2008-09-24,251.4,255.8,249.2,253.55,4128.0
2008-09-25,249.0,254.5,247.2,249.55,3876.0
2008-09-26,249.4,249.4,239.3,242.2,5140.0
2008-09-30,224.95,233.4,224.95,227.9,3322.0
2008-10-01,232.0,235.75,230.0,233.8,3718.0
2008-10-02,236.0,236.0,225.9,229.3,4848.0
2008-10-03,228.2,233.75,223.25,232.2,5236.0
2008-10-06,227.5,227.5,221.35,221.35,3858.0
2008-10-07,214.55,226.7,214.1,224.6,4875.0
2008-10-08,215.8,222.0,209.8,211.9,5534.0
2008-10-09,215.0,218.2,207.45,208.3,4960.0
2008-10-13,205.15,207.4,202.1,205.3,5225.0
2008-10-14,219.6,219.6,216.85,219.6,4268.0
2008-10-15,215.6,217.0,212.65,215.5,3659.0
2008-10-16,204.0,204.0,204.0,204.0,128.0
2008-10-17,203.6,204.45,196.9,196.9,3700.0
2008-10-20,197.1,199.1,190.05,199.1,3969.0
2008-10-21,201.05,202.5,193.5,196.65,5005.0
2008-10-22,194.7,198.2,189.85,189.95,3973.0
2008-10-23,183.25,183.8,183.25,183.25,604.0
2008-10-24,178.8,179.6,176.85,176.85,729.0
2008-10-27,167.6,170.35,164.5,164.5,3657.0
2008-10-28,162.5,176.0,155.25,176.0,6364.0
2008-10-29,188.3,188.3,171.0,174.5,6175.0
2008-10-30,177.9,186.25,177.3,186.25,2089.0
2008-10-31,187.7,198.9,183.2,192.5,6467.0
2008-11-03,196.35,197.7,190.3,197.2,5292.0
2008-11-04,191.55,198.0,191.45,197.05,5188.0
2008-11-05,200.2,202.0,190.35,191.15,6219.0
2008-11-06,181.0,181.75,178.0,178.0,2126.0
2008-11-07,168.0,179.6,165.55,177.8,7963.0
2008-11-10,178.0,179.0,171.1,174.3,4314.0
2008-11-11,168.4,176.8,167.3,169.5,6156.0
2008-11-12,169.8,176.7,169.05,173.3,5824.0
2008-11-13,162.0,165.5,161.15,162.45,3088.0
2008-11-14,171.5,171.95,164.2,166.0,4291.0
2008-11-17,163.8,165.5,161.0,162.5,4689.0
2008-11-18,161.0,161.8,153.6,154.5,7712.0
2008-11-19,154.05,157.75,151.7,156.85,3993.0
2008-11-20,142.1,147.5,141.1,142.6,5320.0
2008-11-21,142.4,152.35,140.4,152.35,6212.0
2008-11-24,153.0,156.4,149.35,151.0,7477.0
2008-11-25,158.0,161.35,155.3,158.3,5652.0
2008-11-26,159.0,159.5,156.15,156.6,4537.0
2008-11-27,162.0,167.4,160.65,164.9,6196.0
2008-11-28,163.2,168.65,163.2,168.3,4109.0
2008-12-01,165.7,172.8,164.1,168.55,5586.0
2008-12-02,157.1,159.45,156.7,156.7,3407.0
2008-12-03,158.0,158.2,150.7,151.2,6695.0
2008-12-04,152.5,157.2,149.75,151.75,7173.0
2008-12-05,153.0,155.4,151.0,154.2,5260.0
2008-12-08,158.0,164.85,157.0,164.85,4515.0
2008-12-09,165.5,169.5,164.4,165.65,5884.0
2008-12-10,169.65,177.35,167.65,177.35,7264.0
2008-12-11,177.0,179.95,175.35,178.1,7185.0
2008-12-12,174.1,176.1,165.55,165.85,6795.0
2008-12-15,177.4,177.55,173.75,175.8,4792.0
2008-12-16,172.9,175.8,171.3,175.3,5110.0
2008-12-17,181.55,182.3,175.95,178.25,2793.0
2008-12-18,180.0,180.0,173.75,178.0,4683.0
2008-12-19,176.0,180.25,175.25,178.5,5121.0
2008-12-22,179.5,181.2,171.7,173.2,5287.0
2008-12-23,172.0,172.25,162.15,164.95,5092.0
2008-12-24,163.0,167.0,161.0,165.0,4826.0
2008-12-25,165.1,166.25,163.0,166.2,2622.0
2008-12-26,165.3,168.25,163.65,165.5,2925.0
2008-12-29,164.85,166.0,162.6,165.9,2207.0
2008-12-30,166.85,175.1,166.85,173.2,3056.0
2008-12-31,175.05,175.9,170.95,173.25,3135.0
2009-01-05,180.95,185.2,178.3,180.5,4759.0
2009-01-06,181.8,183.15,177.8,180.95,5071.0
2009-01-07,183.1,185.6,181.55,182.55,4616.0
2009-01-08,178.0,178.3,169.9,170.1,5132.0
2009-01-09,171.25,172.4,168.05,168.2,4527.0
2009-01-10,164.8,169.0,164.1,166.45,3206.0
2009-01-12,166.55,170.45,165.6,169.2,3649.0
2009-01-13,167.2,175.7,166.25,175.7,5586.0
2009-01-14,174.0,175.95,172.65,174.0,4148.0
2009-01-15,164.0,166.9,162.1,164.7,4363.0
2009-01-16,167.3,170.0,166.35,169.75,3407.0
2009-01-17,170.5,171.6,167.7,168.75,2702.0
2009-01-19,171.2,171.3,168.6,170.35,2784.0
2009-01-20,165.9,166.2,163.8,166.05,3623.0
2009-01-21,163.25,166.25,160.8,165.95,1926.0
2009-02-02,162.55,167.25,161.75,165.0,3666.0
2009-02-03,165.8,171.5,165.8,169.5,3487.0
2009-02-04,172.1,174.35,170.3,172.85,3495.0
2009-02-05,170.3,173.3,168.1,168.35,3768.0
2009-02-06,173.2,179.0,172.5,176.7,4513.0
2009-02-09,179.95,180.65,178.15,179.5,3809.0
2009-02-10,179.9,180.95,177.2,180.8,3159.0
2009-02-11,176.0,184.8,175.3,183.8,5375.0
2009-02-12,182.05,183.6,176.35,178.6,5499.0
2009-02-13,179.3,185.5,178.95,184.1,4450.0
2009-02-16,184.1,186.25,183.55,185.65,3794.0
2009-02-17,184.3,184.7,179.15,180.2,5851.0
2009-02-18,179.8,182.15,178.0,181.9,2522.0
2009-02-19,178.2,184.5,175.1,182.5,5953.0
2009-02-20,179.6,181.0,176.3,177.6,4998.0
2009-02-23,176.85,181.8,175.4,181.55,5540.0
2009-02-24,177.8,179.9,176.1,179.2,3689.0
2009-02-25,181.9,184.75,179.45,181.85,5738.0
2009-02-26,183.2,185.15,181.4,182.85,4906.0
2009-02-27,182.4,186.0,181.4,185.25,4101.0
2009-03-02,182.9,184.45,177.6,179.85,6444.0
2009-03-03,178.0,183.15,175.0,182.75,7710.0
2009-03-04,181.55,190.3,181.45,190.2,7059.0
2009-03-05,190.2,196.0,190.05,192.8,7379.0
2009-03-06,190.95,197.4,190.7,196.9,7108.0
2009-03-09,197.5,198.95,190.9,194.9,6604.0
2009-03-10,193.2,196.0,191.3,195.15,6703.0
2009-03-11,199.7,200.35,196.1,196.8,6159.0
2009-03-12,197.2,198.9,196.2,197.2,4862.0
2009-03-13,200.6,206.5,200.5,203.8,7145.0
2009-03-16,204.75,206.0,203.55,205.15,4037.0
2009-03-17,203.55,207.8,203.0,207.55,6683.0
2009-03-18,209.95,209.95,206.55,209.2,3702.0
2009-03-19,207.0,209.3,204.3,204.5,7283.0
2009-03-20,204.7,207.4,200.6,201.65,7892.0
2009-03-23,204.65,209.6,203.5,209.4,6708.0
2009-03-24,212.95,214.8,211.4,214.5,6954.0
2009-03-25,213.55,221.6,213.4,220.8,7600.0
2009-03-26,220.0,224.8,219.7,221.8,6721.0
2009-03-27,223.8,224.5,219.85,220.05,5937.0
2009-03-30,219.2,220.0,213.1,214.25,6195.0
2009-03-31,218.3,218.5,213.2,213.9,6147.0
2009-04-01,215.0,220.0,214.95,217.4,7315.0
2009-04-02,221.6,223.25,219.5,223.25,6614.0
2009-04-03,226.55,226.8,220.3,221.5,6258.0
2009-04-06,223.55,226.4,219.75,221.05,7073.0
2009-04-07,220.7,224.25,218.7,224.25,6910.0
2009-04-08,220.8,222.5,217.2,219.35,7572.0
2009-04-09,222.0,229.75,221.8,229.4,7726.0
2009-04-10,231.05,232.6,227.8,232.45,6479.0
2009-04-13,230.65,233.6,230.15,232.9,5623.0
2009-04-14,231.8,236.8,230.75,234.85,6600.0
2009-04-15,233.5,236.5,231.2,234.45,3839.0
2009-04-16,238.0,240.2,236.8,238.5,6092.0
2009-04-17,242.0,242.5,227.05,231.0,7411.0
2009-04-20,231.2,233.5,227.9,233.0,5190.0
2009-04-21,228.9,236.85,228.8,236.55,6567.0
2009-04-22,235.0,239.1,235.0,235.8,5156.0
2009-04-23,237.55,240.55,234.3,239.35,6082.0
2009-04-24,240.55,242.35,235.35,239.2,6534.0
2009-04-27,239.45,241.1,230.7,231.85,6021.0
2009-04-28,234.5,234.9,228.15,228.3,5647.0
2009-04-29,230.3,231.55,228.4,229.1,4237.0
2009-04-30,245.2,245.2,244.25,245.2,1636.0
2009-05-04,257.0,262.35,253.8,262.35,3627.0
2009-05-05,268.0,270.8,255.0,260.35,8937.0
2009-05-06,258.3,263.7,256.6,262.4,5049.0
2009-05-07,265.85,265.85,256.65,263.0,5297.0
2009-05-08,260.0,264.1,258.15,262.9,4340.0
2009-05-11,262.15,266.75,260.0,262.95,5409.0
2009-05-12,261.1,262.95,254.9,256.0,5400.0
2009-05-13,257.6,258.55,254.5,257.9,5091.0
2009-05-14,254.2,256.95,251.35,252.0,4389.0
2009-05-15,253.9,259.05,253.55,258.1,4281.0
2009-05-18,256.0,260.65,255.0,260.15,4333.0
2009-05-19,268.7,268.8,262.9,265.4,5731.0
2009-05-20,265.35,267.8,261.9,265.9,3299.0
2009-05-21,263.9,266.65,262.9,265.3,3615.0
2009-05-22,262.3,267.35,262.3,265.4,3615.0
2009-05-25,267.1,270.6,262.45,265.0,4856.0
2009-05-26,264.0,265.45,259.6,259.8,4124.0
2009-05-27,263.95,276.8,262.5,273.9,5434.0
2009-06-01,275.55,277.35,270.95,273.2,3402.0
2009-06-02,277.75,277.95,270.2,273.1,3962.0
2009-06-03,272.6,274.75,270.8,273.2,3680.0
2009-06-04,271.15,272.45,265.2,269.3,5628.0
2009-06-05,270.45,271.0,267.15,269.9,2990.0
2009-06-06,269.4,271.2,268.3,270.3,1262.0
2009-06-08,270.05,272.4,262.4,264.0,4910.0
2009-06-09,266.0,266.0,254.5,255.8,4332.0
2009-06-10,259.3,260.1,256.5,258.8,3016.0
2009-06-11,260.0,260.95,253.3,260.35,4226.0
2009-06-12,260.35,260.9,255.0,256.15,3031.0
2009-06-15,253.1,254.95,244.4,245.75,5200.0
2009-06-16,244.0,248.15,243.0,244.95,5012.0
2009-06-17,244.2,247.1,242.85,243.55,2194.0
2009-06-18,240.0,243.4,235.05,238.3,4493.0
2009-06-19,238.45,240.85,236.6,239.35,3327.0
2009-06-22,240.85,246.9,238.8,244.45,3765.0
2009-06-23,238.8,242.8,238.15,239.7,3308.0
2009-06-24,241.0,256.45,240.7,247.05,6414.0
2009-06-25,247.8,251.7,246.8,249.6,3399.0
2009-06-26,250.95,252.05,249.0,249.75,2848.0
2009-06-29,252.0,252.0,245.55,246.95,3102.0
2009-06-30,250.1,251.85,247.95,251.0,3322.0
2009-07-01,252.4,257.15,249.55,255.65,4913.0
2009-07-02,256.9,261.2,256.0,258.2,3593.0
2009-07-03,257.55,260.0,255.1,259.4,3660.0
2009-07-06,260.95,261.0,256.0,258.2,3112.0
2009-07-07,258.2,264.15,257.8,263.5,3941.0
2009-07-08,260.5,262.45,258.8,262.45,3692.0
2009-07-09,262.55,267.6,261.9,266.0,4238.0
2009-07-10,267.7,268.9,264.8,268.5,3008.0
2009-07-13,268.45,270.05,259.05,261.3,6000.0
2009-07-14,264.0,267.4,263.0,266.25,5330.0
2009-07-15,270.2,273.4,268.3,272.4,2550.0
2009-07-16,270.9,272.5,268.6,270.7,3748.0
2009-07-17,271.7,274.7,270.35,272.3,3509.0
2009-07-20,274.55,276.8,272.2,275.35,3740.0
2009-07-21,276.6,276.75,271.25,275.7,4337.0
2009-07-22,275.3,277.95,274.25,276.5,3754.0
2009-07-23,277.0,279.5,274.0,276.15,4029.0
2009-07-24,278.2,279.4,276.2,276.85,2722.0
2009-07-27,278.5,282.0,277.5,280.55,2799.0
2009-07-28,280.7,286.85,280.05,286.85,3118.0
2009-07-29,287.05,288.45,283.5,284.2,3610.0
2009-07-30,283.0,284.2,277.0,281.5,3993.0
2009-07-31,284.15,287.0,282.05,286.1,4027.0
2009-08-03,285.85,285.85,278.3,281.25,3834.0
2009-08-04,284.15,284.5,271.65,274.2,5144.0
2009-08-05,274.0,277.8,270.5,271.0,4750.0
2009-08-06,272.45,273.6,268.65,272.45,4249.0
2009-08-10,274.0,275.6,270.4,273.65,2931.0
2009-08-11,274.1,278.35,272.6,278.25,3544.0
2009-08-12,276.5,279.45,276.0,277.3,3094.0
2009-08-13,279.1,284.25,277.8,283.8,3586.0
2009-08-14,284.55,287.25,283.1,284.2,2978.0
2009-08-17,282.3,283.45,276.6,278.3,4224.0
2009-08-18,276.5,278.25,270.85,274.9,4394.0
2009-08-19,275.4,276.2,273.85,274.85,2175.0
2009-08-20,271.9,274.45,266.8,273.2,4336.0
2009-08-21,273.25,275.75,267.0,268.8,4326.0
2009-08-24,273.1,278.05,273.1,276.0,3026.0
2009-08-25,275.85,278.05,274.5,275.05,2921.0
2009-08-26,275.55,276.65,269.7,273.25,4300.0
2009-08-27,272.0,274.8,269.7,271.35,3159.0
2009-08-28,273.0,277.75,271.55,276.95,4189.0
2009-08-31,278.1,279.8,274.85,277.15,3445.0
2009-09-01,276.95,290.2,276.25,289.8,5161.0
2009-09-02,287.65,290.5,286.45,289.35,4243.0
2009-09-03,289.9,293.2,288.0,291.0,4540.0
2009-09-04,291.5,295.0,290.2,295.0,4431.0
2009-09-07,296.65,297.65,294.0,297.45,3340.0
2009-09-08,298.0,303.85,294.95,300.0,5197.0
2009-09-09,300.65,301.0,295.85,296.15,3987.0
2009-09-10,298.5,316.0,296.0,298.1,5488.0
2009-09-11,296.1,297.3,295.05,296.7,2874.0
2009-09-14,295.0,296.0,291.0,293.5,4421.0
2009-09-15,295.25,299.45,294.1,298.25,4427.0
2009-09-16,300.0,302.6,298.75,302.1,1842.0
2009-09-17,303.85,303.9,300.25,301.2,3613.0
2009-09-18,300.5,303.35,299.1,302.3,2733.0
2009-09-21,302.55,305.4,299.65,302.8,3597.0
2009-09-22,303.3,304.75,301.05,302.15,2328.0
2009-09-23,301.1,305.5,298.0,299.0,4586.0
2009-09-24,299.2,300.35,295.0,297.4,3458.0
2009-09-25,294.75,298.35,294.55,298.2,3109.0
2009-09-28,296.0,297.55,292.35,294.6,2866.0
2009-09-29,297.5,301.95,297.25,301.05,3167.0
2009-09-30,302.3,306.35,301.85,305.15,3714.0
2009-10-01,306.0,308.5,301.3,305.7,4123.0
2009-10-02,300.2,301.35,297.4,298.5,4114.0
2009-10-05,298.7,299.3,296.35,299.2,3325.0
2009-10-06,301.0,305.5,299.75,304.4,4637.0
2009-10-07,306.7,307.35,303.1,304.5,4190.0
2009-10-08,305.0,306.0,297.3,298.4,5569.0
2009-10-09,299.3,300.9,295.9,300.7,5390.0
2009-10-12,302.0,302.8,298.6,301.95,4183.0
2009-10-13,299.0,304.0,281.0,302.95,6879.0
2009-10-14,305.1,309.6,304.5,309.4,4947.0
2009-10-15,312.4,312.6,308.85,309.85,4567.0
2009-10-16,310.0,310.3,307.65,308.6,3114.0
2009-10-19,306.85,311.75,306.2,311.25,4045.0
2009-10-20,314.1,314.1,311.5,312.6,4054.0
2009-10-21,312.7,312.9,308.3,310.5,3374.0
2009-10-22,306.75,308.4,302.45,305.2,4127.0
2009-10-23,306.0,307.45,305.0,305.2,2782.0
2009-10-26,305.55,311.65,305.55,306.35,3312.0
2009-10-27,304.85,307.5,303.6,307.2,4468.0
2009-10-28,305.0,307.1,301.15,301.15,4091.0
2009-10-29,296.0,297.65,290.2,294.9,5067.0
2009-10-30,296.5,299.5,295.0,295.0,3672.0
2009-11-02,289.85,295.8,289.35,294.7,3418.0
2009-11-03,293.8,296.0,293.8,294.1,2579.0
2009-11-04,294.8,299.8,294.8,299.3,3488.0
2009-11-05,299.0,301.15,297.5,298.85,3542.0
2009-11-06,302.0,303.6,299.9,300.9,3041.0
2009-11-09,302.05,304.3,301.0,302.0,3255.0
2009-11-10,305.7,306.0,303.85,304.45,2626.0
2009-11-11,306.0,309.35,303.75,308.6,4230.0
2009-11-12,309.2,310.35,307.9,308.8,2509.0
2009-11-13,308.45,310.9,307.5,309.25,3534.0
2009-11-16,311.5,315.5,310.4,315.5,3751.0
2009-11-17,322.5,322.95,313.25,313.4,5084.0
2009-11-18,314.85,316.0,313.3,315.25,1940.0
2009-11-19,313.85,316.65,312.55,313.4,3448.0
2009-11-20,312.2,313.65,308.85,312.75,4639.0
2009-11-23,310.2,314.25,310.2,314.2,2024.0
2009-11-24,314.95,315.1,312.5,313.0,2646.0
2009-11-25,313.3,317.0,313.1,315.85,3720.0
2009-11-26,315.8,318.4,315.1,316.0,3042.0
2009-11-27,312.65,312.65,304.65,304.85,4286.0
2009-11-30,309.65,311.3,308.65,310.25,2087.0
2009-12-01,310.5,313.6,308.0,312.1,3242.0
2009-12-02,314.5,315.75,313.25,314.75,2793.0
2009-12-03,316.6,317.0,312.05,314.65,2854.0
2009-12-04,314.75,315.55,310.75,310.8,2717.0
2009-12-07,312.0,318.7,311.35,317.8,3462.0
2009-12-08,317.45,319.35,316.2,318.55,2847.0
2009-12-09,316.95,320.6,316.6,320.45,2630.0
2009-12-10,320.5,321.6,312.85,315.3,5128.0
2009-12-11,315.75,320.85,315.2,320.7,2880.0
2009-12-14,320.3,323.0,317.95,321.95,3602.0
2009-12-15,321.8,322.0,319.8,320.85,2965.0
2009-12-16,320.9,321.35,317.25,319.5,2419.0
2009-12-17,318.5,322.05,316.25,318.0,3266.0
2009-12-18,316.65,318.4,315.15,317.85,2356.0
2009-12-21,318.6,322.6,318.5,320.6,2329.0
2009-12-22,322.0,323.75,321.3,323.6,2575.0
2009-12-23,325.0,327.2,323.55,327.15,2781.0
2009-12-24,327.95,332.05,327.3,330.8,3560.0
2009-12-25,331.5,333.0,330.4,333.0,1715.0
2009-12-28,333.5,335.45,332.1,334.75,3063.0
2009-12-29,334.45,335.5,332.8,335.5,2683.0
2009-12-30,335.3,337.8,334.4,337.1,2142.0
2009-12-31,337.85,342.0,337.4,342.0,2320.0
2010-01-04,341.5,342.1,337.35,340.15,2425.0
2010-01-05,341.55,342.45,336.75,338.45,3969.0
2010-01-06,339.4,343.9,338.5,343.1,5086.0
2010-01-07,342.9,343.45,338.35,339.35,4235.0
2010-01-08,339.35,340.7,335.0,339.2,5518.0
2010-01-11,340.0,341.95,338.25,341.35,3408.0
2010-01-12,340.3,342.4,339.0,342.05,4752.0
2010-01-13,338.5,340.15,337.2,338.0,4529.0
2010-01-14,339.95,344.55,339.1,344.1,4194.0
2010-01-15,345.1,348.2,344.15,348.0,4234.0
2010-01-18,346.1,348.1,345.2,346.75,2863.0
2010-01-19,347.0,347.6,340.85,342.15,6271.0
2010-01-20,343.9,344.65,339.4,341.2,3310.0
2010-01-21,339.8,340.65,335.45,336.45,4800.0
2010-01-22,332.8,332.85,325.0,325.55,4525.0
2010-01-25,320.3,327.95,320.3,325.65,3979.0
2010-01-26,325.3,327.5,311.65,313.95,6487.0
2010-01-27,313.75,316.5,310.3,311.6,4318.0
2010-01-28,313.05,322.05,312.8,320.4,5256.0
2010-01-29,314.8,316.4,308.15,313.7,6546.0
2010-02-01,311.15,315.0,307.15,309.3,4904.0
2010-02-02,311.8,314.35,304.65,305.55,5530.0
2010-02-03,309.05,313.6,307.8,313.0,4795.0
2010-02-04,311.75,314.05,311.1,312.8,3618.0
2010-02-05,304.0,304.65,296.5,300.0,5189.0
2010-02-06,301.8,303.0,294.5,298.95,3859.0
2010-02-08,299.35,301.2,296.95,297.85,2888.0
2010-02-09,298.75,305.9,298.0,304.0,4326.0
2010-02-10,304.85,311.0,304.85,307.6,4311.0
2010-02-22,315.0,322.2,312.35,312.55,2294.0
2010-02-23,310.0,311.05,307.05,309.95,3003.0
2010-02-24,307.1,309.7,306.3,306.85,2577.0
2010-02-25,307.2,308.8,300.05,302.4,4449.0
2010-02-26,302.1,304.6,299.35,301.7,2975.0
2010-03-01,301.8,310.7,301.5,309.5,3896.0
2010-03-02,310.6,313.5,310.0,311.3,3357.0
2010-03-03,311.0,312.4,308.6,310.3,3364.0
2010-03-04,310.5,311.5,304.5,307.65,4573.0
2010-03-05,310.0,313.65,308.65,312.75,3998.0
2010-03-08,315.15,318.5,314.7,318.2,3067.0
2010-03-09,318.8,319.8,317.5,319.65,2458.0
2010-03-10,320.6,320.85,317.1,318.9,3017.0
2010-03-11,321.9,321.9,318.6,319.5,3056.0
2010-03-12,320.2,321.0,317.45,319.2,2328.0
2010-03-15,319.0,319.45,314.3,314.6,4820.0
2010-03-16,313.85,317.0,313.85,316.8,3948.0
2010-03-17,318.1,322.45,318.1,322.35,2287.0
2010-03-18,322.0,325.6,321.0,322.7,3916.0
2010-03-19,322.1,324.0,322.1,323.3,2300.0
2010-03-22,321.55,322.0,318.1,320.5,2870.0
2010-03-23,323.0,323.6,319.1,321.0,3421.0
2010-03-24,323.95,324.3,321.0,321.0,2711.0
2010-03-25,320.85,324.0,317.6,321.65,4305.0
2010-03-26,320.9,326.8,318.7,325.9,4015.0
2010-03-29,326.3,328.6,326.1,327.65,2787.0
2010-03-30,329.45,329.45,326.7,327.35,2051.0
2010-03-31,327.8,328.6,325.45,325.8,2685.0
2010-04-01,327.5,331.45,327.0,329.85,2900.0
2010-04-02,330.0,331.1,329.7,331.05,1298.0
2010-04-06,333.0,336.0,332.05,333.85,2885.0
2010-04-07,335.1,335.75,333.75,334.45,2141.0
2010-04-08,334.05,335.5,329.2,330.55,4696.0
2010-04-09,330.15,331.5,328.8,330.8,3033.0
2010-04-12,333.2,334.0,330.6,331.65,2253.0
2010-04-13,330.25,331.6,327.2,327.35,3582.0
2010-04-14,329.85,331.3,328.65,330.9,2736.0
2010-04-15,333.0,335.5,332.15,332.45,3297.0
2010-04-16,331.5,332.4,328.45,329.95,3694.0
2010-04-19,326.75,327.7,320.05,320.1,5641.0
2010-04-20,321.75,324.5,321.15,323.55,4881.0
2010-04-21,326.55,329.4,326.0,329.1,3099.0
2010-04-22,325.8,329.5,324.8,328.45,4092.0
2010-04-23,329.9,331.15,329.1,330.5,3706.0
2010-04-26,335.0,338.15,334.55,337.2,3047.0
2010-04-27,337.0,337.9,335.7,336.5,2449.0
2010-04-28,328.9,334.0,328.2,333.45,3976.0
2010-04-29,333.8,334.55,331.55,332.7,2935.0
2010-04-30,335.15,336.3,328.0,328.6,5131.0
2010-05-03,326.9,329.5,324.0,326.25,4194.0
2010-05-04,327.8,328.45,323.35,325.2,4323.0
2010-05-05,315.6,319.3,314.7,314.9,5808.0
2010-05-06,314.2,315.65,308.3,310.9,4877.0
2010-05-07,302.2,310.7,301.5,308.9,6428.0
2010-05-10,309.75,314.7,309.75,314.7,4675.0
2010-05-11,315.6,317.3,311.3,312.2,4633.0
2010-05-12,313.1,315.5,310.3,311.85,4019.0
2010-05-13,316.0,319.45,314.7,318.3,3336.0
2010-05-14,315.8,318.7,315.75,318.4,2345.0
2010-05-17,312.0,314.8,309.55,311.35,5964.0
2010-05-18,311.95,312.7,309.15,310.9,4565.0
2010-05-19,307.0,309.0,303.6,308.5,3378.0
2010-05-20,305.95,306.35,300.4,300.4,4615.0
2010-05-21,291.0,296.25,290.4,294.8,4926.0
2010-05-24,295.15,300.2,295.15,298.35,3662.0
2010-05-25,295.2,295.2,287.15,289.5,5142.0
2010-05-26,292.95,294.6,289.75,293.5,3741.0
2010-05-27,293.0,297.7,291.0,296.35,3907.0
2010-05-28,299.8,302.55,297.65,299.65,4460.0
2010-05-31,299.15,301.7,298.05,301.45,2837.0
2010-06-01,299.9,302.2,297.8,299.35,4194.0
2010-06-02,296.9,300.65,293.2,294.4,4365.0
2010-06-03,298.9,303.0,298.9,303.0,3518.0
2010-06-04,302.9,303.7,301.75,302.8,1888.0
2010-06-07,295.2,295.2,289.9,292.65,3812.0
2010-06-08,293.0,293.35,290.6,291.9,2988.0
2010-06-09,291.0,292.95,286.65,288.85,3798.0
2010-06-10,289.5,294.0,288.35,293.75,2457.0
2010-06-11,299.15,300.0,297.1,299.0,2378.0
2010-06-14,302.8,302.8,299.8,302.05,2523.0
2010-06-15,301.8,306.1,301.1,303.9,3029.0
2010-06-17,307.0,307.85,305.05,306.5,2072.0
2010-06-18,300.3,301.1,298.15,300.3,2752.0
2010-06-21,304.0,306.4,301.7,306.2,3025.0
2010-06-22,304.0,305.0,303.45,304.1,1722.0
2010-06-23,301.65,303.4,300.5,301.95,2761.0
2010-06-24,302.2,302.7,300.35,301.5,1880.0
2010-06-25,297.85,298.95,295.1,296.1,2902.0
2010-06-28,296.0,297.05,295.5,296.6,2029.0
2010-06-29,297.7,301.0,293.1,293.3,4635.0
2010-06-30,288.2,289.15,286.7,288.5,2877.0
2010-07-01,287.0,288.0,284.1,285.55,3613.0
2010-07-02,286.9,288.7,285.5,287.1,3714.0
2010-07-05,287.65,294.8,287.35,294.45,3848.0
2010-07-06,291.8,299.5,290.95,299.4,3997.0
2010-07-07,299.05,299.7,297.55,299.3,2137.0
2010-07-08,304.4,305.55,302.8,304.7,3126.0
2010-07-09,305.0,306.85,303.8,306.55,2480.0
2010-07-12,308.35,310.2,305.15,305.25,3297.0
2010-07-13,307.5,308.85,305.1,305.85,3167.0
2010-07-14,311.85,312.85,310.35,312.35,3528.0
2010-07-15,311.85,313.1,311.05,311.85,2639.0
2010-07-16,312.1,312.1,308.05,309.0,3475.0
2010-07-19,306.5,308.8,305.4,308.5,3201.0
2010-07-20,308.2,313.0,308.2,311.15,5398.0
2010-07-21,313.05,313.25,310.15,310.45,2283.0
2010-07-22,305.5,306.2,303.0,304.35,3077.0
2010-07-23,307.3,310.5,307.3,309.8,3106.0
2010-07-26,311.25,312.1,310.35,311.5,2173.0
2010-07-27,312.0,312.6,309.85,310.35,2978.0
2010-07-28,311.0,312.95,309.35,312.7,2492.0
2010-07-29,311.8,312.3,309.8,311.4,2642.0
2010-07-30,310.4,310.5,308.05,309.3,2858.0
2010-08-02,311.5,316.95,311.5,316.35,3610.0
2010-08-03,318.25,318.6,316.05,318.05,2215.0
2010-08-04,317.05,318.1,315.65,316.7,2765.0
2010-08-05,318.55,318.55,314.15,315.7,3163.0
2010-08-06,314.75,315.9,314.0,315.2,3104.0
2010-08-09,314.6,317.2,314.3,316.45,2680.0
2010-08-10,317.1,317.5,313.15,313.15,3138.0
2010-08-11,311.3,313.35,309.5,310.3,4106.0
2010-08-12,306.6,308.4,306.35,306.9,3201.0
2010-08-13,308.3,313.25,307.5,313.0,4466.0
2010-08-16,310.0,314.2,309.05,313.75,3285.0
2010-08-17,313.4,314.45,312.55,312.85,4699.0
2010-08-18,313.55,314.45,312.2,312.8,2370.0
2010-08-19,312.4,315.95,311.0,314.85,5319.0
2010-08-20,313.5,313.9,311.85,311.85,3669.0
2010-08-23,311.85,315.65,311.5,312.85,3972.0
2010-08-24,310.45,313.3,309.8,309.8,4583.0
2010-08-25,308.2,308.65,303.2,303.4,5098.0
2010-08-26,303.7,305.35,301.5,301.6,4204.0
2010-08-27,300.85,302.95,299.8,302.0,5038.0
2010-08-30,304.35,306.75,302.55,303.15,4332.0
2010-08-31,300.1,300.55,294.2,295.25,4955.0
2010-09-01,295.0,297.55,294.65,297.0,3729.0
2010-09-02,300.0,302.2,298.8,300.05,4250.0
2010-09-03,301.95,305.9,301.25,305.85,5765.0
2010-09-06,307.8,308.75,306.0,308.45,3597.0
2010-09-07,308.05,308.6,307.25,307.55,2368.0
2010-09-08,306.3,308.2,305.75,307.7,4214.0
2010-09-09,308.55,309.95,306.9,308.35,4188.0
2010-09-10,310.7,311.9,308.15,310.35,4803.0
2010-09-13,312.95,319.15,311.2,319.05,5504.0
2010-09-14,319.0,320.1,318.45,319.9,5293.0
2010-09-15,321.45,321.45,318.95,320.5,2969.0
2010-09-16,320.0,321.25,316.4,316.6,4066.0
2010-09-17,317.65,322.35,317.5,321.0,4785.0
2010-09-20,319.85,321.1,318.75,320.4,3019.0
2010-09-21,323.5,323.65,320.9,322.05,3797.0
2010-09-23,322.1,323.0,319.4,321.95,3740.0
2010-09-24,320.75,321.05,317.8,318.35,4441.0
2010-09-27,321.05,322.3,319.3,319.65,3152.0
2010-09-28,319.0,321.1,318.7,320.35,2824.0
2010-09-29,322.0,324.6,321.1,321.35,4130.0
2010-09-30,322.05,323.4,321.55,322.35,3327.0
2010-10-01,322.55,323.3,321.0,322.1,3490.0
2010-10-04,322.5,324.0,318.05,318.05,6091.0
2010-10-05,318.7,318.8,314.05,317.0,5772.0
2010-10-06,320.2,321.1,318.5,319.75,4381.0
2010-10-07,319.3,320.0,318.2,319.85,3331.0
2010-10-08,320.2,321.55,317.4,317.4,6659.0
2010-10-11,318.6,319.1,315.3,315.6,4148.0
2010-10-12,316.0,316.15,310.45,311.25,5530.0
2010-10-13,312.65,313.7,311.2,313.5,4048.0
2010-10-14,316.0,317.35,315.1,316.1,4121.0
2010-10-15,315.55,315.8,312.95,313.5,3747.0
2010-10-18,314.1,314.5,305.9,305.95,6271.0
2010-10-19,306.15,309.0,304.6,307.1,6350.0
2010-10-20,305.85,313.45,305.0,313.4,3854.0
2010-10-21,311.85,313.4,309.85,310.5,5373.0
2010-10-22,312.2,313.9,311.3,313.9,3109.0
2010-10-25,315.45,320.1,314.75,319.9,5668.0
2010-10-26,320.0,320.8,318.9,319.7,3146.0
2010-10-27,320.65,321.7,317.75,317.95,4290.0
2010-10-28,320.0,322.6,319.2,322.05,5844.0
2010-10-29,321.1,322.0,319.9,321.5,3886.0
2010-11-01,322.1,325.5,322.05,323.9,4741.0
2010-11-02,323.05,323.85,321.65,321.85,2759.0
2010-11-03,323.65,324.05,318.0,319.8,5501.0
2010-11-04,320.3,322.4,320.15,321.95,3816.0
2010-11-05,325.75,327.35,322.6,323.1,4410.0
2010-11-08,323.6,323.6,319.05,319.95,4226.0
2010-11-09,319.9,322.2,319.65,321.45,3912.0
2010-11-10,321.65,324.0,320.25,324.0,5017.0
2010-11-11,324.0,324.1,321.4,321.6,3487.0
2010-11-12,321.05,321.35,317.75,318.35,5213.0
2010-11-15,318.8,319.45,317.5,319.15,4398.0
2010-11-16,318.1,321.7,316.85,319.8,5899.0
2010-11-17,318.9,320.8,318.1,318.7,2833.0
2010-11-18,319.75,319.9,317.1,318.9,4114.0
2010-11-19,319.95,323.0,319.05,320.2,5608.0
2010-11-22,321.45,324.8,320.75,324.65,4500.0
2010-11-23,324.65,325.25,322.5,323.1,3926.0
2010-11-24,321.5,323.6,321.25,321.45,3693.0
2010-11-25,322.05,325.2,321.75,324.4,3893.0
2010-11-26,325.0,326.15,323.85,324.3,4160.0
2010-11-29,325.8,326.9,324.1,326.1,5026.0
2010-11-30,326.25,329.65,325.65,326.85,5158.0
2010-12-01,327.5,330.0,326.7,329.95,5336.0
2010-12-02,333.0,334.25,332.05,333.45,5731.0
2010-12-03,334.5,336.5,333.8,335.75,6139.0
2010-12-06,336.25,337.65,335.2,337.15,4587.0
2010-12-07,337.3,337.5,334.65,336.9,4442.0
2010-12-08,337.1,337.85,336.25,336.65,3929.0
2010-12-09,337.65,342.35,337.5,342.2,6523.0
2010-12-10,341.6,342.25,339.85,342.1,5141.0
2010-12-13,342.1,342.5,340.65,341.5,3991.0
2010-12-14,341.5,343.3,338.85,340.85,7786.0
2010-12-15,340.85,341.0,337.2,338.95,3196.0
2010-12-16,339.0,340.85,338.15,340.0,4649.0
2010-12-17,341.0,343.15,340.55,341.3,4998.0
2010-12-20,341.35,341.65,338.2,339.45,6668.0
2010-12-21,340.7,342.75,339.75,342.75,4365.0
2010-12-22,343.8,344.8,342.65,344.2,4313.0
2010-12-23,344.2,345.6,343.6,345.2,3910.0
2010-12-24,345.0,345.0,343.35,344.0,2596.0
2010-12-27,343.0,343.55,340.3,342.0,4946.0
2010-12-28,342.2,343.35,339.6,341.7,4731.0
2010-12-29,341.0,341.0,337.55,338.05,6117.0
2010-12-30,338.0,341.2,337.85,339.7,6006.0
2010-12-31,339.95,342.65,338.25,341.7,8348.0
2011-01-03,342.0,342.6,340.1,340.35,5301.0
2011-01-04,341.55,341.95,340.8,341.0,5213.0
2011-01-05,340.9,341.45,333.9,334.65,9982.0
2011-01-06,335.3,337.6,334.6,336.8,6676.0
2011-01-07,337.4,339.95,333.9,335.85,9267.0
2011-01-10,334.35,337.35,334.35,337.05,3977.0
2011-01-11,336.2,343.5,336.1,343.45,8705.0
2011-01-12,344.3,345.0,342.0,343.0,6069.0
2011-01-13,345.8,345.8,341.4,343.45,6869.0
2011-01-14,342.85,343.6,341.25,342.85,4901.0
2011-01-17,344.8,344.9,342.5,342.85,5195.0
2011-01-18,342.2,345.55,341.0,344.25,6349.0
2011-01-19,345.0,349.45,344.6,349.4,3935.0
2011-01-20,345.25,346.2,344.8,345.5,4731.0
2011-01-21,344.9,344.9,340.5,341.3,7105.0
2011-01-24,341.2,343.35,340.9,343.0,3347.0
2011-01-25,344.45,346.0,342.6,342.85,4913.0
2011-01-26,342.85,348.15,342.85,347.55,7561.0
2011-01-27,349.45,351.75,348.5,351.55,6789.0
2011-01-28,352.0,352.15,350.5,351.6,4789.0
2011-02-08,353.0,353.9,345.65,345.95,7383.0
2011-02-09,346.0,346.1,340.05,340.55,8693.0
2011-02-10,339.55,340.9,333.75,334.2,8761.0
2011-02-11,333.5,334.9,324.25,325.35,10774.0
2011-02-14,327.95,332.5,327.0,330.8,6968.0
2011-02-15,330.8,335.65,327.0,333.0,8368.0
2011-02-16,333.15,335.95,333.15,334.15,3202.0
2011-02-17,331.5,333.0,329.8,330.5,6702.0
2011-02-18,332.35,336.0,332.35,334.7,5523.0
2011-02-21,334.3,334.85,332.0,334.55,3870.0
2011-02-22,331.0,331.0,324.95,327.0,6833.0
2011-02-23,325.0,327.95,322.0,323.95,5675.0
2011-02-24,323.0,327.25,323.0,325.0,4514.0
2011-02-25,326.0,331.5,324.15,331.5,9817.0
2011-03-01,335.0,336.5,331.15,335.45,5818.0
2011-03-02,332.45,334.85,331.65,333.15,6390.0
2011-03-03,335.3,339.7,334.0,338.55,7053.0
2011-03-04,340.5,341.8,339.35,340.4,5376.0
2011-03-07,339.95,340.0,337.15,338.55,4344.0
2011-03-08,337.35,340.2,336.75,339.1,4028.0
2011-03-09,341.0,341.0,336.3,338.95,4844.0
2011-03-10,337.95,338.5,331.55,331.9,7805.0
2011-03-11,329.45,329.65,326.1,328.6,5860.0
2011-03-14,327.1,328.25,320.0,324.85,7051.0
2011-03-15,324.6,325.05,302.1,314.3,12515.0
2011-03-16,318.35,320.65,313.6,314.8,3682.0
2011-03-17,306.75,311.3,305.7,310.8,7567.0
2011-03-18,312.75,314.8,311.5,314.25,4263.0
2011-03-21,315.05,317.7,314.2,316.3,4633.0
2011-03-22,318.5,319.7,316.5,316.55,4593.0
2011-03-23,316.05,319.5,315.0,316.7,5561.0
2011-03-24,319.0,322.0,318.8,321.25,5396.0
2011-03-25,324.2,326.5,322.35,324.5,6291.0
2011-03-28,324.45,324.6,319.5,320.1,5182.0
2011-03-29,319.55,321.0,317.7,320.95,5347.0
2011-03-30,321.9,323.35,320.85,321.0,5520.0
2011-03-31,321.9,324.05,320.35,323.3,6285.0
2011-04-01,322.8,325.5,322.8,324.35,4717.0
2011-04-06,326.4,332.9,326.4,332.75,6621.0
2011-04-07,335.2,335.2,331.9,334.5,4295.0
2011-04-08,334.9,335.0,330.8,331.55,5297.0
2011-04-11,331.05,331.95,329.65,331.25,4388.0
2011-04-12,328.1,329.85,323.8,324.1,6061.0
2011-04-13,324.6,329.35,324.3,329.35,5156.0
2011-04-14,328.85,330.0,326.25,328.75,5539.0
2011-04-15,328.85,330.0,325.05,325.85,5157.0
2011-04-18,325.2,326.85,323.5,325.05,5081.0
2011-04-19,322.85,323.65,320.9,322.4,6094.0
2011-04-20,325.8,329.65,325.1,329.25,4005.0
2011-04-21,332.95,335.0,331.5,333.9,7170.0
2011-04-22,334.85,334.85,333.05,333.85,3089.0
2011-04-25,334.8,335.4,330.2,331.85,5199.0
2011-04-26,331.1,333.9,329.25,333.85,7425.0
2011-04-27,336.95,337.9,334.3,335.0,6159.0
2011-04-28,336.15,337.5,333.6,333.75,7001.0
2011-04-29,333.85,334.85,330.55,334.15,6698.0
2011-05-03,334.1,334.75,327.65,329.4,6413.0
2011-05-04,328.7,332.4,327.0,331.05,6654.0
2011-05-05,329.7,336.1,329.7,336.05,5754.0
2011-05-06,334.0,335.95,333.0,335.8,4173.0
2011-05-09,335.7,339.6,335.2,337.55,5157.0
2011-05-10,336.9,337.35,333.9,334.55,4684.0
2011-05-11,336.85,337.7,333.45,333.7,4710.0
2011-05-12,331.2,336.5,331.15,335.4,5455.0
2011-05-13,335.65,337.0,334.85,336.15,3592.0
2011-05-16,334.3,335.6,330.7,331.25,5085.0
2011-05-17,330.2,331.05,327.35,330.4,7264.0
2011-05-18,330.05,332.3,329.8,331.55,3885.0
2011-05-19,332.3,335.5,327.35,327.5,6715.0
2011-05-20,328.6,330.7,326.8,327.25,4652.0
2011-05-23,324.1,325.0,321.8,323.2,4304.0
2011-05-24,323.35,325.35,321.5,325.1,4744.0
2011-05-25,324.95,324.95,320.9,321.35,4466.0
2011-05-26,324.9,326.8,322.95,326.8,4322.0
2011-05-27,326.65,329.7,326.05,326.8,5066.0
2011-05-30,325.85,329.3,325.25,329.05,3942.0
2011-05-31,330.2,337.2,330.2,337.0,5354.0
2011-06-01,336.95,341.05,336.6,340.7,4306.0
2011-06-02,335.55,338.6,335.45,337.35,4150.0
2011-06-03,338.3,339.55,336.8,339.4,4363.0
2011-06-07,337.8,341.45,336.6,341.45,4752.0
2011-06-08,341.45,341.5,338.0,339.1,3783.0
2011-06-09,338.0,340.2,337.35,338.7,3653.0
2011-06-10,339.6,340.0,329.8,330.1,6443.0
2011-06-13,327.55,328.6,324.75,327.15,4759.0
2011-06-14,327.2,332.25,326.85,332.05,7352.0
2011-06-15,331.95,331.95,326.8,330.4,4447.0
2011-06-16,320.15,320.45,316.45,316.45,5333.0
2011-06-17,316.0,318.65,313.1,313.35,5289.0
2011-06-20,314.1,316.8,309.85,311.5,5288.0
2011-06-21,314.3,315.0,310.65,314.45,6469.0
2011-06-22,317.0,317.0,312.85,314.15,5771.0
2011-06-23,313.6,315.8,311.85,311.85,4982.0
2011-06-24,313.5,313.8,310.3,311.9,5094.0
2011-06-27,307.25,309.8,305.15,308.35,4649.0
2011-06-28,310.6,311.15,307.8,307.8,4153.0
2011-06-29,311.0,313.2,308.35,312.35,6849.0
2011-06-30,312.1,313.35,311.0,311.85,5078.0
2011-07-01,314.0,316.5,314.0,315.0,4703.0
2011-07-04,317.15,318.1,315.5,315.6,4580.0
2011-07-05,315.6,316.5,314.05,315.4,4088.0
2011-07-06,315.0,319.85,314.8,318.9,5423.0
2011-07-07,318.9,319.45,315.8,315.9,4961.0
2011-07-08,317.0,318.8,312.5,312.9,7044.0
2011-07-11,311.9,312.1,308.2,309.2,5320.0
2011-07-12,305.6,306.55,300.9,301.0,5282.0
2011-07-13,301.25,303.05,298.75,300.65,6550.0
2011-07-14,299.5,302.7,296.0,301.2,8148.0
2011-07-15,300.85,302.9,298.8,302.4,6771.0
2011-07-18,301.45,301.45,296.4,296.6,6831.0
2011-07-19,296.8,300.1,296.7,299.6,7294.0
2011-07-20,304.5,309.4,304.05,308.85,4989.0
2011-07-21,305.0,306.4,304.15,306.3,5773.0
2011-07-22,308.6,309.1,306.5,306.6,6173.0
2011-07-25,305.1,306.5,303.0,303.45,6232.0
2011-07-26,303.1,310.3,303.1,310.25,7955.0
2011-07-27,309.2,311.75,309.2,311.35,6322.0
2011-07-28,307.75,309.0,306.0,308.85,7147.0
2011-07-29,307.8,307.9,302.0,303.25,8418.0
2011-08-01,307.7,308.95,306.9,308.1,5609.0
2011-08-02,305.0,306.85,304.1,306.65,6590.0
2011-08-03,300.2,301.9,297.3,300.5,7101.0
2011-08-04,300.9,301.9,293.75,293.9,8166.0
2011-08-05,273.5,281.65,273.4,274.4,10160.0
2011-08-08,274.9,275.2,257.1,268.65,12348.0
2011-08-09,257.2,269.0,251.85,265.75,10210.0
2011-08-10,268.75,272.6,268.5,270.8,8068.0
2011-08-11,265.65,274.3,263.2,272.9,8309.0
2011-08-12,274.75,277.4,268.7,269.25,7599.0
2011-08-15,272.7,279.05,272.7,278.35,5170.0
2011-08-16,280.6,280.8,275.05,275.8,6482.0
2011-08-17,275.8,277.4,273.0,273.25,4083.0
2011-08-18,267.35,267.5,260.8,262.35,7308.0
2011-08-19,253.3,256.25,248.8,249.2,10602.0
2011-08-22,249.0,258.1,247.95,252.55,10493.0
2011-08-23,254.05,263.15,254.05,261.2,8976.0
2011-08-24,263.2,264.5,258.85,260.85,9645.0
2011-08-25,263.0,264.75,258.55,258.65,6903.0
2011-08-26,260.6,264.9,260.3,263.55,7522.0
2011-08-29,263.8,269.15,263.8,266.5,6320.0
2011-08-30,270.0,272.45,269.1,270.3,6255.0
2011-08-31,270.25,274.25,267.7,274.0,6584.0
2011-09-01,275.35,279.35,271.95,272.55,7311.0
2011-09-02,272.2,273.8,270.35,272.75,6396.0
2011-09-05,268.1,268.1,264.6,265.3,5301.0
2011-09-06,262.3,266.55,260.6,261.15,8270.0
2011-09-07,267.0,271.0,265.4,271.0,6675.0
2011-09-08,272.0,273.0,269.05,271.7,7352.0
2011-09-09,271.9,276.75,270.2,274.7,7522.0
2011-09-13,272.05,273.7,266.85,268.1,6349.0
2011-09-14,270.15,272.6,261.3,262.5,6942.0
2011-09-15,270.0,273.0,268.2,271.3,6773.0
2011-09-16,275.2,278.9,274.1,277.9,6913.0
2011-09-19,277.75,277.8,273.35,274.3,5476.0
2011-09-20,275.4,277.7,271.2,275.6,8475.0
2011-09-21,276.15,280.0,274.0,277.9,4183.0
2011-09-22,274.2,274.2,268.25,269.35,5148.0
2011-09-23,261.05,264.5,258.8,260.85,5905.0
2011-09-26,260.2,260.65,253.05,254.1,6033.0
2011-09-27,259.5,263.6,258.3,263.25,5642.0
2011-09-28,264.8,265.45,261.25,263.3,5278.0
2011-09-29,261.2,266.2,260.55,264.85,5317.0
2011-09-30,264.95,266.05,262.2,264.5,5874.0
2011-10-03,259.4,262.35,258.4,260.4,4846.0
2011-10-04,256.75,263.75,255.5,263.75,5368.0
2011-10-05,263.0,264.3,259.05,259.75,4754.0
2011-10-06,263.0,266.4,261.5,261.9,6988.0
2011-10-07,266.1,266.35,260.9,261.05,6444.0
2011-10-11,267.0,269.95,266.1,269.9,4789.0
2011-10-12,269.4,272.05,268.3,270.4,4582.0
2011-10-13,273.2,273.2,268.25,269.85,6404.0
2011-10-14,269.95,272.7,269.85,271.75,4701.0
2011-10-17,275.05,275.65,272.6,273.35,5428.0
2011-10-18,269.75,270.9,268.1,269.9,4289.0
2011-10-19,271.05,271.4,267.9,268.3,3167.0
2011-10-20,267.85,269.7,264.0,264.3,5891.0
2011-10-21,264.45,265.35,262.0,264.9,5136.0
2011-10-24,268.95,272.8,268.65,272.2,3860.0
2011-10-25,273.2,273.9,271.7,272.15,4298.0
2011-10-26,270.0,275.3,269.85,274.1,4534.0
2011-10-27,274.3,275.15,272.25,274.9,4683.0
2011-10-28,279.5,280.75,274.2,275.0,6041.0
2011-10-31,275.0,276.7,272.0,273.05,4443.0
2011-11-01,273.95,277.25,272.05,276.2,6289.0
2011-11-02,271.8,278.3,270.6,277.6,5695.0
2011-11-03,276.2,276.5,271.2,271.45,5581.0
2011-11-04,276.8,278.9,275.3,277.35,4590.0
2011-11-07,277.35,279.6,276.9,278.95,3559.0
2011-11-08,279.2,281.0,277.2,277.75,4992.0
2011-11-09,279.55,280.5,276.2,277.5,4051.0
2011-11-10,271.5,272.3,265.95,267.75,5915.0
2011-11-11,268.4,269.75,266.0,269.0,4571.0
2011-11-14,272.85,277.8,272.85,277.0,5693.0
2011-11-15,275.9,277.9,274.75,275.25,3893.0
2011-11-16,276.15,278.5,272.6,273.6,3077.0
2011-11-17,270.85,275.3,270.1,275.3,4451.0
2011-11-18,271.35,272.4,268.6,269.15,5149.0
2011-11-21,267.1,267.25,260.2,261.65,5489.0
2011-11-22,260.85,263.2,258.0,258.65,5569.0
2011-11-23,258.0,258.6,250.95,251.65,5807.0
2011-11-24,250.25,251.55,246.3,248.3,7407.0
2011-11-25,249.5,253.05,245.6,246.45,8079.0
2011-11-28,251.45,254.05,250.5,253.5,4999.0
2011-11-29,255.85,256.55,253.15,255.85,4162.0
2011-11-30,254.8,256.45,251.8,254.5,5844.0
2011-12-01,264.55,266.05,262.15,264.3,5736.0
2011-12-02,264.55,265.25,261.15,262.2,3667.0
2011-12-05,262.1,262.45,258.4,261.0,4565.0
2011-12-06,260.2,260.2,255.7,256.95,4415.0
2011-12-07,257.25,259.0,255.8,257.05,5129.0
2011-12-08,256.6,256.65,252.2,254.3,4375.0
2011-12-09,248.55,252.45,248.55,250.45,5145.0
2011-12-12,252.6,255.35,252.0,252.2,3110.0
2011-12-13,249.8,253.95,249.3,252.5,4075.0
2011-12-14,251.45,253.25,250.25,253.05,3532.0
2011-12-15,250.5,251.35,247.7,247.85,3774.0
2011-12-16,248.5,250.4,247.7,249.2,3508.0
2011-12-19,247.45,248.4,244.05,244.75,5312.0
2011-12-20,244.85,248.35,244.85,247.1,4325.0
2011-12-21,252.95,257.75,252.0,257.65,2239.0
2011-12-22,256.95,257.85,255.9,257.0,3649.0
2011-12-23,261.0,262.3,259.6,261.65,4564.0
2011-12-26,261.65,261.95,260.25,261.2,2333.0
2011-12-27,261.2,261.95,258.7,260.65,3013.0
2011-12-28,259.95,260.8,259.0,259.85,2688.0
2011-12-29,257.5,261.3,257.5,261.05,3401.0
2011-12-30,262.4,263.25,259.4,259.45,4019.0
2012-01-02,259.35,260.05,256.6,256.95,3619.0
2012-01-03,260.0,261.65,258.7,260.6,3616.0
2012-01-04,261.65,263.85,261.35,262.8,4542.0
2012-01-05,262.9,264.3,261.85,264.0,4066.0
2012-01-06,263.8,264.85,262.65,263.1,4751.0
2012-01-09,261.05,262.95,260.6,261.55,3224.0
2012-01-10,263.55,265.65,263.55,265.0,3745.0
2012-01-11,265.5,266.55,264.95,265.85,2787.0
2012-01-12,266.5,266.7,265.1,266.5,2635.0
2012-01-13,267.55,269.65,265.1,265.3,3765.0
2012-01-16,268.05,268.55,261.55,262.95,6237.0
2012-01-17,265.4,268.5,263.8,268.5,3927.0
2012-01-18,267.85,270.6,267.85,268.95,2305.0
2012-01-30,275.0,279.25,275.0,277.9,5286.0
2012-01-31,279.5,281.55,277.55,278.85,6034.0
2012-02-01,279.6,282.2,278.3,281.15,5024.0
2012-02-02,285.1,286.75,282.85,286.75,5060.0
2012-02-03,286.6,287.7,284.7,286.85,4362.0
2012-02-04,290.45,290.5,288.0,288.9,3759.0
2012-02-06,288.1,289.0,286.35,287.1,3951.0
2012-02-07,287.1,289.5,285.55,289.15,5598.0
2012-02-08,290.05,296.2,290.0,295.8,5638.0
2012-02-09,294.85,298.0,293.6,297.95,5137.0
2012-02-10,296.5,297.35,293.65,294.15,5244.0
2012-02-13,295.3,296.5,291.8,295.15,5390.0
2012-02-14,295.1,296.7,292.55,295.4,5404.0
2012-02-15,296.8,301.2,296.15,300.9,3019.0
2012-02-16,299.0,301.0,294.85,296.45,6308.0
2012-02-17,299.6,302.4,295.4,297.2,8179.0
2012-02-20,299.0,299.5,295.4,297.25,4762.0
2012-02-21,297.05,298.75,293.55,297.0,6205.0
2012-02-22,295.1,301.1,294.5,299.85,5908.0
2012-02-23,297.5,299.2,296.95,297.7,3808.0
2012-02-24,297.35,298.75,295.15,297.1,5035.0
2012-02-29,299.2,304.05,299.2,303.65,5764.0
2012-03-01,303.7,306.2,303.45,304.6,3941.0
2012-03-02,305.95,306.5,303.9,305.65,4197.0
2012-03-03,304.3,305.1,303.1,304.45,2295.0
2012-03-05,304.1,304.1,300.6,302.05,4030.0
2012-03-06,301.15,301.6,295.1,298.3,5421.0
2012-03-07,294.65,298.45,294.35,296.5,4152.0
2012-03-08,297.3,300.9,296.7,299.3,5387.0
2012-03-09,300.5,302.4,299.05,301.6,4692.0
2012-03-12,300.95,302.35,297.85,298.35,3384.0
2012-03-13,299.1,302.35,299.1,301.55,5070.0
2012-03-14,306.0,307.8,305.45,306.25,4403.0
2012-03-15,306.8,307.1,304.4,306.25,3326.0
2012-03-16,305.8,306.5,303.2,303.95,3728.0
2012-03-19,305.3,306.25,300.75,303.8,5653.0
2012-03-20,304.45,304.95,300.3,301.75,4664.0
2012-03-21,300.75,304.1,300.75,302.55,2654.0
2012-03-22,302.4,306.9,302.4,306.35,4187.0
2012-03-23,306.0,306.45,304.7,305.85,2819.0
2012-03-26,306.2,306.55,301.5,302.35,5186.0
2012-03-27,304.8,305.4,303.2,304.95,3200.0
2012-03-28,304.95,308.9,304.95,306.65,4390.0
2012-03-29,305.1,305.35,298.35,299.5,5834.0
2012-03-30,299.0,301.85,296.6,301.5,4886.0
2012-04-02,301.7,302.0,298.85,300.4,3495.0
2012-04-03,301.0,302.85,293.9,295.4,6505.0
2012-04-05,290.0,292.3,286.45,291.05,4987.0
2012-04-06,292.0,295.0,291.0,294.4,4358.0
2012-04-09,289.1,293.15,287.7,290.4,4304.0
2012-04-10,292.35,294.4,289.0,290.5,5141.0
2012-04-11,287.0,293.3,287.0,292.95,4824.0
2012-04-12,292.0,294.0,290.75,293.25,4230.0
2012-04-13,295.5,299.35,295.25,299.0,4293.0
2012-04-16,296.0,298.25,296.0,298.0,3251.0
2012-04-17,297.5,298.5,291.65,292.4,5516.0
2012-04-18,296.45,296.8,292.0,293.2,2276.0
2012-04-19,291.0,292.85,287.2,291.45,4622.0
2012-04-20,289.55,290.35,285.9,287.0,4590.0
2012-04-23,286.3,286.65,282.2,284.8,4258.0
2012-04-24,283.95,288.2,283.35,286.35,5981.0
2012-04-25,288.65,289.9,286.75,289.05,5178.0
2012-04-26,290.35,290.85,285.6,286.3,4893.0
2012-04-27,289.0,290.5,282.5,282.5,6902.0
2012-04-30,282.5,282.7,279.1,282.0,4932.0
2012-05-02,283.15,292.05,282.1,291.8,6157.0
2012-05-03,290.85,291.9,290.1,291.3,3360.0
2012-05-04,289.55,292.2,287.65,291.4,4773.0
2012-05-07,287.0,287.65,284.35,285.1,4091.0
2012-05-08,286.3,286.95,284.55,285.9,3399.0
2012-05-09,283.05,284.55,281.55,283.85,4471.0
2012-05-10,282.95,285.5,282.35,284.1,3889.0
2012-05-11,283.1,283.8,279.75,280.85,4216.0
2012-05-14,280.8,282.35,279.65,281.6,3640.0
2012-05-15,279.85,283.7,278.05,282.85,5436.0
2012-05-16,281.85,282.9,276.8,277.0,2806.0
2012-05-17,277.15,280.65,276.9,279.9,4529.0
2012-05-18,275.5,276.55,271.3,271.65,5843.0
2012-05-21,273.8,274.65,272.4,273.15,3263.0
2012-05-22,275.55,277.05,274.45,276.15,4248.0
2012-05-23,274.3,274.3,270.35,271.8,3944.0
2012-05-24,272.95,273.5,270.05,271.9,4229.0
2012-05-25,273.0,273.05,268.0,268.6,4061.0
2012-05-28,269.35,271.5,267.1,270.55,3315.0
2012-05-29,270.45,279.85,270.05,278.45,5415.0
2012-05-30,277.5,277.75,275.2,277.15,4057.0
2012-05-31,273.95,278.4,271.6,276.6,5042.0
2012-06-01,275.9,276.3,269.9,270.85,5092.0
2012-06-04,262.75,264.8,258.9,260.35,5061.0
2012-06-05,263.0,266.2,262.75,264.45,4291.0
2012-06-06,264.85,268.0,264.35,266.0,3993.0
2012-06-07,270.6,271.5,266.8,267.6,4103.0
2012-06-08,266.5,266.9,262.95,263.6,4902.0
2012-06-11,268.4,270.95,267.45,268.9,3569.0
2012-06-12,264.3,266.6,264.0,266.3,3034.0
2012-06-13,267.2,268.4,265.95,267.65,3038.0
2012-06-14,267.95,269.35,266.75,267.6,3163.0
2012-06-15,267.45,270.65,266.5,270.65,4062.0
2012-06-18,276.35,277.0,274.5,275.2,3237.0
2012-06-19,275.3,275.7,274.2,275.55,3679.0
2012-06-20,275.75,277.7,275.75,276.85,1604.0
2012-06-21,270.6,271.35,268.6,269.55,3563.0
2012-06-22,266.8,267.7,264.7,266.95,3738.0
2012-06-25,264.9,265.45,263.35,264.15,3332.0
2012-06-26,263.85,264.35,262.4,263.15,2526.0
2012-06-27,262.85,265.2,261.65,264.75,3146.0
2012-06-28,265.25,266.8,263.9,265.25,3274.0
2012-06-29,264.45,269.9,264.4,269.6,4125.0
2012-07-02,270.1,271.4,269.55,270.65,2433.0
2012-07-03,271.1,276.45,271.1,274.6,3520.0
2012-07-04,276.45,277.5,275.05,276.9,3313.0
2012-07-05,276.5,278.6,276.4,276.8,2731.0
2012-07-06,276.7,277.4,273.9,275.15,3722.0
2012-07-09,273.0,274.4,271.95,273.0,2664.0
2012-07-10,273.4,273.8,268.7,269.4,3409.0
2012-07-11,268.4,269.3,267.25,268.95,3562.0
2012-07-12,268.6,269.1,264.0,264.15,3813.0
2012-07-13,264.9,264.9,262.45,263.0,4351.0
2012-07-16,263.3,264.65,260.85,261.05,3356.0
2012-07-17,260.9,263.3,259.9,261.65,5615.0
2012-07-18,261.55,262.5,259.7,259.8,1510.0
2012-07-19,256.5,259.55,255.75,259.25,4408.0
2012-07-20,259.0,260.0,258.05,258.5,3149.0
2012-07-23,255.15,255.15,251.65,252.5,3532.0
2012-07-24,251.9,253.3,251.4,252.45,3217.0
2012-07-25,247.6,252.55,247.6,250.35,4023.0
2012-07-26,250.6,252.85,249.7,251.15,3444.0
2012-07-27,255.0,258.15,254.25,258.15,3992.0
2012-07-30,260.3,260.65,258.45,259.25,3296.0
2012-07-31,259.8,263.6,258.8,262.65,4954.0
2012-08-01,261.95,263.75,261.6,263.4,3263.0
2012-08-03,261.5,262.25,259.4,260.85,3544.0
2012-08-06,267.45,268.35,263.95,263.95,3831.0
2012-08-07,263.9,264.1,262.5,263.35,2749.0
2012-08-08,265.8,267.45,264.9,265.9,4915.0
2012-08-09,267.55,272.5,267.55,272.15,5139.0
2012-08-10,272.05,274.3,272.0,272.95,3410.0
2012-08-13,273.25,274.85,272.6,274.7,3329.0
2012-08-14,275.8,277.8,274.05,275.85,4518.0
2012-08-15,275.1,275.9,273.7,275.05,1490.0
2012-08-16,274.5,277.5,274.1,276.45,3606.0
2012-08-17,276.9,277.4,275.7,276.25,2675.0
2012-08-20,276.0,276.8,274.05,275.55,3779.0
2012-08-21,276.5,279.85,276.25,278.1,3934.0
2012-08-22,277.0,277.65,275.5,277.4,3003.0
2012-08-23,276.7,279.05,276.4,278.5,3426.0
2012-08-24,276.0,278.0,275.55,278.0,2784.0
2012-08-27,279.05,280.6,276.65,276.9,3279.0
2012-08-28,276.75,276.85,274.05,274.8,3425.0
2012-08-29,275.2,276.15,274.1,275.8,2595.0
2012-08-30,274.35,276.3,273.8,275.7,3975.0
2012-08-31,275.05,277.5,274.7,276.2,3586.0
2012-09-03,275.75,281.2,275.4,280.7,3800.0
2012-09-04,280.5,281.5,280.25,280.9,2233.0
2012-09-05,279.45,279.6,276.8,277.0,3239.0
2012-09-06,276.6,277.95,274.75,276.4,4304.0
2012-09-07,282.6,282.8,279.5,280.7,3808.0
2012-09-10,280.6,281.3,279.9,280.85,2783.0
2012-09-11,280.5,282.75,280.3,282.2,2184.0
2012-09-12,283.7,287.25,283.6,287.25,3212.0
2012-09-13,287.05,287.7,286.1,286.65,2599.0
2012-09-14,290.85,292.25,289.65,291.15,4343.0
2012-09-17,291.9,291.95,289.5,290.55,3103.0
2012-09-18,290.1,291.8,289.65,291.15,3391.0
2012-09-19,290.85,292.35,290.15,291.35,1920.0
2012-09-20,291.4,291.65,289.35,290.25,2820.0
2012-09-21,291.15,292.0,290.5,290.95,3044.0
2012-09-24,289.8,292.75,288.9,291.7,4044.0
2012-09-25,291.55,292.65,290.0,290.25,2841.0
2012-09-26,287.1,288.2,286.05,287.2,3363.0
2012-09-27,286.45,288.65,286.4,288.6,3167.0
2012-09-28,288.1,289.9,286.85,288.7,3702.0
2012-10-01,287.7,287.95,286.3,287.2,2313.0
2012-10-02,288.05,289.95,287.5,289.5,2374.0
2012-10-03,289.8,290.15,288.65,289.35,2146.0
2012-10-04,289.55,289.6,286.0,289.1,3708.0
2012-10-05,289.55,289.9,287.6,288.5,3413.0
2012-10-08,287.2,287.75,284.65,285.2,3006.0
2012-10-09,284.8,285.35,282.3,282.3,4097.0
2012-10-11,278.1,278.95,276.0,276.05,3878.0
2012-10-12,276.0,277.4,274.25,275.75,4204.0
2012-10-15,274.5,276.35,274.5,276.05,2490.0
2012-10-16,277.95,278.3,276.8,278.2,2710.0
2012-10-17,279.55,280.8,278.0,278.4,1788.0
2012-10-18,278.7,279.0,277.2,277.75,2291.0
2012-10-19,277.5,277.8,274.05,274.4,3971.0
2012-10-22,270.25,274.1,270.0,273.6,3410.0
2012-10-23,273.6,274.0,272.0,272.3,2559.0
2012-10-24,270.75,274.5,269.85,272.8,4368.0
2012-10-25,272.9,273.7,270.6,270.75,3336.0
2012-10-26,270.0,272.6,266.05,266.05,5396.0
2012-10-29,266.5,268.6,265.95,266.85,3203.0
2012-10-30,268.55,270.45,267.55,269.0,3493.0
2012-10-31,270.8,271.2,268.0,268.5,3246.0
2012-11-01,267.0,271.55,265.05,270.95,5086.0
2012-11-02,273.05,273.15,270.65,271.0,3641.0
2012-11-05,270.1,271.95,268.95,270.35,3774.0
2012-11-06,270.5,273.65,269.35,273.65,3161.0
2012-11-07,272.8,274.6,270.85,273.55,5414.0
2012-11-08,270.4,273.2,270.1,272.95,3831.0
2012-11-09,269.85,277.2,269.8,276.45,5022.0
2012-11-12,275.85,277.45,274.65,274.9,3408.0
2012-11-13,274.8,274.8,269.9,270.15,3651.0
2012-11-14,270.0,273.2,269.7,272.1,3477.0
2012-11-15,270.5,273.65,269.4,272.6,4246.0
2012-11-16,272.25,274.25,270.7,271.4,3421.0
2012-11-19,273.0,273.4,271.05,271.1,2699.0
2012-11-20,273.0,273.4,271.45,272.3,2756.0
2012-11-21,272.6,273.05,268.7,270.35,1673.0
2012-11-22,271.1,271.6,269.75,270.75,3132.0
2012-11-23,271.5,279.85,271.5,279.6,4348.0
2012-11-26,281.3,282.4,280.95,281.45,2396.0
2012-11-27,282.8,283.1,281.1,282.5,2571.0
2012-11-28,282.0,283.45,281.15,283.1,2315.0
2012-11-29,284.8,286.95,284.3,286.1,3931.0
2012-11-30,286.3,289.95,286.1,289.95,4065.0
2012-12-03,289.95,291.4,288.0,289.3,3152.0
2012-12-04,288.5,290.7,287.8,290.5,2777.0
2012-12-05,290.35,292.85,288.6,292.1,4363.0
2012-12-06,291.9,292.55,290.5,290.85,3039.0
2012-12-07,291.8,293.4,291.15,291.75,2857.0
2012-12-10,292.5,292.7,289.15,290.35,3018.0
2012-12-11,291.55,291.8,288.1,290.85,3089.0
2012-12-12,291.8,293.75,291.05,292.05,3239.0
2012-12-13,293.05,295.95,292.9,295.35,3245.0
2012-12-14,293.85,294.1,291.0,291.05,3788.0
2012-12-17,291.2,291.45,286.3,287.7,4717.0
2012-12-18,288.8,288.8,286.8,288.0,2968.0
2012-12-19,289.0,289.7,286.9,287.45,1721.0
2012-12-20,286.2,287.0,284.1,284.15,4099.0
2012-12-21,284.5,285.0,281.25,281.7,4113.0
2012-12-22,282.45,284.55,282.45,283.7,1266.0
2012-12-24,282.5,284.95,282.45,282.7,1825.0
2012-12-25,283.8,288.85,282.65,288.25,2976.0
2012-12-26,288.35,288.55,285.95,286.1,1944.0
2012-12-27,285.75,288.3,284.6,286.4,3244.0
2012-12-28,287.45,289.55,287.2,288.0,2627.0
2013-01-02,290.4,293.45,289.4,292.25,3071.0
2013-01-03,293.8,294.9,293.1,293.6,2476.0
2013-01-04,292.7,293.0,290.25,290.9,3241.0
2013-01-07,290.0,290.9,287.5,288.75,3073.0
2013-01-08,288.3,288.9,285.95,287.65,3435.0
2013-01-09,287.0,290.1,286.75,288.75,3399.0
2013-01-10,289.3,291.15,288.65,290.85,4082.0
2013-01-11,291.95,292.2,289.0,289.75,3735.0
2013-01-14,288.9,291.2,287.0,291.2,4346.0
2013-01-15,290.05,290.25,286.7,287.5,4228.0
2013-01-16,287.1,288.0,285.2,286.85,1404.0
2013-01-17,286.25,289.3,282.6,283.9,5314.0
2013-01-18,286.7,287.9,285.85,287.4,3919.0
2013-01-21,286.55,288.2,284.95,287.2,3554.0
2013-01-22,288.1,289.55,286.15,289.2,3881.0
2013-01-23,290.15,290.35,287.65,288.25,2689.0
2013-01-24,286.5,287.95,284.05,286.6,5323.0
2013-01-25,286.05,287.0,284.4,286.0,3454.0
2013-01-28,285.05,288.55,284.55,288.45,3188.0
2013-01-29,289.35,293.0,289.0,292.8,3883.0
2013-01-30,293.1,293.5,291.3,291.5,4281.0
2013-01-31,291.5,292.5,290.25,292.3,3141.0
2013-02-01,293.1,294.5,291.75,292.35,4119.0
2013-02-04,293.45,294.45,292.55,293.85,3678.0
2013-02-05,292.0,292.2,290.6,291.95,3410.0
2013-02-06,292.45,294.2,291.9,292.4,3590.0
2013-02-18,294.3,295.85,293.6,295.0,3973.0
2013-02-19,296.3,297.1,295.45,296.65,2438.0
2013-02-20,298.0,299.6,297.65,299.35,1926.0
2013-02-21,297.5,298.4,296.5,296.6,2596.0
2013-02-22,296.45,297.15,294.65,295.55,2791.0
2013-02-23,296.5,297.2,296.1,297.05,1618.0
2013-02-25,296.8,296.95,295.5,295.6,2522.0
2013-02-26,293.25,294.7,292.55,293.0,2591.0
2013-02-27,293.75,293.95,291.6,293.3,2547.0
2013-03-01,295.6,296.0,294.5,295.4,2347.0
2013-03-04,295.95,295.95,291.8,292.45,3308.0
2013-03-05,293.45,295.95,293.25,295.5,3015.0
2013-03-06,297.95,298.4,295.5,295.85,2967.0
2013-03-07,295.5,297.0,294.6,295.15,2430.0
2013-03-08,296.45,297.6,296.0,296.6,4026.0
2013-03-11,297.0,298.0,295.35,296.75,3600.0
2013-03-12,297.4,298.4,296.0,296.4,3710.0
2013-03-13,296.75,298.1,294.7,296.6,5037.0
2013-03-14,296.6,297.2,295.0,296.4,3289.0
2013-03-15,297.05,298.0,294.2,294.25,4411.0
2013-03-18,292.4,293.3,290.5,290.7,4239.0
2013-03-19,291.6,293.35,291.6,292.55,4355.0
2013-03-20,290.9,292.4,289.9,290.9,1619.0
2013-03-21,291.1,291.8,289.85,290.2,3231.0
2013-03-22,289.6,291.8,289.2,290.1,2970.0
2013-03-25,292.25,293.6,292.0,293.0,2476.0
2013-03-26,292.95,293.9,292.55,293.3,2329.0
2013-03-27,293.6,295.35,293.0,294.6,3016.0
2013-03-28,294.95,295.2,293.1,294.0,2636.0
2013-03-29,295.2,297.5,295.1,297.2,3497.0
2013-04-01,297.6,297.6,296.3,296.9,1828.0
2013-04-02,296.0,297.3,295.2,296.75,3204.0
2013-04-03,297.35,298.3,296.7,298.3,2731.0
2013-04-08,296.9,296.9,290.25,290.9,4603.0
2013-04-09,290.75,291.1,288.5,289.0,2856.0
2013-04-10,290.3,290.5,289.35,290.0,1886.0
2013-04-11,292.0,293.9,291.0,293.8,4059.0
2013-04-12,294.05,294.05,291.15,291.45,3112.0
2013-04-15,290.85,292.65,288.9,290.1,4659.0
2013-04-16,287.5,291.45,287.25,291.45,4205.0
2013-04-17,291.55,292.8,290.9,292.75,1604.0
2013-04-18,288.7,291.45,288.45,290.6,3920.0
2013-04-19,292.25,300.9,292.25,300.8,6618.0
2013-04-22,302.0,302.0,299.2,300.3,3015.0
2013-04-23,300.35,300.35,297.35,298.35,3364.0
2013-04-24,300.0,300.8,298.6,300.55,4282.0
2013-04-25,299.75,301.2,299.55,301.0,3443.0
2013-04-26,301.25,303.55,300.6,300.85,3819.0
2013-04-29,301.2,302.9,300.75,302.5,2403.0
2013-04-30,304.6,306.4,304.15,306.1,3031.0
2013-05-02,305.8,307.6,305.25,307.45,2854.0
2013-05-03,308.8,309.9,306.75,307.55,3212.0
2013-05-06,309.65,310.2,308.9,310.15,3532.0
2013-05-07,310.0,310.9,309.25,310.2,2667.0
2013-05-08,310.2,314.5,310.2,314.15,4588.0
2013-05-09,315.3,316.45,315.0,315.75,3446.0
2013-05-10,315.65,315.65,313.15,314.65,3245.0
2013-05-13,314.6,314.85,311.65,313.0,4188.0
2013-05-14,313.5,314.75,312.65,313.8,4185.0
2013-05-15,314.5,314.65,312.5,314.6,2003.0
2013-05-16,315.0,319.3,314.9,317.9,5261.0
2013-05-17,316.95,317.7,316.45,317.55,2568.0
2013-05-20,317.85,317.85,315.2,317.2,2902.0
2013-05-21,316.35,319.15,316.0,317.35,3747.0
2013-05-22,318.5,319.5,317.25,317.4,2674.0
2013-05-23,316.2,316.2,310.4,310.65,5470.0
2013-05-24,311.6,312.35,308.5,311.45,3527.0
2013-05-27,311.0,314.05,309.9,313.7,3331.0
2013-05-28,313.65,314.55,313.05,313.35,2529.0
2013-05-29,313.45,316.5,312.7,315.2,3099.0
2013-05-30,314.8,315.05,311.3,312.3,3796.0
2013-05-31,314.2,316.3,311.2,311.9,4089.0
2013-06-03,307.9,310.8,306.0,310.45,3413.0
2013-06-04,310.95,311.4,309.05,309.7,2981.0
2013-06-05,308.7,311.2,308.35,308.5,3226.0
2013-06-06,306.0,308.0,304.9,306.75,4246.0
2013-06-07,306.05,307.1,304.2,305.8,3698.0
2013-06-10,307.6,309.35,307.25,308.05,3164.0
2013-06-11,307.7,308.15,306.05,307.3,3484.0
2013-06-13,304.6,304.6,298.1,298.4,4490.0
2013-06-14,300.0,300.1,296.65,297.35,3335.0
2013-06-17,297.55,299.6,297.2,298.95,2954.0
2013-06-18,299.0,302.1,298.3,301.85,4685.0
2013-06-19,301.9,303.1,300.85,301.9,1611.0
2013-06-20,290.3,292.25,288.75,289.15,4129.0
2013-06-21,282.7,286.7,282.6,286.4,4232.0
2013-06-24,285.6,285.6,283.05,283.1,3286.0
2013-06-25,282.95,286.35,281.75,284.15,7553.0
2013-06-26,286.3,287.3,284.8,284.8,4902.0
2013-06-27,287.15,289.0,287.15,287.3,4045.0
2013-06-28,289.0,293.45,288.15,292.1,4966.0
2013-07-01,291.45,296.2,291.45,295.8,3895.0
2013-07-02,295.95,296.8,295.45,296.55,2908.0
2013-07-03,296.0,296.55,293.6,294.15,4197.0
2013-07-04,295.0,295.45,292.75,293.8,3837.0
2013-07-05,295.25,299.35,294.8,299.35,5036.0
2013-07-08,299.2,299.5,292.2,292.55,4843.0
2013-07-09,292.85,295.5,292.35,295.25,4098.0
2013-07-10,295.45,297.9,293.55,294.8,4853.0
2013-07-11,298.9,302.15,298.35,302.0,4633.0
2013-07-12,302.5,302.5,300.5,302.3,3393.0
2013-07-15,301.2,303.55,300.4,302.8,3683.0
2013-07-16,303.0,303.0,300.75,302.55,3969.0
2013-07-17,302.1,302.8,299.8,300.6,2137.0
2013-07-18,296.35,297.3,292.95,293.5,4904.0
2013-07-19,290.45,290.75,283.3,283.35,7248.0
2013-07-22,283.8,287.0,283.6,285.2,4747.0
2013-07-23,287.0,292.95,287.0,292.05,6677.0
2013-07-24,292.3,293.5,290.6,292.35,4375.0
2013-07-25,291.35,294.75,290.5,293.0,5366.0
2013-07-26,294.0,296.3,292.35,293.75,5308.0
2013-07-29,293.85,293.85,289.5,289.85,4812.0
2013-07-30,290.4,293.85,290.4,293.4,4161.0
2013-07-31,293.05,294.25,289.9,290.35,4314.0
2013-08-01,290.35,291.4,287.65,289.8,4488.0
2013-08-02,291.95,293.5,288.55,288.6,4920.0
2013-08-05,289.1,290.85,288.1,290.6,3501.0
2013-08-06,289.8,289.9,286.3,286.9,3809.0
2013-08-07,284.55,284.95,280.75,280.9,3537.0
2013-08-08,281.55,282.8,280.7,280.9,3539.0
2013-08-09,281.3,283.6,280.4,281.6,4584.0
2013-08-12,281.9,283.3,281.35,282.5,2887.0
2013-08-13,284.0,287.75,284.0,287.6,3862.0
2013-08-14,287.9,287.9,285.5,287.2,3010.0
2013-08-15,285.15,285.55,282.8,285.35,3582.0
2013-08-16,283.2,288.2,283.2,286.75,4764.0
2013-08-19,286.15,287.3,285.0,286.35,3732.0
2013-08-20,285.8,287.75,283.25,283.6,4812.0
2013-08-22,279.85,284.65,279.6,284.4,1768.0
2013-08-23,283.0,285.15,282.75,284.0,3926.0
2013-08-26,284.75,285.8,284.0,285.5,3046.0
2013-08-27,285.05,285.55,282.9,283.0,2909.0
2013-08-28,281.0,284.1,280.7,283.9,4452.0
2013-08-29,284.2,288.45,284.1,288.0,3960.0
2013-08-30,288.5,291.7,287.8,291.35,3453.0
2013-09-02,291.0,294.15,290.8,293.55,3731.0
2013-09-03,294.0,295.7,293.8,294.65,2960.0
2013-09-04,293.6,294.2,292.4,294.05,3206.0
2013-09-05,295.0,296.5,294.05,296.25,3448.0
2013-09-06,296.25,297.1,296.0,296.75,2607.0
2013-09-09,296.75,299.0,296.0,297.8,3533.0
2013-09-10,299.25,300.5,296.9,298.35,3286.0
2013-09-11,298.65,299.4,295.5,297.85,4683.0
2013-09-12,297.6,298.0,296.2,296.75,3195.0
2013-09-13,296.85,297.5,295.25,295.3,2363.0
2013-09-14,296.45,296.45,295.0,295.45,885.0
2013-09-16,297.3,299.75,297.1,299.4,3287.0
2013-09-17,297.8,298.8,297.6,298.7,3404.0
2013-09-18,299.3,299.95,297.55,298.2,1377.0
2013-09-23,295.2,300.0,295.2,299.5,2567.0
2013-09-24,298.6,300.4,298.5,300.1,2321.0
2013-09-25,299.8,299.8,298.0,298.0,2207.0
2013-09-26,297.5,298.45,295.4,296.45,2854.0
2013-09-27,296.7,297.65,296.25,296.35,1891.0
2013-09-30,294.5,295.3,292.65,294.4,3026.0
2013-10-01,295.05,296.25,295.0,295.5,2127.0
2013-10-02,297.25,297.5,295.3,295.55,2277.0
2013-10-03,295.7,302.35,295.7,302.15,3784.0
2013-10-04,301.0,301.95,300.4,301.0,2268.0
2013-10-07,301.1,301.1,297.25,297.7,2788.0
2013-10-08,297.0,299.7,296.5,299.2,3482.0
2013-10-09,297.45,299.0,297.2,297.6,2994.0
2013-10-11,301.2,302.2,298.75,298.75,3370.0
2013-10-14,298.75,298.75,294.65,295.15,4718.0
2013-10-15,297.55,298.6,296.9,297.55,4008.0
2013-10-16,297.6,298.75,296.65,296.8,2010.0
2013-10-17,298.8,299.75,297.45,298.6,4617.0
2013-10-18,299.55,302.1,299.45,301.8,4565.0
2013-10-21,303.0,303.15,300.5,301.0,4133.0
2013-10-22,300.5,301.8,299.0,301.75,4033.0
2013-10-23,302.0,302.3,299.4,300.1,4510.0
2013-10-24,299.2,301.5,298.5,301.4,3386.0
2013-10-25,300.0,300.2,297.65,298.2,4107.0
2013-10-28,298.5,301.5,298.3,300.5,3426.0
2013-10-29,299.5,301.85,299.3,300.4,3804.0
2013-10-30,300.55,302.8,300.55,302.4,3290.0
2013-10-31,301.8,303.8,301.55,302.1,3411.0
2013-11-01,303.15,303.95,300.0,300.85,3986.0
2013-11-04,300.0,301.25,299.0,300.7,3108.0
2013-11-05,300.5,301.85,298.0,298.35,4015.0
2013-11-06,299.0,299.35,297.15,298.75,3182.0
2013-11-07,298.8,299.35,297.0,298.0,2502.0
2013-11-08,296.5,297.95,295.8,295.9,2603.0
2013-11-11,296.35,296.5,294.2,294.45,2167.0
2013-11-12,295.5,296.2,292.0,293.85,3851.0
2013-11-13,293.05,293.15,289.9,290.0,3090.0
2013-11-14,291.5,292.55,289.75,291.4,3416.0
2013-11-15,293.45,293.45,291.1,291.4,2887.0
2013-11-18,292.75,293.3,291.65,291.85,3299.0
2013-11-19,292.35,294.6,292.3,294.35,3247.0
2013-11-20,293.8,293.95,292.15,292.3,1902.0
2013-11-21,290.7,290.7,286.65,287.15,3162.0
2013-11-22,287.5,288.5,286.85,286.9,2250.0
2013-11-25,288.9,291.7,288.9,290.3,2639.0
2013-11-26,289.15,294.6,288.65,293.7,4026.0
2013-11-27,293.5,296.1,293.4,296.0,2589.0
2013-11-28,298.0,298.9,296.9,298.4,2745.0
2013-11-29,298.3,301.05,298.2,300.9,2649.0
2013-12-02,300.75,301.8,299.55,300.1,2342.0
2013-12-03,299.95,300.8,298.6,300.6,2304.0
2013-12-04,299.85,301.65,299.0,301.2,3019.0
2013-12-05,300.85,301.4,297.9,298.9,3194.0
2013-12-06,298.95,300.8,298.2,300.2,3061.0
2013-12-09,303.0,303.45,301.9,302.4,2695.0
2013-12-10,301.9,302.4,301.05,302.25,2214.0
2013-12-11,302.15,303.4,300.0,300.3,3948.0
2013-12-12,298.6,300.0,298.2,299.2,3163.0
2013-12-13,297.95,299.3,297.65,298.65,2601.0
2013-12-16,297.9,298.4,296.3,296.7,2643.0
2013-12-17,298.2,299.6,297.8,298.9,2995.0
2013-12-18,299.7,299.95,297.15,297.2,1755.0
2013-12-19,299.1,300.55,298.25,298.95,2946.0
2013-12-20,299.05,300.6,298.7,300.05,2436.0
2013-12-23,301.15,303.35,301.15,302.55,2263.0
2013-12-24,303.1,303.2,302.15,302.8,1267.0
2013-12-25,303.2,303.45,302.8,303.45,1045.0
2013-12-26,303.95,304.0,302.9,303.95,1118.0
2013-12-27,303.7,305.8,303.45,305.75,1972.0
2013-12-30,305.75,309.15,305.55,309.0,2710.0
2013-12-31,310.05,310.25,309.0,309.55,1843.0
2014-01-02,310.2,310.2,307.3,309.15,2502.0
2014-01-03,308.0,308.3,306.0,306.6,3027.0
2014-01-06,306.6,307.8,305.95,306.4,2332.0
2014-01-07,306.8,307.85,306.65,307.0,2387.0
2014-01-08,307.6,309.65,307.05,309.65,2763.0
2014-01-09,309.25,309.35,306.3,306.7,4317.0
2014-01-10,306.85,308.25,306.6,308.0,2241.0
2014-01-13,309.3,311.6,309.05,309.15,3206.0
2014-01-14,307.85,309.5,306.7,309.5,3360.0
2014-01-15,310.2,313.95,310.2,313.4,2684.0
2014-01-16,315.2,315.75,314.1,314.55,3375.0
2014-01-17,314.65,315.4,313.2,314.95,3474.0
2014-01-20,313.9,316.65,313.4,316.2,3064.0
2014-01-21,316.6,317.45,315.0,315.45,2668.0
2014-01-22,315.0,316.05,313.5,315.55,2563.0
2014-01-23,316.0,316.45,314.45,314.5,2768.0
2014-01-24,313.6,315.8,313.0,315.6,2508.0
2014-01-27,311.55,312.85,308.5,308.5,3328.0
2014-02-05,303.15,304.3,298.8,300.7,3957.0
2014-02-06,301.55,303.45,301.05,303.1,2871.0
2014-02-07,305.3,307.3,304.65,306.05,2426.0
2014-02-10,307.95,307.95,305.9,306.0,2479.0
2014-02-11,305.95,308.1,305.55,308.05,2126.0
2014-02-12,309.0,311.95,308.7,311.75,2598.0
2014-02-13,311.75,312.25,310.7,311.0,2083.0
2014-02-14,312.6,315.6,312.6,312.9,2830.0
2014-02-17,313.8,314.7,313.05,314.25,2504.0
2014-02-18,314.7,315.65,313.4,315.55,2078.0
2014-02-19,315.05,316.3,314.8,315.5,1516.0
2014-02-20,314.3,315.2,312.4,312.4,2978.0
2014-02-21,315.05,316.65,315.05,316.25,2202.0
2014-02-24,316.35,317.65,315.1,315.6,2269.0
2014-02-25,317.2,317.5,316.3,316.9,1967.0
2014-02-26,316.2,319.2,315.5,318.8,3054.0
2014-02-27,318.85,319.75,318.4,319.4,2296.0
2014-03-03,316.7,318.2,315.15,317.5,3299.0
2014-03-04,317.1,318.7,317.0,317.5,2160.0
2014-03-05,320.6,321.25,320.0,320.55,2519.0
2014-03-06,321.0,325.8,320.65,325.25,4047.0
2014-03-07,326.7,329.2,325.1,326.1,4464.0
2014-03-10,324.2,325.8,324.0,324.85,2529.0
2014-03-11,325.05,327.65,325.05,327.65,2431.0
2014-03-12,326.2,326.2,324.5,325.4,2253.0
2014-03-13,327.65,331.0,327.65,330.6,4130.0
2014-03-14,328.55,328.6,327.4,328.6,2563.0
2014-03-17,328.55,329.2,326.95,329.05,2813.0
2014-03-18,331.1,331.35,328.8,329.5,2582.0
2014-03-19,330.8,330.8,327.75,328.4,2907.0
2014-03-20,325.45,325.45,322.75,322.95,3331.0
2014-03-21,324.85,325.25,323.05,323.8,3031.0
2014-03-24,323.5,325.0,321.05,324.8,3671.0
2014-03-25,324.4,326.85,323.65,326.85,3479.0
2014-03-26,328.95,330.35,328.4,330.1,3325.0
2014-03-27,329.35,330.85,328.5,330.7,3366.0
2014-03-28,330.55,332.25,329.95,330.55,3747.0
2014-03-31,332.0,332.85,330.3,332.85,2625.0
2014-04-01,332.05,335.4,331.8,335.3,3696.0
2014-04-02,336.5,338.4,336.1,337.05,3402.0
2014-04-03,337.25,337.5,335.15,335.95,3029.0
2014-04-07,333.0,336.65,332.95,336.65,3724.0
2014-04-08,336.0,338.05,335.75,337.9,3336.0
2014-04-09,338.5,338.95,338.0,338.4,2325.0
2014-04-10,339.9,340.2,337.05,338.4,3460.0
2014-04-11,336.1,337.45,335.5,337.1,3130.0
2014-04-14,336.8,337.15,335.8,336.75,2292.0
2014-04-15,336.75,339.55,336.65,339.5,3096.0
2014-04-16,340.5,341.55,338.8,341.5,3135.0
2014-04-17,337.9,339.5,337.5,338.85,3488.0
2014-04-18,341.8,342.8,339.95,340.4,4077.0
2014-04-21,340.7,341.35,339.7,341.35,1664.0
2014-04-22,341.4,343.65,341.0,343.1,2873.0
2014-04-23,344.5,344.85,341.4,342.35,3563.0
2014-04-24,343.15,343.6,342.45,343.35,2592.0
2014-04-25,342.7,343.7,335.75,335.9,6701.0
2014-04-28,334.3,341.1,334.0,340.35,5145.0
2014-04-29,340.4,342.2,339.9,341.55,3526.0
2014-04-30,341.8,341.9,336.3,336.6,5056.0
2014-05-02,337.6,341.85,337.4,341.8,4232.0
2014-05-05,342.05,343.7,340.3,342.7,3815.0
2014-05-06,343.8,344.8,341.9,344.2,4257.0
2014-05-07,342.6,343.4,341.5,343.1,3853.0
2014-05-08,343.6,344.5,342.25,344.15,3817.0
2014-05-09,344.1,344.3,342.1,342.75,2883.0
2014-05-12,343.0,343.0,340.7,341.5,3347.0
2014-05-13,343.1,344.3,341.8,342.55,3936.0
2014-05-14,342.5,345.35,342.5,345.35,4434.0
2014-05-15,344.75,345.95,344.65,345.85,2906.0
2014-05-16,344.3,345.8,343.5,345.8,3653.0
2014-05-19,346.15,347.0,345.25,346.55,3293.0
2014-05-20,346.85,349.2,346.7,348.2,5464.0
2014-05-21,347.85,348.75,346.4,346.7,3295.0
2014-05-22,346.3,351.1,346.1,351.1,5792.0
2014-05-23,351.35,353.5,351.2,353.45,3734.0
2014-05-26,354.15,355.45,353.3,354.85,3649.0
2014-05-27,354.85,355.2,353.6,355.2,2768.0
2014-05-28,355.8,358.95,355.25,358.8,5189.0
2014-05-29,358.55,359.25,357.15,357.45,3667.0
2014-05-30,357.7,357.9,355.85,356.1,3539.0
2014-06-03,356.7,357.7,354.9,357.0,4460.0
2014-06-04,357.8,358.9,357.5,358.05,3737.0
2014-06-05,358.75,359.25,357.35,359.2,3675.0
2014-06-06,361.3,361.35,359.25,359.35,3003.0
2014-06-09,360.25,361.35,359.75,360.85,2701.0
2014-06-10,361.2,363.1,361.2,362.6,3206.0
2014-06-11,362.7,364.0,362.15,364.0,2731.0
2014-06-12,363.3,363.65,362.5,363.3,2661.0
2014-06-13,361.7,363.4,360.95,363.35,3719.0
2014-06-16,362.7,363.6,362.0,363.1,3432.0
2014-06-17,363.25,366.3,363.25,366.1,4317.0
2014-06-18,366.05,368.05,363.8,367.65,3318.0
2014-06-19,362.0,365.35,361.7,364.7,4688.0
2014-06-20,365.0,365.0,362.25,362.35,3506.0
2014-06-23,362.65,363.85,360.4,361.2,4806.0
2014-06-24,361.45,362.1,360.3,361.35,3591.0
2014-06-25,360.25,361.1,359.35,360.45,2914.0
2014-06-26,361.5,364.3,361.3,363.95,4064.0
2014-06-27,363.75,364.6,361.95,362.0,4081.0
2014-06-30,363.0,367.6,362.9,366.95,4988.0
2014-07-01,367.4,372.9,367.15,372.1,6576.0
2014-07-02,374.35,379.4,370.8,375.35,10593.0
2014-07-03,375.05,380.3,373.6,380.25,8021.0
2014-07-04,382.8,382.8,377.6,380.55,6294.0
2014-07-07,379.65,380.95,378.0,380.95,5245.0
2014-07-08,380.1,381.95,379.5,381.35,5433.0
2014-07-09,379.6,380.7,378.3,379.5,5745.0
2014-07-10,379.4,382.8,378.65,382.75,6391.0
2014-07-11,381.95,384.3,378.1,379.75,9193.0
2014-07-14,379.75,381.8,379.35,380.4,5349.0
2014-07-15,382.35,382.6,380.4,381.85,5619.0
2014-07-16,381.2,381.45,377.45,378.2,3165.0
2014-07-17,372.1,372.7,368.3,369.4,7706.0
2014-07-18,363.8,370.3,363.8,368.4,7170.0
2014-07-21,370.5,372.3,370.05,370.15,5130.0
2014-07-22,371.05,374.3,369.5,374.2,5839.0
2014-07-24,375.3,376.1,373.3,374.6,5633.0
2014-07-25,374.4,374.55,367.1,368.3,7921.0
2014-07-28,367.75,368.65,365.2,365.9,7487.0
2014-07-29,367.15,369.35,362.2,363.85,11748.0
2014-07-30,363.7,366.55,363.55,365.6,5586.0
2014-07-31,366.85,367.05,358.5,358.6,6559.0
2014-08-01,355.15,359.4,355.0,358.85,6447.0
2014-08-04,359.0,364.4,359.0,364.2,6603.0
2014-08-05,362.9,362.9,355.85,356.3,9756.0
2014-08-06,356.6,358.45,354.3,356.65,7968.0
2014-08-07,357.6,358.4,354.35,356.1,5779.0
2014-08-08,354.35,356.1,350.8,356.1,7798.0
2014-08-11,357.75,358.95,355.3,358.15,5879.0
2014-08-12,359.3,359.75,356.8,358.05,6001.0
2014-08-13,358.3,361.75,357.6,361.2,5688.0
2014-08-14,362.7,364.7,362.7,363.35,6003.0
2014-08-15,362.55,364.4,361.1,363.15,5687.0
2014-08-18,363.75,365.05,360.65,361.25,5583.0
2014-08-19,363.05,365.95,362.85,365.0,5639.0
2014-08-20,365.7,366.65,364.4,365.5,3195.0
2014-08-21,364.35,364.5,360.55,361.95,7021.0
2014-08-22,363.2,368.0,363.05,367.2,7437.0
2014-08-25,367.0,368.35,365.8,368.3,4870.0
2014-08-26,368.0,369.45,367.35,367.95,4551.0
2014-08-27,368.95,372.5,368.95,371.85,5206.0
2014-08-28,372.4,373.45,371.4,372.5,4812.0
2014-08-29,371.85,373.35,370.7,373.2,5065.0
2014-09-01,373.25,377.2,373.1,376.85,5199.0
2014-09-02,376.0,376.0,369.6,370.3,6877.0
2014-09-03,370.9,372.9,369.85,371.55,5424.0
2014-09-04,371.7,371.7,367.85,369.2,5501.0
2014-09-05,370.25,371.15,366.5,367.45,5841.0
2014-09-09,369.15,372.9,368.5,369.9,5544.0
2014-09-10,367.25,367.95,364.1,366.5,6433.0
2014-09-11,368.35,368.55,364.2,364.8,4517.0
2014-09-12,365.8,365.85,360.05,360.8,7068.0
2014-09-15,358.2,361.2,357.0,360.6,6505.0
2014-09-16,359.8,360.55,357.05,357.65,5378.0
2014-09-17,359.4,361.95,358.3,359.3,3773.0
2014-09-18,362.1,363.7,361.05,362.25,5875.0
2014-09-19,364.7,365.2,362.75,363.75,5129.0
2014-09-22,361.7,361.7,356.05,356.4,6429.0
2014-09-23,354.8,358.35,354.8,356.7,4856.0
2014-09-24,355.95,357.15,354.6,356.45,5632.0
2014-09-25,358.2,358.5,350.6,351.5,7782.0
2014-09-26,348.8,350.75,347.2,348.8,5449.0
2014-09-29,349.4,350.85,347.95,349.5,5056.0
2014-09-30,348.6,351.0,345.0,349.65,7643.0
2014-10-01,348.4,352.7,347.05,351.5,6818.0
2014-10-02,348.75,353.8,348.3,352.7,7070.0
2014-10-03,353.05,358.5,352.95,358.25,7024.0
2014-10-06,358.3,359.2,356.7,358.25,4985.0
2014-10-07,355.8,356.5,352.75,354.2,6510.0
2014-10-08,352.75,354.35,348.85,349.15,5552.0
2014-10-09,352.0,355.0,349.8,350.8,6414.0
2014-10-13,341.0,343.85,337.25,338.3,6658.0
2014-10-14,338.55,341.45,338.55,340.2,6327.0
2014-10-15,341.0,343.2,337.9,337.95,4222.0
2014-10-16,335.9,340.75,331.6,338.7,8971.0
2014-10-17,340.85,341.5,333.9,333.9,7729.0
2014-10-20,338.6,341.2,337.95,340.85,5609.0
2014-10-21,340.7,340.95,338.75,339.0,4701.0
2014-10-22,344.7,345.9,343.65,344.7,5433.0
2014-10-23,344.1,344.2,342.2,342.9,4168.0
2014-10-24,343.6,344.0,338.05,338.9,5666.0
2014-10-27,341.1,341.95,337.65,339.8,5070.0
2014-10-28,341.1,345.4,340.8,344.95,5888.0
2014-10-29,346.8,349.9,346.05,348.75,4537.0
2014-10-30,348.7,349.2,346.2,347.95,3645.0
2014-10-31,348.0,352.65,346.25,352.5,6169.0
2014-11-03,352.45,356.2,351.8,353.85,5153.0
2014-11-04,354.0,356.4,353.05,354.25,4455.0
2014-11-05,355.3,356.15,352.6,353.75,3993.0
2014-11-06,353.5,354.9,348.6,349.1,5223.0
2014-11-07,349.95,352.2,347.9,352.1,5758.0
2014-11-10,354.25,357.75,353.1,357.75,4626.0
2014-11-11,357.7,359.05,356.35,356.7,3504.0
2014-11-12,355.65,356.5,351.55,351.55,5575.0
2014-11-13,352.75,355.3,351.95,354.7,4465.0
2014-11-14,355.8,356.1,353.45,354.75,3945.0
2014-11-17,355.5,358.5,351.75,352.2,5356.0
2014-11-18,353.5,354.4,347.7,348.8,5031.0
2014-11-19,350.75,354.75,349.85,353.15,2844.0
2014-11-20,355.5,360.8,355.5,360.3,5434.0
2014-11-21,360.5,362.25,359.2,362.0,5376.0
2014-11-24,363.0,364.55,360.5,360.9,4183.0
2014-11-25,360.85,362.8,359.25,361.35,4331.0
2014-11-26,362.1,363.2,360.8,362.65,3445.0
2014-11-27,363.75,368.0,363.7,365.75,4703.0
2014-11-28,366.9,366.9,365.2,365.7,3047.0
2014-12-01,360.0,366.8,358.65,364.7,6522.0
2014-12-02,362.8,362.95,359.05,359.75,5529.0
2014-12-03,361.0,366.65,359.3,366.5,5751.0
2014-12-04,367.1,369.3,366.5,367.6,4413.0
2014-12-05,367.45,367.75,364.95,365.5,4377.0
2014-12-08,367.25,367.5,363.0,363.0,4528.0
2014-12-09,361.55,363.65,361.05,361.5,4171.0
2014-12-10,360.85,362.5,357.0,358.4,6292.0
2014-12-11,355.05,358.95,355.0,357.3,4226.0
2014-12-12,358.0,359.95,357.5,358.05,3303.0
2014-12-15,355.8,360.45,354.8,360.35,4254.0
2014-12-16,358.05,359.55,355.8,356.25,5421.0
2014-12-17,355.6,356.25,350.5,350.8,2167.0
2014-12-18,353.7,355.0,351.5,351.5,4526.0
2014-12-19,356.0,360.2,356.0,359.0,6666.0
2014-12-22,358.55,362.8,358.45,362.75,4990.0
2014-12-23,364.0,364.7,361.8,362.65,3355.0
2014-12-24,362.35,364.5,361.95,364.35,3689.0
2014-12-25,363.65,365.55,363.65,364.45,1786.0
2014-12-26,364.3,366.6,363.95,366.5,3053.0
2014-12-27,366.4,367.2,366.0,367.1,734.0
2014-12-29,366.95,371.75,366.55,371.0,4415.0
2014-12-30,371.85,372.85,368.5,369.8,3566.0
2014-12-31,369.2,370.2,368.0,369.65,2598.0
2015-01-05,368.35,370.65,365.1,369.75,4640.0
2015-01-06,365.65,365.75,359.0,360.95,5687.0
2015-01-07,359.8,363.2,359.65,361.15,4045.0
2015-01-08,365.0,370.8,364.65,370.65,5607.0
2015-01-09,373.0,373.75,367.6,368.0,5425.0
2015-01-12,367.05,368.6,364.8,364.85,4650.0
2015-01-13,365.9,368.05,363.7,367.15,5067.0
2015-01-14,366.3,366.65,363.0,363.7,4088.0
2015-01-15,365.0,367.0,363.1,366.0,5058.0
2015-01-16,367.4,369.8,363.5,364.25,7522.0
2015-01-19,368.85,369.9,365.3,367.4,4233.0
2015-01-20,369.0,370.95,366.8,370.9,5136.0
2015-01-21,372.15,373.2,371.4,372.15,2216.0
2015-01-22,374.05,375.9,373.35,374.9,3568.0
2015-01-23,377.45,380.75,377.25,380.2,4649.0
2015-01-26,379.3,381.55,379.05,381.25,2926.0
2015-01-27,383.95,384.5,381.65,383.9,3893.0
2015-01-28,382.15,384.7,381.85,384.35,3182.0
2015-01-29,382.85,382.9,378.8,379.25,5032.0
2015-01-30,380.75,381.15,376.45,376.9,4424.0
2015-02-02,376.3,378.3,375.0,377.7,3894.0
2015-02-03,378.0,380.45,376.3,379.6,4859.0
2015-02-04,382.3,382.95,380.8,382.0,3510.0
2015-02-05,381.6,382.0,378.8,380.9,4072.0
2015-02-06,382.0,382.0,377.65,378.2,4387.0
2015-02-09,377.25,378.4,375.8,377.65,2923.0
2015-02-10,378.0,378.3,374.6,375.4,4371.0
2015-02-11,377.4,380.6,377.4,379.45,5174.0
2015-02-12,380.25,380.65,378.65,379.9,3043.0
2015-02-13,382.0,382.85,380.8,381.0,3160.0
2015-02-24,383.85,387.05,383.7,385.8,2543.0
2015-02-25,388.75,390.0,387.95,389.7,3145.0
2015-02-26,389.25,389.5,386.55,387.4,3753.0
2015-03-02,387.05,389.6,386.2,387.05,3516.0
2015-03-03,388.2,388.65,384.8,387.1,4168.0
2015-03-04,386.0,388.2,385.0,387.3,3318.0
2015-03-05,387.25,387.9,384.9,386.7,4194.0
2015-03-06,387.0,388.15,385.3,388.15,3820.0
2015-03-09,386.0,386.25,383.4,384.75,4117.0
2015-03-10,384.4,384.8,381.5,382.8,4310.0
2015-03-11,380.0,383.9,379.2,382.55,5075.0
2015-03-12,382.8,385.75,382.3,385.55,4300.0
2015-03-13,386.0,387.15,384.95,385.95,3822.0
2015-03-16,385.1,385.55,382.1,382.7,4583.0
2015-03-17,384.6,387.0,383.35,383.45,5570.0
2015-03-18,383.55,387.8,383.55,387.2,2663.0
2015-03-19,390.1,393.1,389.7,392.9,5514.0
2015-03-20,391.8,393.65,391.65,393.25,3176.0
2015-03-23,393.15,394.2,392.3,393.3,3125.0
2015-03-24,392.2,393.65,390.95,391.85,4210.0
2015-03-25,392.25,392.3,389.35,390.1,3636.0
2015-03-26,385.7,386.0,382.9,383.9,6105.0
2015-03-27,384.0,385.0,379.0,379.75,5669.0
2015-03-30,378.75,380.1,377.85,379.4,3959.0
2015-03-31,381.35,382.2,378.7,380.7,5366.0
2015-04-01,379.45,379.5,376.85,377.4,4505.0
2015-04-02,378.5,383.1,378.45,382.35,5309.0
2015-04-07,383.5,383.5,381.55,382.1,3358.0
2015-04-08,382.25,382.25,377.6,378.15,4971.0
2015-04-09,379.0,382.1,377.05,377.05,6616.0
2015-04-10,379.4,381.55,378.7,380.7,5441.0
2015-04-13,382.0,382.25,380.2,381.0,4138.0
2015-04-14,381.05,381.45,379.8,380.5,3675.0
2015-04-15,379.1,380.3,373.85,373.95,3884.0
2015-04-16,376.0,379.95,375.55,379.7,6233.0
2015-04-17,378.0,378.35,375.0,375.65,5192.0
2015-04-20,373.75,375.9,372.55,375.05,5611.0
2015-04-21,375.95,377.3,373.5,374.0,4335.0
2015-04-22,374.65,377.95,374.55,376.6,5550.0
2015-04-23,378.75,384.6,378.55,384.1,8757.0
2015-04-24,386.0,392.3,385.5,388.75,10990.0
2015-04-27,389.6,392.75,389.4,391.3,7182.0
2015-04-28,392.95,392.95,387.55,388.85,6603.0
2015-04-29,388.3,388.3,381.6,382.95,8417.0
2015-04-30,383.0,383.2,380.2,381.05,5268.0
2015-05-04,382.7,383.0,378.2,381.45,6921.0
2015-05-05,381.4,381.4,378.1,380.0,5500.0
2015-05-06,378.0,381.6,377.45,380.35,6882.0
2015-05-07,378.0,378.9,376.35,377.55,4990.0
2015-05-08,378.2,378.7,375.55,376.0,4750.0
2015-05-11,378.8,379.65,372.95,375.4,7309.0
2015-05-12,375.6,375.85,371.6,373.4,5742.0
2015-05-13,373.65,377.0,373.0,376.7,6124.0
2015-05-14,376.05,377.0,372.25,372.25,6226.0
2015-05-15,374.0,374.5,370.85,371.7,6439.0
2015-05-18,373.45,373.7,371.45,372.65,5316.0
2015-05-19,373.4,377.35,372.65,376.95,6575.0
2015-05-20,377.2,378.0,368.85,376.35,2752.0
2015-05-21,376.3,376.4,372.8,373.3,6486.0
2015-05-22,374.5,377.9,373.35,376.6,5993.0
2015-05-25,375.9,379.15,374.9,378.0,5172.0
2015-05-26,377.5,382.0,377.0,379.1,4902.0
2015-05-27,377.2,379.7,376.7,378.25,5176.0
2015-05-28,381.0,382.85,380.55,382.35,5863.0
2015-05-29,382.8,384.25,381.2,382.15,4298.0
2015-06-01,380.95,382.25,376.7,377.9,5565.0
2015-06-02,376.1,378.4,375.2,376.3,4881.0
2015-06-03,377.0,377.75,374.45,374.55,5380.0
2015-06-04,374.8,374.85,364.7,365.3,8135.0
2015-06-05,364.5,366.45,362.3,364.7,5386.0
2015-06-08,364.5,366.65,360.85,364.8,5406.0
2015-06-09,362.95,365.1,358.2,359.1,7365.0
2015-06-10,361.3,363.9,360.15,361.15,4570.0
2015-06-11,363.2,363.25,359.5,362.5,5937.0
2015-06-12,362.3,363.4,359.95,362.05,4494.0
2015-06-15,361.9,363.4,360.0,361.15,4251.0
2015-06-16,360.9,361.3,357.6,359.25,5297.0
2015-06-17,360.0,362.5,359.5,360.25,2549.0
2015-06-18,355.5,355.8,353.6,355.4,4564.0
2015-06-22,357.3,361.15,357.0,359.6,4372.0
2015-06-23,361.3,363.8,361.0,362.15,4492.0
2015-06-24,362.35,362.65,360.55,362.65,2522.0
2015-06-25,363.0,367.65,362.8,367.1,5333.0
2015-06-26,366.2,366.7,364.7,365.65,2987.0
2015-06-29,361.6,361.7,356.5,358.0,4504.0
2015-06-30,358.65,360.15,357.0,359.95,3852.0
2015-07-01,359.0,364.95,359.0,364.3,4791.0
2015-07-02,364.1,365.45,362.75,363.45,3531.0
2015-07-03,363.2,364.8,360.0,364.45,4436.0
2015-07-06,362.0,364.35,359.4,359.75,4469.0
2015-07-07,362.0,363.8,359.3,360.7,4302.0
2015-07-08,358.85,359.25,346.65,348.15,7081.0
2015-07-09,342.75,347.45,339.15,345.65,5874.0
2015-07-13,347.8,350.65,346.3,350.05,4784.0
2015-07-14,351.4,353.9,348.7,348.7,4257.0
2015-07-15,351.35,352.45,348.8,350.05,2158.0
2015-07-16,345.6,348.4,344.6,345.55,4049.0
2015-07-17,346.0,347.4,344.2,344.95,4810.0
2015-07-20,346.35,349.9,340.8,342.45,4922.0
2015-07-21,343.65,346.9,341.35,346.7,3734.0
2015-07-22,344.0,344.15,339.2,340.05,4480.0
2015-07-23,339.15,339.6,332.0,334.55,5618.0
2015-07-24,333.05,335.4,330.95,332.25,3638.0
2015-07-27,329.55,331.85,324.55,324.9,5319.0
2015-07-28,324.5,329.45,324.5,327.5,5730.0
2015-07-29,327.6,328.45,323.4,325.55,5338.0
2015-07-30,327.6,331.0,326.0,329.85,5040.0
2015-07-31,329.95,331.1,327.25,328.8,4809.0
2015-08-03,327.6,327.6,321.05,321.55,6103.0
2015-08-04,322.75,325.45,318.1,320.7,7229.0
2015-08-05,321.75,322.55,319.35,321.8,5636.0
2015-08-06,323.05,324.75,315.05,316.5,6812.0
2015-08-07,314.25,318.2,312.55,317.0,6187.0
2015-08-10,316.55,318.65,312.75,318.05,6365.0
2015-08-11,322.15,324.3,317.3,317.3,7622.0
2015-08-12,318.0,318.95,314.5,316.25,6891.0
2015-08-13,319.0,319.55,315.0,318.5,6346.0
2015-08-14,317.15,318.5,314.75,317.2,4633.0
2015-08-17,318.1,318.1,312.3,312.8,4806.0
2015-08-18,313.5,316.15,312.35,312.5,5884.0
2015-08-19,312.8,313.85,305.7,306.1,3009.0
2015-08-20,302.85,307.1,301.6,304.6,5841.0
2015-08-21,298.5,301.0,294.4,294.5,6139.0
2015-08-24,290.45,292.2,267.65,279.85,10819.0
2015-08-25,282.95,293.55,280.2,292.0,6642.0
2015-08-26,289.6,294.05,285.4,290.95,6220.0
2015-08-27,293.15,296.75,291.7,294.0,6246.0
2015-08-28,298.8,303.6,298.45,300.7,4514.0
2015-08-31,298.6,307.6,297.95,304.5,4293.0
2015-09-01,301.5,304.75,298.1,299.9,4901.0
2015-09-02,297.1,306.75,296.15,304.65,5576.0
2015-09-03,305.8,307.4,303.3,306.8,4541.0
2015-09-04,305.2,310.45,301.55,302.25,4766.0
2015-09-07,301.0,307.55,300.65,304.25,4377.0
2015-09-08,304.3,307.3,303.2,306.6,3861.0
2015-09-09,312.2,322.9,311.8,322.35,6344.0
2015-09-10,317.0,319.3,315.65,317.2,4167.0
2015-09-11,315.55,320.25,314.5,318.9,4433.0
2015-09-14,320.55,322.7,317.5,319.4,4802.0
2015-09-15,320.8,322.05,317.1,317.5,5291.0
2015-09-16,320.95,322.75,319.95,321.45,2432.0
2015-09-17,322.9,326.5,322.35,325.65,3659.0
2015-09-18,324.5,325.9,323.65,325.5,3047.0
2015-09-21,321.3,321.6,317.6,319.0,3373.0
2015-09-22,320.0,321.25,319.2,320.75,2086.0
2015-09-23,317.05,317.95,312.35,312.35,3684.0
2015-09-24,314.75,316.75,309.15,310.3,4384.0
2015-09-25,312.0,313.75,308.95,312.95,4753.0
2015-09-30,308.4,316.15,307.8,314.95,4434.0
2015-10-01,316.65,321.75,314.1,321.35,5208.0
2015-10-02,320.25,321.2,318.35,319.65,2861.0
2015-10-05,322.35,323.7,319.25,321.1,3886.0
2015-10-06,325.25,326.8,321.75,322.1,4339.0
2015-10-07,322.15,327.15,321.55,326.85,3602.0
2015-10-08,328.95,329.85,325.35,326.25,4483.0
2015-10-12,328.4,330.75,327.25,330.0,3540.0
2015-10-13,330.35,330.8,328.0,329.5,2818.0
2015-10-14,328.45,330.2,327.4,329.1,2600.0
2015-10-15,331.65,335.75,331.55,333.2,4623.0
2015-10-16,332.2,332.75,330.6,332.05,2964.0
2015-10-19,332.6,333.5,329.75,330.3,3915.0
2015-10-20,331.0,333.3,330.85,333.3,3401.0
2015-10-21,334.3,334.85,329.5,330.8,1704.0
2015-10-22,330.4,332.75,329.55,331.0,2723.0
2015-10-23,337.0,337.7,333.55,334.6,3296.0
2015-10-26,336.55,338.1,336.0,336.7,2447.0
2015-10-27,335.95,336.45,333.2,334.7,2813.0
2015-10-28,334.55,335.6,331.4,332.6,3359.0
2015-10-29,334.5,335.0,329.6,329.6,3375.0
2015-10-30,329.1,330.55,326.45,329.6,4717.0
2015-11-02,328.2,331.2,327.55,330.85,3632.0
2015-11-03,333.85,337.2,333.6,336.6,2909.0
2015-11-04,338.9,344.85,338.6,344.7,4962.0
2015-11-05,343.85,345.25,342.55,344.3,3092.0
2015-11-06,343.85,343.85,335.75,337.05,5006.0
2015-11-09,338.0,339.3,334.2,334.7,3703.0
2015-11-10,332.8,334.1,330.9,332.0,2859.0
2015-11-11,330.9,332.35,324.3,324.9,5194.0
2015-11-12,325.7,328.2,323.7,327.95,3208.0
2015-11-13,325.0,328.8,322.9,324.25,4526.0
2015-11-16,320.95,322.8,318.95,321.45,3355.0
2015-11-17,324.8,330.6,324.6,328.9,4189.0
2015-11-18,327.95,329.6,324.75,325.1,1394.0
2015-11-19,326.6,330.35,325.4,330.25,3966.0
2015-11-20,330.0,331.45,328.8,330.6,2603.0
2015-11-23,331.95,333.35,328.6,331.6,2954.0
2015-11-24,331.5,332.0,327.2,327.85,3781.0
2015-11-25,328.8,328.8,325.0,328.05,3248.0
2015-11-26,329.0,332.65,329.0,332.0,3544.0
2015-11-27,333.0,333.45,327.2,327.45,3268.0
2015-11-30,325.55,326.5,321.0,324.5,5275.0
2015-12-01,326.8,332.1,325.6,331.75,4052.0
2015-12-02,330.7,333.9,330.25,332.45,3071.0
2015-12-03,330.5,334.1,329.3,333.15,3364.0
2015-12-04,328.9,331.6,328.0,330.85,3425.0
2015-12-07,334.45,337.0,333.75,334.85,3736.0
2015-12-08,333.9,334.25,329.7,329.85,3297.0
2015-12-09,328.5,330.1,325.6,325.9,3635.0
2015-12-10,324.5,325.85,321.3,325.0,4689.0
2015-12-11,326.0,327.35,320.15,320.4,3984.0
2015-12-14,315.55,319.3,315.3,319.1,4121.0
2015-12-15,321.0,323.0,319.0,319.25,4038.0
2015-12-16,323.4,325.25,321.8,324.9,1665.0
2015-12-17,325.0,329.0,323.6,328.45,3518.0
2015-12-18,326.6,330.75,326.15,327.05,3527.0
2015-12-21,324.8,329.35,323.6,329.3,3584.0
2015-12-22,328.35,329.5,325.85,327.85,3016.0
2015-12-23,329.45,330.65,327.45,327.8,3106.0
2015-12-24,329.8,331.35,327.1,328.0,2766.0
2015-12-25,329.0,331.15,327.1,331.0,1886.0
2015-12-28,330.9,331.6,329.75,329.85,1912.0
2015-12-29,328.8,329.9,325.25,325.5,4248.0
2015-12-30,327.05,327.6,324.4,325.2,2763.0
2015-12-31,324.5,327.05,324.5,326.1,2449.0
2016-01-04,325.5,326.3,317.15,318.7,4954.0
2016-01-05,319.6,320.35,315.95,316.5,5429.0
2016-01-06,316.0,316.8,309.4,312.55,6395.0
2016-01-07,312.0,312.25,302.4,305.7,5889.0
2016-01-08,303.45,309.4,303.05,309.1,5264.0
2016-01-11,304.25,306.6,301.55,305.0,4418.0
2016-01-12,306.9,307.55,302.3,303.1,3865.0
2016-01-13,305.55,308.8,304.15,307.1,4252.0
2016-01-14,301.45,303.25,298.4,303.0,3204.0
2016-01-15,307.55,308.6,302.4,303.65,4695.0
2016-01-18,296.1,310.6,295.5,309.35,6620.0
2016-01-19,309.0,312.65,307.5,312.4,4739.0
2016-01-20,309.55,310.1,304.0,305.15,2807.0
2016-01-21,302.25,305.4,300.8,302.8,4838.0
2016-01-22,307.0,309.35,304.6,309.0,3926.0
2016-01-25,310.45,313.85,309.7,312.0,3787.0
2016-01-26,309.6,311.45,309.0,310.5,3128.0
2016-01-27,312.9,313.65,311.1,313.4,2746.0
2016-01-28,312.0,315.3,310.75,313.9,4003.0
2016-01-29,312.55,321.2,311.8,320.75,5572.0
2016-01-30,322.3,324.4,322.3,323.8,1639.0
2016-02-01,322.8,324.5,320.8,322.7,3903.0
2016-02-02,321.5,322.95,319.9,322.35,3103.0
2016-02-03,320.0,322.9,319.65,321.2,4065.0
2016-02-15,318.1,322.85,315.2,321.6,4954.0
2016-02-16,322.25,328.5,322.25,327.2,5584.0
2016-02-17,327.35,330.35,327.35,328.75,2440.0
2016-02-18,331.6,333.1,329.45,331.65,3485.0
2016-02-19,330.55,332.95,330.3,332.4,2740.0
2016-02-22,331.65,336.0,330.35,332.1,3278.0
2016-02-23,333.45,333.45,330.0,331.95,3328.0
2016-02-24,330.95,334.15,327.1,328.1,3568.0
2016-02-25,330.2,334.35,329.7,332.95,3659.0
2016-02-26,334.35,335.95,330.35,333.9,3190.0
2016-03-01,332.25,338.75,332.25,337.5,3371.0
2016-03-02,341.85,342.85,339.55,340.35,2699.0
2016-03-03,341.0,342.8,339.4,340.6,3061.0
2016-03-04,340.6,342.15,339.65,341.75,3228.0
2016-03-07,341.15,343.35,338.45,340.5,4276.0
2016-03-08,341.0,341.0,336.15,340.5,4099.0
2016-03-09,340.2,341.9,338.8,341.6,3005.0
2016-03-10,342.1,344.75,341.45,343.45,4252.0
2016-03-11,342.7,346.55,342.2,346.55,3234.0
2016-03-14,347.5,350.1,347.3,348.85,2738.0
2016-03-15,349.1,349.25,342.65,343.9,4958.0
2016-03-16,346.0,347.45,345.0,347.35,1801.0
2016-03-17,349.4,351.95,346.55,347.2,3838.0
2016-03-18,348.3,350.3,347.0,349.85,3010.0
2016-03-21,351.3,352.15,347.55,350.2,3219.0
2016-03-22,351.0,351.0,344.8,349.0,4106.0
2016-03-23,348.85,350.2,346.15,347.6,3302.0
2016-03-24,346.45,348.5,344.25,346.8,3566.0
2016-03-25,347.3,348.7,344.75,346.2,2484.0
2016-03-28,346.8,347.25,344.25,345.85,2591.0
2016-03-29,345.8,347.0,342.0,343.6,4008.0
2016-03-30,345.6,350.35,344.75,350.0,3905.0
2016-03-31,351.5,352.55,346.9,348.25,4926.0
2016-04-01,346.55,346.75,342.7,344.0,4167.0
2016-04-06,341.9,342.8,336.75,337.0,4282.0
2016-04-07,337.8,339.25,334.45,337.1,4071.0
2016-04-08,334.7,340.05,334.55,339.5,4146.0
2016-04-11,338.15,341.55,336.55,340.7,3107.0
2016-04-12,341.2,342.8,338.05,339.0,4282.0
2016-04-13,340.6,345.1,340.2,344.8,3861.0
2016-04-14,347.7,348.0,344.05,344.8,3057.0
2016-04-15,342.5,346.65,340.1,346.6,4459.0
2016-04-18,343.5,344.95,342.7,342.95,2768.0
2016-04-19,345.4,347.65,340.0,341.65,5526.0
2016-04-20,342.2,343.25,336.55,336.8,2443.0
2016-04-21,335.7,337.65,334.2,337.35,3924.0
2016-04-22,336.4,337.65,333.7,335.1,5137.0
2016-04-25,335.85,336.65,333.4,335.05,4115.0
2016-04-26,335.55,339.15,335.25,337.75,4434.0
2016-04-27,336.95,338.35,334.0,336.55,4016.0
2016-04-28,337.75,339.0,330.15,330.5,5233.0
2016-04-29,328.2,329.5,325.85,326.0,4599.0
2016-05-03,326.45,326.6,321.15,323.15,4256.0
2016-05-04,322.5,323.8,318.3,321.2,4474.0
2016-05-05,320.5,321.5,318.0,320.05,4093.0
2016-05-06,319.35,319.7,316.65,317.5,3533.0
2016-05-09,319.2,320.35,317.25,318.5,3374.0
2016-05-10,318.6,321.95,317.5,321.1,4481.0
2016-05-11,321.95,322.8,318.85,319.85,3576.0
2016-05-12,318.55,320.85,317.05,317.1,3176.0
2016-05-13,316.65,317.35,312.1,314.55,5436.0
2016-05-16,315.3,318.15,314.1,317.25,4929.0
2016-05-17,317.95,320.8,316.35,320.55,4505.0
2016-05-18,318.65,320.8,317.2,320.6,2114.0
2016-05-19,319.0,319.75,315.3,316.05,4623.0
2016-05-20,316.2,320.45,316.2,319.6,4903.0
2016-05-23,320.45,331.7,319.4,331.55,5858.0
2016-05-24,330.85,330.95,328.3,328.7,3184.0
2016-05-25,331.0,334.2,331.0,332.8,4183.0
2016-05-26,333.0,334.6,332.35,333.8,2394.0
2016-05-27,335.6,337.45,334.35,337.45,2979.0
2016-05-30,337.8,339.55,336.0,338.75,3013.0
2016-05-31,338.35,340.7,336.85,339.4,2730.0
2016-06-01,338.2,343.55,337.8,342.35,2757.0
2016-06-02,342.0,343.6,339.85,341.4,2729.0
2016-06-03,341.6,343.55,341.25,343.5,2428.0
2016-06-04,343.4,344.35,343.15,344.0,889.0
2016-06-06,343.95,347.5,342.1,345.3,5608.0
2016-06-07,346.25,349.6,346.25,348.9,3211.0
2016-06-08,348.9,352.2,348.85,351.7,2950.0
2016-06-13,348.3,348.35,342.55,343.55,3798.0
2016-06-14,342.2,346.2,341.7,346.15,3613.0
2016-06-15,345.0,347.05,342.95,346.8,2026.0
2016-06-16,339.15,339.15,332.55,334.25,4040.0
2016-06-17,336.8,340.3,336.8,338.45,3016.0
2016-06-20,343.05,344.1,339.9,341.55,3004.0
2016-06-21,341.45,343.35,340.5,343.35,3017.0
2016-06-22,342.95,343.45,341.15,342.85,2537.0
2016-06-23,343.0,343.4,341.55,343.0,2018.0
2016-06-24,343.0,345.15,326.65,331.5,10153.0
2016-06-27,332.65,336.7,332.2,336.3,4095.0
2016-06-28,334.2,338.8,333.75,338.55,4456.0
2016-06-29,339.15,344.25,339.15,341.95,3726.0
2016-06-30,343.7,346.8,342.1,346.2,3885.0
2016-07-01,348.4,351.25,348.25,350.5,3215.0
2016-07-04,350.65,352.85,349.25,351.5,2637.0
2016-07-05,349.45,351.05,348.35,350.25,2618.0
2016-07-06,347.8,347.8,342.6,344.15,3786.0
2016-07-07,345.65,349.3,345.65,349.05,3556.0
2016-07-11,354.5,357.8,354.5,357.5,3436.0
2016-07-12,357.7,360.0,357.45,358.95,2538.0
2016-07-13,360.45,360.45,355.2,358.1,3708.0
2016-07-14,358.1,359.5,356.3,358.5,3396.0
2016-07-15,359.65,362.9,358.8,362.65,3647.0
2016-07-18,362.0,365.75,361.9,365.75,3739.0
2016-07-19,366.75,367.9,364.55,366.3,4454.0
2016-07-20,365.3,366.95,364.1,365.65,1898.0
2016-07-21,362.75,366.85,362.05,365.9,3348.0
2016-07-22,364.9,365.75,363.2,363.35,2798.0
2016-07-25,365.5,367.25,357.65,362.0,4719.0
2016-07-26,360.85,365.3,360.6,365.3,3107.0
2016-07-27,368.5,369.5,366.1,367.4,4021.0
2016-07-28,366.9,368.65,364.5,367.1,3084.0
2016-07-29,367.95,368.8,363.0,363.1,4009.0
2016-08-01,365.0,370.2,364.95,370.2,2783.0
2016-08-02,368.5,370.4,368.4,369.65,2005.0
2016-08-03,365.25,367.0,362.95,365.5,3356.0
2016-08-04,367.0,367.5,363.9,367.35,3204.0
2016-08-05,367.8,371.3,367.5,370.6,2797.0
2016-08-08,374.65,374.7,371.25,373.05,2652.0
2016-08-09,373.0,374.5,372.3,372.7,2394.0
2016-08-10,373.6,374.0,371.45,372.5,2553.0
2016-08-11,371.0,372.1,365.75,368.9,4235.0
2016-08-12,370.35,371.2,368.9,369.9,2904.0
2016-08-15,370.0,372.15,369.05,371.4,3265.0
2016-08-16,372.95,372.95,367.7,369.3,4255.0
2016-08-17,368.6,370.4,368.35,370.35,1674.0
2016-08-18,364.5,366.0,363.75,365.5,3866.0
2016-08-19,366.45,368.75,361.95,362.05,5611.0
2016-08-22,362.2,363.4,359.4,360.8,4287.0
2016-08-23,361.65,364.45,361.65,364.1,3010.0
2016-08-24,364.7,365.6,363.3,364.0,2177.0
2016-08-25,363.4,369.7,363.4,369.7,3667.0
2016-08-26,369.85,370.0,368.0,369.65,1706.0
2016-08-29,368.5,369.4,364.25,367.75,3060.0
2016-08-30,368.85,369.8,366.4,367.05,2542.0
2016-08-31,366.4,368.2,364.8,365.75,3457.0
2016-09-01,365.7,366.35,363.0,365.5,4415.0
2016-09-02,366.25,367.6,363.3,364.3,3213.0
2016-09-05,366.75,370.15,366.75,369.9,2939.0
2016-09-06,370.0,374.0,369.7,373.8,2718.0
2016-09-07,374.2,379.15,373.85,378.4,3089.0
2016-09-08,378.0,378.25,376.55,377.55,1805.0
2016-09-09,375.15,375.15,371.4,372.3,3112.0
2016-09-10,364.35,367.7,363.85,365.3,2011.0
2016-09-12,366.5,366.7,362.85,363.1,2853.0
2016-09-13,366.05,366.75,359.9,363.75,3577.0
2016-09-14,362.7,366.05,362.0,362.7,2631.0
2016-09-19,366.35,376.8,366.1,376.75,4537.0
2016-09-20,376.0,377.2,374.8,376.05,2968.0
2016-09-21,375.45,378.65,374.5,378.5,1859.0
2016-09-22,379.65,380.65,375.8,377.45,2569.0
2016-09-23,379.15,380.2,377.5,379.6,1819.0
2016-09-26,378.5,378.75,375.05,375.1,2332.0
2016-09-29,378.15,381.55,377.8,379.6,2934.0
2016-09-30,377.1,377.95,374.4,374.65,2682.0
2016-10-03,378.0,379.4,376.3,377.95,1575.0
2016-10-04,378.0,380.65,377.5,380.0,1431.0
2016-10-05,378.3,381.0,377.0,379.85,1468.0
2016-10-06,381.55,381.7,378.6,380.7,1485.0
2016-10-07,380.8,381.3,379.6,380.45,1000.0
2016-10-11,382.95,384.75,376.2,378.5,3053.0
2016-10-12,377.6,382.0,377.6,381.45,1659.0
2016-10-13,381.7,382.0,378.2,379.45,1979.0
2016-10-14,379.9,379.9,376.15,377.4,2279.0
2016-10-17,378.0,379.2,373.25,377.8,3330.0
2016-10-18,378.3,379.1,376.75,378.75,2831.0
2016-10-19,379.45,381.95,379.0,380.7,1753.0
2016-10-20,380.5,381.65,379.1,380.9,1595.0
2016-10-21,379.85,383.65,379.8,380.6,2414.0
2016-10-24,381.7,383.3,380.85,382.95,1864.0
2016-10-25,384.4,387.35,383.55,386.25,2326.0
2016-10-26,385.0,385.5,384.0,384.4,1593.0
2016-10-27,383.45,384.85,381.45,382.05,1982.0
2016-10-28,382.05,383.0,380.3,380.95,1709.0
2016-10-31,380.0,382.3,377.3,381.2,2591.0
2016-11-01,380.3,381.2,378.7,380.85,1534.0
2016-11-02,376.3,378.2,374.85,375.2,2517.0
2016-11-03,374.3,375.45,371.2,371.65,2393.0
2016-11-04,370.55,372.5,370.25,370.75,1679.0
2016-11-07,373.8,376.6,373.25,376.4,2327.0
2016-11-08,377.25,377.9,374.1,376.25,2120.0
2016-11-09,376.75,379.45,362.0,363.05,6672.0
2016-11-10,370.0,373.55,369.5,372.55,2879.0
2016-11-11,365.65,365.8,360.55,361.2,4029.0
2016-11-14,361.95,362.0,357.4,359.5,3327.0
2016-11-15,356.4,359.95,356.4,358.8,3181.0
2016-11-16,362.2,363.25,360.8,361.0,2303.0
2016-11-17,360.15,361.3,358.9,360.4,2753.0
2016-11-18,361.3,363.35,359.8,362.65,2932.0
2016-11-21,361.8,363.6,361.8,363.0,1697.0
2016-11-22,364.45,369.55,364.45,368.6,2601.0
2016-11-23,369.25,371.4,368.75,370.35,1689.0
2016-11-24,369.4,369.4,366.7,367.9,2464.0
2016-11-25,367.25,368.85,367.0,367.5,2047.0
2016-11-28,366.95,370.75,366.45,369.8,2582.0
2016-11-29,369.25,371.25,368.85,368.9,2134.0
2016-11-30,369.05,370.4,367.45,369.35,2248.0
2016-12-01,368.25,370.0,368.0,369.55,2268.0
2016-12-02,362.8,364.4,362.5,363.65,3368.0
2016-12-05,363.05,364.2,362.0,363.45,2306.0
2016-12-06,366.9,369.9,366.7,368.6,2419.0
2016-12-07,370.3,370.85,368.5,369.0,1546.0
2016-12-08,373.75,374.0,371.9,373.65,2168.0
2016-12-09,373.65,374.85,373.4,374.05,1449.0
2016-12-12,375.1,376.0,372.0,372.25,2713.0
2016-12-13,371.5,373.4,371.5,373.3,1455.0
2016-12-14,374.85,375.2,373.0,374.1,1827.0
2016-12-15,372.25,374.95,370.9,374.7,2865.0
2016-12-16,374.8,374.8,371.5,371.5,2171.0
2016-12-19,371.0,371.65,368.45,368.55,3922.0
2016-12-20,369.45,369.95,366.7,368.95,2618.0
2016-12-21,369.6,369.85,367.2,367.75,1753.0
2016-12-22,366.5,366.85,364.15,364.2,2416.0
2016-12-23,363.95,365.3,362.9,363.3,2023.0
2016-12-26,363.9,364.8,363.3,364.55,1269.0
2016-12-27,364.8,365.05,363.8,364.7,981.0
2016-12-28,364.7,368.2,364.55,368.15,2018.0
2016-12-29,366.65,368.65,366.2,367.05,1672.0
2016-12-30,367.95,371.0,367.8,369.5,1861.0
2017-01-03,369.7,371.5,368.75,371.4,1934.0
2017-01-04,371.5,372.4,370.4,371.4,1705.0
2017-01-05,371.9,374.55,371.0,374.1,2580.0
2017-01-06,374.75,376.1,374.15,375.65,1585.0
2017-01-09,376.5,377.5,373.5,374.5,2270.0
2017-01-10,374.5,375.8,374.1,374.95,1858.0
2017-01-11,377.0,377.3,373.9,373.9,1982.0
2017-01-12,373.8,377.8,373.75,377.4,2443.0
2017-01-13,375.5,375.95,374.1,375.4,2650.0
2017-01-16,375.35,375.35,372.2,372.6,2518.0
2017-01-17,372.1,375.15,372.1,375.05,1904.0
2017-01-18,375.1,375.95,373.9,375.85,1302.0
2017-01-19,376.0,376.2,372.2,374.65,2013.0
2017-01-20,373.65,375.9,373.6,375.7,1348.0
2017-01-23,375.1,379.45,375.05,379.05,1808.0
2017-01-24,380.0,381.85,378.8,381.2,1575.0
2017-02-02,383.5,384.0,378.8,378.9,2409.0
2017-02-03,380.55,381.75,379.8,381.1,1452.0
2017-02-06,382.5,382.95,381.15,382.35,2102.0
2017-02-07,382.25,383.3,381.4,382.85,1573.0
2017-02-08,382.5,383.8,381.0,383.5,1983.0
2017-02-09,383.9,386.45,383.3,386.2,1889.0
2017-02-10,386.75,390.2,386.6,389.05,3128.0
2017-02-13,389.3,391.05,389.2,391.05,2035.0
2017-02-14,392.35,394.05,391.5,391.8,2600.0
2017-02-15,392.0,394.35,391.95,394.25,1243.0
2017-02-16,394.95,395.55,392.15,392.55,2436.0
2017-02-17,392.05,394.0,392.05,393.3,1465.0
2017-02-18,394.15,394.6,393.6,394.6,574.0
2017-02-20,394.45,395.8,393.0,394.1,1834.0
2017-02-21,394.2,394.65,392.5,394.0,1836.0
2017-02-22,394.3,396.2,394.05,394.6,2263.0
2017-02-23,394.4,396.5,393.8,394.6,2158.0
2017-02-24,394.25,395.35,392.85,394.5,2232.0
2017-03-01,393.65,394.3,390.35,390.65,2886.0
2017-03-02,393.7,394.3,389.25,390.5,3472.0
2017-03-03,389.2,389.6,388.0,388.3,1878.0
2017-03-06,388.45,389.75,388.15,389.55,1417.0
2017-03-07,389.95,391.75,389.9,391.4,1907.0
2017-03-08,391.9,393.8,391.1,392.9,2311.0
2017-03-09,392.55,392.55,388.8,389.6,2449.0
2017-03-10,389.6,390.15,386.4,388.85,2925.0
2017-03-13,389.6,392.2,389.6,392.15,2177.0
2017-03-14,393.0,394.95,393.0,394.1,2015.0
2017-03-15,393.65,394.45,393.35,393.8,1349.0
2017-03-16,396.35,398.95,396.05,398.7,3002.0
2017-03-17,399.0,401.5,398.85,401.5,1596.0
2017-03-20,400.35,402.65,400.2,402.2,1618.0
2017-03-21,403.5,406.9,403.15,406.1,2526.0
2017-03-22,401.6,403.95,401.6,403.35,2456.0
2017-03-23,405.5,405.8,403.05,404.1,1860.0
2017-03-24,404.8,405.0,402.8,402.95,1432.0
2017-03-27,402.5,404.6,401.45,402.25,2673.0
2017-03-28,405.5,405.5,400.15,403.5,3622.0
2017-03-29,405.0,405.0,401.2,401.65,2236.0
2017-03-30,401.9,402.95,400.8,401.55,2500.0
2017-03-31,401.8,402.5,399.8,399.85,1854.0
2017-04-05,401.35,407.1,401.3,406.9,3988.0
2017-04-06,405.45,406.0,403.8,404.55,1914.0
2017-04-07,405.05,405.3,399.2,403.6,3658.0
2017-04-10,403.6,404.3,402.55,403.55,1592.0
2017-04-11,403.05,405.0,400.9,401.3,2602.0
2017-04-12,401.4,401.95,399.6,401.4,1952.0
2017-04-13,400.0,404.25,400.0,403.1,2860.0
2017-04-14,401.0,401.3,398.2,398.5,3139.0
2017-04-17,399.85,400.0,396.5,398.45,3409.0
2017-04-18,400.2,400.45,398.05,398.75,1980.0
2017-04-19,397.6,397.75,395.55,395.55,3678.0
2017-04-20,393.5,396.0,393.5,394.55,1926.0
2017-04-21,397.0,398.8,396.15,398.4,1960.0
2017-04-24,400.0,401.55,397.7,398.9,2550.0
2017-04-25,400.5,403.65,400.05,403.3,2875.0
2017-04-26,405.2,406.0,404.0,404.75,2072.0
2017-04-27,404.25,405.65,403.6,405.4,2050.0
2017-04-28,405.65,407.8,405.5,406.95,2135.0
2017-05-02,409.3,412.3,409.2,410.8,2359.0
2017-05-03,411.05,412.8,410.8,411.55,2089.0
2017-05-04,412.7,412.95,411.0,412.95,1798.0
2017-05-05,412.0,412.65,410.75,410.9,2727.0
2017-05-08,412.9,414.6,412.05,414.1,2543.0
2017-05-09,414.85,418.9,414.1,415.2,4087.0
2017-05-10,417.6,418.25,415.8,417.85,2126.0
2017-05-11,417.7,419.5,416.8,418.9,2986.0
2017-05-12,418.8,419.25,417.15,417.6,2210.0
2017-05-15,417.65,420.1,417.15,420.0,3166.0
2017-05-16,420.05,420.15,417.3,417.85,3189.0
2017-05-17,416.8,417.8,416.15,417.05,2372.0
2017-05-18,411.25,415.4,410.8,415.4,3285.0
2017-05-19,416.15,416.45,414.7,414.75,1896.0
2017-05-22,416.45,416.95,415.1,416.85,1338.0
2017-05-23,417.8,419.5,416.85,418.25,2237.0
2017-05-24,418.95,419.45,418.4,419.2,1157.0
2017-05-25,420.0,422.95,420.0,422.95,2020.0
2017-05-26,423.35,423.35,421.2,422.3,1882.0
2017-05-31,422.3,422.95,418.75,418.85,2119.0
2017-06-01,419.3,422.3,419.0,422.25,1906.0
2017-06-02,424.0,426.1,423.5,426.0,1826.0
2017-06-03,427.15,427.25,425.5,427.25,899.0
2017-06-05,426.5,429.9,425.75,429.75,2471.0
2017-06-06,429.05,430.15,428.85,429.25,1385.0
2017-06-07,429.2,431.25,427.45,429.0,2691.0
2017-06-08,430.0,431.3,429.1,431.0,2448.0
2017-06-09,431.95,433.2,429.7,430.2,2635.0
2017-06-12,426.2,426.25,424.15,424.6,3543.0
2017-06-13,424.95,425.75,423.7,425.15,2610.0
2017-06-14,426.2,426.6,419.5,421.2,4462.0
2017-06-15,420.45,422.5,420.2,422.0,2796.0
2017-06-16,422.25,428.5,421.65,428.0,4414.0
2017-06-19,428.7,433.05,428.3,432.6,2748.0
2017-06-20,434.5,440.5,434.05,438.8,4181.0
2017-06-21,436.2,439.75,435.55,439.7,2631.0
2017-06-22,434.05,435.5,433.05,434.6,3491.0
2017-06-23,434.5,435.3,433.15,433.8,2192.0
2017-06-26,434.0,441.0,433.3,439.65,5590.0
2017-06-27,439.5,440.1,438.0,438.0,2662.0
2017-06-28,434.2,436.3,432.3,432.95,3682.0
2017-06-29,436.0,437.3,432.7,433.85,3354.0
2017-06-30,429.75,431.4,428.3,431.0,3340.0
2017-07-03,430.7,433.2,430.3,431.9,2575.0
2017-07-04,431.0,431.1,426.9,427.0,4930.0
2017-07-05,426.95,432.0,425.6,431.8,4877.0
2017-07-06,432.8,433.8,429.3,430.05,3144.0
2017-07-07,428.1,429.25,427.1,427.1,3063.0
2017-07-10,428.6,429.8,427.15,428.3,2786.0
2017-07-11,430.1,437.6,430.05,436.95,4303.0
2017-07-12,436.5,438.0,436.05,436.7,2748.0
2017-07-13,439.5,441.7,437.7,440.1,3995.0
2017-07-14,438.85,439.85,438.25,439.1,2534.0
2017-07-17,441.1,442.9,439.05,440.05,4160.0
2017-07-18,439.0,442.65,438.8,442.4,3161.0
2017-07-19,443.0,446.7,442.65,444.75,2784.0
2017-07-20,442.3,442.8,440.2,440.9,2483.0
2017-07-21,440.0,440.2,436.9,437.6,3041.0
2017-07-24,436.8,439.8,436.05,439.55,2512.0
2017-07-25,440.4,441.5,439.15,440.8,2914.0
2017-07-26,441.9,442.7,438.45,438.65,3529.0
2017-07-27,440.1,444.45,440.1,444.15,3759.0
2017-07-28,441.05,441.7,438.1,438.25,3436.0
2017-07-31,438.3,440.3,436.5,439.85,2946.0
2017-08-01,439.8,442.45,439.8,440.15,2900.0
2017-08-02,443.0,446.2,443.0,445.95,3329.0
2017-08-03,444.0,444.0,401.8,443.0,3451.0
2017-08-04,442.7,444.6,442.35,443.55,2058.0
2017-08-07,444.9,449.15,444.9,448.8,2939.0
2017-08-08,450.3,450.75,446.4,448.15,3116.0
2017-08-09,446.0,446.9,443.15,443.6,3434.0
2017-08-10,444.9,445.35,437.9,439.0,4809.0
2017-08-11,433.9,438.65,433.6,437.75,3899.0
2017-08-14,440.25,440.95,433.05,433.15,5240.0
2017-08-15,437.9,438.6,435.6,437.8,3359.0
2017-08-16,437.0,438.15,433.7,434.9,2330.0
2017-08-17,435.6,437.7,434.85,436.7,3616.0
2017-08-18,433.5,435.0,432.35,434.7,3495.0
2017-08-21,434.9,435.8,433.15,435.35,2224.0
2017-08-22,437.8,440.7,437.35,440.2,2687.0
2017-08-23,442.6,443.6,439.85,440.7,2426.0
2017-08-24,441.8,445.0,440.95,444.85,2426.0
2017-08-25,445.25,446.4,444.0,446.25,1941.0
2017-08-28,445.95,446.8,444.55,445.45,2565.0
2017-08-29,443.8,444.8,442.6,444.25,1979.0
2017-08-30,446.8,448.35,446.0,447.45,2467.0
2017-08-31,448.9,450.0,447.05,447.55,2519.0
2017-09-01,448.75,449.8,447.25,449.3,2169.0
2017-09-04,448.05,450.4,447.2,449.3,2493.0
2017-09-05,450.2,451.1,447.95,450.5,2173.0
2017-09-06,448.4,450.2,445.5,447.5,3139.0
2017-09-07,448.9,450.05,445.1,445.6,3016.0
2017-09-08,446.25,449.4,446.25,449.15,3313.0
2017-09-11,452.0,453.2,447.75,448.7,3772.0
2017-09-12,451.0,451.75,449.1,450.1,2479.0
2017-09-13,450.0,450.6,445.75,446.25,4091.0
2017-09-14,446.3,447.7,444.75,447.05,2857.0
2017-09-15,447.0,449.3,445.4,449.2,3006.0
2017-09-18,450.8,453.25,450.35,452.4,3125.0
2017-09-19,453.1,453.6,449.55,450.05,3236.0
2017-09-20,449.95,450.5,446.25,447.0,3090.0
2017-09-21,446.2,451.1,444.2,450.75,4831.0
2017-09-22,449.7,449.95,442.95,443.1,4298.0
2017-09-25,443.1,443.75,436.8,436.8,4340.0
2017-09-26,435.05,438.5,432.2,432.2,3827.0
2017-09-27,435.05,437.0,434.5,435.95,3313.0
2017-09-28,437.6,437.95,434.55,436.55,4124.0
2017-09-29,436.4,437.6,434.7,437.3,2392.0
2017-09-30,439.55,441.3,439.4,440.9,1110.0
2017-10-02,441.3,445.0,441.1,444.65,2900.0
2017-10-03,445.35,446.5,443.9,446.1,2869.0
2017-10-05,446.0,448.9,444.85,448.05,2670.0
2017-10-06,449.4,449.95,447.65,448.9,2742.0
2017-10-11,450.3,456.15,450.05,455.35,4848.0
2017-10-12,457.0,460.75,456.0,460.65,3672.0
2017-10-13,460.7,461.95,459.0,461.85,2113.0
2017-10-16,464.0,464.6,462.2,464.4,2548.0
2017-10-17,465.6,466.0,461.85,461.85,2855.0
2017-10-18,462.7,465.2,461.2,462.45,2885.0
2017-10-19,463.0,466.8,462.5,464.9,3712.0
2017-10-20,463.8,465.3,461.8,463.7,3475.0
2017-10-23,465.1,466.4,463.4,463.7,2853.0
2017-10-24,462.8,464.5,462.55,463.95,1612.0
2017-10-25,465.0,465.8,462.9,463.25,2278.0
2017-10-26,462.3,464.3,461.2,463.55,2247.0
2017-10-27,464.95,466.8,460.9,461.55,3785.0
2017-10-30,465.9,469.15,463.95,465.45,4477.0
2017-10-31,466.0,469.05,465.0,468.3,3205.0
2017-11-01,470.65,470.85,467.5,468.8,3450.0
2017-11-02,466.2,468.5,466.15,466.75,2467.0
2017-11-03,468.0,468.7,464.95,466.55,2842.0
2017-11-06,467.45,469.85,465.65,466.4,3473.0
2017-11-07,467.75,470.4,467.5,470.2,2855.0
2017-11-08,469.55,470.4,468.5,468.8,1813.0
2017-11-09,469.6,469.6,462.75,463.3,3829.0
2017-11-10,461.6,464.0,459.55,463.25,3225.0
2017-11-13,462.85,463.15,459.9,460.2,3164.0
2017-11-14,460.3,461.65,457.45,459.8,3153.0
2017-11-15,457.0,457.95,454.8,456.2,2213.0
2017-11-16,454.2,457.6,453.35,456.5,3087.0
2017-11-17,460.35,462.5,460.2,461.9,3359.0
2017-11-20,461.7,462.25,458.1,458.4,3528.0
2017-11-21,460.15,462.7,459.3,462.5,3142.0
2017-11-22,465.15,467.2,463.15,464.0,3871.0
2017-11-23,464.2,466.15,463.8,465.95,2247.0
2017-11-24,465.6,467.95,465.2,467.65,2586.0
2017-11-27,467.0,467.25,460.25,460.7,4165.0
2017-11-28,460.0,460.8,457.2,457.8,4077.0
2017-11-29,459.7,460.95,458.1,459.0,3112.0
2017-11-30,453.5,453.5,448.85,448.85,5738.0
2017-12-01,450.85,452.1,443.55,448.9,6593.0
2017-12-04,448.9,450.7,446.85,449.3,5343.0
2017-12-05,445.6,446.0,441.8,443.35,5780.0
2017-12-06,442.0,442.75,433.35,433.7,7024.0
2017-12-07,434.5,436.95,431.45,433.6,6691.0
2017-12-08,435.15,436.8,433.1,435.15,4304.0
2017-12-11,436.25,441.35,436.2,440.5,4498.0
2017-12-12,441.75,441.75,434.9,437.2,4272.0
2017-12-13,437.0,438.45,435.65,437.2,3400.0
2017-12-14,439.7,443.1,439.7,440.25,4085.0
2017-12-15,439.3,439.3,434.1,437.5,4869.0
2017-12-18,440.0,440.45,435.7,437.4,3912.0
2017-12-19,438.7,439.5,434.7,434.75,4884.0
2017-12-20,433.85,437.55,433.85,436.95,2460.0
2017-12-21,436.2,439.8,436.15,436.5,4077.0
2017-12-22,436.2,439.0,435.05,438.9,2980.0
2017-12-25,439.45,441.0,438.2,438.25,2263.0
2017-12-26,438.9,439.4,431.25,431.9,5015.0
2017-12-27,431.2,433.95,430.75,432.05,3400.0
2017-12-28,433.1,439.0,433.1,437.3,5091.0
2017-12-29,439.0,441.5,438.6,441.2,3814.0
2018-01-02,440.4,445.2,440.35,445.2,3449.0
2018-01-03,448.05,450.45,446.8,449.75,3567.0
2018-01-04,452.2,452.35,448.9,452.2,3260.0
2018-01-05,451.95,453.75,450.0,453.0,4428.0
2018-01-08,454.55,454.95,451.05,452.2,3731.0
2018-01-09,452.75,453.55,449.6,450.45,3135.0
2018-01-10,450.25,450.6,444.35,444.6,4709.0
2018-01-11,444.75,446.75,442.8,444.05,5099.0
2018-01-12,444.9,450.0,444.5,449.05,4342.0
2018-01-15,451.25,453.5,450.6,452.55,3914.0
2018-01-16,452.0,454.8,451.25,454.7,2808.0
2018-01-17,453.1,456.45,452.75,456.3,2359.0
2018-01-18,459.95,464.4,458.7,460.95,6903.0
2018-01-19,463.5,467.75,463.0,467.75,4287.0
2018-01-22,467.25,473.75,466.4,473.55,4461.0
2018-01-23,474.8,476.8,472.3,474.45,4723.0
2018-01-24,474.0,474.0,467.3,468.95,5390.0
2018-01-25,467.6,476.1,466.65,467.4,8975.0
2018-01-26,468.0,469.75,464.7,467.3,5968.0
2018-01-29,471.75,473.1,467.75,469.95,4524.0
2018-01-30,468.6,470.2,463.5,463.5,5658.0
2018-01-31,462.8,467.8,462.5,465.95,4989.0
2018-02-01,467.25,472.0,467.0,470.15,4284.0
2018-02-02,467.8,470.1,465.1,469.9,5410.0
2018-02-05,460.0,460.65,456.0,459.6,4858.0
2018-02-06,446.65,446.65,428.4,435.75,8846.0
2018-02-07,447.1,447.1,438.6,439.1,5218.0
2018-02-08,439.1,442.6,437.3,437.75,5491.0
2018-02-09,420.3,430.3,417.85,429.75,5985.0
2018-02-12,433.45,434.25,431.35,431.9,3370.0
2018-02-21,440.9,447.35,440.9,446.25,4084.0
2018-02-22,443.05,444.2,441.1,441.45,2970.0
2018-02-23,443.8,449.0,443.35,448.95,3240.0
2018-02-26,453.25,453.35,448.6,449.95,2796.0
2018-02-27,453.0,455.2,448.35,448.5,3084.0
2018-03-01,443.4,447.65,441.1,446.2,3983.0
2018-03-02,441.1,445.7,440.3,445.2,3989.0
2018-03-05,446.65,448.25,442.5,443.85,4125.0
2018-03-06,448.5,453.0,448.25,452.7,3781.0
2018-03-07,449.8,454.15,448.8,449.2,3497.0
2018-03-08,453.3,456.7,452.5,455.7,3184.0
2018-03-09,459.05,459.65,455.7,457.45,3243.0
2018-03-12,463.45,464.4,460.85,463.55,3059.0
2018-03-13,464.1,469.35,464.0,469.35,3306.0
2018-03-14,466.5,467.1,463.85,465.15,2747.0
2018-03-15,464.3,466.8,463.6,465.75,2682.0
2018-03-16,465.1,465.65,459.1,463.8,4518.0
2018-03-19,461.7,466.2,460.6,464.2,3520.0
2018-03-20,461.55,464.0,460.75,463.65,2624.0
2018-03-21,465.8,466.35,463.2,465.3,2280.0
2018-03-22,465.75,468.6,460.85,462.05,4755.0
2018-03-23,450.2,453.6,448.35,449.0,5087.0
2018-03-26,446.5,453.9,446.0,453.65,3565.0
2018-03-27,459.7,461.5,457.1,461.3,3502.0
2018-03-28,457.0,457.0,451.75,451.85,3918.0
2018-03-29,452.55,455.1,449.9,453.9,4250.0
2018-03-30,458.05,460.95,456.85,457.6,2854.0
2018-03-31,458.45,458.8,455.8,456.95,1007.0
2018-04-02,457.0,459.35,452.4,453.0,3750.0
2018-04-03,448.3,449.75,446.75,448.95,3885.0
2018-04-09,450.0,454.0,448.5,451.75,3497.0
2018-04-10,450.0,456.35,449.05,453.8,4185.0
2018-04-11,454.5,456.55,453.85,454.65,3003.0
2018-04-12,455.35,457.0,450.25,451.3,3312.0
2018-04-13,452.9,455.25,452.1,453.25,2913.0
2018-04-16,453.7,454.25,451.35,453.2,2878.0
2018-04-17,454.25,454.5,446.55,446.8,3924.0
2018-04-18,448.9,452.95,445.5,448.4,3544.0
2018-04-19,448.7,455.3,448.7,454.85,4694.0
2018-04-20,448.4,448.4,440.25,440.65,5587.0
2018-04-23,438.2,439.4,435.3,435.85,3761.0
2018-04-24,435.85,435.85,427.5,429.85,4814.0
2018-04-25,426.45,429.5,424.5,427.0,4492.0
2018-04-26,430.2,431.2,422.75,422.75,5124.0
2018-04-27,427.0,427.45,423.55,427.0,4020.0
2018-04-30,428.0,431.8,424.45,431.5,4757.0
2018-05-02,431.05,433.35,427.85,428.3,3829.0
2018-05-03,425.85,426.3,423.25,424.15,4131.0
2018-05-04,424.45,428.35,423.05,427.2,4835.0
2018-05-07,430.3,431.95,427.55,430.85,3860.0
2018-05-08,430.05,435.4,430.0,434.6,3223.0
2018-05-09,435.1,438.8,434.3,436.9,3237.0
2018-05-10,438.3,439.9,437.5,439.35,3079.0
2018-05-11,442.3,443.5,441.6,443.3,2845.0
2018-05-14,446.35,449.15,445.5,449.1,3238.0
2018-05-15,448.1,448.8,444.3,444.6,3628.0
2018-05-16,443.3,445.7,442.95,443.25,2409.0
2018-05-17,446.1,446.65,438.7,438.75,3736.0
2018-05-18,440.05,441.25,436.85,437.55,3255.0
2018-05-21,440.0,446.45,440.0,446.15,3607.0
2018-05-22,446.4,449.1,444.5,444.85,3084.0
2018-05-23,445.5,447.9,442.25,442.5,3619.0
2018-05-24,444.0,446.35,442.55,445.9,3033.0
2018-05-25,446.15,449.8,444.8,448.95,3343.0
2018-05-28,451.3,452.0,449.6,451.45,2271.0
2018-05-29,451.3,451.5,447.15,449.0,3279.0
2018-05-30,445.0,445.4,441.55,443.05,3345.0
2018-05-31,445.0,446.8,443.25,445.4,3565.0
2018-06-01,445.0,449.05,444.5,447.7,3010.0
2018-06-04,450.7,456.9,450.7,456.4,2840.0
2018-06-05,457.05,458.3,453.15,455.3,3510.0
2018-06-06,456.5,461.95,456.2,461.8,3313.0
2018-06-07,463.55,464.55,460.25,463.1,3478.0
2018-06-08,461.75,463.15,457.45,458.5,3345.0
2018-06-11,458.8,460.8,457.35,458.35,2748.0
2018-06-12,459.3,460.4,454.45,459.45,3756.0
2018-06-13,459.75,461.7,457.7,460.8,3575.0
2018-06-14,458.0,459.25,453.0,453.0,3721.0
2018-06-15,453.8,458.8,452.25,457.8,4900.0
2018-06-19,452.65,453.05,448.05,448.35,4683.0
2018-06-20,449.5,449.65,444.05,448.5,2999.0
2018-06-21,440.05,441.0,438.3,438.7,3245.0
2018-06-22,435.15,437.2,432.2,435.55,3737.0
2018-06-25,435.0,436.1,430.55,430.55,3484.0
2018-06-26,428.5,431.0,425.1,430.7,5171.0
2018-06-27,430.7,433.3,428.1,428.6,3349.0
2018-06-28,425.8,430.7,425.15,428.15,3621.0
2018-06-29,429.6,436.2,428.7,435.3,3620.0
2018-07-02,435.4,438.4,432.5,432.8,3735.0
2018-07-03,435.35,438.85,429.95,433.9,5284.0
2018-07-04,433.3,435.0,432.1,433.8,2667.0
2018-07-05,433.55,434.45,426.3,426.7,4350.0
2018-07-06,428.55,431.0,424.8,431.0,5012.0
2018-07-09,433.65,438.1,433.65,437.0,3459.0
2018-07-10,439.8,440.5,437.75,438.85,2290.0
2018-07-11,435.1,436.15,432.15,434.3,3717.0
2018-07-12,435.5,440.5,434.4,439.8,3142.0
2018-07-13,442.9,445.15,442.15,444.85,2645.0
2018-07-16,444.8,446.15,443.85,444.0,2497.0
2018-07-17,443.9,444.15,440.4,441.55,3113.0
2018-07-18,444.75,446.35,442.75,443.65,2909.0
2018-07-19,440.8,443.65,440.2,440.65,3293.0
2018-07-20,444.75,448.8,444.7,447.95,4432.0
2018-07-23,448.75,450.4,446.55,448.55,2602.0
2018-07-24,449.4,450.0,447.15,449.8,2335.0
2018-07-25,448.6,451.35,448.5,450.55,2029.0
2018-07-26,452.5,453.5,450.55,451.75,2358.0
2018-07-27,453.0,457.4,452.0,457.15,2507.0
2018-07-30,456.0,457.1,452.95,453.0,2750.0
2018-07-31,452.5,455.7,451.05,454.7,2680.0
2018-08-01,457.1,459.15,456.5,458.65,2044.0
2018-08-02,458.45,459.05,449.35,449.95,3842.0
2018-08-03,453.45,454.2,452.3,453.3,2301.0
2018-08-06,452.9,456.0,452.15,453.55,2679.0
2018-08-07,453.5,454.1,451.5,452.2,1984.0
2018-08-08,454.0,457.2,453.8,456.35,2127.0
2018-08-09,455.8,455.8,451.7,454.8,2934.0
2018-08-10,452.5,454.6,451.0,451.2,2468.0
2018-08-13,448.6,448.65,436.2,439.3,5385.0
2018-08-14,441.7,443.35,438.8,441.65,2405.0
2018-08-15,442.6,442.85,434.2,436.95,2137.0
2018-08-16,432.05,438.55,430.1,436.2,4043.0
2018-08-17,437.0,438.1,432.75,432.95,2630.0
2018-08-20,434.0,435.35,432.1,433.6,2195.0
2018-08-21,434.15,437.7,433.35,436.85,2225.0
2018-08-22,436.9,437.95,435.0,436.2,2207.0
2018-08-23,437.85,440.0,436.45,439.3,2746.0
2018-08-24,437.15,438.45,434.35,436.7,2293.0
2018-08-27,438.6,442.7,438.6,442.35,3305.0
2018-08-28,445.5,447.7,445.05,446.2,2645.0
2018-08-29,448.1,454.0,447.25,453.6,3321.0
2018-08-30,456.3,460.4,454.8,455.5,3839.0
2018-08-31,452.3,453.35,450.0,452.8,3082.0
2018-09-03,453.45,454.85,448.55,449.8,3029.0
2018-09-04,451.4,452.65,448.95,452.4,3290.0
2018-09-05,451.9,455.55,451.1,453.4,3939.0
2018-09-06,451.5,452.65,448.9,449.6,3879.0
2018-09-07,447.2,448.75,443.85,445.55,5545.0
2018-09-10,447.05,447.75,438.85,440.2,4152.0
2018-09-11,441.75,442.05,437.0,439.65,3628.0
2018-09-12,441.0,441.75,435.45,437.45,3699.0
2018-09-13,438.3,438.8,432.6,433.1,4454.0
2018-09-14,435.65,442.65,435.65,442.25,4498.0
2018-09-17,441.1,442.1,438.85,439.55,2673.0
2018-09-18,437.2,437.35,433.35,434.3,3450.0
2018-09-19,436.8,437.95,436.45,437.65,1931.0
2018-09-20,438.7,439.7,434.0,435.2,3941.0
2018-09-21,438.25,438.45,433.0,438.0,4680.0
2018-09-25,437.5,440.35,435.6,439.45,3612.0
2018-09-26,438.05,440.3,437.75,439.1,2821.0
2018-09-27,437.65,440.7,437.35,438.9,3731.0
2018-09-28,440.4,442.55,435.6,437.25,5650.0
2018-10-01,437.9,440.85,437.45,440.5,2524.0
2018-10-02,440.45,440.8,432.8,432.8,4011.0
2018-10-03,433.6,435.95,432.6,433.4,3016.0
2018-10-04,432.0,432.25,424.7,424.8,4992.0
2018-10-05,423.15,424.05,413.05,416.5,5978.0
2018-10-08,414.3,417.15,410.4,412.4,5010.0
2018-10-09,413.3,414.35,409.6,410.75,4258.0
2018-10-11,388.2,391.35,376.0,376.3,8860.0
2018-10-12,382.75,395.0,379.75,390.9,5957.0
2018-10-15,389.0,391.55,387.0,389.1,4114.0
2018-10-16,389.15,395.55,388.5,393.6,4646.0
2018-10-17,399.5,401.9,396.95,397.2,3263.0
2018-10-18,393.6,396.0,391.0,391.1,3710.0
2018-10-19,384.7,393.15,384.3,392.6,5665.0
2018-10-22,388.0,395.45,385.35,394.2,4454.0
2018-10-23,389.5,390.75,383.95,384.2,4151.0
2018-10-24,385.9,388.15,380.2,384.95,5195.0
2018-10-25,371.1,375.5,369.7,372.05,4340.0
2018-10-26,375.0,376.8,366.95,370.1,5591.0
2018-10-29,375.6,376.05,370.4,373.3,4189.0
2018-10-30,372.05,377.0,371.8,374.4,3917.0
2018-10-31,378.7,386.9,378.45,386.25,4218.0
2018-11-01,388.0,392.9,384.95,391.05,4220.0
2018-11-02,394.25,395.15,390.4,395.1,5335.0
2018-11-05,391.5,391.75,387.65,390.7,3218.0
2018-11-06,391.6,392.35,386.0,387.1,3733.0
2018-11-07,388.05,392.7,387.25,390.7,3801.0
2018-11-08,397.5,398.0,392.65,392.75,3175.0
2018-11-09,391.65,391.65,385.55,387.6,3335.0
2018-11-12,386.3,390.8,385.5,387.85,2940.0
2018-11-13,376.95,384.35,374.55,383.0,4819.0
2018-11-14,385.25,387.5,384.45,385.3,2577.0
2018-11-15,386.85,388.8,382.85,388.5,2942.0
2018-11-16,390.0,390.55,383.0,383.55,3233.0
2018-11-19,384.0,385.9,382.25,383.6,2556.0
2018-11-20,380.1,382.4,377.95,379.15,3125.0
2018-11-21,375.75,382.15,374.4,381.3,2144.0
2018-11-22,382.35,383.65,379.25,379.65,2450.0
2018-11-23,379.9,381.1,375.35,376.55,2794.0
2018-11-26,378.4,386.2,378.05,384.85,4335.0
2018-11-27,382.4,386.0,379.25,385.5,3329.0
2018-11-28,388.0,392.8,384.9,392.2,4021.0
2018-11-29,397.7,398.75,394.05,394.65,3883.0
2018-11-30,395.45,396.8,392.2,392.25,2625.0
2018-12-03,399.9,408.45,399.05,406.9,3654.0
2018-12-04,405.5,406.55,403.1,404.1,2429.0
2018-12-05,397.4,397.45,393.55,394.35,3194.0
2018-12-06,390.5,390.95,380.3,382.4,3911.0
2018-12-07,386.3,387.1,383.75,386.0,2832.0
2018-12-10,377.1,382.6,376.7,379.85,2370.0
2018-12-11,381.35,384.1,379.9,383.75,3405.0
2018-12-12,386.55,392.0,386.5,391.45,3237.0
2018-12-13,391.85,393.55,389.65,392.0,2300.0
2018-12-14,390.45,390.5,383.3,385.85,3428.0
2018-12-17,387.0,390.0,385.45,388.55,2487.0
2018-12-18,384.15,386.8,383.7,385.9,2108.0
2018-12-19,386.9,388.8,386.45,388.7,1640.0
2018-12-20,381.6,385.35,381.2,382.3,3468.0
2018-12-21,381.65,383.8,377.7,383.25,4063.0
2018-12-22,379.5,380.7,379.05,379.7,423.0
2018-12-24,380.6,383.0,379.95,382.7,1985.0
2018-12-25,375.9,376.2,372.35,375.45,3067.0
2018-12-26,377.5,379.6,374.3,374.8,2156.0
2018-12-27,382.15,384.65,381.2,383.25,3141.0
2018-12-28,382.9,385.15,382.0,384.85,1514.0
2019-01-02,388.4,389.0,377.9,378.9,4005.0
2019-01-03,376.5,378.5,373.25,373.25,3297.0
2019-01-04,368.7,370.2,364.4,367.4,4218.0
2019-01-07,375.55,376.9,372.7,375.55,3256.0
2019-01-08,377.25,377.85,372.85,373.5,2618.0
2019-01-09,376.25,382.5,376.25,380.5,3747.0
2019-01-10,381.1,381.35,379.3,380.2,1706.0
2019-01-11,384.1,386.6,382.75,384.3,3331.0
2019-01-14,383.9,384.8,381.1,382.45,2406.0
2019-01-15,384.9,388.0,382.6,387.5,4469.0
2019-01-16,387.1,388.85,386.05,387.95,1758.0
2019-01-17,387.6,390.5,385.4,387.7,3154.0
2019-01-18,389.0,390.4,386.5,390.0,2993.0
2019-01-21,393.3,394.5,391.5,391.65,2895.0
2019-01-22,391.0,391.65,389.35,390.45,1821.0
2019-01-23,389.2,391.45,388.4,389.4,2160.0
2019-01-24,390.55,393.1,389.85,392.7,2615.0
2019-01-25,396.6,399.65,396.2,398.7,3141.0
2019-01-28,400.55,401.35,399.5,399.6,1657.0
2019-01-29,396.95,396.95,392.75,394.5,2857.0
2019-01-30,394.3,395.9,393.15,393.6,2072.0
2019-02-11,399.65,402.7,398.25,401.45,2881.0
2019-02-12,404.05,405.6,403.2,405.35,1545.0
2019-02-13,407.05,407.5,403.95,405.4,1866.0
2019-02-14,403.7,406.75,402.9,403.95,2159.0
2019-02-15,402.25,406.0,400.45,401.95,2196.0
2019-02-18,405.2,407.45,404.65,406.35,1993.0
2019-02-19,406.0,406.7,405.25,405.85,1603.0
2019-02-20,407.65,412.15,407.65,411.75,1764.0
2019-02-21,412.2,414.9,411.15,414.8,1822.0
2019-02-22,412.4,414.4,411.7,414.4,1395.0
2019-02-25,416.95,418.65,415.9,418.2,2188.0
2019-02-26,419.2,419.85,416.8,417.25,2140.0
2019-02-27,417.95,418.5,415.45,416.55,1753.0
2019-03-04,417.8,418.25,413.5,414.65,2662.0
2019-03-05,412.0,414.7,411.7,412.7,1576.0
2019-03-06,413.3,415.3,413.1,414.7,1498.0
2019-03-07,414.1,415.5,411.15,411.3,2162.0
2019-03-08,409.35,410.35,406.6,408.75,3674.0
2019-03-11,407.1,409.6,406.35,409.5,1689.0
2019-03-12,413.8,417.6,413.3,415.35,2990.0
2019-03-13,414.5,417.25,413.6,417.1,2092.0
2019-03-14,418.5,418.75,415.0,415.9,2278.0
2019-03-15,416.65,419.75,416.35,418.7,1943.0
2019-03-18,420.1,422.0,419.4,421.75,1620.0
2019-03-19,422.45,423.25,420.1,423.0,2300.0
2019-03-20,422.9,425.65,422.7,425.25,1850.0
2019-03-21,424.95,428.95,424.8,428.8,3015.0
2019-03-22,432.1,432.85,427.95,430.95,2681.0
2019-03-25,424.2,424.2,420.85,421.6,2179.0
2019-03-26,423.95,426.25,423.6,425.9,1967.0
2019-03-27,425.25,426.1,423.25,425.95,1835.0
2019-03-28,422.6,425.4,422.3,424.7,1917.0
2019-03-29,427.05,428.8,423.4,428.55,2432.0
2019-04-01,432.45,436.75,431.85,433.05,3276.0
2019-04-02,436.15,437.5,435.4,436.05,2177.0
2019-04-03,436.95,438.6,435.2,436.5,2062.0
2019-04-08,441.3,443.4,440.25,442.6,2493.0
2019-04-09,443.6,445.9,442.7,445.7,1637.0
2019-04-10,443.4,446.75,443.4,446.1,1185.0
2019-04-11,447.1,447.8,442.3,443.6,2431.0
2019-04-12,444.2,445.15,442.9,443.85,1621.0
2019-04-15,447.5,449.55,446.45,448.95,1986.0
2019-04-16,449.1,453.1,448.75,453.1,2288.0
2019-04-17,454.7,459.1,454.3,457.85,2277.0
2019-04-18,459.1,462.1,455.8,455.9,3573.0
2019-04-19,461.05,462.5,456.05,456.9,3510.0
2019-04-22,458.15,460.2,456.3,457.6,1918.0
2019-04-23,457.95,459.3,455.1,459.2,3107.0
2019-04-24,461.0,461.55,456.45,458.65,2844.0
2019-04-25,458.1,460.1,456.9,459.4,2299.0
2019-04-26,456.4,456.55,450.45,452.5,3556.0
2019-04-29,453.05,453.8,448.6,449.5,3158.0
2019-04-30,449.2,450.05,446.75,449.6,2634.0
2019-05-02,449.95,453.3,449.2,449.7,2299.0
2019-05-03,451.6,458.1,450.8,458.1,3305.0
2019-05-06,450.85,451.85,445.15,445.9,3643.0
2019-05-07,448.75,453.6,448.45,452.75,2623.0
2019-05-08,446.2,451.55,446.1,448.4,2943.0
2019-05-09,446.85,447.55,439.8,441.7,4224.0
2019-05-10,442.3,445.7,436.2,440.75,4935.0
2019-05-13,437.55,438.45,429.9,430.2,3258.0
2019-05-14,422.45,431.0,420.65,429.25,4679.0
2019-05-15,429.05,432.4,428.05,430.5,2760.0
2019-05-16,428.4,428.95,423.8,424.1,4039.0
2019-05-17,427.75,427.95,415.95,416.3,5760.0
2019-05-20,418.15,419.65,413.75,414.6,4076.0
2019-05-21,412.05,414.8,409.05,413.95,5619.0
2019-05-22,414.15,418.35,413.55,415.5,4425.0
2019-05-23,412.0,412.2,404.0,404.25,4117.0
2019-05-24,404.25,409.4,404.25,406.7,4852.0
2019-05-27,406.7,408.5,402.2,404.15,3583.0
2019-05-28,405.5,405.8,403.15,404.85,2813.0
2019-05-29,399.5,402.75,398.45,402.45,3593.0
2019-05-30,403.5,406.95,402.1,406.0,4507.0
2019-05-31,404.75,414.15,404.2,412.05,5544.0
2019-06-03,410.55,413.45,406.75,413.3,4362.0
2019-06-04,412.4,413.7,408.5,408.75,3169.0
2019-06-05,413.8,414.6,410.2,411.05,3225.0
2019-06-06,409.1,409.45,403.45,404.55,4296.0
2019-06-10,411.0,415.8,409.6,415.15,5560.0
2019-06-11,416.35,421.2,415.2,419.65,3912.0
2019-06-12,419.95,422.9,418.65,421.95,3028.0
2019-06-13,419.9,421.3,417.05,418.25,3746.0
2019-06-14,418.1,418.5,415.25,416.3,3129.0
2019-06-17,413.05,416.45,411.2,415.5,3593.0
2019-06-18,415.0,417.3,414.1,416.05,3084.0
2019-06-19,423.1,428.75,423.0,427.1,3680.0
2019-06-20,418.2,420.85,417.0,420.55,3219.0
2019-06-21,422.55,423.2,419.6,420.65,3122.0
2019-06-24,421.1,423.4,419.15,421.25,2932.0
2019-06-25,421.5,422.5,416.35,417.3,2974.0
2019-06-26,416.45,417.15,414.15,415.15,2546.0
2019-06-27,417.35,423.1,417.25,422.15,3911.0
2019-06-28,422.7,423.4,420.0,421.25,2104.0
2019-07-01,428.95,435.0,428.3,434.35,4267.0
2019-07-02,433.35,434.5,432.45,434.2,1801.0
2019-07-03,432.8,432.8,426.3,427.0,3672.0
2019-07-04,430.35,431.4,429.25,430.55,2635.0
2019-07-05,430.7,432.9,428.4,430.7,2497.0
2019-07-08,427.5,431.0,425.85,428.35,3027.0
2019-07-09,429.0,430.3,426.45,427.7,1835.0
2019-07-10,430.05,432.7,429.9,432.35,2877.0
2019-07-11,436.0,438.4,435.25,437.35,2403.0
2019-07-12,436.7,438.85,436.55,438.55,2395.0
2019-07-15,438.4,440.85,434.35,440.8,3809.0
2019-07-16,441.65,444.0,440.75,442.65,2324.0
2019-07-17,440.7,442.3,439.5,439.65,2721.0
2019-07-18,431.5,434.0,431.2,432.1,1872.0
2019-07-19,438.8,440.95,438.15,438.5,3294.0
2019-07-22,438.35,442.75,438.35,442.75,2152.0
2019-07-23,444.55,445.55,442.5,444.3,2212.0
2019-07-24,445.0,446.25,444.35,445.15,1883.0
2019-07-25,446.8,447.05,443.7,446.2,2462.0
2019-07-26,443.4,444.6,442.6,444.25,1293.0
2019-07-29,443.8,444.8,442.05,443.35,1662.0
2019-07-30,446.0,446.45,441.55,441.6,2124.0
2019-07-31,439.9,442.55,437.4,442.05,2271.0
2019-08-01,436.75,440.9,436.25,438.75,2434.0
2019-08-02,431.7,432.0,428.2,429.2,3877.0
2019-08-05,427.2,429.15,422.3,423.3,3390.0
2019-08-06,407.85,424.95,407.85,422.8,4501.0
2019-08-07,423.2,425.6,421.4,424.4,3013.0
2019-08-08,425.25,429.9,423.8,429.45,3164.0
2019-08-12,429.0,431.4,426.65,429.8,2508.0
2019-08-13,426.55,427.45,424.1,424.55,2246.0
2019-08-14,431.0,433.9,430.0,430.95,2649.0
2019-08-15,421.45,426.05,420.7,424.35,3409.0
2019-08-16,425.1,430.2,424.55,429.65,3107.0
2019-08-19,430.65,434.8,430.15,434.45,2747.0
2019-08-20,434.7,437.85,434.05,437.6,3800.0
2019-08-21,437.05,438.75,436.45,438.1,2069.0
2019-08-22,438.3,440.05,435.45,436.05,2626.0
2019-08-23,436.4,436.8,434.75,435.8,1830.0
2019-08-26,426.75,429.35,425.5,425.6,3513.0
2019-08-27,429.25,430.7,428.75,429.6,1989.0
2019-08-28,431.95,434.4,431.45,433.1,2033.0
2019-08-29,433.7,434.8,431.15,434.55,2007.0
2019-08-30,438.8,441.6,438.8,440.7,2101.0
2019-09-02,440.0,442.6,439.6,441.7,1388.0
2019-09-03,442.0,443.1,437.9,438.4,2345.0
2019-09-04,439.3,444.4,438.85,443.65,2096.0
2019-09-05,447.8,450.05,447.2,448.9,2249.0
2019-09-06,451.05,451.85,449.4,450.0,2161.0
2019-09-09,452.35,453.35,449.55,450.3,1892.0
2019-09-10,450.55,451.3,445.45,446.35,2403.0
2019-09-11,449.45,450.15,446.65,448.2,2399.0
2019-09-12,451.95,453.5,449.7,450.8,2208.0
2019-09-16,449.8,452.85,448.15,452.65,2876.0
2019-09-17,453.55,454.35,452.35,452.8,2565.0
2019-09-18,455.25,458.2,454.6,458.05,2335.0
2019-09-19,454.85,456.45,452.5,453.3,2753.0
2019-09-20,455.4,455.95,454.25,454.6,2118.0
2019-09-23,454.6,456.2,453.2,455.1,1664.0
2019-09-24,456.5,457.3,454.1,456.3,2194.0
2019-09-25,453.75,454.3,450.7,453.7,2396.0
2019-09-26,455.15,456.8,453.4,454.6,2381.0
2019-09-27,457.2,458.35,453.7,454.8,2741.0
2019-10-01,456.8,464.25,456.75,463.6,3207.0
2019-10-02,461.85,463.8,461.15,462.75,1732.0
2019-10-03,457.3,460.55,454.2,460.1,2662.0
2019-10-04,461.9,463.45,459.05,462.0,2976.0
2019-10-07,463.0,465.2,462.65,464.0,2149.0
2019-10-08,466.05,469.85,466.05,469.5,2631.0
2019-10-09,467.1,467.7,463.7,463.7,2265.0
2019-10-14,474.0,475.15,472.25,473.85,3965.0
2019-10-15,474.85,477.45,474.2,476.1,2945.0
2019-10-16,478.5,479.25,475.25,475.9,2168.0
2019-10-17,475.9,477.2,474.2,477.1,2361.0
2019-10-18,478.4,480.4,475.5,476.5,3144.0
2019-10-21,476.25,476.5,473.7,474.6,2552.0
2019-10-22,478.5,480.15,477.6,479.35,2650.0
2019-10-23,478.75,481.2,477.8,479.5,2795.0
2019-10-24,480.9,482.95,480.05,482.95,2423.0
2019-10-25,485.15,485.85,482.4,482.8,2088.0
2019-10-28,485.4,486.05,483.8,484.6,1679.0
2019-10-29,487.05,487.95,483.55,485.95,2897.0
2019-10-30,484.75,486.15,483.9,485.95,2035.0
2019-10-31,487.55,489.45,486.3,486.35,2765.0
2019-11-01,485.7,489.3,485.1,489.1,1765.0
2019-11-04,490.95,499.5,490.95,498.85,3712.0
2019-11-05,500.95,504.4,499.75,504.4,2484.0
2019-11-06,504.0,504.75,500.95,503.75,3198.0
2019-11-07,502.7,503.1,498.1,500.35,3309.0
2019-11-08,502.75,502.8,499.0,499.2,2602.0
2019-11-11,499.9,500.0,490.75,491.05,3227.0
2019-11-12,494.0,498.25,493.35,498.15,2683.0
2019-11-13,494.6,496.5,492.9,494.9,2442.0
2019-11-14,496.45,497.4,493.1,495.3,3033.0
2019-11-15,496.0,500.95,495.95,499.9,3310.0
2019-11-18,500.0,503.6,498.8,503.55,2676.0
2019-11-19,502.55,507.6,502.0,507.15,2961.0
2019-11-20,505.85,507.05,504.35,504.65,2009.0
2019-11-21,501.0,501.95,495.9,501.85,4449.0
2019-11-22,502.15,503.5,500.55,501.4,2279.0
2019-11-25,503.9,505.0,500.15,500.45,2724.0
2019-11-26,504.0,504.85,502.0,502.75,3255.0
2019-11-27,502.65,505.6,501.5,504.95,2314.0
2019-11-28,505.7,505.8,502.8,503.05,2231.0
2019-11-29,502.8,503.7,495.7,495.7,3343.0
2019-12-02,498.8,499.6,495.05,498.35,2602.0
2019-12-03,495.1,499.7,494.95,499.3,2168.0
2019-12-04,497.55,498.35,495.7,498.25,2203.0
2019-12-05,500.8,506.15,500.6,505.9,3089.0
2019-12-06,507.95,509.65,504.95,506.6,2742.0
2019-12-09,509.6,512.15,508.35,510.55,1856.0
2019-12-10,509.3,509.9,507.0,508.45,1703.0
2019-12-11,507.35,513.15,506.65,513.15,2522.0
2019-12-12,517.2,525.65,516.55,523.2,4131.0
2019-12-13,529.7,533.1,527.1,529.7,3954.0
2019-12-16,527.55,530.3,527.45,529.4,2021.0
2019-12-17,529.4,537.9,528.5,537.55,3312.0
2019-12-18,536.2,537.7,535.6,537.5,2936.0
2019-12-19,536.45,536.95,529.9,530.55,3217.0
2019-12-20,532.35,532.35,525.25,525.7,4245.0
2019-12-23,527.1,529.0,525.35,527.6,2347.0
2019-12-24,528.7,529.15,526.3,526.45,1630.0
2019-12-25,526.5,529.65,525.7,528.85,1412.0
2019-12-26,529.4,530.05,527.1,528.5,1538.0
2019-12-27,529.95,534.4,529.95,533.5,2345.0
2019-12-30,533.0,534.9,531.0,531.2,1770.0
2019-12-31,529.0,530.2,526.7,527.35,2157.0
2020-01-02,529.8,535.95,529.55,534.95,3071.0
2020-01-03,540.4,541.25,527.65,532.9,6333.0
2020-01-06,529.0,529.25,524.15,524.5,3811.0
2020-01-07,526.45,527.1,516.0,520.0,4946.0
2020-01-08,512.0,522.7,510.5,516.65,6056.0
2020-01-09,524.1,529.35,522.75,527.95,5188.0
2020-01-10,529.3,532.4,526.4,530.05,3768.0
2020-01-13,533.0,535.0,531.0,534.6,3823.0
2020-01-14,538.3,539.95,537.55,539.4,3008.0
2020-01-15,537.7,538.75,531.8,532.15,2705.0
2020-01-16,530.4,532.2,526.4,530.85,3960.0
2020-01-17,533.8,534.85,529.25,530.35,4112.0
2020-01-20,533.25,534.2,531.3,531.7,2389.0
2020-01-30,515.5,515.6,497.6,497.95,6827.0
2020-01-31,502.15,507.85,499.45,502.6,4498.0
2020-02-03,492.7,497.9,486.6,495.85,7851.0
2020-02-04,498.55,509.3,497.75,508.3,5259.0
2020-02-05,512.4,513.45,506.15,508.6,5749.0
2020-02-06,514.5,518.45,512.75,518.0,4141.0
2020-02-07,514.55,514.75,509.0,510.45,4052.0
2020-02-10,503.35,510.8,500.2,508.55,5985.0
2020-02-11,512.1,516.15,512.1,515.3,2979.0
2020-02-12,515.85,523.65,515.05,522.55,3364.0
2020-02-13,524.2,526.3,521.3,521.6,3719.0
2020-02-14,521.15,525.9,520.6,523.6,2574.0
2020-02-17,517.85,521.9,516.6,520.0,2941.0
2020-02-18,516.8,516.9,510.15,510.6,4325.0
2020-02-19,512.2,518.15,509.9,516.1,2916.0
2020-02-20,518.8,520.0,512.1,513.9,3545.0
2020-02-21,511.3,516.95,510.15,512.0,3772.0
2020-02-24,504.2,508.1,502.4,505.1,3992.0
2020-02-25,500.0,509.05,498.5,507.5,4703.0
2020-02-26,499.4,505.0,498.8,501.45,3485.0
2020-02-27,500.9,502.75,491.3,492.55,4566.0
2020-03-02,482.0,494.3,478.6,488.35,4346.0
2020-03-03,496.0,500.4,494.7,497.25,5116.0
2020-03-04,498.0,500.1,494.0,498.7,4469.0
2020-03-05,503.5,506.65,502.55,505.2,3207.0
2020-03-06,500.7,501.7,494.15,494.5,3599.0
2020-03-09,481.8,487.5,478.9,479.55,5655.0
2020-03-10,473.0,484.55,471.65,483.5,6755.0
2020-03-11,484.35,487.15,473.6,474.55,6672.0
2020-03-12,470.35,471.15,442.65,454.4,9077.0
2020-03-13,420.0,450.95,414.5,445.0,7179.0
2020-03-16,440.35,446.8,424.8,426.2,4908.0
2020-03-17,405.05,429.7,405.05,414.2,4875.0
2020-03-18,414.85,423.4,406.85,410.05,1422.0
2020-03-19,391.0,394.5,364.3,371.1,3734.0
2020-03-20,382.45,408.95,381.95,404.6,3150.0
2020-03-23,383.45,397.45,382.55,385.1,2388.0
2020-03-24,405.05,417.0,405.0,412.15,2559.0
2020-03-25,424.0,430.85,420.2,429.15,2387.0
2020-03-26,433.4,434.0,421.45,430.55,1822.0
2020-03-27,444.45,444.85,422.15,423.55,3362.0
2020-03-30,413.0,422.7,409.8,422.35,3094.0
2020-03-31,426.55,429.5,419.95,425.7,2994.0
2020-04-01,424.95,428.55,423.65,425.0,3043.0
2020-04-06,431.4,437.55,426.3,437.2,2750.0
2020-04-07,443.55,447.35,441.0,446.45,2264.0
2020-04-08,443.4,452.2,442.75,451.35,2453.0
2020-04-09,452.45,455.6,445.6,448.65,3512.0
2020-04-10,445.2,447.0,443.5,446.7,2128.0
2020-04-13,444.1,448.6,442.0,444.75,2242.0
2020-04-14,447.85,457.8,447.0,457.1,2662.0
2020-04-15,456.8,462.05,456.15,460.8,1125.0
2020-04-16,449.0,458.2,447.55,455.85,3315.0
2020-04-17,472.8,476.0,467.2,473.4,3815.0
2020-04-20,471.05,473.95,467.75,470.1,1498.0
2020-04-21,466.8,468.95,455.0,456.3,5127.0
2020-04-22,453.55,459.0,450.75,458.55,2640.0
2020-04-23,461.85,466.65,455.75,461.7,2994.0
2020-04-24,458.1,461.85,457.2,460.25,1376.0
2020-04-27,465.5,472.65,464.65,472.15,2670.0
2020-04-28,475.0,475.6,466.75,472.2,2593.0
2020-04-29,474.5,478.6,474.5,475.45,2199.0
2020-04-30,480.85,484.7,478.55,483.85,2373.0
2020-05-04,464.35,472.6,462.05,469.8,2589.0
2020-05-05,474.15,477.9,471.75,474.3,2484.0
2020-05-06,471.0,476.2,469.7,475.95,2111.0
2020-05-07,475.5,482.55,474.4,480.9,2220.0
2020-05-08,483.2,485.35,481.2,483.55,1710.0
2020-05-11,486.7,489.5,485.0,487.55,1691.0
2020-05-12,485.2,485.35,479.0,481.3,1976.0
2020-05-13,476.65,485.75,476.05,484.9,2099.0
2020-05-14,480.55,483.0,476.5,476.6,2302.0
2020-05-15,481.0,484.0,475.2,481.25,2975.0
2020-05-18,476.65,478.3,472.9,473.4,3534.0
2020-05-19,481.6,483.9,476.65,476.85,2413.0
2020-05-20,478.8,481.9,477.3,478.95,1460.0
2020-05-21,480.05,485.45,480.0,483.0,2377.0
2020-05-22,480.3,480.35,471.6,472.15,2633.0
2020-05-25,475.9,477.65,468.7,476.9,2500.0
2020-05-26,479.8,485.3,479.8,483.5,2281.0
2020-05-27,482.75,485.6,480.65,483.25,2492.0
2020-05-28,485.35,487.4,477.55,480.7,2808.0
2020-05-29,480.0,484.0,475.05,479.9,3305.0
2020-06-01,483.6,488.95,482.45,488.2,2586.0
2020-06-02,489.4,493.35,488.85,489.75,1970.0
2020-06-03,496.5,498.15,493.9,497.45,2229.0
2020-06-04,503.3,504.7,499.2,502.0,2277.0
2020-06-05,503.6,508.15,502.95,507.4,1826.0
2020-06-08,511.05,515.25,509.85,513.0,2255.0
2020-06-09,514.25,514.75,509.65,513.65,1842.0
2020-06-10,515.2,520.2,513.8,518.4,2208.0
2020-06-11,517.4,521.9,510.5,511.45,3640.0
2020-06-12,503.2,508.85,500.7,507.75,2642.0
2020-06-15,506.3,509.25,497.4,497.7,3184.0
2020-06-16,507.9,512.5,507.2,512.05,2320.0
2020-06-17,510.1,513.0,508.7,510.15,929.0
2020-06-18,504.0,507.5,502.1,507.5,2384.0
2020-06-19,508.35,509.75,506.3,508.95,1734.0
2020-06-22,507.25,513.8,506.6,510.9,2213.0
2020-06-23,514.5,516.55,507.55,512.0,2176.0
2020-06-24,515.85,519.4,515.4,517.3,1482.0
2020-06-29,512.0,513.85,507.4,509.45,2357.0
2020-06-30,513.8,516.2,511.0,515.25,1534.0
2020-07-01,515.9,523.35,515.35,519.6,1921.0
2020-07-02,522.35,527.85,520.95,527.25,1864.0
2020-07-03,532.0,536.5,531.4,536.5,1835.0
2020-07-06,541.0,548.65,540.3,548.5,2486.0
2020-07-07,554.15,556.6,545.25,548.4,2806.0
2020-07-08,549.8,555.2,548.3,554.15,1982.0
2020-07-09,558.55,560.15,554.65,556.65,1988.0
2020-07-10,560.5,560.9,549.65,550.6,2371.0
2020-07-13,556.6,561.05,555.65,560.85,2109.0
2020-07-14,559.45,563.45,557.45,563.2,2547.0
2020-07-15,569.65,571.0,560.05,563.1,1042.0
2020-07-16,557.8,558.2,548.3,554.9,2739.0
2020-07-17,559.0,562.85,554.85,557.65,2900.0
2020-07-20,559.5,559.5,550.85,557.3,2006.0
2020-07-21,562.4,577.0,562.4,574.95,3474.0
2020-07-22,574.1,578.7,572.05,578.2,2501.0
2020-07-23,577.25,577.3,571.35,576.2,2105.0
2020-07-24,573.0,583.6,569.55,571.5,4223.0
2020-07-27,591.4,603.1,591.0,602.0,2999.0
2020-07-28,624.35,635.25,599.25,603.25,5610.0
2020-07-29,601.05,603.6,591.65,597.8,3072.0
2020-07-30,611.8,612.65,601.05,607.5,2467.0
2020-07-31,607.15,610.05,602.9,606.0,2232.0
2020-08-03,604.7,606.5,596.8,598.9,2180.0
2020-08-04,602.35,608.9,600.7,608.85,1646.0
2020-08-05,612.35,615.95,609.6,615.95,1480.0
2020-08-06,622.8,624.45,615.8,620.7,1785.0
2020-08-07,621.45,621.5,610.95,614.7,1919.0
2020-08-10,615.0,622.35,611.4,617.8,1971.0
2020-08-11,616.25,617.95,609.6,609.95,1456.0
2020-08-12,607.5,607.6,601.1,604.85,1742.0
2020-08-13,614.4,616.35,607.65,608.4,1719.0
2020-08-14,608.3,613.0,604.6,612.6,1329.0
2020-08-17,611.5,620.7,611.5,620.3,2679.0
2020-08-18,622.15,622.55,611.15,613.6,2724.0
2020-08-19,613.05,617.2,606.35,608.0,1195.0
2020-08-20,604.05,604.7,565.15,581.1,3388.0
2020-08-21,590.55,598.9,588.6,595.65,2087.0
2020-08-24,596.95,603.8,593.75,600.0,2029.0
2020-08-25,603.35,608.5,601.8,606.6,1863.0
2020-08-26,606.95,610.55,603.4,610.45,1287.0
2020-08-27,614.0,618.6,608.6,609.15,2283.0
2020-08-28,608.1,608.4,599.6,602.4,2400.0
2020-08-31,608.5,609.85,592.9,595.5,2034.0
2020-09-01,594.9,605.0,594.05,604.4,2568.0
2020-09-02,609.05,610.3,600.55,606.1,2226.0
2020-09-03,610.5,614.0,605.7,607.85,2636.0
2020-09-04,598.15,602.1,594.75,600.5,2226.0
2020-09-07,600.35,604.9,593.2,594.8,2522.0
2020-09-08,599.2,602.5,597.1,600.35,1612.0
2020-09-09,593.4,596.9,587.95,596.25,2631.0
2020-09-10,600.05,603.9,599.7,603.25,1842.0
2020-09-11,600.7,602.65,598.45,601.55,1556.0
2020-09-14,602.15,611.5,602.15,611.1,2811.0
2020-09-15,609.75,615.75,608.9,614.15,2078.0
2020-09-16,623.5,627.85,622.0,623.9,1781.0
2020-09-17,616.0,619.35,611.1,613.25,2838.0
2020-09-18,614.1,615.2,609.2,612.9,1846.0
2020-09-21,611.9,616.35,603.2,603.2,2807.0
2020-09-22,602.95,604.35,595.45,596.6,2586.0
2020-09-23,600.0,600.85,594.9,599.05,1589.0
2020-09-24,591.9,593.2,582.75,583.5,2758.0
2020-09-25,588.75,590.05,577.2,581.9,3530.0
2020-09-28,586.9,594.5,584.65,594.5,2240.0
2020-09-29,597.25,599.6,592.65,593.55,1673.0
2020-09-30,595.2,600.5,594.45,598.0,3231.0
2020-10-05,604.8,605.5,597.85,600.0,1917.0
2020-10-06,605.05,608.45,604.15,607.3,1903.0
2020-10-07,604.75,612.85,603.05,612.85,1859.0
2020-10-08,617.3,622.45,615.0,622.45,2331.0
2020-10-12,626.3,629.85,623.75,625.7,2018.0
2020-10-13,628.55,628.55,620.3,626.95,1729.0
2020-10-14,628.45,628.75,623.05,624.3,1442.0
2020-10-15,621.5,624.35,615.85,621.8,2270.0
2020-10-16,621.0,624.15,614.75,616.8,2046.0
2020-10-19,616.0,626.5,616.0,625.65,2577.0
2020-10-20,625.3,626.2,622.55,622.9,1971.0
2020-10-21,624.65,628.2,621.9,622.6,1256.0
2020-10-22,616.85,621.6,613.3,621.45,2048.0
2020-10-23,623.2,624.8,618.1,619.95,1692.0
2020-10-26,620.0,624.2,618.2,620.3,1730.0
2020-10-27,617.95,618.85,614.55,617.8,1397.0
2020-10-28,616.55,617.4,611.4,612.7,1853.0
2020-10-29,604.85,607.95,600.35,605.3,3011.0
2020-10-30,602.5,603.9,594.8,595.1,2257.0
2020-11-02,598.1,601.4,592.25,599.45,2398.0
2020-11-03,603.8,610.4,603.8,607.4,1986.0
2020-11-04,613.4,620.5,608.2,620.1,3309.0
2020-11-05,623.0,624.2,615.6,620.85,1936.0
2020-11-06,624.2,626.4,620.6,622.2,2062.0
2020-11-09,631.5,634.5,628.0,632.25,2430.0
2020-11-10,630.15,631.5,621.0,623.0,3105.0
2020-11-11,623.0,630.6,622.05,629.0,2507.0
2020-11-12,632.15,635.35,629.0,630.75,2336.0
2020-11-13,630.85,634.45,627.05,634.2,2198.0
2020-11-16,642.0,654.5,641.5,654.3,3392.0
2020-11-17,661.75,666.85,655.55,656.75,3176.0
2020-11-18,656.9,666.0,653.55,664.75,1300.0
2020-11-19,662.05,664.4,659.05,663.25,2491.0
2020-11-20,662.05,662.8,657.85,662.8,1539.0
2020-11-23,664.8,675.15,664.8,671.1,2737.0
2020-11-24,673.9,674.6,666.65,668.0,1905.0
2020-11-25,671.6,672.7,659.6,660.4,2960.0
2020-11-26,664.2,669.9,663.1,668.2,2066.0
2020-11-27,665.8,672.2,665.25,670.8,1928.0
2020-11-30,671.3,676.7,663.0,664.3,2904.0
2020-12-01,668.45,673.8,665.65,673.5,1653.0
2020-12-02,676.65,681.45,673.85,680.4,2731.0
2020-12-03,680.8,684.75,677.0,680.8,2394.0
2020-12-04,682.1,690.85,682.1,690.0,2063.0
2020-12-07,693.8,699.55,690.45,698.6,3031.0
2020-12-08,698.9,710.15,695.5,709.4,3143.0
2020-12-09,710.4,713.4,707.4,711.75,2027.0
2020-12-10,702.55,704.65,696.6,699.15,3254.0
2020-12-11,703.75,705.0,690.05,699.9,3866.0
2020-12-14,700.0,701.65,695.5,695.55,2942.0
2020-12-15,695.45,698.5,687.7,689.3,3746.0
2020-12-16,696.55,702.1,695.4,701.7,1494.0
2020-12-17,695.55,696.5,689.65,693.55,2426.0
2020-12-18,693.65,695.95,691.05,691.35,1489.0
2020-12-21,692.5,699.0,685.1,698.95,3106.0
2020-12-22,695.55,700.9,685.15,686.0,2731.0
2020-12-23,687.1,694.6,686.15,691.25,1829.0
2020-12-24,693.95,698.75,693.55,696.75,1962.0
2020-12-25,702.05,705.65,697.85,701.0,1753.0
2020-12-28,703.15,707.25,701.8,707.0,1645.0
2020-12-29,708.2,708.85,703.0,706.9,1750.0
2020-12-30,706.4,713.45,705.5,713.45,2391.0
2020-12-31,716.65,719.25,713.35,717.35,2324.0
2021-01-04,715.7,734.0,715.15,730.65,3949.0
2021-01-05,731.65,739.0,730.0,738.6,3474.0
2021-01-06,743.2,752.4,731.3,740.15,6064.0
2021-01-07,747.2,761.65,746.45,758.9,4315.0
2021-01-08,769.0,774.25,763.5,772.3,4431.0
2021-01-11,771.2,778.4,768.35,778.15,3823.0
2021-01-12,779.45,786.4,774.25,779.45,4467.0
2021-01-13,783.8,799.6,783.45,798.35,4076.0
2021-01-14,791.9,798.95,789.1,796.4,2850.0
2021-01-15,811.85,818.5,794.9,796.6,3911.0
2021-01-18,797.15,799.9,779.0,798.0,3813.0
2021-01-19,804.9,822.45,804.3,817.8,3143.0
2021-01-20,818.5,830.6,817.0,818.65,2434.0
2021-01-21,819.95,849.15,818.2,846.5,4398.0
2021-01-22,841.9,842.5,829.1,833.1,3127.0
2021-01-25,832.35,836.7,814.7,825.2,3708.0
2021-01-26,824.05,831.95,802.0,806.8,3825.0
2021-01-27,813.15,819.8,805.0,810.0,3278.0
2021-01-28,789.5,801.6,788.2,792.05,3024.0
2021-01-29,799.95,806.55,776.1,777.35,2793.0
2021-02-01,783.0,796.9,774.8,795.65,2428.0
2021-02-02,803.9,823.85,803.3,818.1,2579.0
2021-02-03,825.45,825.8,817.75,819.75,1786.0
2021-02-04,816.0,819.75,804.5,814.05,2923.0
2021-02-05,818.75,831.5,818.3,821.2,3079.0
2021-02-17,850.1,859.8,846.8,853.25,1897.0
2021-02-18,856.0,860.3,847.05,853.25,2823.0
2021-02-19,848.0,848.95,838.25,848.3,2411.0
2021-02-22,858.9,861.8,848.2,849.8,2443.0
2021-02-23,841.0,846.2,832.3,845.25,2110.0
2021-02-24,835.1,844.05,827.0,828.1,2427.0
2021-02-25,841.0,842.95,829.8,838.5,2109.0
2021-02-26,816.5,821.7,808.2,810.55,2921.0
2021-03-02,829.8,831.75,809.5,811.5,2136.0
2021-03-03,815.95,825.7,804.85,824.7,3011.0
2021-03-04,812.15,815.75,798.0,804.7,3114.0
2021-03-05,784.25,805.85,783.45,801.85,2691.0
2021-03-08,806.5,812.0,794.25,796.15,2691.0
2021-03-09,793.2,794.75,779.6,792.75,3048.0
2021-03-10,801.0,802.0,790.85,794.8,1848.0
2021-03-11,796.95,815.9,796.2,814.65,3137.0
2021-03-12,821.3,823.45,813.35,817.5,1870.0
2021-03-15,816.5,817.95,812.25,816.2,2485.0
2021-03-16,819.0,825.0,817.0,821.7,2953.0
2021-03-17,824.7,825.9,815.0,815.45,1541.0
2021-03-18,819.9,828.75,819.9,820.55,3059.0
2021-03-19,811.2,812.45,805.5,808.2,2761.0
2021-03-22,809.95,815.9,801.15,813.7,2135.0
2021-03-23,820.6,822.25,811.5,811.6,2103.0
2021-03-24,806.1,806.3,798.5,800.8,2343.0
2021-03-25,794.05,806.55,792.65,801.5,2399.0
2021-03-26,806.25,817.7,805.05,817.15,2467.0
2021-03-29,823.7,828.3,822.0,823.85,2089.0
2021-03-30,825.95,831.1,825.0,830.05,2330.0
2021-03-31,829.15,829.75,819.7,820.1,2472.0
2021-04-01,828.0,831.45,825.0,831.45,2339.0
2021-04-06,847.6,847.85,840.45,842.6,2023.0
2021-04-07,844.3,845.6,837.95,843.55,1752.0
2021-04-08,840.0,851.45,836.5,851.05,2505.0
2021-04-09,854.0,855.55,844.4,844.4,2407.0
2021-04-12,848.3,849.0,835.6,837.15,2351.0
2021-04-13,840.1,848.5,833.4,833.45,2510.0
2021-04-14,838.2,839.95,820.6,838.1,3480.0
2021-04-15,837.9,847.45,832.2,847.2,2253.0
2021-04-16,843.5,845.2,839.0,844.95,2339.0
2021-04-19,844.9,844.9,837.4,840.7,3542.0
2021-04-20,836.95,845.65,835.75,844.15,3915.0
2021-04-21,839.2,841.3,834.65,837.05,1585.0
2021-04-22,838.4,840.0,828.1,831.15,3744.0
2021-04-23,828.5,842.0,827.2,841.95,3325.0
2021-04-26,848.5,855.95,846.5,855.7,3545.0
2021-04-27,855.4,857.75,850.15,855.1,2669.0
2021-04-28,855.3,855.3,850.55,853.7,1818.0
2021-04-29,855.9,864.8,854.75,856.3,3010.0
2021-05-03,853.45,853.5,830.2,832.55,3735.0
2021-05-04,831.05,833.8,802.3,822.45,5242.0
2021-05-05,816.8,824.35,804.05,804.75,3291.0
2021-05-06,810.6,818.45,800.5,811.35,3367.0
2021-05-07,821.0,834.75,818.8,834.55,3582.0
2021-05-10,837.95,839.5,814.8,816.4,4017.0
2021-05-11,800.15,800.2,772.5,779.05,5809.0
2021-05-12,779.65,782.75,706.6,748.6,7395.0
2021-05-13,739.2,766.6,735.05,747.2,5201.0
2021-05-14,755.1,770.95,751.75,758.8,3309.0
2021-05-17,730.05,760.95,726.85,738.75,4421.0
2021-05-18,749.55,781.8,749.55,778.75,3786.0
2021-05-19,776.85,782.35,769.75,776.3,1645.0
2021-05-20,775.5,775.65,763.35,769.2,3885.0
2021-05-21,778.55,788.8,772.8,779.9,3026.0
2021-05-24,768.35,786.9,768.35,781.05,3192.0
2021-05-25,790.6,804.25,788.65,801.55,3805.0
2021-05-26,802.5,806.75,797.25,800.55,2246.0
2021-05-27,800.3,800.3,785.2,796.4,3394.0
2021-05-28,803.65,812.05,801.8,810.45,3479.0
2021-05-31,812.45,824.25,811.35,821.0,3568.0
2021-06-01,822.1,829.25,821.6,824.7,2214.0
2021-06-02,825.9,826.9,813.0,816.75,2508.0
2021-06-03,823.05,826.25,818.85,822.35,2240.0
2021-06-04,812.7,818.45,810.25,817.35,1694.0
2021-06-07,824.55,825.35,801.0,817.65,3226.0
2021-06-08,822.0,823.35,813.8,816.05,1613.0
2021-06-09,810.05,815.8,807.0,811.2,1874.0
2021-06-10,814.65,824.8,813.4,823.05,3239.0
2021-06-11,824.95,830.6,824.65,826.55,2749.0
2021-06-15,834.8,837.0,830.7,835.1,3168.0
2021-06-16,830.95,834.1,817.1,831.5,1471.0
2021-06-17,816.45,828.6,814.85,828.15,1936.0
2021-06-18,831.35,831.95,826.7,827.45,1737.0
2021-06-21,815.0,818.95,802.35,804.4,2740.0
2021-06-22,810.7,812.0,798.45,801.0,1947.0
2021-06-23,806.0,822.3,804.4,819.9,2531.0
2021-06-24,821.6,822.55,816.5,818.0,1759.0
2021-06-25,822.0,827.2,816.1,818.75,2048.0
2021-06-28,820.45,821.85,811.6,818.8,2050.0
2021-06-29,824.8,826.45,819.5,822.05,1967.0
2021-06-30,827.95,831.5,824.05,826.2,1981.0
2021-07-01,823.95,825.15,817.35,820.35,2300.0
2021-07-02,818.95,822.45,815.2,820.15,2448.0
2021-07-05,826.45,837.15,824.5,833.5,3034.0
2021-07-06,835.85,836.4,827.35,829.15,1817.0
2021-07-07,828.0,833.6,825.7,831.65,2370.0
2021-07-08,831.4,834.8,825.75,828.5,2272.0
2021-07-09,821.85,823.95,816.15,823.85,2203.0
2021-07-12,833.55,838.15,832.8,836.15,2414.0
2021-07-13,843.55,852.4,843.45,846.55,2517.0
2021-07-14,849.8,854.25,846.4,851.4,2023.0
2021-07-15,853.85,856.05,849.2,853.25,2032.0
2021-07-16,837.2,842.25,833.05,841.95,1901.0
2021-07-19,831.0,832.35,824.0,830.55,2544.0
2021-07-20,825.4,830.6,821.0,825.45,2484.0
2021-07-21,829.2,830.0,819.5,821.95,1964.0
2021-07-22,825.5,832.85,824.1,826.7,2338.0
2021-07-23,830.45,831.65,820.95,823.15,2098.0
2021-07-26,825.1,826.65,818.85,819.65,1704.0
2021-07-27,823.4,827.6,818.35,819.8,1709.0
2021-07-28,814.75,815.85,798.95,807.95,2237.0
2021-07-29,815.55,820.1,809.75,819.75,1802.0
2021-07-30,818.4,820.9,814.5,817.4,1498.0
2021-08-02,824.1,829.3,818.25,829.0,1877.0
2021-08-03,828.0,833.05,826.55,832.35,964.0
2021-08-04,834.1,837.95,832.0,836.85,1218.0
2021-08-05,838.25,840.75,836.1,839.3,993.0
2021-08-06,839.4,839.5,827.1,831.35,1688.0
2021-08-09,828.3,829.6,820.25,827.65,1826.0
2021-08-10,827.0,829.65,820.6,823.45,1266.0
2021-08-11,819.1,821.15,812.7,816.65,1856.0
2021-08-12,817.8,818.9,813.05,813.6,1100.0
2021-08-13,815.45,815.45,800.75,800.75,1852.0
2021-08-16,797.25,803.5,793.35,796.85,2186.0
2021-08-17,801.85,801.85,786.05,786.15,2241.0
2021-08-18,777.9,794.8,777.05,794.5,1751.0
2021-08-19,785.6,785.7,769.3,771.7,2477.0
2021-08-20,772.95,778.0,762.95,763.85,2288.0
2021-08-23,773.2,792.0,773.2,787.3,1920.0
2021-08-24,795.0,795.8,788.95,791.1,1250.0
2021-08-25,791.05,803.0,791.05,802.0,1517.0
2021-08-26,811.65,813.95,800.9,806.55,2186.0
2021-08-27,804.7,814.95,802.5,811.15,1507.0
2021-08-30,816.0,820.4,812.85,819.85,1171.0
2021-08-31,816.75,827.8,808.65,827.4,1996.0
2021-09-01,825.1,834.15,822.75,833.55,1788.0
2021-09-02,832.45,837.35,824.8,826.75,1774.0
2021-09-03,829.75,838.95,829.3,837.55,1725.0
2021-09-06,836.3,847.35,835.6,842.7,2027.0
2021-09-07,842.65,843.5,828.55,833.85,1979.0
2021-09-08,830.6,833.25,817.5,823.25,1883.0
2021-09-09,815.0,826.0,813.35,822.1,1687.0
2021-09-10,826.85,833.05,822.45,832.9,1657.0
2021-09-13,828.65,832.55,822.45,824.95,1406.0
2021-09-14,829.2,830.7,823.8,826.25,1801.0
2021-09-15,824.6,826.0,816.95,820.7,1335.0
2021-09-16,817.15,819.75,808.75,812.25,1135.0
2021-09-17,811.55,821.9,808.5,816.0,1770.0
2021-09-22,800.5,800.9,785.35,797.85,1798.0
2021-09-23,802.5,809.05,801.75,804.95,1159.0
2021-09-24,809.55,815.0,809.1,814.55,1344.0
2021-09-27,812.85,817.75,811.7,817.3,1327.0
2021-09-28,811.55,811.55,804.55,808.65,1928.0
2021-09-29,792.1,795.8,784.75,786.65,1838.0
2021-09-30,787.5,794.9,780.9,790.6,2060.0
2021-10-01,786.65,786.9,771.7,776.4,2200.0
2021-10-04,781.35,781.45,768.0,768.8,2196.0
2021-10-05,762.3,772.3,755.2,769.1,2143.0
2021-10-06,772.2,775.4,763.6,768.85,1585.0
2021-10-07,775.9,789.65,775.9,784.95,2271.0
2021-10-08,789.0,791.0,780.05,783.15,1307.0
2021-10-12,776.0,776.6,767.2,774.55,1566.0
2021-10-13,778.6,781.7,767.35,767.35,1487.0
2021-10-14,774.95,779.8,768.3,772.2,1322.0
2021-10-15,787.75,796.3,783.45,794.75,2067.0
2021-10-18,798.2,799.75,788.2,789.25,1844.0
2021-10-19,795.95,804.25,793.85,802.6,2311.0
2021-10-20,806.2,807.3,802.0,803.0,1298.0
2021-10-21,803.1,809.8,796.5,797.35,1695.0
2021-10-22,800.35,806.45,797.0,803.1,1470.0
2021-10-25,798.7,804.75,794.3,802.5,1207.0
2021-10-26,805.8,812.0,804.75,810.55,1556.0
2021-10-27,806.0,814.6,805.0,813.5,1139.0
2021-10-28,811.3,815.8,809.9,812.9,963.0
2021-10-29,815.0,815.0,804.6,807.0,1628.0
2021-11-01,812.7,816.85,811.65,816.25,1230.0
2021-11-02,818.35,823.85,810.6,813.5,1405.0
2021-11-03,815.0,817.8,812.0,814.15,898.0
2021-11-04,822.2,822.9,811.85,813.2,1205.0
2021-11-05,818.65,826.45,817.95,825.3,1816.0
2021-11-08,825.85,830.7,823.5,830.5,1140.0
2021-11-09,835.15,843.95,834.6,841.6,1891.0
2021-11-10,842.55,843.0,838.5,842.0,1640.0
2021-11-11,833.1,839.0,830.65,837.75,1648.0
2021-11-12,840.1,846.9,838.3,841.85,1688.0
2021-11-15,845.8,851.3,845.7,849.05,1472.0
2021-11-16,848.5,853.0,848.25,850.35,1895.0
2021-11-17,851.3,854.45,850.05,851.1,1370.0
2021-11-18,854.4,856.7,850.7,856.7,1543.0
2021-11-19,862.4,865.85,858.75,861.2,1379.0
2021-11-22,860.95,863.6,859.35,860.9,976.0
2021-11-23,858.25,858.25,849.0,850.2,1331.0
2021-11-24,845.45,850.45,842.65,846.85,1339.0
2021-11-25,846.95,848.0,841.6,845.8,919.0
2021-11-26,839.0,841.65,828.4,830.6,2853.0
2021-11-29,820.9,835.9,820.9,831.35,1680.0
2021-11-30,838.0,844.6,832.2,833.15,1692.0
2021-12-01,832.9,848.9,832.9,846.9,1657.0
2021-12-02,845.8,857.4,845.0,854.25,1862.0
2021-12-03,854.05,855.7,848.7,853.1,1036.0
2021-12-06,847.3,852.3,842.0,848.75,1118.0
2021-12-07,848.1,851.0,841.45,850.9,1236.0
2021-12-08,860.85,862.75,852.6,852.85,1140.0
2021-12-09,853.7,857.95,850.85,855.5,964.0
2021-12-10,850.3,854.05,847.3,851.55,1094.0
2021-12-13,853.3,857.45,848.1,848.7,1504.0
2021-12-14,844.0,845.8,840.1,841.35,2212.0
2021-12-15,841.0,846.2,838.65,843.65,1514.0
2021-12-16,851.1,854.9,847.0,854.8,1554.0
2021-12-17,847.8,851.55,846.25,851.35,1334.0
2021-12-20,847.0,849.65,840.0,840.3,1247.0
2021-12-21,843.0,852.3,842.85,849.9,1397.0
2021-12-22,853.5,854.55,850.9,853.65,894.0
2021-12-23,860.6,862.75,858.3,861.15,1031.0
2021-12-24,862.5,864.9,860.2,860.95,691.0
2021-12-27,862.8,870.5,861.45,868.25,917.0
2021-12-28,871.15,874.95,870.55,874.95,1075.0
2021-12-29,873.65,878.4,873.1,877.3,1028.0
2021-12-30,875.45,878.15,874.25,875.7,690.0
2022-01-03,879.05,889.2,879.05,884.25,1731.0
2022-01-04,891.35,902.35,891.05,901.7,1774.0
2022-01-05,904.2,907.15,896.3,900.0,1846.0
2022-01-06,890.05,891.7,880.35,886.3,3032.0
2022-01-07,894.25,895.0,872.05,873.7,2365.0
2022-01-10,870.0,882.2,864.6,881.9,3026.0
2022-01-11,878.0,881.4,871.45,879.4,2524.0
2022-01-12,889.75,890.7,880.25,887.2,1939.0
2022-01-13,893.0,893.0,883.5,887.45,2125.0
2022-01-14,897.8,898.5,877.2,886.55,2838.0
2022-01-17,892.45,903.9,889.3,900.9,3152.0
2022-01-18,903.85,906.3,888.95,889.45,2666.0
2022-01-19,881.0,888.0,879.85,881.75,1594.0
2022-01-20,878.75,884.65,873.85,880.9,1956.0
2022-01-21,869.55,872.3,862.1,864.7,2386.0
2022-01-24,851.6,873.15,851.15,871.9,2024.0
2022-01-25,863.1,864.05,854.1,858.95,2205.0
2022-01-26,855.9,860.5,851.6,852.25,1495.0
2022-02-07,860.55,862.75,850.0,857.65,2424.0
2022-02-08,860.7,867.15,856.9,857.75,1815.0
2022-02-09,866.85,871.3,864.05,870.65,1465.0
2022-02-10,876.45,881.5,870.5,881.4,2216.0
2022-02-11,873.05,879.9,871.95,877.75,1852.0
2022-02-14,867.75,868.0,857.45,860.0,3215.0
2022-02-15,858.1,866.3,855.1,858.6,2281.0
2022-02-16,871.7,876.0,869.8,872.65,1225.0
2022-02-17,874.85,877.6,869.5,873.5,2015.0
2022-02-18,863.6,870.65,861.6,869.05,1426.0
2022-02-21,859.85,868.6,856.6,866.25,1409.0
2022-02-22,855.75,859.15,846.9,850.95,2052.0
2022-02-23,856.1,859.35,852.85,857.9,1171.0
2022-02-24,845.4,848.0,828.8,828.8,3396.0
2022-02-25,836.4,838.85,830.05,832.9,2097.0
2022-03-01,838.0,848.3,835.7,845.15,2267.0
2022-03-02,836.2,843.5,836.05,840.0,1305.0
2022-03-03,846.6,847.3,840.5,843.3,1242.0
2022-03-04,830.2,835.55,824.25,828.45,2145.0
2022-03-07,816.0,816.0,796.6,797.4,2554.0
2022-03-08,783.5,797.85,780.35,782.3,2304.0
2022-03-09,789.2,797.6,789.2,793.2,1286.0
2022-03-10,813.95,821.85,811.9,820.25,1930.0
2022-03-11,816.1,816.3,804.8,807.3,1337.0
2022-03-14,808.25,812.7,800.95,804.55,1767.0
2022-03-15,798.05,799.7,782.8,783.55,2246.0
2022-03-16,792.0,793.3,781.55,787.55,1048.0
2022-03-17,808.4,816.95,807.4,815.5,2274.0
2022-03-18,814.75,814.95,806.9,811.25,1414.0
2022-03-21,816.7,822.1,814.75,817.0,1245.0
2022-03-22,819.8,819.8,813.65,817.15,769.0
2022-03-23,823.6,828.0,821.5,826.55,1268.0
2022-03-24,819.5,826.95,818.1,826.0,1009.0
2022-03-25,830.65,831.2,826.4,827.35,1285.0
2022-03-28,822.5,822.5,809.35,815.0,1852.0
2022-03-29,820.75,822.0,816.25,821.0,906.0
2022-03-30,826.3,832.0,826.3,831.0,1221.0
2022-03-31,830.2,831.55,823.25,823.8,1376.0
2022-04-01,812.85,815.0,810.5,814.85,1496.0
2022-04-06,807.8,809.25,802.0,807.0,2024.0
2022-04-07,798.8,799.45,787.25,788.8,1974.0
2022-04-08,791.5,793.2,788.05,793.2,1800.0
2022-04-11,787.05,789.95,771.55,774.8,3593.0
2022-04-12,770.4,780.2,768.0,775.75,2998.0
2022-04-13,778.25,793.8,778.25,793.0,2575.0
2022-04-14,796.3,797.15,791.2,795.15,2141.0
2022-04-15,783.8,783.8,772.05,773.3,2674.0
2022-04-18,768.5,779.4,765.4,774.5,2978.0
2022-04-19,783.9,786.8,779.15,780.8,2322.0
2022-04-20,782.0,786.15,779.95,785.7,1567.0
2022-04-21,788.1,790.5,784.65,786.25,1446.0
2022-04-22,773.5,775.35,769.6,774.1,2472.0
2022-04-25,760.0,761.1,752.25,754.0,2409.0
2022-04-26,759.0,760.0,751.0,753.95,1878.0
2022-04-27,733.0,740.9,732.25,738.6,2723.0
2022-04-28,739.1,749.05,735.35,747.3,3854.0
2022-04-29,755.35,761.6,750.9,754.1,2361.0
2022-05-03,750.75,755.7,747.2,750.0,2091.0
2022-05-04,750.8,754.85,749.1,751.45,1654.0
2022-05-05,764.0,766.7,760.25,762.3,1921.0
2022-05-06,739.45,746.5,738.85,744.35,1793.0
2022-05-09,735.55,737.5,732.85,733.05,1649.0
2022-05-10,720.0,736.5,717.8,736.2,2700.0
2022-05-11,732.95,740.0,730.65,736.6,1979.0
2022-05-12,724.2,733.0,721.0,721.8,2321.0
2022-05-13,727.8,733.55,726.4,732.95,2246.0
2022-05-16,740.05,746.4,736.6,739.5,2550.0
2022-05-17,739.9,751.75,739.9,750.5,2428.0
2022-05-18,757.1,759.85,755.25,758.6,1393.0
2022-05-19,735.9,743.3,735.5,740.1,2745.0
2022-05-20,748.0,751.45,744.3,750.85,2142.0
2022-05-23,755.0,756.7,745.4,748.6,2387.0
2022-05-24,747.45,748.7,734.65,735.75,2383.0
2022-05-25,737.4,746.6,736.5,743.0,2219.0
2022-05-26,746.1,747.95,733.2,734.25,1944.0
2022-05-27,743.85,749.85,742.65,749.7,2003.0
2022-05-30,760.4,767.8,759.8,766.95,2017.0
2022-05-31,764.5,777.0,762.85,775.5,2380.0
2022-06-01,773.85,779.6,770.2,770.9,1976.0
2022-06-02,768.85,769.0,763.1,765.6,1668.0
2022-06-06,768.8,772.55,762.75,770.25,1796.0
2022-06-07,764.35,765.9,758.4,761.4,1575.0
2022-06-08,768.05,774.9,767.0,771.6,1695.0
2022-06-09,769.2,770.85,765.45,769.25,1102.0
2022-06-10,758.0,763.25,757.15,763.1,1599.0
2022-06-13,745.8,745.8,738.45,740.3,2793.0
2022-06-14,733.15,739.7,728.75,739.35,2891.0
2022-06-15,737.0,740.95,734.7,738.2,1121.0
2022-06-16,727.0,729.25,709.0,709.7,2167.0
2022-06-17,697.3,704.0,695.65,698.3,2100.0
2022-06-20,699.8,700.55,689.75,695.0,2196.0
2022-06-21,702.0,709.5,696.95,708.6,2615.0
2022-06-22,708.8,708.8,689.5,690.9,2531.0
2022-06-23,691.8,697.0,677.8,684.3,2757.0
2022-06-24,688.4,692.0,682.1,687.3,2126.0
2022-06-27,699.0,707.0,695.9,700.35,2208.0
2022-06-28,700.6,701.0,690.1,694.55,1689.0
2022-06-29,687.1,692.4,683.15,686.1,1976.0
2022-06-30,683.5,683.5,664.2,665.6,2139.0
2022-07-01,668.3,669.2,632.7,636.05,4701.0
2022-07-04,640.0,641.2,628.7,633.2,2899.0
2022-07-05,642.15,647.8,622.0,636.1,3456.0
2022-07-06,637.25,639.0,621.25,621.25,2754.0
2022-07-07,630.9,648.6,623.0,643.65,4172.0
2022-07-08,654.7,660.65,649.5,652.1,2646.0
2022-07-11,659.7,660.0,647.3,650.25,1973.0
2022-07-12,644.35,644.35,631.75,633.8,1974.0
2022-07-13,651.95,658.35,649.7,655.55,2068.0
2022-07-14,654.0,664.2,646.35,661.45,2247.0
2022-07-15,665.15,678.2,662.4,674.95,3420.0
2022-07-18,680.7,683.65,677.1,680.75,3027.0
2022-07-19,675.3,681.0,674.5,678.95,2426.0
2022-07-20,687.2,692.4,683.4,683.9,1758.0
2022-07-21,684.3,691.7,680.5,690.5,1818.0
2022-07-22,693.5,698.0,688.8,690.1,2111.0
2022-07-25,689.2,692.6,685.9,689.4,1214.0
2022-07-26,687.2,688.55,678.9,682.85,2178.0
2022-07-27,680.8,690.25,677.6,690.05,1940.0
2022-07-28,697.45,698.5,687.95,690.75,2080.0
2022-07-29,696.95,700.0,692.3,696.8,2024.0
2022-08-01,696.0,696.3,689.0,690.55,1548.0
2022-08-02,686.4,686.4,675.2,678.6,2270.0
2022-08-03,678.0,684.75,676.0,684.0,1979.0
2022-08-04,684.95,687.5,675.3,684.9,2460.0
2022-08-05,690.55,703.85,690.55,702.6,2304.0
2022-08-08,698.0,700.6,696.85,699.0,1395.0
2022-08-09,696.35,701.5,691.1,699.0,2008.0
2022-08-10,690.85,693.3,688.6,689.4,1379.0
2022-08-11,702.9,705.95,701.5,705.4,1569.0
2022-08-12,708.0,711.75,706.2,710.0,1591.0
2022-08-15,715.9,720.2,714.0,717.25,2766.0
2022-08-16,718.95,722.1,718.55,720.25,2119.0
2022-08-17,717.65,721.2,717.05,720.6,984.0
2022-08-18,710.5,713.2,707.6,712.8,1351.0
2022-08-19,713.35,718.9,711.1,714.85,1625.0
2022-08-22,706.0,708.85,703.7,703.85,1483.0
2022-08-23,696.0,700.55,695.1,695.35,1092.0
2022-08-24,699.85,701.2,693.6,695.85,1173.0
2022-08-25,700.0,706.4,699.5,703.15,1775.0
2022-08-26,709.8,711.4,705.55,706.7,1198.0
2022-08-29,684.95,689.1,681.5,685.55,2455.0
2022-08-30,687.55,693.85,686.3,691.65,1503.0
2022-08-31,687.05,699.8,685.5,696.65,1792.0
2022-09-01,686.5,686.5,677.8,680.0,2641.0
2022-09-02,681.9,682.85,674.2,675.2,2007.0
2022-09-05,675.2,681.0,672.0,674.45,1581.0
2022-09-06,679.75,682.25,671.35,675.15,1806.0
2022-09-07,665.4,665.4,658.85,660.3,1877.0
2022-09-08,668.35,670.8,662.2,670.4,1944.0
2022-09-12,681.0,685.95,681.0,682.85,1610.0
2022-09-13,686.55,690.5,685.2,687.2,1168.0
2022-09-14,663.1,674.8,663.1,671.5,1600.0
2022-09-15,672.7,677.7,671.2,673.45,1613.0
2022-09-16,666.0,667.5,663.1,664.85,1611.0
2022-09-19,667.0,668.95,661.05,661.55,2438.0
2022-09-20,668.75,671.45,665.25,671.2,2178.0
2022-09-21,666.6,668.75,661.2,661.65,968.0
2022-09-22,653.0,655.25,646.75,655.0,1726.0
2022-09-23,653.25,653.25,643.6,645.4,1963.0
2022-09-26,635.2,636.6,627.4,628.55,1946.0
2022-09-27,634.0,635.05,628.35,633.4,1705.0
2022-09-28,632.6,634.65,616.5,617.8,2170.0
2022-09-29,625.8,625.8,613.55,615.35,2383.0
2022-09-30,604.55,611.5,602.75,607.55,2227.0
2022-10-03,600.75,610.3,596.7,602.05,1913.0
2022-10-04,614.45,620.7,613.8,620.05,2414.0
2022-10-05,629.0,639.6,627.8,635.25,2557.0
2022-10-06,641.0,643.5,635.5,638.4,1601.0
2022-10-07,633.95,633.95,626.0,626.05,1861.0
2022-10-11,601.3,604.3,589.65,590.65,2784.0
2022-10-12,586.0,592.35,584.2,588.95,2084.0
2022-10-13,588.45,592.95,580.8,585.0,2710.0
2022-10-14,601.9,606.35,597.75,602.25,2098.0
2022-10-17,588.15,593.0,584.5,591.55,2671.0
2022-10-18,600.5,602.45,591.8,597.4,2591.0
2022-10-19,597.85,599.5,589.6,590.75,1699.0
2022-10-20,583.2,588.35,576.05,587.5,2352.0
2022-10-21,588.0,590.15,580.15,580.25,2099.0
2022-10-24,594.65,596.7,582.0,583.0,1997.0
2022-10-25,582.75,584.8,569.05,569.9,2570.0
2022-10-26,571.3,575.45,568.5,570.85,2068.0
2022-10-27,576.05,584.55,576.05,584.05,1931.0
2022-10-28,578.0,579.9,571.85,573.35,1640.0
2022-10-31,580.0,587.5,578.1,585.0,1857.0
2022-11-01,585.15,591.35,584.3,588.4,1516.0
2022-11-02,588.0,593.7,586.65,593.05,999.0
2022-11-03,583.8,588.25,581.2,586.4,1391.0
2022-11-04,582.4,588.5,579.35,587.95,1546.0
2022-11-07,593.95,600.2,591.9,597.3,1630.0
2022-11-08,601.05,606.85,600.35,603.4,1292.0
2022-11-09,609.5,621.9,609.05,621.0,1863.0
2022-11-10,616.75,618.1,612.6,614.75,1154.0
2022-11-11,642.3,649.1,640.6,648.95,2394.0
2022-11-14,654.5,655.55,647.1,649.45,1706.0
2022-11-15,656.3,682.0,656.3,677.3,3604.0
2022-11-16,685.0,686.95,675.65,679.75,2276.0
2022-11-17,676.25,682.05,670.45,680.75,1669.0
2022-11-18,684.05,691.2,679.45,680.0,1843.0
2022-11-21,683.4,683.4,675.1,675.95,1416.0
2022-11-22,676.95,682.2,671.15,680.3,1499.0
2022-11-23,686.45,688.1,680.55,683.3,1336.0
2022-11-24,688.35,692.05,685.45,691.35,1414.0
2022-11-25,691.35,692.2,687.4,687.75,1059.0
2022-11-28,679.45,680.85,673.7,674.05,2428.0
2022-11-29,672.85,682.0,669.35,680.8,1721.0
2022-11-30,679.7,687.6,678.1,686.25,1438.0
2022-12-01,700.45,706.2,697.15,699.6,2267.0
2022-12-02,693.95,698.5,690.85,694.4,969.0
2022-12-05,695.3,703.15,694.5,695.25,1895.0
2022-12-06,692.0,694.0,682.25,682.45,1260.0
2022-12-07,678.0,686.25,675.7,676.2,1530.0
2022-12-08,675.2,675.2,665.95,670.45,1433.0
2022-12-09,679.05,683.7,676.05,682.55,1460.0
2022-12-12,680.0,680.0,670.85,675.0,1338.0
2022-12-13,680.55,681.35,670.85,671.65,1095.0
2022-12-14,676.55,683.15,675.05,682.35,1661.0
2022-12-15,677.85,683.95,676.25,682.05,1398.0
2022-12-16,665.65,671.15,664.55,666.95,2038.0
2022-12-19,665.5,668.4,661.75,664.4,1731.0
2022-12-20,663.75,667.25,650.2,651.85,2600.0
2022-12-21,655.95,656.95,650.75,653.35,1085.0
2022-12-22,657.35,662.2,656.2,661.15,1221.0
2022-12-23,648.85,651.4,646.55,648.35,1219.0
2022-12-26,650.15,652.0,648.75,650.85,796.0
2022-12-27,653.05,659.25,653.05,654.5,1312.0
2022-12-28,649.1,649.1,639.1,642.6,1802.0
2022-12-29,635.7,642.15,634.6,639.65,1368.0
2022-12-30,649.0,649.95,643.35,643.6,1243.0
2023-01-03,642.2,651.15,636.15,650.9,1994.0
2023-01-04,649.7,652.8,647.65,648.6,861.0
2023-01-05,655.05,657.45,650.35,653.0,1419.0
2023-01-06,650.8,659.0,650.8,657.35,1505.0
2023-01-09,670.25,680.75,669.85,680.75,1498.0
2023-01-10,680.45,685.35,680.3,683.75,1156.0
2023-01-11,686.15,688.0,680.7,684.0,944.0
2023-01-12,685.15,686.4,679.95,682.55,1068.0
2023-01-13,698.1,699.95,687.35,687.95,1647.0
2023-01-16,693.2,695.7,692.35,693.95,1408.0
2023-01-17,693.8,693.8,690.1,691.85,2264.0
2023-01-30,726.25,729.15,721.05,726.0,1085.0
2023-01-31,726.0,726.25,713.3,713.95,1490.0
2023-02-01,719.1,721.85,716.2,721.2,937.0
2023-02-02,730.9,736.45,729.7,735.5,1822.0
2023-02-03,736.0,738.9,731.0,736.45,1060.0
2023-02-06,731.4,731.4,724.1,724.5,1390.0
2023-02-07,722.75,725.95,721.3,722.95,922.0
2023-02-08,726.7,739.95,726.7,739.1,1489.0
2023-02-09,734.95,739.6,734.3,739.3,900.0
2023-02-10,738.35,740.5,735.0,738.05,1344.0
2023-02-13,734.0,735.95,730.3,733.1,1544.0
2023-02-14,740.2,741.4,737.45,740.15,1443.0
2023-02-15,733.95,734.4,722.0,723.15,1027.0
2023-02-16,724.85,733.85,724.85,731.5,1174.0
2023-02-17,722.9,726.25,720.1,722.6,1222.0
2023-02-20,719.8,727.55,719.1,725.65,939.0
2023-02-21,724.1,727.75,723.5,726.45,1052.0
2023-02-22,716.7,717.55,713.0,715.9,1066.0
2023-02-23,719.75,732.55,719.75,730.2,1769.0
2023-02-24,733.8,735.5,725.05,726.0,1404.0
2023-03-01,717.2,731.8,713.95,731.45,1896.0
2023-03-02,732.45,734.75,724.4,730.0,1203.0
2023-03-03,733.6,738.0,731.45,733.0,1371.0
2023-03-06,738.0,745.0,737.6,741.6,1249.0
2023-03-07,741.85,747.25,739.95,745.75,1000.0
2023-03-08,737.8,743.0,737.75,741.15,1044.0
2023-03-09,745.85,747.35,741.3,742.65,1182.0
2023-03-10,732.55,734.45,725.5,727.8,1478.0
2023-03-13,727.05,731.35,721.0,730.95,2149.0
2023-03-14,722.9,726.85,721.55,722.35,1466.0
2023-03-15,729.45,732.75,726.55,726.95,1001.0
2023-03-16,715.45,723.75,715.15,719.95,2066.0
2023-03-17,727.3,730.8,726.1,730.25,1707.0
2023-03-20,732.5,734.85,727.95,729.3,1246.0
2023-03-21,733.1,735.3,731.0,733.35,1238.0
2023-03-22,741.6,748.95,740.3,748.95,1631.0
2023-03-23,747.5,757.4,747.45,755.2,1277.0
2023-03-24,758.0,760.8,754.45,760.4,938.0
2023-03-27,757.8,757.85,752.0,753.0,1158.0
2023-03-28,750.6,751.85,741.8,743.6,1379.0
2023-03-29,744.5,748.55,740.65,745.85,945.0
2023-03-30,751.0,754.9,749.25,753.05,1113.0
2023-03-31,755.55,760.4,754.4,755.4,1137.0
2023-04-06,751.3,751.3,743.95,747.8,1232.0
2023-04-07,752.45,754.15,748.55,749.45,814.0
2023-04-10,750.45,754.65,749.3,750.0,870.0
2023-04-11,748.45,754.5,747.55,752.15,986.0
2023-04-12,753.0,753.45,746.35,750.15,919.0
2023-04-13,746.0,747.25,740.65,740.95,1182.0
2023-04-14,745.9,750.6,743.3,748.25,1336.0
2023-04-17,747.3,749.3,743.45,749.2,1238.0
2023-04-18,748.75,749.4,743.9,745.8,1994.0
2023-04-19,745.95,746.8,737.55,738.7,932.0
2023-04-20,735.3,741.6,733.7,738.0,1580.0
2023-04-21,740.5,741.7,730.2,730.75,1733.0
2023-04-24,727.25,732.0,725.4,728.85,1297.0
2023-04-25,729.7,730.8,714.25,714.95,1690.0
2023-04-26,715.9,716.2,709.8,712.55,1658.0
2023-04-27,712.2,719.05,709.4,717.55,1891.0
2023-04-28,722.1,726.3,721.0,724.7,1380.0
2023-05-02,727.45,730.35,722.9,727.85,1371.0
2023-05-03,724.95,726.15,721.85,723.45,1012.0
2023-05-04,721.45,727.2,720.5,726.05,1245.0
2023-05-05,726.35,731.8,725.65,728.55,1323.0
2023-05-08,735.0,737.0,731.8,733.2,1277.0
2023-05-09,732.6,736.3,730.75,735.5,1619.0
2023-05-10,733.5,733.75,725.5,726.65,1811.0
2023-05-11,729.0,731.5,722.55,722.9,1326.0
2023-05-12,717.7,725.7,717.6,722.55,1439.0
2023-05-15,719.7,724.1,718.35,721.7,1751.0
2023-05-16,728.2,733.4,727.55,731.75,1829.0
2023-05-17,733.3,745.65,733.0,745.25,1119.0
2023-05-18,749.8,751.6,746.6,750.45,1816.0
2023-05-19,756.1,756.35,751.05,754.3,1351.0
2023-05-22,754.65,756.7,750.95,753.05,873.0
2023-05-23,754.95,756.2,749.85,753.75,1164.0
2023-05-24,748.8,751.7,747.05,749.9,1267.0
2023-05-25,754.9,765.2,754.9,765.0,2204.0
2023-05-26,778.0,786.3,777.0,786.3,2627.0
2023-05-29,799.3,799.55,790.1,793.95,1601.0
2023-05-30,792.8,795.1,789.85,793.65,1091.0
2023-05-31,793.5,794.2,783.7,787.6,1604.0
2023-06-01,783.8,787.7,781.8,784.75,1298.0
2023-06-02,790.5,800.3,789.85,799.0,1308.0
2023-06-05,799.15,799.15,792.0,793.55,1330.0
2023-06-06,793.2,798.55,792.2,796.8,1037.0
2023-06-07,799.6,807.45,797.9,805.3,1720.0
2023-06-08,803.15,804.45,792.65,795.5,1842.0
2023-06-09,800.8,806.8,799.85,806.8,1099.0
2023-06-12,810.5,814.8,810.05,813.55,1215.0
2023-06-13,823.7,835.5,823.4,833.05,1616.0
2023-06-14,831.7,832.5,827.25,830.25,844.0
2023-06-15,833.0,839.0,832.9,838.8,1320.0
2023-06-16,835.85,836.9,830.2,834.5,1586.0
2023-06-19,830.7,835.85,828.6,833.85,1440.0
2023-06-20,831.05,832.85,823.6,828.65,1720.0
2023-06-21,826.5,831.6,825.4,831.0,756.0
2023-06-26,814.2,815.3,810.0,814.05,1221.0
2023-06-27,809.5,811.85,803.8,804.85,1080.0
2023-06-28,808.25,810.3,804.5,807.4,992.0
2023-06-29,811.4,818.8,806.25,808.2,1800.0
2023-06-30,805.05,812.65,803.0,811.25,1029.0
2023-07-03,815.8,825.3,815.8,825.3,1410.0
2023-07-04,826.15,832.6,822.8,832.2,1552.0
2023-07-05,831.3,834.05,824.4,826.2,1080.0
2023-07-06,819.0,820.95,809.65,810.35,1734.0
2023-07-07,803.1,813.45,803.1,806.25,1792.0
2023-07-10,808.85,813.8,801.7,801.8,1438.0
2023-07-11,812.0,822.8,811.1,822.75,1876.0
2023-07-12,822.5,827.3,818.6,827.0,1514.0
2023-07-13,838.45,850.85,836.7,838.8,2289.0
2023-07-14,848.7,850.35,839.5,849.45,1416.0
2023-07-17,847.85,852.55,846.2,848.15,1497.0
2023-07-18,851.8,857.0,841.45,845.55,2093.0
2023-07-19,847.65,852.6,839.15,839.95,711.0
2023-07-20,838.0,844.4,838.0,841.9,1197.0
2023-07-21,823.4,833.3,818.55,830.7,1636.0
2023-07-24,830.55,838.9,828.9,837.0,1556.0
2023-07-25,842.0,850.1,841.0,847.0,1522.0
2023-07-26,848.15,848.15,838.4,839.6,1607.0
2023-07-27,842.9,847.4,841.9,843.85,1412.0
2023-07-28,839.35,851.0,839.35,849.25,1849.0
2023-07-31,857.0,859.7,832.5,836.05,2164.0
2023-08-01,840.95,843.65,831.95,838.05,1629.0
2023-08-02,833.55,838.4,816.4,818.55,2376.0
2023-08-04,811.65,820.1,809.95,816.35,1410.0
2023-08-07,816.7,832.25,816.7,830.25,2019.0
2023-08-08,831.05,831.05,815.8,820.35,1477.0
2023-08-09,817.85,826.4,816.45,821.5,1585.0
2023-08-10,816.15,817.65,804.8,809.6,1881.0
2023-08-11,812.75,815.55,804.05,806.9,1301.0
2023-08-14,802.15,803.1,793.3,797.9,1956.0
2023-08-15,805.15,809.0,801.7,802.45,1833.0
2023-08-16,794.1,804.8,792.6,803.0,677.0
2023-08-17,798.6,812.75,796.0,810.65,1912.0
2023-08-18,807.4,812.25,799.5,801.9,1754.0
2023-08-21,803.65,808.05,798.5,799.6,1232.0
2023-08-22,809.0,810.5,804.85,806.8,1572.0
2023-08-23,807.4,816.8,807.0,816.8,1506.0
2023-08-24,832.0,835.7,826.15,832.4,2171.0
2023-08-25,819.0,820.05,809.15,809.45,1432.0
2023-08-28,812.35,815.5,810.5,812.55,1030.0
2023-08-29,816.95,818.7,808.85,818.4,943.0
2023-08-30,826.15,828.25,823.1,824.1,1071.0
2023-08-31,823.65,823.65,817.2,817.8,896.0
2023-09-01,816.2,822.0,815.5,816.25,919.0
2023-09-04,815.5,824.5,814.2,824.5,1128.0
2023-09-05,821.45,824.85,819.55,823.2,756.0
2023-09-06,824.0,828.0,823.4,823.55,847.0
2023-09-07,815.75,820.35,814.95,815.0,944.0
2023-09-08,810.6,813.15,805.85,811.15,1283.0
2023-09-11,809.45,812.45,798.65,802.05,1453.0
2023-09-12,804.85,811.7,800.3,810.3,1346.0
2023-09-13,809.65,815.0,807.0,809.0,1082.0
2023-09-14,814.35,825.05,814.35,824.1,1445.0
2023-09-15,824.6,830.7,823.1,829.95,1061.0
2023-09-18,818.85,822.05,815.05,816.15,1384.0
2023-09-19,815.25,819.1,808.5,808.85,1325.0
2023-09-20,808.85,813.25,805.1,805.85,552.0
2023-09-21,802.1,802.45,793.75,795.75,1354.0
2023-09-22,787.85,797.8,785.6,797.0,1183.0
2023-09-25,797.05,805.65,796.75,803.0,961.0
2023-09-26,800.85,800.85,793.05,794.5,913.0
2023-09-27,790.2,796.4,788.85,795.15,963.0
2023-09-28,798.0,803.4,794.35,798.9,1118.0
2023-10-02,808.0,817.3,807.1,813.05,1562.0
2023-10-03,810.35,815.25,806.25,806.25,1053.0
2023-10-04,797.8,802.3,793.5,799.0,1224.0
2023-10-05,804.15,812.15,802.05,810.5,1047.0
2023-10-06,811.3,816.35,811.05,813.35,1026.0
2023-10-11,828.05,829.75,820.5,822.2,1005.0
2023-10-12,825.05,830.65,823.45,830.1,840.0
2023-10-13,825.6,829.65,824.95,827.9,951.0
2023-10-16,821.6,822.0,816.45,818.15,1475.0
2023-10-17,825.7,827.85,819.75,821.35,1397.0
2023-10-18,818.5,818.7,805.8,806.2,550.0
2023-10-19,801.0,811.6,800.75,810.25,1277.0
2023-10-20,810.1,814.4,798.3,811.95,2145.0
2023-10-23,807.6,809.25,800.6,801.35,1013.0
2023-10-24,803.4,806.7,795.35,806.3,1343.0
2023-10-25,808.65,814.35,805.85,806.35,1024.0
2023-10-26,791.6,794.0,786.7,789.0,1292.0
2023-10-27,792.0,795.6,790.2,791.65,1007.0
2023-10-30,788.0,797.3,788.0,793.6,1166.0
2023-10-31,796.35,796.35,782.35,783.45,1383.0
2023-11-01,789.8,790.1,782.8,786.6,991.0
2023-11-02,798.1,808.55,798.1,807.95,1675.0
2023-11-03,813.5,813.85,809.25,811.75,1048.0
2023-11-06,819.75,825.2,819.05,820.65,1262.0
2023-11-07,820.0,823.75,817.3,822.95,937.0
2023-11-08,824.1,829.95,822.05,827.05,1004.0
2023-11-09,825.5,829.15,823.15,828.1,750.0
2023-11-10,822.55,827.75,819.55,827.75,1099.0
2023-11-13,844.55,844.6,837.2,838.35,1274.0
2023-11-14,842.35,844.35,839.6,842.35,1035.0
2023-11-15,853.75,856.6,845.8,848.95,564.0
2023-11-16,851.25,852.85,844.4,848.1,837.0
2023-11-17,847.7,852.75,846.55,850.8,785.0
2023-11-20,851.95,854.85,848.0,850.0,777.0
2023-11-21,855.0,862.6,855.0,861.7,1000.0
2023-11-22,853.8,856.9,852.35,853.4,650.0
2023-11-23,853.55,856.65,850.9,854.15,729.0
2023-11-24,855.3,857.35,852.35,853.7,450.0
2023-11-27,851.6,856.25,844.0,845.1,1013.0
2023-11-28,848.0,856.45,845.3,854.5,1006.0
2023-11-29,852.6,862.05,852.5,857.0,1006.0
2023-11-30,859.9,861.3,852.85,859.2,645.0
2023-12-01,854.95,862.7,851.0,862.2,913.0
2023-12-04,865.25,865.4,856.8,858.05,802.0
2023-12-05,852.0,854.0,847.7,851.7,745.0
2023-12-06,855.3,859.45,853.8,854.8,665.0
2023-12-07,852.6,855.95,850.15,850.55,669.0
2023-12-08,859.55,863.15,855.9,857.0,985.0
2023-12-11,859.95,862.7,857.1,860.65,534.0
2023-12-12,865.55,867.75,862.1,863.7,602.0
2023-12-13,865.8,867.45,864.0,866.25,677.0
2023-12-14,874.85,877.75,872.0,876.3,1240.0
2023-12-15,881.8,882.7,874.6,875.0,869.0
2023-12-18,874.0,875.15,869.0,874.8,1107.0
2023-12-19,871.95,874.45,867.35,872.55,1281.0
2023-12-20,873.45,876.2,872.9,875.0,536.0
2023-12-21,862.4,868.3,861.05,867.5,726.0
2023-12-22,870.35,873.3,869.3,871.75,656.0
2023-12-25,874.6,877.6,874.1,876.6,535.0
2023-12-26,878.15,882.3,877.0,882.2,593.0
2023-12-27,883.0,891.55,882.8,891.5,817.0
2023-12-28,889.8,893.2,887.75,890.0,557.0
2023-12-29,888.85,892.4,888.0,891.9,653.0
2024-01-02,888.05,893.9,881.1,884.2,1323.0
2024-01-03,876.0,876.0,867.3,869.35,1247.0
2024-01-04,868.5,871.9,867.05,868.0,807.0
2024-01-05,870.0,873.0,864.95,865.3,1170.0
2024-01-08,868.8,875.4,868.8,869.4,1359.0
2024-01-09,880.0,880.8,869.55,871.25,1430.0
2024-01-10,868.35,871.3,865.05,867.7,998.0
2024-01-11,869.9,877.4,868.7,875.85,1707.0
2024-01-12,871.6,874.45,867.5,870.25,1252.0
2024-01-15,873.25,879.5,872.45,874.9,1595.0
2024-01-16,872.2,873.2,864.8,868.05,1774.0
2024-01-17,867.65,870.0,860.35,860.85,549.0
2024-01-18,865.95,870.55,865.45,868.65,1496.0
2024-01-19,886.55,899.95,886.55,899.15,2115.0
2024-01-22,907.6,912.35,904.0,909.95,1337.0
2024-01-23,908.6,912.1,907.0,910.5,1235.0
2024-01-24,912.6,913.25,909.95,910.75,1014.0
2024-01-25,917.4,920.55,915.2,919.65,1067.0
2024-01-26,917.0,920.0,914.15,916.25,1094.0
2024-01-29,917.3,924.45,915.2,924.05,954.0
2024-01-30,924.35,925.85,921.65,923.45,1014.0
2024-01-31,918.7,918.7,910.4,911.75,1449.0
2024-02-01,912.0,915.3,904.6,911.1,1472.0
2024-02-02,917.35,919.75,915.35,919.65,1502.0
2024-02-05,917.75,924.25,913.25,923.1,1134.0
2024-02-15,960.0,970.0,959.0,967.85,1771.0
2024-02-16,967.75,970.1,961.9,961.9,1300.0
2024-02-19,963.4,964.2,957.0,958.4,1403.0
2024-02-20,957.75,965.05,955.0,964.95,1504.0
2024-02-21,963.7,963.8,958.0,959.55,497.0
2024-02-22,968.15,973.55,965.1,973.45,1611.0
2024-02-23,979.9,982.0,976.15,977.4,1488.0
2024-02-26,978.5,981.0,972.6,979.4,1267.0
2024-02-27,980.0,982.8,964.85,972.5,1596.0
2024-02-29,970.35,977.5,968.7,974.4,1104.0
2024-03-01,976.6,981.0,974.55,976.5,1071.0
2024-03-04,991.4,1005.95,991.05,1003.0,1532.0
2024-03-05,1008.7,1014.3,1003.95,1011.0,1138.0
2024-03-06,1004.05,1019.4,1001.8,1018.85,1154.0
2024-03-07,1032.95,1039.7,1026.7,1035.8,2129.0
2024-03-08,1053.95,1060.75,1032.25,1043.8,2527.0
2024-03-11,1033.8,1043.45,1031.0,1033.25,1557.0
2024-03-12,1031.7,1047.85,1028.8,1047.85,1784.0
2024-03-13,1054.0,1057.15,1042.8,1044.4,1578.0
2024-03-14,1042.1,1046.1,1031.75,1041.7,1561.0
2024-03-15,1035.35,1040.8,1029.1,1031.05,1221.0
2024-03-18,1032.85,1044.5,1031.65,1044.0,1162.0
2024-03-19,1038.15,1044.3,1032.85,1042.3,1790.0
2024-03-20,1041.45,1049.6,1033.3,1034.45,587.0
2024-03-21,1054.7,1067.25,1054.35,1067.25,1467.0
2024-03-22,1063.95,1068.2,1060.0,1068.2,1159.0
2024-03-25,1069.0,1071.4,1063.45,1065.1,744.0
2024-03-26,1067.75,1075.25,1049.6,1058.45,2227.0
2024-03-27,1057.2,1064.4,1055.5,1061.6,890.0
2024-03-28,1060.65,1061.95,1050.2,1060.2,1184.0
2024-03-29,1060.95,1065.95,1059.9,1065.0,705.0
2024-04-01,1070.65,1071.3,1061.2,1062.3,1010.0
2024-04-02,1068.3,1080.1,1067.4,1079.95,1256.0
2024-04-03,1072.95,1075.5,1066.85,1070.75,1032.0
2024-04-08,1076.1,1079.5,1072.2,1075.65,1035.0
2024-04-09,1080.2,1100.35,1080.2,1100.35,1338.0
2024-04-10,1098.55,1100.55,1094.25,1098.35,822.0
2024-04-11,1092.0,1094.45,1086.0,1093.85,1204.0
2024-04-12,1095.0,1097.6,1090.85,1093.6,1213.0
2024-04-15,1077.55,1082.5,1070.6,1074.9,1753.0
2024-04-16,1058.15,1061.55,1035.45,1045.45,2362.0
2024-04-17,1043.0,1062.0,1041.9,1059.9,642.0
2024-04-18,1049.6,1067.3,1046.85,1067.3,1792.0
2024-04-19,1025.0,1033.1,997.35,1008.9,3463.0
2024-04-22,1010.1,1017.0,996.15,999.95,1679.0
2024-04-23,1007.6,1014.35,1004.0,1009.05,910.0
2024-04-24,1023.2,1048.2,1023.2,1045.85,1644.0
2024-04-25,1033.6,1034.75,1025.25,1027.4,931.0
2024-04-26,1045.55,1058.75,1042.65,1047.2,1482.0
2024-04-29,1059.5,1063.6,1053.95,1063.5,1332.0
2024-04-30,1060.35,1067.8,1056.65,1057.2,1071.0
2024-05-02,1048.8,1054.9,1043.05,1043.7,1621.0
2024-05-03,1058.8,1063.95,1047.05,1051.95,1047.0
2024-05-06,1071.15,1071.15,1061.7,1061.95,985.0
2024-05-07,1070.5,1072.55,1063.35,1068.85,916.0
2024-05-08,1068.55,1077.5,1066.75,1076.7,842.0
2024-05-09,1077.2,1079.2,1070.7,1071.7,827.0
2024-05-10,1077.95,1079.6,1066.2,1078.95,1344.0
2024-05-13,1090.6,1090.6,1082.0,1083.05,980.0
2024-05-14,1083.25,1099.8,1081.05,1094.2,1559.0
2024-05-15,1105.15,1114.25,1102.15,1103.3,430.0
2024-05-16,1124.35,1128.0,1110.7,1112.6,1366.0
2024-05-17,1110.35,1114.9,1107.1,1109.7,749.0
2024-05-20,1115.85,1119.35,1096.65,1106.7,1212.0
2024-05-21,1110.65,1113.05,1104.35,1110.25,993.0
2024-05-22,1112.0,1135.05,1111.05,1134.2,1267.0
2024-05-23,1139.8,1147.45,1134.0,1143.3,1071.0
2024-05-24,1135.0,1143.85,1132.0,1140.7,867.0
2024-05-27,1148.0,1163.5,1147.0,1159.0,1060.0
2024-05-28,1159.6,1165.05,1157.1,1161.25,812.0
2024-05-29,1158.0,1160.05,1150.0,1150.5,855.0
2024-05-30,1136.8,1137.65,1128.1,1129.05,1073.0
2024-05-31,1136.0,1137.0,1112.4,1116.7,1375.0
2024-06-03,1129.25,1144.15,1125.85,1140.15,1414.0
2024-06-04,1137.15,1137.15,1118.4,1120.25,1074.0
2024-06-05,1123.3,1131.25,1114.85,1130.0,976.0
2024-06-06,1154.85,1166.25,1154.0,1158.15,1379.0
2024-06-07,1157.05,1157.3,1146.45,1155.05,933.0
2024-06-11,1158.35,1159.1,1149.7,1151.55,970.0
2024-06-12,1153.25,1176.0,1152.45,1173.95,1249.0
2024-06-13,1188.2,1202.5,1183.6,1193.45,1195.0
2024-06-14,1193.85,1205.45,1186.0,1204.65,892.0
2024-06-17,1200.0,1207.8,1198.0,1203.3,1018.0
2024-06-18,1220.25,1225.05,1215.05,1222.8,1225.0
2024-06-19,1231.5,1260.4,1231.0,1255.15,527.0
2024-06-20,1254.4,1267.1,1250.15,1267.1,1024.0
2024-06-21,1241.2,1258.0,1240.8,1250.95,965.0
2024-06-24,1241.6,1245.6,1218.45,1221.0,1259.0
2024-06-25,1209.0,1222.05,1195.0,1219.7,1104.0
2024-06-26,1225.75,1238.25,1223.55,1232.45,995.0
2024-06-27,1216.7,1230.95,1214.35,1229.55,855.0
2024-06-28,1237.8,1247.1,1229.0,1242.05,1068.0
2024-07-01,1244.15,1251.5,1238.5,1242.0,817.0
2024-07-02,1236.0,1240.5,1223.5,1228.2,1175.0
2024-07-03,1244.05,1247.0,1237.3,1246.8,824.0
2024-07-04,1267.0,1278.7,1264.4,1278.15,1308.0
2024-07-05,1278.9,1283.55,1272.75,1277.15,809.0
2024-07-08,1277.0,1310.25,1275.0,1303.9,1583.0
2024-07-09,1305.15,1318.2,1287.0,1305.0,1971.0
2024-07-10,1294.7,1309.7,1287.4,1307.9,1532.0
2024-07-11,1333.35,1337.05,1319.0,1335.0,1487.0
2024-07-12,1308.7,1310.5,1287.15,1290.4,1947.0
2024-07-15,1305.0,1308.9,1289.05,1294.65,1479.0
2024-07-16,1292.2,1321.0,1292.05,1306.95,1711.0
2024-07-17,1301.2,1301.2,1277.1,1280.35,570.0
2024-07-18,1259.95,1262.8,1239.1,1259.25,1326.0
2024-07-19,1240.0,1248.7,1229.15,1229.75,1010.0
2024-07-22,1227.85,1230.25,1186.0,1195.6,1714.0
2024-07-23,1210.7,1226.2,1208.75,1223.0,900.0
2024-07-26,1175.6,1180.1,1161.05,1171.75,897.0
2024-07-29,1193.5,1199.4,1174.55,1183.1,733.0
2024-07-30,1164.05,1188.6,1157.2,1183.45,1134.0
2024-07-31,1170.0,1187.0,1167.6,1183.7,911.0
2024-08-01,1215.1,1217.65,1195.95,1208.3,1475.0
2024-08-02,1165.1,1172.95,1131.8,1132.1,1580.0
2024-08-05,1078.0,1096.1,1019.35,1019.35,2663.0
2024-08-06,1074.1,1102.55,1034.35,1078.0,2266.0
2024-08-07,1088.25,1135.8,1087.35,1124.4,1926.0
2024-08-08,1099.9,1120.2,1090.3,1096.55,1005.0
2024-08-09,1144.95,1148.2,1127.45,1145.15,745.0
2024-08-12,1150.05,1168.0,1150.05,1154.0,673.0
2024-08-13,1164.0,1168.75,1155.5,1163.3,801.0
2024-08-14,1185.9,1185.9,1170.5,1173.55,785.0
2024-08-15,1174.8,1179.55,1165.8,1166.15,645.0
2024-08-16,1195.95,1200.4,1189.2,1196.75,1081.0
2024-08-19,1201.8,1210.8,1196.45,1201.45,1096.0
2024-08-20,1211.4,1216.65,1202.9,1206.85,851.0
2024-08-21,1196.85,1198.4,1188.1,1189.35,299.0
2024-08-22,1190.95,1194.5,1179.0,1184.15,644.0
2024-08-23,1175.2,1187.35,1170.35,1185.6,755.0
2024-08-26,1196.65,1202.6,1181.65,1186.55,867.0
2024-08-27,1179.1,1185.4,1175.0,1182.5,606.0
2024-08-28,1183.3,1201.8,1178.55,1201.8,771.0
2024-08-29,1180.05,1191.4,1168.4,1187.0,558.0
2024-08-30,1192.05,1198.25,1188.35,1192.25,733.0
2024-09-02,1192.55,1200.2,1183.55,1186.7,484.0
2024-09-03,1186.4,1195.0,1176.75,1177.8,611.0
2024-09-04,1128.8,1137.55,1106.35,1110.0,1159.0
2024-09-05,1131.4,1140.15,1118.0,1124.6,998.0
2024-09-06,1125.3,1141.7,1119.0,1133.65,822.0
2024-09-09,1096.35,1122.7,1090.0,1119.0,845.0
2024-09-10,1129.35,1131.5,1111.0,1114.9,914.0
2024-09-11,1122.4,1123.0,1112.85,1114.55,385.0
2024-09-12,1149.0,1167.75,1149.0,1164.05,1151.0
2024-09-13,1167.25,1169.9,1158.1,1167.7,391.0
2024-09-16,1169.25,1171.2,1161.5,1166.15,837.0
2024-09-18,1161.2,1166.0,1147.4,1150.5,318.0
2024-09-19,1162.0,1179.1,1153.3,1178.3,698.0
2024-09-20,1196.7,1203.05,1187.7,1188.7,584.0
2024-09-23,1191.5,1199.0,1190.95,1196.2,311.0
2024-09-24,1195.3,1208.3,1184.15,1207.6,558.0
2024-09-25,1231.3,1231.3,1222.0,1225.0,521.0
2024-09-26,1239.0,1245.5,1233.0,1237.3,761.0
2024-09-27,1250.2,1250.3,1227.3,1227.4,657.0
2024-09-30,1212.4,1216.35,1186.0,1186.8,917.0
2024-10-01,1182.8,1199.75,1182.75,1195.15,392.0
2024-10-04,1198.0,1210.0,1188.95,1191.5,648.0
2024-10-07,1209.85,1225.8,1208.45,1224.15,511.0
2024-10-08,1214.05,1220.0,1206.25,1217.9,689.0
2024-10-09,1229.6,1240.35,1227.0,1231.8,796.0
2024-10-11,1237.2,1255.9,1234.45,1248.25,716.0
2024-10-14,1251.45,1257.65,1242.0,1254.75,1039.0
2024-10-15,1263.75,1282.85,1261.65,1271.75,781.0
2024-10-16,1248.1,1271.35,1245.8,1255.35,325.0
2024-10-17,1267.0,1270.9,1252.75,1270.0,883.0
2024-10-18,1315.8,1318.0,1286.2,1295.4,933.0
2024-10-21,1311.25,1311.7,1294.7,1296.05,518.0
2024-10-22,1295.45,1297.15,1278.55,1296.15,511.0
2024-10-23,1287.65,1289.75,1280.3,1284.05,573.0
2024-10-24,1284.15,1290.35,1272.35,1277.2,685.0
2024-10-25,1277.9,1289.55,1275.65,1289.05,336.0
2024-10-28,1302.05,1302.05,1270.85,1276.9,612.0
2024-10-29,1265.9,1265.9,1239.0,1255.95,594.0
2024-10-30,1261.2,1269.4,1248.6,1249.35,407.0
2024-11-01,1215.0,1244.8,1208.8,1241.1,619.0
2024-11-04,1242.5,1259.1,1238.95,1258.75,450.0
2024-11-05,1243.05,1273.0,1240.15,1265.15,668.0
2024-11-06,1273.0,1289.45,1261.0,1278.8,793.0
2024-11-07,1270.0,1296.0,1265.45,1292.75,680.0
2024-11-08,1308.85,1311.65,1296.0,1310.2,695.0
2024-11-11,1297.3,1303.8,1282.5,1299.5,456.0
2024-11-12,1263.35,1278.0,1255.5,1255.5,754.0
2024-11-13,1254.0,1267.0,1249.8,1249.8,645.0
2024-11-14,1250.3,1255.9,1238.55,1245.0,892.0
2024-11-15,1246.45,1255.8,1241.5,1247.0,673.0
2024-11-18,1239.0,1246.8,1227.3,1229.5,1128.0
2024-11-19,1233.0,1257.9,1232.75,1249.25,701.0
2024-11-20,1252.55,1255.0,1236.15,1236.85,211.0
2024-11-21,1234.65,1238.7,1225.75,1227.9,702.0
2024-11-22,1246.1,1262.4,1243.0,1261.55,765.0
2024-11-25,1268.65,1276.5,1254.55,1257.2,638.0
2024-11-26,1241.1,1243.45,1230.85,1231.2,597.0
2024-11-27,1228.0,1235.95,1214.0,1214.0,512.0
2024-11-28,1212.55,1215.75,1200.25,1212.35,526.0
2024-11-29,1202.8,1223.2,1194.8,1215.0,686.0
2024-12-02,1227.9,1248.5,1227.05,1248.5,471.0
2024-12-03,1268.4,1270.55,1258.55,1265.65,738.0
2024-12-04,1269.6,1279.65,1263.4,1279.2,491.0
2024-12-05,1280.0,1284.35,1276.1,1281.05,443.0
2024-12-06,1284.0,1288.1,1271.3,1272.25,575.0
2024-12-09,1279.0,1282.75,1272.8,1279.7,545.0
2024-12-10,1277.9,1281.05,1264.05,1268.0,553.0
2024-12-11,1254.9,1265.9,1252.35,1254.1,527.0
2024-12-12,1266.5,1279.05,1266.0,1271.0,557.0
2024-12-13,1264.55,1275.0,1260.7,1268.1,681.0
2024-12-16,1283.0,1287.5,1266.7,1268.05,1189.0
2024-12-17,1277.35,1286.6,1276.0,1277.8,698.0
2024-12-18,1271.95,1286.0,1266.65,1280.25,387.0
2024-12-19,1259.35,1269.6,1256.3,1265.9,923.0
2024-12-20,1261.0,1263.6,1249.35,1250.35,720.0
2024-12-23,1269.25,1291.7,1269.25,1291.4,702.0
2024-12-24,1305.0,1305.9,1288.1,1290.3,656.0
2024-12-25,1299.8,1299.8,1291.75,1295.8,309.0
2024-12-26,1296.05,1301.8,1295.05,1299.3,206.0
2024-12-27,1295.65,1303.6,1289.8,1303.1,768.0
2024-12-30,1294.0,1299.65,1288.05,1290.6,441.0
2024-12-31,1281.0,1287.0,1277.05,1282.1,514.0
2025-01-02,1277.2,1279.7,1257.45,1267.8,776.0
2025-01-03,1274.6,1284.4,1271.45,1276.0,535.0
2025-01-06,1294.6,1320.0,1294.1,1319.55,786.0
2025-01-07,1337.2,1345.9,1332.2,1334.5,582.0
2025-01-08,1321.5,1327.6,1310.65,1310.7,495.0
2025-01-09,1299.0,1310.25,1293.4,1294.0,486.0
2025-01-10,1291.2,1300.0,1288.4,1293.5,415.0
2025-01-13,1286.05,1291.0,1252.85,1255.8,1360.0
2025-01-14,1260.0,1267.8,1251.4,1265.6,894.0
2025-01-15,1263.8,1265.45,1247.9,1248.3,302.0
2025-01-16,1284.95,1296.3,1280.25,1284.2,938.0
2025-01-17,1304.5,1304.5,1278.15,1294.75,938.0
2025-01-20,1297.15,1312.85,1297.15,1308.95,438.0
2025-01-21,1308.75,1311.0,1295.95,1306.2,489.0
2025-01-22,1321.2,1331.9,1321.2,1328.0,471.0
2025-02-03,1272.45,1272.45,1246.2,1248.1,1005.0
2025-02-04,1266.85,1273.15,1261.35,1267.35,721.0
2025-02-05,1283.85,1298.85,1281.1,1287.5,703.0
2025-02-06,1300.35,1304.0,1291.6,1294.5,418.0
2025-02-07,1296.25,1310.0,1295.6,1307.65,357.0
2025-02-10,1300.0,1305.1,1286.1,1291.2,606.0
2025-02-11,1300.65,1307.15,1294.55,1296.85,460.0
2025-02-12,1303.2,1309.45,1292.5,1292.9,466.0
2025-02-13,1298.0,1300.8,1284.35,1290.5,558.0
2025-02-14,1287.1,1287.1,1270.7,1273.1,511.0
2025-02-17,1280.55,1295.7,1280.55,1293.7,720.0
2025-02-18,1295.9,1308.2,1294.0,1306.55,647.0
2025-02-19,1303.0,1309.6,1302.3,1304.55,289.0
2025-02-20,1298.7,1298.7,1285.25,1295.2,596.0
2025-02-21,1297.15,1309.25,1291.4,1308.7,498.0
2025-02-24,1296.0,1296.0,1287.75,1293.8,446.0
2025-02-25,1273.95,1278.0,1266.4,1274.6,631.0
2025-02-26,1265.0,1283.2,1261.9,1283.2,604.0
2025-02-27,1283.0,1286.6,1264.0,1265.95,587.0
2025-03-03,1224.85,1236.9,1224.85,1230.8,512.0
2025-03-04,1200.5,1229.2,1197.6,1223.0,886.0
2025-03-05,1230.85,1246.95,1229.7,1243.55,612.0
2025-03-06,1250.75,1250.75,1231.55,1233.35,582.0
2025-03-07,1219.7,1229.95,1218.5,1220.0,400.0
2025-03-10,1217.5,1222.6,1205.95,1211.25,643.0
2025-03-11,1178.25,1189.9,1164.9,1184.3,923.0
2025-03-12,1189.75,1210.5,1187.4,1202.85,601.0
2025-03-13,1213.85,1218.9,1181.95,1181.95,705.0
2025-03-14,1193.1,1193.5,1174.45,1182.3,476.0
2025-03-17,1194.6,1204.9,1191.1,1194.3,716.0
2025-03-18,1205.0,1208.6,1197.7,1199.1,507.0
2025-03-19,1207.95,1219.1,1180.55,1181.2,534.0
2025-03-20,1196.0,1211.9,1195.7,1209.1,422.0
2025-03-21,1206.95,1211.4,1197.9,1198.3,522.0
2025-03-24,1204.15,1211.1,1194.7,1196.3,345.0
2025-03-25,1209.25,1217.1,1203.3,1210.35,493.0
2025-03-26,1214.7,1215.65,1203.85,1208.0,341.0
2025-03-27,1190.35,1191.3,1180.1,1183.8,530.0
2025-03-28,1169.35,1173.0,1158.0,1162.3,508.0
2025-03-31,1120.5,1132.55,1111.0,1113.15,763.0
2025-04-01,1125.15,1146.75,1121.7,1141.2,647.0
2025-04-02,1147.5,1152.85,1140.7,1145.65,373.0
2025-04-07,1031.1,1031.1,1031.1,1031.1,5.0
2025-04-08,978.2,1002.2,934.15,962.8,928.0
2025-04-09,946.6,975.95,914.3,920.4,1259.0
2025-04-10,1012.4,1012.4,1012.4,1012.4,11.0
2025-04-11,1008.15,1056.0,985.0,1052.85,1854.0
2025-04-14,1095.0,1095.0,1048.05,1049.95,1329.0
2025-04-15,1055.0,1066.5,1049.5,1063.25,812.0
2025-04-16,1058.65,1058.65,1040.45,1045.6,293.0
2025-04-17,1025.15,1040.95,1020.65,1040.85,501.0
2025-04-18,1040.0,1044.75,1033.05,1036.1,572.0
2025-04-21,1032.3,1038.5,1019.15,1022.5,480.0
2025-04-22,1012.5,1019.0,1002.2,1004.5,624.0
2025-04-23,1028.1,1055.65,1028.1,1054.9,612.0
2025-04-24,1058.0,1061.45,1043.4,1046.7,634.0
2025-04-25,1080.05,1085.55,1073.75,1077.45,605.0
2025-04-28,1082.55,1087.4,1080.75,1083.0,418.0
2025-04-29,1084.35,1093.5,1080.15,1091.15,578.0
2025-04-30,1085.9,1094.5,1083.6,1089.0,720.0
2025-05-02,1112.55,1124.35,1110.9,1123.4,526.0
2025-05-05,1128.95,1132.3,1093.35,1104.85,978.0
2025-05-06,1091.1,1107.0,1087.9,1098.0,503.0
2025-05-07,1111.0,1111.0,1089.9,1100.95,456.0
2025-05-08,1106.05,1122.75,1106.0,1114.4,529.0
2025-05-09,1118.1,1133.7,1115.95,1133.05,503.0
2025-05-12,1136.0,1149.9,1136.0,1145.1,370.0
2025-05-13,1165.7,1175.65,1163.15,1164.45,476.0
2025-05-14,1189.6,1193.3,1180.8,1192.3,413.0
2025-05-15,1193.2,1195.0,1185.55,1185.55,375.0
2025-05-16,1189.0,1194.05,1183.7,1188.6,397.0
2025-05-19,1186.25,1189.45,1168.35,1169.2,644.0
2025-05-20,1182.9,1185.5,1169.1,1170.55,435.0
2025-05-21,1176.7,1190.95,1176.7,1190.65,188.0
2025-05-22,1170.0,1171.9,1162.75,1165.55,440.0
2025-05-23,1173.8,1175.85,1157.75,1164.4,390.0
2025-05-26,1158.0,1168.3,1157.75,1160.4,314.0
2025-05-27,1160.6,1160.6,1145.55,1151.0,578.0
2025-05-28,1169.75,1172.25,1151.8,1157.6,535.0
2025-05-29,1168.3,1181.55,1161.95,1164.3,660.0
2025-06-02,1145.6,1146.5,1129.2,1133.4,514.0
2025-06-03,1145.7,1156.85,1141.1,1142.65,683.0
2025-06-04,1160.25,1178.2,1158.8,1175.05,587.0
2025-06-05,1182.4,1186.2,1178.55,1181.0,402.0
2025-06-06,1181.1,1184.2,1176.5,1180.3,440.0
2025-06-09,1189.35,1197.0,1184.75,1191.0,850.0
2025-06-10,1203.65,1229.2,1202.6,1221.1,1174.0
2025-06-11,1236.0,1239.3,1230.0,1239.0,635.0
2025-06-12,1236.95,1237.0,1229.4,1232.3,546.0
2025-06-13,1215.05,1223.4,1209.4,1210.0,906.0
2025-06-16,1212.25,1215.75,1205.2,1214.5,871.0
2025-06-17,1222.75,1233.6,1220.0,1226.15,1024.0
2025-06-18,1222.0,1241.65,1221.25,1234.4,314.0
2025-06-19,1213.5,1215.4,1204.0,1207.25,473.0
2025-06-20,1205.4,1208.65,1191.15,1206.4,688.0
2025-06-23,1185.3,1195.8,1180.3,1195.8,635.0
2025-06-24,1217.7,1226.95,1215.8,1226.95,826.0
2025-06-25,1238.2,1241.4,1231.15,1241.4,562.0
2025-06-26,1243.9,1244.15,1234.25,1236.8,438.0
2025-06-27,1242.2,1242.2,1227.25,1235.35,591.0
2025-06-30,1241.4,1243.95,1235.0,1239.15,527.0
2025-07-01,1240.4,1266.6,1240.4,1251.6,1138.0
2025-07-02,1245.3,1253.1,1240.2,1253.1,341.0
2025-07-03,1266.2,1273.2,1265.9,1269.25,528.0
2025-07-04,1274.3,1275.3,1255.3,1255.35,524.0
2025-07-07,1252.7,1259.25,1244.0,1249.35,399.0
2025-07-08,1247.35,1249.1,1239.8,1248.4,328.0
2025-07-09,1244.75,1265.0,1241.0,1262.7,420.0
2025-07-10,1263.15,1275.75,1261.7,1272.95,562.0
2025-07-11,1273.6,1282.7,1265.5,1282.3,634.0
2025-07-14,1274.65,1275.55,1263.4,1264.9,806.0
2025-07-15,1265.7,1290.25,1261.05,1283.45,1071.0
2025-07-16,1290.0,1304.65,1287.6,1300.75,198.0
2025-07-17,1300.1,1313.3,1293.1,1313.3,427.0
2025-07-18,1327.35,1329.25,1320.7,1321.35,467.0
2025-07-21,1319.0,1322.05,1313.6,1318.2,896.0
2025-07-22,1317.85,1330.6,1302.55,1302.6,1184.0
2025-07-23,1307.0,1317.1,1306.2,1311.8,626.0
2025-07-24,1324.95,1325.0,1316.0,1320.6,476.0
2025-07-25,1319.85,1323.95,1314.0,1315.55,540.0
2025-07-28,1326.7,1333.35,1318.7,1325.45,347.0
2025-07-29,1322.1,1324.75,1304.95,1314.7,763.0
2025-07-30,1318.65,1329.0,1318.0,1325.25,351.0
2025-07-31,1328.95,1346.05,1327.0,1345.3,573.0
2025-08-01,1316.5,1334.0,1314.6,1326.85,1009.0
2025-08-04,1313.75,1320.25,1307.25,1318.9,514.0
2025-08-05,1332.0,1343.45,1329.5,1342.3,583.0
2025-08-06,1330.45,1330.75,1325.5,1327.25,423.0
2025-08-07,1337.75,1376.25,1337.75,1372.3,537.0
2025-08-08,1372.85,1375.4,1368.8,1368.8,419.0
2025-08-11,1373.9,1389.5,1362.05,1381.65,625.0
2025-08-12,1382.95,1385.9,1375.0,1379.0,447.0
2025-08-13,1390.95,1398.05,1382.25,1395.7,585.0
2025-08-14,1392.15,1392.35,1379.1,1381.5,591.0
2025-08-15,1388.35,1391.9,1381.1,1385.5,572.0
2025-08-18,1377.25,1397.3,1376.85,1393.8,716.0
2025-08-19,1394.3,1396.35,1386.75,1387.8,724.0
2025-08-20,1375.4,1375.4,1339.0,1339.45,258.0
2025-08-21,1347.0,1359.85,1344.9,1353.45,472.0
2025-08-22,1355.25,1361.9,1345.0,1345.0,463.0
2025-08-25,1370.9,1385.4,1369.3,1381.5,558.0
2025-08-26,1375.85,1388.0,1371.05,1386.1,705.0
2025-08-27,1395.2,1404.85,1393.25,1404.25,508.0
2025-08-28,1397.0,1398.3,1385.0,1385.25,598.0
2025-08-29,1399.5,1401.9,1388.1,1390.35,404.0
2025-09-01,1380.75,1385.35,1358.8,1369.95,809.0
2025-09-02,1375.1,1384.75,1360.65,1367.85,655.0
2025-09-03,1363.15,1372.0,1358.65,1367.55,581.0
2025-09-04,1380.8,1389.35,1372.0,1372.35,627.0
2025-09-05,1388.8,1395.95,1385.15,1395.5,501.0
2025-09-08,1403.0,1414.8,1403.0,1405.7,383.0
2025-09-09,1420.5,1425.0,1413.8,1422.75,417.0
2025-09-10,1437.0,1457.0,1436.15,1452.3,619.0
2025-09-11,1471.15,1478.1,1458.2,1461.85,661.0
2025-09-12,1476.55,1476.55,1469.15,1475.75,382.0
2025-09-15,1474.4,1477.0,1462.5,1469.6,893.0
2025-09-16,1472.8,1494.6,1472.8,1491.85,955.0
2025-09-17,1485.95,1487.05,1477.65,1477.75,266.0
2025-09-18,1489.9,1501.9,1483.0,1501.05,413.0
2025-09-19,1504.0,1507.05,1492.6,1494.75,520.0
2025-09-22,1500.75,1513.45,1496.65,1510.6,457.0
2025-09-23,1523.35,1545.0,1523.35,1540.85,878.0
2025-09-24,1550.45,1550.45,1526.2,1537.3,657.0
2025-09-25,1537.3,1538.95,1527.0,1527.55,573.0
2025-09-26,1515.0,1518.15,1485.85,1494.2,579.0
2025-09-30,1505.0,1521.2,1505.0,1516.15,350.0
2025-10-01,1525.3,1544.9,1520.9,1522.6,576.0
2025-10-02,1550.7,1560.2,1550.1,1555.7,534.0
2025-10-03,1561.55,1583.55,1552.75,1583.0,646.0
2025-10-07,1611.4,1622.9,1597.95,1621.5,405.0
2025-10-08,1603.5,1606.05,1591.25,1603.65,413.0
2025-10-09,1627.25,1629.0,1616.3,1623.75,538.0
2025-10-13,1552.25,1594.5,1549.85,1593.0,997.0
2025-10-14,1617.65,1629.0,1576.05,1578.4,1009.0
2025-10-15,1592.6,1612.7,1583.0,1611.35,169.0
2025-10-16,1635.5,1663.5,1630.75,1661.65,1222.0
2025-10-17,1627.0,1639.55,1622.25,1623.25,559.0
2025-10-20,1634.85,1661.5,1632.0,1658.0,917.0
2025-10-21,1663.0,1675.2,1658.75,1660.6,660.0
2025-10-22,1654.75,1654.75,1636.0,1648.7,926.0
2025-10-23,1626.0,1641.3,1626.0,1637.05,622.0
2025-10-27,1673.0,1690.25,1673.0,1688.95,578.0
2025-10-28,1690.0,1690.05,1676.0,1678.0,580.0
2025-10-29,1694.0,1711.3,1693.65,1709.4,903.0
2025-10-30,1712.5,1719.0,1695.0,1707.7,653.0
2025-10-31,1711.3,1720.6,1708.05,1712.4,808.0
2025-11-03,1707.0,1722.3,1696.0,1703.65,855.0
2025-11-04,1705.55,1721.5,1687.5,1688.2,820.0
2025-11-05,1665.0,1666.75,1638.8,1664.85,1152.0
2025-11-06,1680.4,1685.5,1670.5,1675.45,961.0
2025-11-07,1663.7,1664.5,1648.0,1655.35,1203.0
2025-11-10,1662.2,1683.65,1657.6,1683.15,1273.0
2025-11-11,1690.2,1692.35,1661.0,1661.0,1110.0
2025-11-12,1668.9,1679.4,1660.55,1678.6,816.0
2025-11-13,1672.5,1677.35,1659.15,1668.4,592.0
2025-11-14,1635.35,1639.65,1625.1,1626.25,1151.0
2025-11-17,1638.0,1649.45,1636.15,1637.65,1298.0
2025-11-18,1614.45,1623.0,1586.85,1591.55,1642.0
2025-11-19,1592.65,1596.8,1576.05,1579.15,132.0
2025-11-20,1624.05,1641.0,1619.7,1641.0,1031.0
2025-11-21,1585.05,1589.7,1560.45,1564.45,1190.0
2025-11-24,1581.3,1583.45,1561.15,1564.8,1428.0
2025-11-25,1588.85,1602.6,1585.95,1597.7,749.0
2025-11-26,1610.25,1628.45,1608.15,1626.55,892.0
2025-11-27,1634.25,1647.1,1631.3,1636.65,742.0
2025-11-28,1641.0,1658.95,1639.35,1652.55,296.0
2025-12-01,1643.2,1645.9,1625.3,1625.3,491.0
2025-12-02,1645.0,1652.05,1630.9,1634.55,445.0
2025-12-03,1651.45,1660.1,1644.15,1649.4,616.0
2025-12-04,1652.0,1655.45,1638.6,1647.55,451.0
2025-12-05,1650.4,1667.35,1649.2,1667.35,443.0
2025-12-08,1682.05,1692.0,1667.45,1691.75,679.0
2025-12-09,1693.95,1696.65,1683.5,1685.95,219.0
2025-12-10,1691.0,1702.4,1687.6,1699.55,391.0
2025-12-11,1711.45,1717.25,1673.95,1678.25,650.0
2025-12-12,1693.0,1693.0,1676.0,1685.3,520.0
2025-12-15,1646.2,1660.05,1646.2,1655.25,531.0
2025-12-16,1638.6,1640.9,1622.6,1636.7,838.0
2025-12-17,1647.85,1647.85,1622.55,1623.8,111.0
2025-12-18,1623.3,1637.8,1620.7,1630.0,573.0
2025-12-19,1648.65,1654.05,1643.5,1647.65,694.0
2025-12-22,1673.9,1680.0,1667.0,1679.95,407.0
2025-12-23,1683.9,1690.05,1682.85,1686.25,251.0
2025-12-24,1698.1,1698.1,1687.0,1695.65,171.0
2025-12-26,1708.7,1711.0,1697.4,1710.5,425.0
2025-12-29,1712.95,1730.75,1710.6,1727.25,316.0
2025-12-30,1717.15,1730.05,1712.15,1725.45,420.0
2025-12-31,1722.0,1743.1,1719.25,1739.9,635.0
2026-01-02,1745.0,1778.25,1742.05,1776.75,633.0
2026-01-05,1821.0,1855.05,1807.75,1843.65,1324.0
2026-01-06,1837.45,1871.2,1832.2,1869.3,619.0
2026-01-07,1865.75,1868.65,1850.25,1857.15,588.0
2026-01-08,1847.0,1863.2,1841.95,1846.35,768.0
2026-01-09,1851.05,1858.65,1816.65,1845.2,1123.0
2026-01-12,1867.0,1869.55,1857.05,1863.7,717.0
2026-01-13,1890.5,1902.85,1862.55,1877.15,755.0
2026-01-14,1890.1,1896.0,1881.0,1883.35,347.0
2026-01-15,1872.9,1883.05,1859.55,1883.05,626.0
2026-01-16,1907.0,1919.0,1889.9,1915.15,1009.0
2026-01-19,1901.35,1936.65,1897.5,1928.95,1164.0
2026-01-20,1911.4,1933.4,1903.05,1929.05,1033.0
2026-01-21,1909.75,1927.7,1896.65,1900.6,259.0
2026-01-22,1944.95,1957.0,1938.05,1944.2,875.0
2026-01-23,1953.55,1968.05,1946.0,1967.3,807.0
2026-01-26,1967.35,1973.05,1959.65,1961.1,527.0
2026-01-27,1968.65,1990.35,1964.4,1989.15,437.0
2026-01-28,2007.45,2020.7,1999.85,2020.4,474.0
2026-01-29,2023.0,2025.0,1993.65,2004.95,811.0
2026-01-30,1989.55,1989.55,1959.5,1972.8,891.0
2026-02-02,1945.65,1951.4,1918.4,1931.75,1055.0
2026-02-03,1979.95,1992.05,1961.3,1981.55,555.0
2026-02-04,1964.0,1990.15,1961.95,1986.7,543.0
2026-02-05,1953.0,1963.75,1939.95,1947.25,547.0
2026-02-06,1920.05,1950.15,1905.05,1942.65,753.0
2026-02-09,2006.95,2007.7,1995.05,2005.1,503.0
2026-02-10,2022.0,2054.95,2021.3,2054.95,701.0
2026-02-11,2054.0,2091.0,2050.7,2081.0,465.0
2026-02-23,2098.55,2117.0,2081.35,2082.6,199.0
2026-02-24,2101.0,2166.6,2100.9,2158.9,661.0
2026-02-25,2188.0,2221.35,2178.5,2201.75,911.0
2026-02-26,2215.0,2217.1,2190.75,2207.3,469.0
2026-03-02,2132.05,2202.05,2132.05,2186.2,611.0
2026-03-03,2178.0,2189.15,2116.95,2116.95,756.0
2026-03-04,2048.15,2075.75,2015.8,2028.0,1560.0
2026-03-05,2093.0,2129.35,2069.5,2084.0,1196.0
2026-03-06,2060.0,2093.5,2059.4,2080.85,767.0
2026-03-09,1924.65,1971.0,1900.9,1948.8,462.0
2026-03-10,2061.1,2061.15,1997.8,2021.95,791.0
2026-03-11,2063.85,2128.05,2059.85,2114.1,737.0
2026-03-12,2077.4,2111.15,2069.25,2079.25,351.0
2026-03-13,2032.0,2080.35,2029.4,2068.0,562.0
2026-03-16,2071.95,2091.7,2049.55,2059.95,923.0
2026-03-17,2086.0,2109.5,2084.95,2100.55,343.0
2026-03-18,2106.25,2147.2,2106.25,2134.0,79.0
2026-03-19,2107.7,2121.2,2088.85,2089.8,345.0
2026-03-20,2103.5,2111.2,2077.1,2087.95,360.0
2026-03-23,2020.0,2041.15,1997.85,2023.85,641.0
2026-03-24,2069.6,2073.8,2008.5,2035.3,654.0
2026-03-25,2091.15,2108.75,2085.4,2094.5,326.0
2026-03-26,2108.25,2118.8,2077.1,2077.1,425.0
2026-03-27,2039.85,2064.15,2026.0,2058.0,367.0
2026-03-30,2002.0,2026.0,1987.5,2012.0,455.0
2026-03-31,1988.0,2005.0,1965.0,1971.35,508.0
2026-04-01,2061.1,2076.0,2043.3,2074.9,387.0
2026-04-02,2094.1,2094.1,2011.4,2011.4,632.0
2026-04-07,2044.95,2073.55,2044.35,2062.5,403.0
2026-04-08,2129.25,2197.0,2126.5,2196.0,659.0
2026-04-09,2189.05,2195.0,2177.55,2187.2,232.0
2026-04-10,2213.4,2239.7,2209.9,2237.55,309.0
2026-04-13,2225.8,2243.65,2225.65,2230.7,528.0
2026-04-14,2277.95,2301.15,2267.25,2295.65,534.0
2026-04-15,2320.0,2346.0,2313.35,2317.4,175.0
2026-04-16,2363.0,2389.8,2347.5,2385.15,215.0
2026-04-17,2357.95,2363.75,2341.75,2341.75,129.0
2026-04-20,2365.05,2390.45,2353.0,2353.45,225.0
2026-04-21,2393.6,2426.5,2387.8,2420.6,303.0
2026-04-22,2409.9,2444.0,2408.85,2434.25,195.0
2026-04-23,2477.45,2500.0,2382.45,2413.9,481.0
2026-04-24,2459.7,2526.55,2450.3,2525.5,443.0
2026-04-27,2573.55,2620.35,2570.4,2577.6,389.0
2026-04-28,2572.35,2610.0,2558.0,2563.55,309.0
2026-04-29,2545.75,2555.25,2511.6,2538.35,259.0
2026-04-30,2552.2,2569.0,2522.3,2527.3,280.0
2026-05-04,2599.45,2661.3,2590.0,2658.2,211.0
2026-05-05,2640.95,2662.75,2639.5,2658.65,142.0
2026-05-06,2717.2,2724.2,2654.0,2684.8,250.0
2026-05-07,2745.2,2761.9,2729.1,2757.5,253.0
2026-05-08,2730.0,2754.85,2689.6,2718.75,281.0
2026-05-11,2732.1,2747.25,2710.45,2725.05,164.0
2026-05-12,2736.65,2749.0,2690.3,2707.25,346.0
2026-05-13,2659.95,2698.5,2659.65,2690.0,196.0
2026-05-14,2717.9,2742.0,2698.4,2706.2,326.0
2026-05-15,2758.0,2765.25,2657.7,2657.7,410.0
2026-05-18,2611.05,2661.25,2606.5,2651.2,706.0
2026-05-19,2638.4,2650.0,2595.1,2604.05,535.0
2026-05-20,2589.3,2604.55,2577.95,2587.05,73.0
2026-05-21,2665.05,2709.55,2663.2,2699.0,220.0
2026-05-22,2729.0,2766.3,2718.4,2766.3,171.0
2026-05-25,2797.05,2889.75,2797.05,2887.85,157.0
2026-05-26,2910.0,2910.0,2855.25,2872.45,274.0
2026-05-27,2921.85,2967.6,2905.0,2931.0,403.0
2026-05-28,2954.2,2980.6,2841.75,2867.25,409.0
2026-05-29,2943.85,2980.0,2927.0,2969.95,245.0
2026-06-01,2980.0,3058.6,2974.2,3019.65,249.0
2026-06-02,3048.4,3048.4,2961.65,3009.0,221.0
2026-06-03,3061.0,3070.5,3045.0,3055.25,117.0
2026-06-04,3015.1,3030.9,2996.05,3008.15,185.0
2026-06-05,2951.15,2969.25,2887.2,2927.05,269.0
2026-06-08,2730.0,2824.05,2667.3,2794.65,248.0
2026-06-09,2827.0,2890.95,2813.8,2890.95,212.0
2026-06-10,2827.75,2872.6,2780.75,2799.9,354.0
2026-06-11,2750.0,2804.95,2700.5,2775.15,281.0
2026-06-12,2889.25,2901.1,2843.55,2863.65,225.0
2026-06-15,2949.0,2979.95,2929.05,2942.25,475.0
2026-06-16,2972.85,2974.6,2937.0,2946.25,301.0
2026-06-17,2915.0,2940.55,2895.55,2940.4,143.0
2026-06-18,3008.85,3019.75,2986.05,3017.05,153.0
2026-06-22,3082.0,3149.6,3082.0,3142.75,169.0
2026-06-23,3150.6,3150.6,3074.55,3078.35,263.0
2026-06-24,3019.85,3025.55,2961.9,2996.0,667.0
2026-06-25,3023.35,3032.85,2976.0,2997.15,453.0
2026-06-26,2957.8,2958.5,2861.0,2868.95,288.0
2026-06-29,2863.2,2940.0,2863.2,2935.0,188.0
2026-06-30,2982.0,3044.6,2980.0,3044.6,126.0
2026-07-01,3094.45,3094.45,3041.6,3063.35,105.0
2026-07-02,2988.65,3047.6,2977.25,3028.55,126.0
2026-07-03,2946.3,3038.05,2935.6,3035.55,93.0
2026-07-06,3069.2,3070.45,3001.9,3029.45,102.0
2026-07-07,3033.05,3040.1,2930.8,2940.45,202.0
2026-07-08,2940.4,2945.0,2895.15,2925.0,193.0
2026-07-09,2938.55,2963.65,2912.1,2930.35,164.0
2026-07-13,2956.1,2975.5,2900.1,2929.9,532.0
2026-07-14,2884.65,2898.45,2794.55,2877.4,447.0
2026-07-15,2893.0,2927.95,2874.0,2923.9,133.0
2026-07-16,2914.7,2968.0,2893.9,2925.0,305.0
2026-07-17,2823.0,2834.1,2692.45,2694.3,188.0
2026-07-20,2741.9,2749.5,2688.25,2705.0,149.0
