Date,Open,High,Low,Close,Volume
1999-07-21,1130.0,1140.0,1121.0,1134.8,91.0
1999-07-22,1128.0,1131.0,1120.2,1120.2,37.0
1999-07-23,1123.6,1129.4,1116.2,1129.4,64.0
1999-07-26,1128.0,1128.0,1113.8,1113.8,69.0
1999-07-27,1113.0,1117.8,1100.0,1107.0,124.0
1999-07-28,1115.0,1124.6,1114.0,1120.4,86.0
1999-07-29,1122.4,1123.6,1109.0,1110.0,66.0
1999-07-30,1107.0,1130.0,1105.0,1130.0,114.0
1999-07-31,1125.8,1130.0,1106.0,1106.0,84.0
1999-08-02,1109.8,1111.0,1082.0,1085.0,106.0
1999-08-03,1073.0,1083.0,1045.0,1079.0,90.0
1999-08-04,1079.0,1086.0,1050.0,1051.0,60.0
1999-08-05,1041.0,1041.0,1007.2,1007.2,199.0
1999-08-06,1007.2,1017.0,955.0,972.2,143.0
1999-08-07,965.0,1006.0,965.0,1003.0,173.0
1999-08-09,1003.0,1004.0,983.6,986.0,86.0
1999-08-10,986.0,1039.0,986.0,1039.0,147.0
1999-08-11,1034.0,1035.0,1015.0,1015.2,116.0
1999-08-12,1018.0,1046.8,1018.0,1033.0,146.0
1999-08-13,1099.2,1104.8,1060.0,1104.0,176.0
1999-08-16,1120.0,1181.2,1118.2,1181.2,226.0
1999-08-17,1170.4,1179.0,1139.0,1170.0,149.0
1999-08-18,1180.2,1180.2,1141.0,1151.0,88.0
1999-08-19,1160.0,1170.0,1151.0,1170.0,133.0
1999-08-20,1158.0,1181.0,1154.0,1175.0,130.0
1999-08-21,1192.0,1255.0,1188.0,1214.0,265.0
1999-08-23,1214.0,1220.0,1186.0,1204.8,148.0
1999-08-24,1217.0,1220.0,1126.2,1126.2,229.0
1999-08-25,1135.0,1188.0,1135.0,1173.0,217.0
1999-08-26,1180.0,1207.8,1155.0,1170.0,234.0
1999-08-27,1162.0,1170.0,1145.2,1160.0,104.0
1999-08-30,1152.0,1175.0,1146.2,1160.0,109.0
1999-08-31,1153.0,1170.0,1152.0,1165.0,107.0
1999-09-01,1173.2,1193.0,1170.0,1193.0,229.0
1999-09-02,1199.0,1207.6,1170.0,1173.2,175.0
1999-09-03,1162.4,1168.0,1130.0,1130.0,145.0
1999-09-04,1142.0,1150.0,1110.2,1119.0,130.0
1999-09-06,1119.0,1130.0,1112.0,1130.0,78.0
1999-09-07,1130.0,1130.0,1078.0,1095.0,123.0
1999-09-08,1093.2,1120.0,1088.0,1092.0,120.0
1999-09-09,1082.0,1110.0,1082.0,1106.0,118.0
1999-09-10,1106.0,1141.0,1106.0,1139.8,208.0
1999-09-13,1139.8,1139.8,1117.0,1124.0,60.0
1999-09-14,1124.0,1124.0,1105.2,1115.0,66.0
1999-09-15,1115.0,1117.8,1050.0,1089.0,85.0
1999-09-16,1090.0,1112.0,1090.0,1109.0,55.0
1999-09-17,1115.0,1119.8,1101.0,1105.0,26.0
1999-09-18,1115.0,1118.4,1106.6,1111.0,22.0
1999-09-20,1114.0,1114.0,1100.0,1111.0,20.0
1999-09-27,1072.2,1072.2,1072.2,1072.2,4.0
1999-09-28,1034.8,1034.8,1034.8,1034.8,2.0
1999-09-29,998.6,1009.8,998.6,1002.0,208.0
1999-09-30,1003.0,1006.8,981.2,984.6,216.0
1999-10-01,992.0,1004.0,992.0,1001.0,164.0
1999-10-02,1001.0,1003.0,980.0,992.8,166.0
1999-10-04,992.0,992.0,978.2,985.2,46.0
1999-10-05,989.8,990.0,953.6,956.0,74.0
1999-10-06,949.2,950.6,941.4,950.6,114.0
1999-10-07,956.0,976.0,956.0,967.8,122.0
1999-10-08,963.0,963.0,945.4,952.0,77.0
1999-10-11,955.0,967.0,950.0,960.0,55.0
1999-10-12,961.0,985.0,961.0,984.8,152.0
1999-10-13,982.0,990.0,975.0,980.0,86.0
1999-10-14,973.0,990.0,973.0,984.6,75.0
1999-10-15,985.0,992.8,977.2,980.2,58.0
1999-10-16,984.8,1008.0,972.4,998.0,153.0
1999-10-18,983.0,984.0,968.2,973.8,69.0
1999-10-19,970.2,975.0,962.0,964.0,26.0
1999-10-20,970.0,977.0,959.2,968.6,115.0
1999-10-21,990.0,998.0,986.0,988.0,89.0
1999-10-22,986.4,988.0,970.0,976.0,97.0
1999-10-25,980.0,1005.0,977.0,1004.0,156.0
1999-10-26,1000.0,1019.0,997.0,1005.0,184.0
1999-10-27,1003.0,1014.0,1000.0,1006.6,93.0
1999-10-28,1008.6,1008.6,1000.0,1000.0,64.0
1999-10-29,1009.6,1010.0,997.0,1003.6,98.0
1999-10-30,1006.0,1024.0,1004.0,1024.0,166.0
1999-11-01,1018.0,1018.0,1008.6,1009.0,139.0
1999-11-02,1003.6,1006.0,991.2,992.8,115.0
1999-11-03,993.0,997.0,979.2,980.0,115.0
1999-11-04,982.0,983.8,955.0,957.0,140.0
1999-11-05,950.0,964.0,948.0,963.6,113.0
1999-11-06,965.2,965.2,900.2,925.0,152.0
1999-11-08,915.2,942.2,910.2,937.0,116.0
1999-11-09,939.0,939.0,925.0,925.0,68.0
1999-11-10,925.0,962.0,923.0,946.2,220.0
1999-11-11,959.0,959.0,940.4,952.0,109.0
1999-11-15,955.0,955.0,935.0,936.0,46.0
1999-11-16,925.0,938.0,921.2,932.2,77.0
1999-11-17,935.0,944.4,924.2,924.2,103.0
1999-11-18,938.0,947.0,930.0,940.0,120.0
1999-11-19,946.0,956.0,946.0,950.0,167.0
1999-11-20,968.0,985.0,961.0,967.0,206.0
1999-11-22,975.0,990.0,962.0,988.4,226.0
1999-11-23,994.4,1008.2,982.2,989.0,265.0
1999-11-24,978.0,987.0,951.0,951.0,203.0
1999-11-25,952.0,964.0,946.0,964.0,147.0
1999-11-26,964.0,984.2,926.4,940.8,349.0
1999-11-29,953.0,1000.4,953.0,1000.4,425.0
1999-11-30,1020.0,1029.8,994.0,999.6,612.0
1999-12-01,1000.0,1003.4,984.8,999.8,294.0
1999-12-02,991.0,1003.0,990.0,1003.0,180.0
1999-12-03,1002.6,1019.8,1002.6,1010.2,369.0
1999-12-04,1020.0,1023.0,1007.0,1008.8,329.0
1999-12-06,1010.0,1011.0,971.0,985.0,249.0
1999-12-07,986.0,987.0,968.4,969.4,164.0
1999-12-08,965.2,980.0,961.6,961.6,129.0
1999-12-09,953.6,963.0,940.0,953.0,174.0
1999-12-10,953.0,958.0,950.0,951.0,70.0
1999-12-13,951.0,961.0,951.0,956.4,80.0
1999-12-14,953.4,966.0,946.0,954.0,116.0
1999-12-15,951.0,954.0,933.2,935.0,144.0
1999-12-16,956.0,956.0,928.0,928.0,228.0
1999-12-17,928.0,935.8,917.0,930.0,143.0
1999-12-18,934.0,942.0,930.0,938.0,180.0
1999-12-20,935.0,935.8,922.2,927.0,99.0
1999-12-21,927.8,953.0,925.0,948.0,187.0
1999-12-22,955.0,955.0,935.0,939.0,122.0
1999-12-23,942.0,961.0,940.0,957.0,199.0
1999-12-24,964.8,964.8,951.0,961.8,252.0
1999-12-27,964.0,965.6,954.2,963.2,160.0
1999-12-28,965.0,987.0,965.0,984.0,275.0
2000-01-04,990.0,1033.0,987.0,1015.0,330.0
2000-01-05,1003.0,1028.6,995.0,1003.2,304.0
2000-01-06,1008.0,1030.0,1007.0,1018.0,322.0
2000-01-07,1020.0,1039.8,1014.0,1014.0,324.0
2000-01-10,1016.0,1029.8,1013.0,1029.0,196.0
2000-01-11,1034.0,1050.0,1017.0,1026.0,358.0
2000-01-12,1033.2,1054.0,1030.0,1050.0,224.0
2000-01-13,1052.0,1079.0,1048.0,1076.0,334.0
2000-01-14,1079.0,1081.0,1055.2,1057.0,302.0
2000-01-15,1062.0,1074.0,1051.0,1068.0,168.0
2000-01-17,1074.0,1092.0,1065.0,1080.0,244.0
2000-01-18,1079.0,1080.0,1065.0,1067.2,78.0
2000-01-19,1065.0,1074.0,1055.0,1056.0,92.0
2000-01-20,1081.0,1085.0,1070.2,1077.0,181.0
2000-01-21,1078.0,1094.6,1078.0,1094.6,184.0
2000-01-24,1095.6,1135.0,1095.6,1135.0,379.0
2000-01-25,1130.0,1132.0,1116.0,1119.0,371.0
2000-01-26,1135.0,1142.0,1122.0,1140.0,494.0
2000-01-27,1140.0,1175.0,1140.0,1158.0,350.0
2000-01-28,1160.0,1225.0,1160.0,1225.0,611.0
2000-01-29,1205.0,1219.8,1189.0,1203.0,639.0
2000-01-31,1203.0,1209.0,1186.0,1208.0,328.0
2000-02-01,1222.0,1258.0,1218.0,1249.0,639.0
2000-02-09,1269.0,1274.8,1161.6,1253.0,515.0
2000-02-10,1253.0,1273.6,1240.0,1256.0,430.0
2000-02-11,1263.0,1263.0,1235.0,1247.2,338.0
2000-02-14,1238.0,1243.0,1172.0,1180.0,434.0
2000-02-15,1165.2,1178.6,1151.2,1178.0,325.0
2000-02-16,1173.2,1192.0,1166.0,1178.0,323.0
2000-02-17,1201.0,1235.0,1201.0,1224.0,604.0
2000-02-18,1226.0,1240.0,1191.0,1195.0,593.0
2000-02-19,1180.0,1205.8,1171.2,1205.8,392.0
2000-02-21,1198.0,1228.0,1190.0,1190.0,588.0
2000-02-22,1198.0,1205.0,1161.0,1165.0,637.0
2000-02-23,1167.2,1177.0,1141.0,1147.0,384.0
2000-02-24,1151.2,1158.8,1130.0,1136.0,422.0
2000-02-25,1137.0,1138.2,1105.0,1109.2,597.0
2000-02-29,1115.0,1127.0,1111.0,1115.8,389.0
2000-03-01,1123.8,1142.8,1118.4,1142.8,487.0
2000-03-02,1141.0,1141.4,1117.2,1122.0,384.0
2000-03-03,1124.0,1128.0,1115.0,1122.0,274.0
2000-03-04,1132.0,1132.0,1095.2,1096.0,320.0
2000-03-06,1075.0,1091.0,1066.2,1067.2,302.0
2000-03-07,1055.0,1089.8,1055.0,1078.0,424.0
2000-03-08,1076.0,1086.0,1069.0,1074.0,216.0
2000-03-09,1076.0,1083.6,1074.4,1081.0,260.0
2000-03-10,1086.0,1090.0,1070.4,1070.4,411.0
2000-03-13,1065.0,1065.0,995.6,995.6,384.0
2000-03-14,926.0,990.0,926.0,983.6,703.0
2000-03-15,971.2,994.0,944.0,947.0,295.0
2000-03-16,961.0,982.0,938.2,973.0,305.0
2000-03-17,980.0,987.8,940.0,940.0,407.0
2000-03-20,907.2,907.2,907.2,907.2,11.0
2000-03-21,879.2,970.6,879.2,970.6,471.0
2000-03-22,961.0,978.0,936.8,936.8,561.0
2000-03-23,989.0,1002.2,945.0,998.8,666.0
2000-03-24,995.0,995.0,965.2,967.2,326.0
2000-03-27,965.0,993.0,951.0,989.0,394.0
2000-03-28,997.0,1015.0,981.0,994.8,486.0
2000-03-29,990.0,1008.4,981.0,983.0,243.0
2000-03-30,987.0,1024.0,987.0,1020.0,495.0
2000-03-31,1018.0,1050.0,1015.0,1032.0,483.0
2000-04-01,1032.0,1034.8,1007.0,1025.0,300.0
2000-04-05,1030.0,1034.6,1015.2,1030.0,315.0
2000-04-06,1036.0,1044.8,1015.0,1016.2,387.0
2000-04-07,1021.8,1027.0,997.4,1000.6,228.0
2000-04-08,1002.2,1005.0,983.2,985.0,209.0
2000-04-10,981.0,1007.8,981.0,997.0,257.0
2000-04-11,999.0,1015.0,997.0,1011.0,277.0
2000-04-12,1013.0,1026.0,995.0,998.0,309.0
2000-04-13,990.0,1005.0,986.2,1001.0,291.0
2000-04-14,995.2,1010.0,982.0,982.0,173.0
2000-04-15,966.6,966.6,913.4,916.0,344.0
2000-04-17,906.0,939.0,906.0,933.0,149.0
2000-04-18,943.0,955.0,938.0,950.8,121.0
2000-04-19,956.0,956.0,906.0,917.0,92.0
2000-04-20,939.6,956.6,934.0,951.0,399.0
2000-04-21,949.8,964.6,942.0,955.0,274.0
2000-04-24,952.0,952.0,913.0,915.8,254.0
2000-04-25,918.0,927.0,901.2,916.2,248.0
2000-04-26,920.2,921.6,852.2,852.2,363.0
2000-04-27,849.0,865.0,841.0,861.0,241.0
2000-04-28,857.0,868.0,825.0,855.0,383.0
2000-04-29,840.0,869.8,838.6,858.0,363.0
2000-05-02,863.0,864.0,831.2,831.2,228.0
2000-05-03,825.0,843.6,816.0,835.0,339.0
2000-05-04,842.2,888.8,842.2,874.0,596.0
2000-05-05,869.0,892.0,861.0,885.0,493.0
2000-05-06,878.0,896.0,875.0,887.2,371.0
2000-05-08,892.0,894.0,874.6,887.0,232.0
2000-05-09,885.0,904.8,878.4,893.0,397.0
2000-05-10,892.8,896.0,875.0,875.2,263.0
2000-05-11,863.0,882.0,863.0,880.2,292.0
2000-05-12,885.0,920.0,883.0,909.0,614.0
2000-05-15,909.0,914.8,898.0,902.0,261.0
2000-05-16,900.4,907.0,895.4,903.0,190.0
2000-05-17,911.0,935.0,909.2,933.0,258.0
2000-05-18,950.0,978.8,945.0,963.0,807.0
2000-05-19,964.0,990.0,962.0,990.0,605.0
2000-05-20,985.2,994.8,921.0,930.0,842.0
2000-05-22,932.0,943.8,925.0,925.0,479.0
2000-05-23,929.0,930.0,916.0,925.0,331.0
2000-05-24,915.0,928.6,908.0,920.0,412.0
2000-05-25,934.0,935.0,916.0,922.4,419.0
2000-05-26,920.0,960.0,918.2,949.8,695.0
2000-05-29,950.0,954.0,943.2,946.0,436.0
2000-05-30,949.8,958.4,947.4,953.0,540.0
2000-05-31,960.0,962.0,950.0,956.0,578.0
2000-06-01,957.0,959.0,947.0,950.4,419.0
2000-06-02,955.4,958.0,938.0,938.0,566.0
2000-06-03,945.0,947.6,935.2,945.0,383.0
2000-06-05,945.0,949.8,938.0,942.0,318.0
2000-06-07,939.0,944.2,936.0,940.8,337.0
2000-06-08,942.0,947.2,937.0,938.0,370.0
2000-06-09,938.0,939.0,912.0,913.6,440.0
2000-06-12,910.0,910.0,881.4,882.2,432.0
2000-06-13,872.0,894.2,872.0,882.0,264.0
2000-06-14,882.0,894.0,882.0,893.0,228.0
2000-06-15,893.0,896.0,883.8,886.0,147.0
2000-06-16,877.0,893.8,872.0,893.0,280.0
2000-06-17,892.0,898.8,888.0,889.0,170.0
2000-06-19,890.0,893.8,884.2,884.4,129.0
2000-06-20,887.2,900.0,886.2,888.0,348.0
2000-06-21,891.0,891.0,851.0,860.0,264.0
2000-06-22,887.8,894.6,870.0,892.4,450.0
2000-06-23,889.8,894.6,875.0,879.0,280.0
2000-06-26,877.0,878.0,862.0,872.0,287.0
2000-06-27,877.0,882.0,865.0,868.0,318.0
2000-06-28,869.4,871.0,845.0,859.8,362.0
2000-06-29,856.8,857.2,820.0,820.0,425.0
2000-06-30,813.2,839.0,813.2,836.0,464.0
2000-07-03,838.0,887.8,830.0,887.0,1130.0
2000-07-04,888.0,890.0,855.0,855.0,975.0
2000-07-05,861.0,910.0,857.0,895.0,777.0
2000-07-06,890.0,911.0,886.6,892.4,1284.0
2000-07-07,894.0,898.0,885.0,893.0,893.0
2000-07-10,898.0,901.6,885.0,900.0,536.0
2000-07-11,895.0,911.0,891.0,897.6,599.0
2000-07-12,904.2,904.2,861.0,866.0,694.0
2000-07-13,866.0,885.6,858.0,881.0,752.0
2000-07-14,881.0,920.0,878.0,918.0,1103.0
2000-07-15,918.0,928.0,908.0,916.0,688.0
2000-07-17,935.0,960.0,931.0,951.0,733.0
2000-07-18,942.0,942.0,900.6,922.0,427.0
2000-07-19,922.0,935.6,917.2,935.0,208.0
2000-07-20,936.2,940.0,926.0,927.0,593.0
2000-07-21,933.0,933.4,913.0,927.0,799.0
2000-07-24,923.6,932.6,922.0,922.0,381.0
2000-07-25,927.0,928.6,901.2,901.2,670.0
2000-07-26,906.0,918.0,900.0,905.8,489.0
2000-07-27,900.0,915.0,895.0,915.0,565.0
2000-07-28,912.0,945.0,910.2,937.0,937.0
2000-07-29,937.0,944.0,932.2,934.0,757.0
2000-07-31,934.0,937.0,925.0,931.0,466.0
2000-08-01,936.0,936.0,920.0,920.0,437.0
2000-08-02,925.0,934.0,920.2,929.2,517.0
2000-08-03,927.0,928.0,918.0,926.0,747.0
2000-08-04,928.6,928.6,916.0,916.0,634.0
2000-08-05,915.2,919.0,906.0,907.2,449.0
2000-08-07,903.4,906.0,880.8,881.0,537.0
2000-08-08,884.0,894.2,877.8,890.0,547.0
2000-08-09,892.8,922.0,892.8,914.4,669.0
2000-08-10,912.0,912.0,896.2,908.0,477.0
2000-08-11,908.0,914.0,902.4,903.0,344.0
2000-08-14,903.0,903.0,890.6,890.6,255.0
2000-08-15,893.0,895.0,883.2,883.2,218.0
2000-08-16,882.0,890.0,881.6,889.0,470.0
2000-08-17,892.2,920.0,878.2,920.0,685.0
2000-08-18,922.0,932.0,905.0,907.0,927.0
2000-08-19,907.0,920.0,905.0,910.2,540.0
2000-08-21,914.8,923.0,908.2,915.8,508.0
2000-08-22,911.6,917.2,902.0,903.8,491.0
2000-08-24,910.0,910.0,896.0,899.0,410.0
2000-08-25,900.0,905.0,890.0,891.0,431.0
2000-08-28,886.8,886.8,866.2,866.2,361.0
2000-08-29,858.8,858.8,821.6,843.2,809.0
2000-08-30,840.0,849.0,811.8,813.0,628.0
2000-08-31,801.4,836.0,801.4,830.0,683.0
2000-09-01,829.6,830.0,805.2,808.2,464.0
2000-09-02,836.0,847.0,813.0,844.8,673.0
2000-09-04,846.6,848.0,833.2,846.0,505.0
2000-09-05,842.0,845.0,826.0,832.0,399.0
2000-09-06,825.0,830.0,817.4,818.0,306.0
2000-09-07,817.4,827.8,816.0,818.4,466.0
2000-09-08,833.0,835.0,819.0,832.0,458.0
2000-09-11,832.0,835.0,826.0,828.4,310.0
2000-09-13,826.0,827.8,811.0,821.0,398.0
2000-09-14,818.4,818.4,793.0,795.0,360.0
2000-09-15,795.0,815.0,792.0,795.0,356.0
2000-09-16,787.0,790.0,740.0,740.0,536.0
2000-09-18,726.0,745.0,708.0,709.2,540.0
2000-09-19,707.2,739.0,705.0,722.8,440.0
2000-09-20,735.0,752.0,725.2,752.0,420.0
2000-09-21,765.0,785.0,756.0,770.0,936.0
2000-09-22,760.2,774.6,754.0,758.0,1052.0
2000-09-25,770.0,790.0,765.0,787.0,682.0
2000-09-26,784.8,787.0,770.2,778.0,711.0
2000-09-27,772.0,784.0,772.0,778.4,450.0
2000-09-28,782.0,784.0,765.2,769.0,383.0
2000-09-29,777.0,780.8,762.0,766.0,561.0
2000-09-30,761.0,761.0,716.0,743.0,531.0
2000-10-02,748.0,753.0,726.2,728.0,360.0
2000-10-03,728.0,771.0,728.0,768.0,818.0
2000-10-04,744.0,760.0,741.2,744.0,886.0
2000-10-05,757.0,759.6,746.2,752.2,911.0
2000-10-06,754.0,784.6,748.0,780.4,984.0
2000-10-07,776.0,778.0,754.0,761.0,770.0
2000-10-09,761.2,765.0,738.0,739.0,729.0
2000-10-11,725.2,729.0,713.2,713.2,649.0
2000-10-12,701.2,721.0,691.2,702.0,956.0
2000-10-13,687.8,748.0,674.0,745.0,1271.0
2000-10-16,790.2,792.0,702.4,703.0,1024.0
2000-10-17,710.0,749.0,710.0,740.0,503.0
2000-10-18,735.0,742.6,707.0,713.0,491.0
2000-10-19,720.0,728.8,660.4,681.0,1372.0
2000-10-20,722.0,728.6,710.0,728.6,709.0
2000-10-21,739.0,750.0,726.0,738.2,1045.0
2000-10-23,731.0,741.6,727.0,731.6,639.0
2000-10-24,731.6,770.0,727.0,757.0,953.0
2000-10-25,750.0,780.0,747.0,776.0,1624.0
2000-10-26,770.0,793.8,749.0,759.8,1938.0
2000-10-27,772.0,772.0,733.4,733.4,931.0
2000-10-30,707.8,707.8,707.8,707.8,291.0
2000-10-31,695.2,719.0,695.2,702.0,846.0
2000-11-01,706.8,710.0,677.6,677.6,637.0
2000-11-02,678.0,717.0,678.0,716.0,786.0
2000-11-03,716.0,724.0,708.0,717.0,654.0
2000-11-04,723.0,725.0,697.4,703.0,735.0
2000-11-06,711.0,711.0,699.0,703.0,511.0
2000-11-07,706.0,721.4,704.0,719.0,588.0
2000-11-08,716.0,759.0,712.0,737.0,847.0
2000-11-09,736.0,755.0,729.2,747.0,1250.0
2000-11-10,742.0,754.0,740.2,740.4,634.0
2000-11-13,706.6,720.0,696.0,700.0,385.0
2000-11-14,703.0,712.0,701.0,706.0,173.0
2000-11-15,712.0,715.0,687.0,690.0,261.0
2000-11-16,682.2,682.2,640.8,640.8,418.0
2000-11-17,621.0,629.0,601.2,611.4,738.0
2000-11-18,612.0,629.6,598.0,605.0,706.0
2000-11-20,604.0,604.0,562.8,562.8,668.0
2000-11-21,555.0,602.0,545.8,602.0,1279.0
2000-11-22,598.0,629.2,591.0,601.0,1313.0
2000-11-23,601.0,625.0,593.0,625.0,947.0
2000-11-24,625.2,668.6,625.2,668.6,1149.0
2000-11-27,670.0,673.6,651.0,656.0,861.0
2000-11-28,647.0,654.0,640.2,646.2,758.0
2000-11-29,639.0,676.0,638.0,659.0,1699.0
2000-11-30,659.0,659.0,636.0,636.0,928.0
2000-12-01,638.0,665.0,632.0,663.8,1092.0
2000-12-02,660.0,668.2,643.0,649.2,916.0
2000-12-04,646.0,650.0,636.0,643.0,1045.0
2000-12-05,647.0,687.0,638.0,667.0,1155.0
2000-12-06,672.0,673.0,653.8,654.0,1221.0
2000-12-07,654.6,667.0,652.0,662.8,852.0
2000-12-08,665.0,691.0,656.2,683.2,1865.0
2000-12-11,683.0,689.0,676.4,686.0,954.0
2000-12-12,686.0,695.8,684.0,695.0,1021.0
2000-12-13,691.2,703.8,691.2,700.0,1389.0
2000-12-14,696.0,698.0,686.4,688.8,837.0
2000-12-15,682.2,685.6,670.2,670.4,865.0
2000-12-16,670.0,676.0,660.6,664.0,734.0
2000-12-18,667.0,671.8,659.2,671.0,707.0
2000-12-19,670.8,677.0,665.0,677.0,585.0
2000-12-20,672.0,682.0,657.0,661.0,450.0
2000-12-21,642.0,644.0,631.2,636.0,1419.0
2000-12-22,644.0,657.0,632.0,650.0,1407.0
2000-12-26,653.0,653.0,628.0,628.6,939.0
2000-12-27,628.6,628.6,611.0,612.0,1186.0
2000-12-28,622.0,654.8,621.0,654.8,1675.0
2000-12-29,651.0,666.0,640.4,647.0,2010.0
2000-12-30,641.6,685.0,641.6,669.8,2431.0
2001-01-02,671.0,682.0,658.0,675.2,2435.0
2001-01-03,673.2,686.8,669.0,676.0,1664.0
2001-01-04,701.0,717.6,690.0,706.0,2657.0
2001-01-05,703.2,754.8,696.0,754.8,2980.0
2001-01-08,749.8,753.0,721.0,724.0,2980.0
2001-01-09,734.0,747.6,723.8,746.8,2229.0
2001-01-10,746.8,765.0,740.0,753.2,2266.0
2001-01-11,758.0,763.8,736.0,745.0,2451.0
2001-01-12,745.0,748.0,723.0,735.0,1542.0
2001-01-15,730.2,749.0,724.2,745.0,1276.0
2001-01-16,746.0,797.0,738.4,797.0,1403.0
2001-01-17,829.4,829.4,795.0,823.0,680.0
2001-01-18,823.0,880.6,814.8,880.6,3121.0
2001-01-29,883.6,920.0,855.0,860.6,3774.0
2001-01-30,867.8,877.8,825.0,860.0,3974.0
2001-01-31,860.0,888.2,853.0,872.0,3696.0
2001-02-01,870.0,881.0,852.2,863.0,2527.0
2001-02-02,868.2,885.0,865.0,874.0,2896.0
2001-02-05,865.0,867.0,831.0,834.0,2828.0
2001-02-06,830.2,849.0,825.2,835.0,2817.0
2001-02-07,831.0,842.0,827.0,835.8,2134.0
2001-02-08,835.0,845.0,829.0,837.8,2151.0
2001-02-09,838.0,857.6,835.2,845.0,2726.0
2001-02-12,843.0,848.6,835.0,842.0,1472.0
2001-02-13,846.0,855.0,840.0,855.0,1968.0
2001-02-14,872.0,875.0,840.0,840.0,2259.0
2001-02-15,844.0,864.0,841.0,864.0,1751.0
2001-02-16,865.0,865.0,842.0,843.2,1363.0
2001-02-19,835.0,835.0,820.2,830.0,964.0
2001-02-20,830.6,847.0,830.6,838.0,764.0
2001-02-21,831.2,837.6,829.2,830.0,531.0
2001-02-22,833.0,833.0,815.2,830.0,1669.0
2001-02-23,829.8,836.0,825.2,827.0,1251.0
2001-02-26,827.0,836.0,827.0,832.0,702.0
2001-02-27,839.0,839.4,816.0,820.0,881.0
2001-03-01,808.0,813.6,792.0,800.0,920.0
2001-03-02,802.0,805.8,791.2,796.0,773.0
2001-03-05,799.0,812.0,795.0,811.0,641.0
2001-03-06,815.0,818.4,798.0,800.0,1002.0
2001-03-07,807.0,813.6,805.2,810.6,893.0
2001-03-08,815.6,815.6,801.0,804.2,653.0
2001-03-09,799.8,802.6,794.0,800.0,673.0
2001-03-12,790.0,793.6,785.0,785.0,606.0
2001-03-13,774.0,795.0,771.2,786.2,1151.0
2001-03-14,795.0,795.0,780.0,783.0,512.0
2001-03-15,777.8,794.0,772.6,794.0,795.0
2001-03-16,789.0,822.8,789.0,815.2,1479.0
2001-03-19,810.4,822.0,796.0,796.0,759.0
2001-03-20,798.8,804.0,791.0,793.2,397.0
2001-03-21,787.2,808.6,783.2,785.0,532.0
2001-03-22,799.2,805.4,794.2,803.0,866.0
2001-03-23,807.8,814.0,804.0,807.0,809.0
2001-03-26,813.2,816.0,808.0,816.0,731.0
2001-03-27,818.0,828.4,813.4,818.0,1229.0
2001-03-28,820.8,823.0,808.6,809.2,727.0
2001-03-29,811.8,816.0,807.0,810.6,601.0
2001-03-30,807.0,809.0,781.6,786.0,954.0
2001-04-02,780.2,785.8,758.0,760.2,822.0
2001-04-03,760.0,763.6,751.0,751.0,761.0
2001-04-04,745.2,757.0,740.0,747.4,842.0
2001-04-06,757.0,758.6,744.0,744.6,549.0
2001-04-09,740.8,740.8,725.2,725.2,525.0
2001-04-10,718.0,736.0,717.0,717.0,783.0
2001-04-11,725.0,730.0,715.2,730.0,690.0
2001-04-12,734.0,734.0,721.2,722.6,445.0
2001-04-13,724.8,736.8,724.0,726.2,783.0
2001-04-16,728.0,728.0,707.0,708.0,500.0
2001-04-17,706.2,712.8,701.0,708.0,350.0
2001-04-18,711.0,716.8,698.4,698.4,499.0
2001-04-19,735.8,738.0,723.0,729.0,736.0
2001-04-20,734.0,734.0,717.0,721.0,374.0
2001-04-23,721.6,728.0,721.2,727.0,404.0
2001-04-24,723.0,729.8,721.6,722.8,376.0
2001-04-25,721.0,726.6,713.2,716.0,569.0
2001-04-26,718.0,718.8,709.2,714.4,351.0
2001-04-27,712.0,714.4,700.0,700.0,319.0
2001-04-30,700.0,704.8,693.0,694.0,373.0
2001-05-02,697.0,702.8,661.2,670.0,528.0
2001-05-03,670.0,687.0,667.0,687.0,465.0
2001-05-04,690.0,708.0,675.0,685.8,1084.0
2001-05-07,691.0,698.0,681.8,695.4,660.0
2001-05-08,694.8,699.0,685.4,695.0,543.0
2001-05-09,696.0,702.0,690.0,700.0,602.0
2001-05-10,700.0,703.0,695.2,698.6,382.0
2001-05-11,698.0,723.0,686.8,720.0,903.0
2001-05-14,708.8,716.0,706.0,706.6,503.0
2001-05-15,704.4,712.8,701.4,702.0,365.0
2001-05-16,702.2,705.8,697.0,697.0,365.0
2001-05-17,706.2,706.4,698.0,702.0,499.0
2001-05-18,704.4,706.0,675.2,675.2,902.0
2001-05-21,675.0,676.0,650.6,659.8,640.0
2001-05-22,666.0,669.8,655.0,658.0,529.0
2001-05-23,658.0,690.0,656.0,685.0,841.0
2001-05-24,682.0,688.0,676.4,681.0,409.0
2001-05-25,680.6,681.8,666.8,667.2,399.0
2001-05-28,667.0,667.0,655.4,656.4,362.0
2001-05-29,655.0,666.8,651.4,651.4,513.0
2001-05-30,649.8,654.0,646.2,649.0,318.0
2001-05-31,646.4,663.0,645.0,655.6,516.0
2001-06-01,658.0,660.8,649.0,657.0,493.0
2001-06-04,660.0,662.2,657.0,660.4,419.0
2001-06-05,661.0,674.2,660.0,670.8,767.0
2001-06-06,673.0,685.0,668.8,684.0,814.0
2001-06-07,670.0,673.2,663.4,668.4,639.0
2001-06-08,672.2,683.0,667.0,673.6,603.0
2001-06-11,671.6,680.0,669.4,678.6,252.0
2001-06-12,680.6,687.6,679.2,683.2,608.0
2001-06-13,684.6,695.0,680.4,685.0,796.0
2001-06-14,680.2,682.2,673.0,675.0,373.0
2001-06-15,671.0,680.0,671.0,680.0,317.0
2001-06-18,680.0,680.0,671.6,672.0,240.0
2001-06-19,675.6,682.4,675.0,678.0,382.0
2001-06-20,680.0,682.4,675.2,675.2,337.0
2001-06-21,684.0,684.0,671.8,673.6,536.0
2001-06-22,674.0,678.8,667.0,671.2,486.0
2001-06-26,673.6,675.2,660.2,662.0,423.0
2001-06-27,663.0,670.4,660.0,666.0,344.0
2001-06-28,667.0,668.0,654.4,659.0,369.0
2001-06-29,663.0,668.0,658.6,665.0,421.0
2001-07-02,665.0,665.0,648.2,658.0,493.0
2001-07-03,653.0,655.6,645.2,646.0,292.0
2001-07-04,631.2,643.8,620.0,620.0,571.0
2001-07-05,607.0,619.0,605.4,612.0,478.0
2001-07-06,608.2,629.8,608.2,620.0,522.0
2001-07-09,615.0,623.0,615.0,617.6,219.0
2001-07-10,618.0,622.8,605.0,605.0,345.0
2001-07-11,600.0,601.6,581.4,581.8,427.0
2001-07-12,581.8,595.0,581.8,590.0,397.0
2001-07-13,591.2,594.4,549.0,549.0,846.0
2001-07-16,550.2,556.0,512.0,524.8,563.0
2001-07-17,519.2,536.6,517.2,531.2,283.0
2001-07-18,530.2,535.0,503.2,505.0,227.0
2001-07-19,512.2,521.8,492.0,513.0,1024.0
2001-07-20,512.0,531.0,501.0,519.4,845.0
2001-07-23,522.0,526.8,511.0,515.0,405.0
2001-07-24,513.0,513.0,501.0,507.0,400.0
2001-07-25,504.0,517.0,504.0,516.0,425.0
2001-07-26,517.0,534.0,511.2,527.0,717.0
2001-07-27,527.0,533.0,518.4,520.2,661.0
2001-07-31,518.2,520.0,509.0,512.0,460.0
2001-08-01,516.2,519.0,501.4,507.2,551.0
2001-08-02,510.0,525.0,506.2,525.0,877.0
2001-08-03,531.8,548.8,528.2,545.0,1097.0
2001-08-06,546.0,554.2,536.4,540.0,685.0
2001-08-07,538.0,538.0,525.0,533.6,667.0
2001-08-08,528.2,560.0,528.2,560.0,1110.0
2001-08-09,554.6,564.6,547.2,547.2,1350.0
2001-08-10,550.4,558.0,538.4,556.0,924.0
2001-08-13,560.0,584.0,556.0,582.0,1099.0
2001-08-14,586.6,586.6,573.0,584.0,555.0
2001-08-15,581.2,599.0,577.2,589.0,432.0
2001-08-16,584.2,605.6,582.2,598.6,1720.0
2001-08-17,600.6,601.4,588.0,591.8,922.0
2001-08-20,585.2,590.0,581.8,586.4,681.0
2001-08-21,586.8,588.0,578.4,587.2,736.0
2001-08-22,584.4,595.8,582.0,585.0,1217.0
2001-08-23,586.0,588.0,579.0,584.8,896.0
2001-08-24,584.8,589.2,570.0,571.0,1773.0
2001-08-27,575.0,588.8,573.0,586.2,1828.0
2001-08-28,587.8,592.4,583.0,587.6,1275.0
2001-08-29,585.2,628.6,585.2,628.6,2893.0
2001-08-30,633.0,657.4,628.0,636.6,3429.0
2001-08-31,630.6,644.6,626.0,644.6,2818.0
2001-09-03,645.0,649.0,635.2,636.6,1502.0
2001-09-04,639.0,639.0,621.6,632.0,2511.0
2001-09-05,627.0,637.6,623.4,626.4,1855.0
2001-09-06,626.0,630.0,619.2,625.8,1923.0
2001-09-07,621.8,625.0,610.6,614.8,1965.0
2001-09-10,611.2,613.0,604.2,611.0,1435.0
2001-09-11,611.0,613.0,600.0,602.0,1516.0
2001-09-13,560.0,577.8,560.0,571.0,2593.0
2001-09-14,576.0,589.0,561.0,568.0,3121.0
2001-09-19,568.4,586.0,548.2,580.6,1453.0
2001-09-20,567.0,573.0,555.0,555.0,2329.0
2001-09-21,548.0,548.0,535.6,535.6,1549.0
2001-09-24,535.6,558.0,525.0,544.8,2524.0
2001-09-25,582.8,582.8,530.6,535.4,2402.0
2001-09-26,535.4,559.8,526.2,557.0,3229.0
2001-09-27,554.0,554.0,542.6,547.6,1213.0
2001-09-28,551.0,567.0,550.2,560.0,2174.0
2001-10-02,562.2,563.8,548.0,553.0,2256.0
2001-10-03,560.0,571.8,557.0,565.0,2218.0
2001-10-04,599.0,604.4,591.4,595.8,3188.0
2001-10-05,593.0,596.8,585.8,595.0,2205.0
2001-10-08,595.0,599.0,585.2,590.0,1243.0
2001-10-09,594.2,596.0,587.0,594.8,1385.0
2001-10-11,600.0,624.0,600.0,610.6,2737.0
2001-10-12,615.0,616.6,575.6,582.0,3009.0
2001-10-15,578.0,578.2,568.0,573.0,885.0
2001-10-16,575.8,580.0,573.2,580.0,589.0
2001-10-17,579.0,579.0,571.0,577.8,617.0
2001-10-18,570.0,578.6,569.0,575.4,1542.0
2001-10-19,571.0,579.8,568.2,579.8,1305.0
2001-10-22,580.0,606.8,580.0,606.8,2282.0
2001-10-23,610.0,618.0,599.0,600.8,2354.0
2001-10-24,602.0,616.0,597.0,616.0,2531.0
2001-10-25,617.0,620.0,609.0,610.0,2199.0
2001-10-26,614.0,621.0,609.0,612.6,2585.0
2001-10-29,615.0,622.0,615.0,618.0,1653.0
2001-10-30,610.0,611.6,597.6,598.4,2027.0
2001-10-31,598.0,604.0,591.0,596.8,1681.0
2001-11-01,598.0,598.4,592.0,595.0,1131.0
2001-11-02,600.0,603.8,595.0,596.2,1422.0
2001-11-05,599.0,603.8,585.0,603.0,1891.0
2001-11-06,605.0,609.6,597.0,598.0,2041.0
2001-11-07,603.0,606.6,599.0,603.0,1194.0
2001-11-08,605.0,605.0,588.0,589.0,1506.0
2001-11-09,587.0,587.0,575.0,575.0,1510.0
2001-11-12,573.2,578.0,570.4,573.6,1398.0
2001-11-13,573.0,578.8,570.4,571.0,1096.0
2001-11-14,577.8,584.2,574.4,583.0,1614.0
2001-11-15,582.0,590.2,580.0,587.6,1175.0
2001-11-16,590.0,603.0,590.0,597.2,1705.0
2001-11-19,596.8,605.0,594.6,601.2,1105.0
2001-11-20,604.0,627.6,601.0,616.2,1472.0
2001-11-21,616.2,620.8,609.6,609.6,481.0
2001-11-22,624.6,638.4,622.0,625.8,2868.0
2001-11-23,626.0,633.0,624.0,633.0,1961.0
2001-11-26,638.0,647.0,636.0,644.2,1789.0
2001-11-27,649.8,653.0,624.6,626.4,2663.0
2001-11-28,626.6,630.8,592.6,598.2,2580.0
2001-11-29,594.0,615.0,594.0,611.4,2258.0
2001-11-30,613.8,615.2,598.0,598.0,2107.0
2001-12-03,605.0,621.6,604.0,619.0,1713.0
2001-12-04,621.8,646.0,618.0,646.0,2275.0
2001-12-05,652.8,664.4,639.0,652.0,3077.0
2001-12-06,664.0,697.6,661.0,697.6,2561.0
2001-12-07,705.0,744.8,696.2,742.6,3747.0
2001-12-10,745.0,792.8,745.0,767.0,4376.0
2001-12-11,760.0,765.0,720.4,733.0,3970.0
2001-12-12,735.0,779.4,733.0,772.0,5078.0
2001-12-13,770.0,783.0,725.0,744.8,5541.0
2001-12-14,733.0,786.0,733.0,786.0,4421.0
2001-12-17,798.0,840.2,788.0,832.0,4667.0
2001-12-18,840.0,844.8,793.0,809.8,3422.0
2001-12-19,815.0,821.0,753.2,753.2,1729.0
2001-12-20,755.4,768.0,726.0,761.0,4587.0
2001-12-21,753.8,761.0,707.8,707.8,3482.0
2001-12-24,705.6,725.0,702.0,706.6,2409.0
2001-12-25,709.6,749.4,709.2,742.4,2994.0
2001-12-26,743.6,748.8,725.8,729.6,3098.0
2001-12-27,740.2,752.2,732.0,750.0,3727.0
2001-12-28,755.0,761.0,712.2,722.0,3580.0
2001-12-31,724.0,747.0,715.0,733.0,3065.0
2002-01-02,735.0,744.0,720.2,733.2,2635.0
2002-01-03,739.8,745.4,727.2,731.0,2780.0
2002-01-04,739.0,741.0,731.6,736.0,1430.0
2002-01-07,738.6,758.0,735.0,758.0,1741.0
2002-01-08,758.0,764.6,740.0,745.2,2519.0
2002-01-09,746.6,751.0,724.0,730.0,2134.0
2002-01-10,725.4,734.8,721.0,726.0,1516.0
2002-01-11,724.0,736.8,710.0,710.0,2269.0
2002-01-14,707.0,722.0,694.8,696.2,1706.0
2002-01-15,694.2,701.2,672.2,685.8,1810.0
2002-01-16,685.0,699.0,685.0,686.4,1592.0
2002-01-17,690.0,698.8,686.0,698.6,1605.0
2002-01-18,708.6,719.0,701.4,703.0,1818.0
2002-01-21,705.8,739.4,704.0,735.6,3298.0
2002-01-22,735.0,744.0,714.0,720.4,2085.0
2002-01-23,720.0,733.8,705.0,710.0,1773.0
2002-01-24,715.8,725.8,704.8,714.6,1276.0
2002-01-25,719.8,739.8,719.8,739.8,2012.0
2002-01-28,748.0,755.8,742.0,747.6,1363.0
2002-01-29,747.6,747.6,717.0,721.6,1113.0
2002-01-30,711.0,718.0,710.0,716.0,641.0
2002-01-31,714.0,729.8,711.2,729.0,1281.0
2002-02-01,733.6,736.0,721.0,724.8,960.0
2002-02-04,724.0,731.0,719.0,726.4,692.0
2002-02-05,720.2,724.8,716.2,722.0,695.0
2002-02-06,721.2,732.0,721.2,724.0,976.0
2002-02-18,724.0,729.8,713.0,717.0,535.0
2002-02-19,718.0,723.0,706.0,706.0,596.0
2002-02-20,703.2,709.6,688.0,690.0,810.0
2002-02-21,700.0,703.0,680.2,685.2,707.0
2002-02-22,680.0,689.0,678.0,688.0,669.0
2002-02-25,690.2,691.6,673.4,675.6,552.0
2002-02-26,682.0,683.0,668.2,670.0,517.0
2002-02-27,670.4,683.0,670.4,683.0,473.0
2002-03-01,681.2,682.0,670.0,675.2,527.0
2002-03-04,685.0,696.4,681.2,692.6,1091.0
2002-03-05,696.8,706.0,684.4,691.0,907.0
2002-03-06,691.0,697.6,683.0,697.6,903.0
2002-03-07,705.8,709.8,694.2,704.0,1305.0
2002-03-08,705.0,707.4,691.6,692.8,627.0
2002-03-11,693.0,705.0,690.4,705.0,930.0
2002-03-12,707.0,722.2,706.2,710.0,1688.0
2002-03-13,709.0,713.0,694.4,698.0,1012.0
2002-03-14,695.0,702.0,690.2,697.0,691.0
2002-03-15,698.0,705.0,684.0,684.0,1053.0
2002-03-18,689.6,690.6,684.4,689.0,626.0
2002-03-19,689.8,690.8,675.0,680.2,444.0
2002-03-20,687.0,694.0,680.6,689.0,705.0
2002-03-21,689.8,692.0,684.0,688.0,540.0
2002-03-22,693.2,712.8,693.2,712.8,948.0
2002-03-25,717.4,728.8,717.4,726.0,1263.0
2002-03-26,723.8,723.8,714.2,722.0,659.0
2002-03-27,724.8,745.0,723.0,728.0,2257.0
2002-03-28,730.2,734.0,718.6,732.0,1144.0
2002-03-29,737.0,737.0,726.6,728.2,937.0
2002-04-01,721.2,723.0,716.0,720.0,599.0
2002-04-02,721.2,734.6,721.2,728.8,866.0
2002-04-03,726.0,748.0,724.0,748.0,1345.0
2002-04-04,745.0,763.0,742.2,751.0,2302.0
2002-04-08,756.4,778.0,750.0,765.4,2737.0
2002-04-09,767.0,769.2,742.0,742.8,1821.0
2002-04-10,741.0,753.0,739.0,751.8,2078.0
2002-04-11,754.0,754.2,745.0,749.6,1183.0
2002-04-12,744.0,756.0,742.0,750.0,1256.0
2002-04-15,751.8,758.8,748.8,754.0,793.0
2002-04-16,758.6,768.0,757.2,764.0,1091.0
2002-04-17,769.0,796.2,769.0,795.8,994.0
2002-04-18,796.0,812.8,791.0,797.6,2375.0
2002-04-19,800.0,841.0,800.0,839.2,4084.0
2002-04-22,840.0,846.0,823.0,841.0,3002.0
2002-04-23,836.0,844.8,827.2,828.8,2765.0
2002-04-24,830.0,838.4,823.0,837.6,2282.0
2002-04-25,833.0,845.4,812.2,814.4,4355.0
2002-04-26,814.0,821.4,810.2,821.0,2192.0
2002-04-29,820.0,823.4,815.2,817.6,1967.0
2002-04-30,819.0,821.6,793.4,797.0,2698.0
2002-05-02,800.2,808.0,785.0,791.2,2190.0
2002-05-03,792.0,809.0,781.0,809.0,2220.0
2002-05-06,805.0,806.8,762.6,785.0,3361.0
2002-05-07,778.0,782.0,752.2,761.4,2685.0
2002-05-08,772.0,781.2,765.2,775.6,1921.0
2002-05-09,784.6,785.0,769.2,773.0,2062.0
2002-05-10,774.8,784.2,769.2,784.2,1657.0
2002-05-13,780.0,780.8,768.2,777.0,901.0
2002-05-14,782.0,783.0,761.4,765.2,897.0
2002-05-15,769.4,779.6,769.0,775.0,964.0
2002-05-16,774.0,780.8,770.4,770.6,1123.0
2002-05-17,775.0,778.8,771.2,774.8,1026.0
2002-05-20,774.8,774.8,735.0,738.0,1306.0
2002-05-21,737.0,741.6,720.8,726.0,1071.0
2002-05-22,726.0,740.0,723.0,738.0,1155.0
2002-05-23,739.8,744.8,736.0,740.0,591.0
2002-05-24,744.0,764.2,742.2,758.8,947.0
2002-05-27,745.0,770.0,744.0,770.0,1202.0
2002-05-28,770.0,770.0,753.0,761.2,1193.0
2002-05-29,758.0,758.0,748.0,756.6,640.0
2002-05-30,755.0,792.0,755.0,783.0,2094.0
2002-05-31,790.0,790.0,770.6,776.0,1393.0
2002-06-03,773.2,774.8,740.0,746.0,1222.0
2002-06-04,739.0,754.6,731.0,752.0,1024.0
2002-06-05,754.0,765.8,754.0,763.8,988.0
2002-06-06,763.0,763.6,756.0,760.4,606.0
2002-06-07,757.2,769.0,743.8,750.0,1714.0
2002-06-10,759.0,763.0,753.2,758.4,678.0
2002-06-11,759.0,771.6,754.8,756.4,1773.0
2002-06-12,754.8,765.8,749.8,765.8,1100.0
2002-06-13,766.0,793.8,761.4,793.0,2330.0
2002-06-14,791.0,811.0,790.2,799.0,3097.0
2002-06-17,793.0,804.0,791.0,799.0,1613.0
2002-06-18,804.0,807.8,788.8,794.0,1574.0
2002-06-19,794.0,794.8,773.0,777.6,832.0
2002-06-20,773.8,788.8,767.0,787.0,2276.0
2002-06-21,781.0,791.6,776.2,783.2,2045.0
2002-06-24,785.8,788.8,776.2,782.6,1385.0
2002-06-25,784.8,787.0,754.0,758.2,2034.0
2002-06-26,751.0,756.8,730.0,733.0,1877.0
2002-06-27,740.0,749.0,723.8,735.8,1849.0
2002-06-28,741.0,744.6,736.4,740.8,1270.0
2002-07-01,737.0,737.0,704.8,710.0,1358.0
2002-07-02,706.2,726.8,706.2,726.8,1513.0
2002-07-03,718.0,738.0,712.2,734.0,1902.0
2002-07-04,734.0,739.8,726.0,737.0,1564.0
2002-07-05,737.0,738.8,723.2,731.0,1724.0
2002-07-08,725.0,739.0,725.0,737.6,1281.0
2002-07-09,737.0,743.0,729.0,731.2,1087.0
2002-07-10,728.2,730.6,721.0,723.6,864.0
2002-07-11,715.0,727.0,712.4,716.0,1050.0
2002-07-12,721.8,734.0,719.0,733.0,1203.0
2002-07-15,732.0,738.8,728.4,730.4,981.0
2002-07-16,733.6,736.0,724.0,726.0,706.0
2002-07-17,725.0,734.6,721.2,724.6,604.0
2002-07-18,726.0,728.0,718.2,720.8,829.0
2002-07-19,714.0,715.6,707.6,711.8,683.0
2002-07-22,704.2,704.2,680.6,683.4,939.0
2002-07-23,680.2,700.2,671.0,700.2,1130.0
2002-07-24,691.2,691.2,672.0,681.0,976.0
2002-07-25,695.0,696.4,682.2,685.0,1002.0
2002-07-26,678.0,681.4,663.0,671.0,2135.0
2002-07-29,675.0,693.8,672.2,688.6,1237.0
2002-07-30,700.0,709.8,698.0,705.8,1455.0
2002-07-31,708.8,710.0,698.0,699.2,729.0
2002-08-01,700.6,709.6,696.0,704.6,938.0
2002-08-02,699.2,711.0,698.0,711.0,1193.0
2002-08-05,697.0,702.0,663.6,672.2,1859.0
2002-08-06,664.2,687.2,664.2,677.2,1151.0
2002-08-07,689.8,691.0,682.6,687.0,798.0
2002-08-08,687.0,692.8,680.2,687.0,860.0
2002-08-09,698.0,714.4,693.0,714.0,1484.0
2002-08-12,725.0,732.8,716.6,727.2,1601.0
2002-08-13,727.0,727.0,715.2,718.0,881.0
2002-08-14,714.0,721.8,710.6,719.0,1169.0
2002-08-15,724.0,724.8,717.0,718.2,892.0
2002-08-16,719.0,721.6,704.0,705.0,1072.0
2002-08-19,705.8,706.8,696.0,699.0,447.0
2002-08-20,700.2,706.0,700.0,700.2,419.0
2002-08-21,700.0,703.0,691.2,694.0,597.0
2002-08-22,697.8,707.6,696.0,703.8,764.0
2002-08-23,706.8,711.2,695.0,696.0,926.0
2002-08-26,693.0,698.0,691.0,696.0,449.0
2002-08-27,695.0,696.4,691.4,691.6,472.0
2002-08-28,688.0,691.6,684.0,687.4,514.0
2002-08-29,686.0,686.4,677.4,684.8,680.0
2002-08-30,681.6,685.0,676.2,681.2,684.0
2002-09-02,680.0,680.0,656.2,656.8,731.0
2002-09-03,657.0,664.2,649.0,653.6,733.0
2002-09-04,645.0,653.8,644.0,648.8,547.0
2002-09-05,652.0,652.8,631.0,631.0,742.0
2002-09-09,641.0,641.0,626.6,639.0,568.0
2002-09-10,642.0,654.8,636.0,654.8,708.0
2002-09-11,657.0,657.0,645.2,650.0,707.0
2002-09-12,647.8,659.8,646.0,651.6,857.0
2002-09-13,646.2,650.0,638.2,640.0,700.0
2002-09-16,638.0,642.2,622.0,622.4,532.0
2002-09-17,626.2,654.6,625.0,653.0,832.0
2002-09-18,642.0,645.8,629.4,632.8,927.0
2002-09-19,630.0,636.0,625.0,628.0,987.0
2002-09-20,620.0,624.0,615.2,621.2,570.0
2002-09-23,622.0,628.8,616.6,621.4,584.0
2002-09-24,621.4,632.6,619.2,628.6,1057.0
2002-09-25,629.6,629.6,601.0,608.6,903.0
2002-09-26,614.8,616.6,605.2,611.0,813.0
2002-09-27,614.0,616.0,601.4,603.8,886.0
2002-09-30,594.0,595.8,580.8,588.0,623.0
2002-10-01,585.2,599.2,585.0,592.8,766.0
2002-10-02,600.0,604.0,595.0,596.4,986.0
2002-10-03,595.8,597.8,588.4,597.8,560.0
2002-10-04,599.8,613.4,596.8,607.0,1264.0
2002-10-07,604.0,609.0,598.2,605.0,1340.0
2002-10-08,605.4,612.8,602.0,608.4,1530.0
2002-10-09,609.0,611.8,597.0,597.0,1117.0
2002-10-11,605.0,605.0,581.0,583.0,1009.0
2002-10-14,577.8,590.0,571.4,576.2,674.0
2002-10-15,578.4,616.4,578.4,610.6,1204.0
2002-10-16,616.0,618.6,601.0,610.4,644.0
2002-10-17,601.0,620.0,600.2,620.0,1431.0
2002-10-18,630.0,644.0,626.2,637.4,1852.0
2002-10-21,632.0,637.4,628.2,633.0,985.0
2002-10-22,636.0,643.8,625.6,626.6,1561.0
2002-10-23,628.4,664.8,628.2,657.4,2358.0
2002-10-24,651.0,657.8,642.0,647.4,1224.0
2002-10-25,644.0,653.6,642.6,648.0,955.0
2002-10-28,651.0,679.8,651.0,666.0,1991.0
2002-10-29,665.4,670.0,657.2,659.0,1057.0
2002-10-30,656.0,663.8,630.4,638.0,1618.0
2002-10-31,640.0,651.6,640.0,645.6,870.0
2002-11-01,647.0,654.6,637.0,641.2,965.0
2002-11-04,652.0,668.0,650.2,661.2,1539.0
2002-11-05,661.2,661.2,651.0,655.6,875.0
2002-11-06,660.0,669.0,656.2,663.0,1773.0
2002-11-07,665.0,674.4,663.2,668.6,1222.0
2002-11-08,665.2,683.0,663.0,682.0,1594.0
2002-11-11,681.0,681.8,668.2,671.6,1126.0
2002-11-12,670.0,673.0,661.0,669.0,1414.0
2002-11-13,668.0,672.8,664.0,669.0,1067.0
2002-11-14,670.2,679.4,666.2,672.2,1633.0
2002-11-15,677.0,702.8,677.0,702.0,2449.0
2002-11-18,700.0,711.8,697.2,699.0,1503.0
2002-11-19,695.0,697.0,673.6,678.0,1300.0
2002-11-20,684.8,685.0,673.0,680.4,428.0
2002-11-21,685.0,685.0,661.4,667.0,1823.0
2002-11-22,673.0,683.4,670.0,676.0,1810.0
2002-11-25,673.4,679.4,662.0,672.0,1261.0
2002-11-26,672.0,676.8,663.4,665.2,1084.0
2002-11-27,660.0,667.8,656.0,660.4,1303.0
2002-11-28,665.8,668.0,644.2,645.2,1856.0
2002-11-29,644.8,650.8,644.0,648.0,975.0
2002-12-02,647.6,647.8,630.6,638.0,1015.0
2002-12-03,636.0,649.0,635.0,647.0,1538.0
2002-12-04,641.0,646.6,641.0,644.0,670.0
2002-12-05,644.2,652.8,643.0,647.0,1289.0
2002-12-06,645.0,647.8,643.0,643.2,601.0
2002-12-09,641.0,659.0,641.0,653.4,1683.0
2002-12-10,650.2,659.0,648.8,659.0,1486.0
2002-12-11,660.0,681.0,657.6,658.6,3464.0
2002-12-12,660.4,668.8,655.0,668.2,1731.0
2002-12-13,665.0,667.0,654.6,656.8,1880.0
2002-12-16,654.6,661.6,653.6,660.2,1126.0
2002-12-17,663.8,663.8,654.0,654.4,1152.0
2002-12-18,653.2,658.0,652.2,656.2,807.0
2002-12-19,649.8,662.0,645.6,661.0,2357.0
2002-12-20,661.2,681.6,661.2,672.6,4629.0
2002-12-23,675.2,682.8,672.6,681.8,2210.0
2002-12-24,682.2,682.8,675.6,680.6,1762.0
2002-12-25,680.6,683.8,671.4,673.2,2667.0
2002-12-26,675.0,678.2,668.4,678.2,1684.0
2002-12-27,675.2,687.8,673.2,684.0,3044.0
2002-12-30,684.8,685.8,680.2,682.4,1769.0
2002-12-31,683.0,684.0,675.6,681.0,1767.0
2003-01-02,682.0,706.8,676.0,703.6,4465.0
2003-01-03,708.8,713.8,704.4,708.4,3326.0
2003-01-06,708.4,716.4,707.0,715.0,2811.0
2003-01-07,717.0,721.4,712.2,714.0,3119.0
2003-01-08,714.0,739.8,713.2,735.6,3683.0
2003-01-09,734.0,747.0,725.2,729.8,3595.0
2003-01-10,732.4,734.8,723.2,732.0,2516.0
2003-01-13,731.0,747.6,731.0,747.6,2914.0
2003-01-14,754.0,755.0,741.0,746.2,2534.0
2003-01-15,750.6,750.8,738.0,746.0,1398.0
2003-01-16,744.0,766.0,741.8,755.0,4774.0
2003-01-17,755.0,760.0,747.4,753.2,2700.0
2003-01-20,753.8,771.8,751.4,771.2,2875.0
2003-01-21,769.0,781.2,764.2,766.4,4956.0
2003-01-22,764.0,791.0,763.2,791.0,4259.0
2003-01-23,791.0,812.0,787.0,812.0,6555.0
2003-01-24,813.0,842.0,812.0,825.0,7384.0
2003-01-27,827.0,838.8,805.0,816.6,7367.0
2003-01-28,815.8,832.8,808.4,832.0,6140.0
2003-02-06,836.0,836.0,788.2,792.0,5877.0
2003-02-07,793.0,802.0,752.0,768.0,7197.0
2003-02-10,765.0,765.0,731.2,732.0,6420.0
2003-02-11,732.0,744.0,728.4,736.0,4219.0
2003-02-12,732.0,744.0,726.0,735.8,4573.0
2003-02-13,727.2,733.6,702.8,703.0,6342.0
2003-02-14,706.2,716.0,697.0,709.8,5855.0
2003-02-17,719.6,735.4,718.0,735.0,3274.0
2003-02-18,732.0,733.0,713.6,718.0,2072.0
2003-02-19,724.0,724.6,704.0,707.0,2106.0
2003-02-20,700.4,708.0,682.0,697.0,5572.0
2003-02-21,697.0,701.8,688.0,696.2,4848.0
2003-02-24,702.0,709.8,697.0,708.0,3631.0
2003-02-25,700.0,701.6,681.6,681.6,4148.0
2003-02-26,685.0,687.6,675.0,681.0,3460.0
2003-02-27,675.0,685.8,672.0,679.2,4032.0
2003-03-03,684.8,692.2,683.0,691.8,2737.0
2003-03-04,685.8,693.0,680.0,692.0,2311.0
2003-03-05,687.0,689.2,682.6,684.0,2722.0
2003-03-06,687.2,689.0,682.8,683.6,2223.0
2003-03-07,677.8,679.0,672.2,676.2,2543.0
2003-03-10,676.2,680.0,668.0,672.0,1764.0
2003-03-11,663.2,668.2,646.4,650.0,3332.0
2003-03-12,646.2,657.4,645.4,655.0,2615.0
2003-03-13,653.0,666.6,649.0,661.0,2890.0
2003-03-14,685.0,686.8,673.0,679.0,2830.0
2003-03-17,674.0,674.0,650.0,651.8,2640.0
2003-03-18,669.2,694.6,668.0,681.8,2045.0
2003-03-19,678.0,680.0,672.2,672.6,1381.0
2003-03-20,674.8,679.0,656.6,676.4,3509.0
2003-03-21,671.0,685.8,671.0,679.4,2810.0
2003-03-24,685.6,688.0,677.2,677.2,1487.0
2003-03-25,669.0,673.0,666.0,671.4,1447.0
2003-03-26,675.0,675.0,666.4,667.4,1188.0
2003-03-27,666.2,674.6,664.0,674.6,1646.0
2003-03-28,674.0,675.0,668.2,671.0,1233.0
2003-03-31,668.8,668.8,650.4,654.0,2091.0
2003-04-01,654.0,658.0,651.2,657.2,1255.0
2003-04-02,659.0,659.0,648.4,653.4,1728.0
2003-04-03,661.0,662.0,655.4,655.6,1296.0
2003-04-04,655.2,684.2,653.0,680.0,3571.0
2003-04-07,683.0,697.0,680.6,695.0,2874.0
2003-04-08,683.2,703.0,683.2,693.2,3856.0
2003-04-09,691.2,696.2,688.2,692.2,2042.0
2003-04-10,691.8,701.4,690.2,694.2,2880.0
2003-04-11,697.0,706.0,695.0,700.0,3590.0
2003-04-14,700.0,704.6,688.8,693.8,2523.0
2003-04-15,697.0,699.6,694.4,698.4,1211.0
2003-04-16,703.0,739.4,700.2,718.6,1442.0
2003-04-17,706.2,712.8,705.6,707.0,2226.0
2003-04-18,714.8,727.8,712.0,726.8,3762.0
2003-04-21,725.0,727.6,722.0,727.2,1777.0
2003-04-22,725.4,726.0,708.4,710.0,3757.0
2003-04-23,715.6,716.0,697.2,702.0,3542.0
2003-04-24,702.0,703.0,653.0,658.2,4496.0
2003-04-25,653.2,668.0,644.4,651.8,4563.0
2003-04-28,649.8,656.0,637.0,649.8,4528.0
2003-04-29,655.2,657.8,632.4,649.0,3968.0
2003-04-30,650.0,650.0,634.0,636.0,3000.0
2003-05-02,635.0,649.8,633.2,647.0,2960.0
2003-05-05,649.6,649.6,638.2,646.0,1816.0
2003-05-06,645.0,655.2,642.2,647.6,2020.0
2003-05-07,649.8,653.0,647.2,652.0,1673.0
2003-05-08,649.8,651.4,640.6,641.2,1460.0
2003-05-09,640.0,650.0,638.2,646.6,2010.0
2003-05-12,645.0,652.0,642.0,649.0,1483.0
2003-05-13,654.0,662.6,653.0,659.4,1869.0
2003-05-14,658.0,662.4,656.4,661.0,1091.0
2003-05-15,658.2,660.6,652.2,659.0,1422.0
2003-05-16,660.6,663.6,651.4,652.0,1402.0
2003-05-19,648.0,651.8,645.4,648.6,1003.0
2003-05-20,644.8,649.0,640.6,648.0,1183.0
2003-05-21,646.2,649.6,641.2,642.0,965.0
2003-05-22,639.2,643.2,633.0,643.0,1688.0
2003-05-23,645.0,657.4,643.0,655.0,2360.0
2003-05-26,658.0,668.8,656.2,668.0,2143.0
2003-05-27,668.0,669.6,663.0,665.6,1409.0
2003-05-28,674.0,679.0,670.4,672.2,1857.0
2003-05-29,672.8,674.0,668.0,673.8,1185.0
2003-05-30,673.8,688.0,672.0,678.0,3185.0
2003-06-02,682.8,697.2,681.2,696.0,2794.0
2003-06-03,693.2,704.8,692.0,695.8,2586.0
2003-06-05,702.0,706.8,698.0,701.0,2585.0
2003-06-06,703.6,704.6,691.2,696.0,2161.0
2003-06-09,690.4,705.6,689.2,705.4,2471.0
2003-06-10,703.4,714.8,702.2,704.0,2814.0
2003-06-11,703.0,709.8,700.4,702.6,2867.0
2003-06-12,706.6,713.0,705.2,711.8,2355.0
2003-06-13,711.0,719.6,711.0,715.2,2335.0
2003-06-16,713.0,720.0,711.8,716.2,2048.0
2003-06-17,721.0,733.6,720.6,733.0,1744.0
2003-06-18,738.0,742.0,720.0,720.0,1304.0
2003-06-19,721.2,726.8,718.2,726.0,2140.0
2003-06-20,724.0,734.6,720.4,731.0,4164.0
2003-06-23,732.0,737.0,722.0,722.2,2940.0
2003-06-24,720.0,723.6,705.2,713.0,2362.0
2003-06-25,711.2,717.8,709.0,717.8,1505.0
2003-06-26,715.0,717.6,711.0,711.2,1074.0
2003-06-27,716.0,716.8,698.6,702.4,1756.0
2003-06-30,700.0,706.4,698.0,705.8,1178.0
2003-07-01,704.8,725.0,704.4,723.0,2454.0
2003-07-02,726.0,734.8,724.0,732.2,2954.0
2003-07-03,738.4,753.0,726.4,744.0,5885.0
2003-07-04,748.0,752.8,737.2,744.2,3135.0
2003-07-07,749.0,780.6,748.6,780.0,5054.0
2003-07-08,777.0,780.0,760.4,766.0,4936.0
2003-07-09,771.8,780.4,767.4,773.0,3721.0
2003-07-10,773.0,782.8,760.0,760.0,3870.0
2003-07-11,741.6,748.0,716.0,722.4,4003.0
2003-07-14,721.0,747.0,720.4,745.0,2790.0
2003-07-15,748.0,748.0,731.8,735.6,1414.0
2003-07-16,735.0,743.0,723.4,730.0,1559.0
2003-07-17,732.0,732.0,713.0,714.2,2670.0
2003-07-18,711.2,725.8,711.2,718.6,2126.0
2003-07-21,722.0,723.8,708.0,712.0,1579.0
2003-07-22,713.2,717.0,711.0,715.0,1655.0
2003-07-23,716.0,717.8,706.4,712.8,2595.0
2003-07-24,712.0,724.8,709.0,721.6,4411.0
2003-07-25,720.2,727.8,719.4,721.0,4119.0
2003-07-28,725.0,729.0,723.0,724.6,3528.0
2003-07-29,725.2,728.2,696.0,698.8,4699.0
2003-07-30,699.0,703.0,680.0,688.0,3830.0
2003-07-31,681.4,689.0,675.0,684.0,2854.0
2003-08-01,684.8,693.0,684.8,690.4,1829.0
2003-08-04,690.0,697.6,687.0,695.0,1736.0
2003-08-05,697.4,697.8,681.0,685.4,1999.0
2003-08-06,684.0,687.0,681.2,686.4,1448.0
2003-08-07,687.0,690.4,681.4,686.0,1492.0
2003-08-08,687.6,690.0,675.2,677.0,1633.0
2003-08-11,677.0,680.0,670.2,677.0,1366.0
2003-08-12,679.0,681.0,675.2,679.2,1158.0
2003-08-13,683.6,702.8,683.0,697.0,2868.0
2003-08-14,694.2,710.0,692.4,706.4,3410.0
2003-08-15,709.8,712.6,703.6,705.0,2433.0
2003-08-18,702.0,723.4,702.0,723.4,3019.0
2003-08-19,728.0,728.0,716.8,719.4,1941.0
2003-08-20,717.2,726.6,715.2,715.2,1371.0
2003-08-21,720.2,722.4,710.8,721.8,3207.0
2003-08-22,721.8,744.8,720.2,737.0,5922.0
2003-08-25,740.0,749.6,739.8,746.6,4359.0
2003-08-26,745.0,745.8,735.0,742.0,2914.0
2003-08-27,745.6,760.2,740.0,747.0,6701.0
2003-08-28,751.0,757.6,744.0,748.0,4183.0
2003-08-29,749.6,756.0,747.2,756.0,3603.0
2003-09-01,759.8,776.0,759.0,771.2,4778.0
2003-09-02,772.2,778.8,766.2,778.6,4081.0
2003-09-03,783.0,783.0,770.2,771.2,3517.0
2003-09-04,772.0,782.4,766.2,770.0,5127.0
2003-09-05,772.0,773.2,760.0,765.0,3602.0
2003-09-08,761.2,774.2,756.4,770.0,3981.0
2003-09-09,775.6,779.6,755.0,755.2,4652.0
2003-09-10,755.0,755.0,733.6,735.2,3443.0
2003-09-12,732.6,742.4,732.6,739.0,1540.0
2003-09-15,740.0,743.8,735.4,740.2,1812.0
2003-09-16,739.2,754.0,736.4,752.8,3080.0
2003-09-17,754.8,758.0,747.4,747.4,1853.0
2003-09-18,753.0,755.8,741.6,753.6,3500.0
2003-09-19,757.0,767.6,754.2,762.8,4925.0
2003-09-22,762.8,773.0,759.0,767.0,4208.0
2003-09-23,767.0,773.4,763.6,769.2,2741.0
2003-09-24,770.0,783.0,767.0,783.0,5939.0
2003-09-25,780.0,791.8,773.6,786.2,5632.0
2003-09-26,785.6,791.2,781.4,783.0,3781.0
2003-09-29,782.0,784.8,779.0,782.0,2157.0
2003-09-30,783.0,784.6,772.2,772.6,3304.0
2003-10-01,770.2,773.6,767.6,772.8,2079.0
2003-10-02,775.2,784.2,775.0,784.2,3761.0
2003-10-03,784.2,796.2,784.0,794.6,4844.0
2003-10-06,799.8,828.0,797.8,823.0,8058.0
2003-10-07,825.0,835.0,820.4,831.6,6480.0
2003-10-08,830.8,838.4,824.0,827.0,5964.0
2003-10-09,829.0,847.0,827.6,839.4,8452.0
2003-10-13,840.2,868.6,835.0,868.6,6980.0
2003-10-14,873.8,875.0,862.2,868.0,4425.0
2003-10-15,865.0,866.8,848.2,851.0,2264.0
2003-10-16,853.0,873.0,851.6,873.0,7836.0
2003-10-17,874.0,894.6,868.2,884.0,11018.0
2003-10-20,880.2,904.6,880.2,900.0,11220.0
2003-10-21,900.0,903.0,887.2,903.0,9550.0
2003-10-22,902.0,905.8,894.0,894.0,7811.0
2003-10-23,884.0,887.2,877.0,882.2,8904.0
2003-10-24,884.8,886.6,875.2,875.8,4471.0
2003-10-27,880.0,883.8,875.2,882.0,4337.0
2003-10-28,883.0,918.0,882.0,911.2,11615.0
2003-10-29,917.0,922.0,906.8,911.8,11582.0
2003-10-30,907.6,915.2,906.0,908.2,7954.0
2003-10-31,907.0,912.0,900.0,902.2,7681.0
2003-11-03,902.2,912.8,893.0,912.8,7021.0
2003-11-04,915.2,917.8,900.2,901.0,8638.0
2003-11-05,900.0,905.0,892.2,900.2,7875.0
2003-11-06,901.0,901.0,837.2,837.2,15515.0
2003-11-07,842.2,848.0,830.2,845.0,8580.0
2003-11-10,838.0,853.4,828.0,849.8,9037.0
2003-11-11,843.8,854.0,840.0,850.2,6559.0
2003-11-12,848.2,854.0,840.8,844.0,5108.0
2003-11-13,851.2,854.4,846.4,852.8,5243.0
2003-11-14,853.0,861.4,848.6,859.2,5553.0
2003-11-17,854.0,855.6,841.4,853.0,4866.0
2003-11-18,854.8,860.0,849.0,849.0,4664.0
2003-11-19,849.0,853.4,839.0,843.6,3495.0
2003-11-20,849.2,854.8,846.0,852.0,6295.0
2003-11-21,849.0,851.6,842.0,850.0,4950.0
2003-11-24,852.0,859.8,848.0,857.6,6689.0
2003-11-25,863.0,873.8,861.4,866.0,9545.0
2003-11-26,868.0,869.8,863.4,869.8,4292.0
2003-11-27,868.4,869.2,854.2,858.0,8833.0
2003-11-28,860.0,864.8,848.2,850.4,7152.0
2003-12-01,847.8,867.8,846.2,867.8,8771.0
2003-12-02,870.8,871.0,863.2,867.2,6040.0
2003-12-03,866.0,867.8,858.2,860.0,5789.0
2003-12-04,859.8,864.2,858.0,863.2,4067.0
2003-12-05,862.8,864.0,860.2,861.0,2532.0
2003-12-08,858.8,859.6,855.0,859.0,2453.0
2003-12-09,862.0,873.0,861.0,871.4,7586.0
2003-12-10,865.0,872.0,864.2,870.8,5265.0
2003-12-11,873.0,883.2,873.0,879.8,9137.0
2003-12-12,882.0,883.0,877.0,879.4,4738.0
2003-12-15,884.8,895.0,880.6,894.0,5804.0
2003-12-16,884.6,890.8,883.2,889.0,3405.0
2003-12-17,890.2,895.8,863.4,869.8,3967.0
2003-12-18,873.6,879.0,870.4,877.0,5428.0
2003-12-19,882.0,885.0,866.2,875.2,6859.0
2003-12-22,875.2,884.0,873.6,881.0,5042.0
2003-12-23,883.0,883.2,877.2,880.0,3303.0
2003-12-24,880.0,885.0,878.2,881.8,4071.0
2003-12-25,881.6,889.4,880.2,885.6,5396.0
2003-12-26,884.6,887.6,881.0,884.6,2950.0
2003-12-29,884.4,886.0,868.2,872.0,6420.0
2003-12-30,875.0,876.4,865.2,871.4,6027.0
2003-12-31,871.4,878.6,869.0,876.4,5427.0
2004-01-02,875.2,905.8,875.2,904.8,10847.0
2004-01-05,908.4,923.0,906.0,919.0,11946.0
2004-01-06,921.0,929.8,914.0,924.8,11511.0
2004-01-07,927.6,942.8,922.2,926.0,12769.0
2004-01-08,924.6,933.8,923.0,932.2,9693.0
2004-01-09,938.8,941.0,929.2,934.0,10058.0
2004-01-12,930.0,932.6,925.0,929.4,5591.0
2004-01-13,931.0,936.0,926.4,930.4,6373.0
2004-01-14,929.0,948.2,927.6,945.6,10063.0
2004-01-15,945.6,953.6,942.2,949.4,5982.0
2004-01-16,952.2,960.0,952.2,957.2,6398.0
2004-01-27,962.0,979.0,962.0,972.0,2620.0
2004-01-28,971.8,972.4,965.2,967.8,8613.0
2004-01-29,962.8,963.2,938.0,942.6,10803.0
2004-01-30,944.8,955.0,943.0,955.0,6545.0
2004-02-02,953.0,953.0,942.0,943.0,5259.0
2004-02-03,938.2,939.6,924.0,937.8,7115.0
2004-02-04,937.2,944.0,931.2,931.2,6667.0
2004-02-05,926.0,949.0,926.0,946.0,8422.0
2004-02-06,945.8,957.8,944.0,953.8,9281.0
2004-02-09,957.4,982.4,957.0,981.2,12052.0
2004-02-10,981.2,988.4,976.0,986.0,10874.0
2004-02-11,986.8,998.8,981.6,991.0,12736.0
2004-02-12,995.0,1031.6,980.4,993.0,23814.0
2004-02-13,989.0,1048.0,988.0,1047.0,23853.0
2004-02-16,1045.0,1059.8,1037.8,1055.0,14188.0
2004-02-17,1055.0,1064.6,1043.0,1064.0,7805.0
2004-02-18,1064.8,1072.8,1047.0,1051.2,5955.0
2004-02-19,1046.0,1061.0,1041.4,1060.8,18484.0
2004-02-20,1057.0,1063.8,1048.2,1053.6,11850.0
2004-02-23,1049.8,1061.8,1048.0,1061.4,11290.0
2004-02-24,1060.0,1072.0,1056.2,1058.4,17086.0
2004-02-25,1061.0,1063.0,1052.0,1063.0,9721.0
2004-02-26,1068.0,1077.0,1063.2,1068.6,15020.0
2004-02-27,1070.0,1083.0,1067.0,1082.2,14651.0
2004-03-01,1090.0,1139.0,1086.2,1135.0,23650.0
2004-03-02,1139.2,1147.4,1126.6,1141.8,20620.0
2004-03-03,1144.0,1144.8,1133.0,1137.0,12762.0
2004-03-04,1140.0,1154.0,1140.0,1153.0,16724.0
2004-03-05,1156.0,1162.2,1088.0,1096.0,26759.0
2004-03-08,1102.2,1113.0,1086.2,1093.6,18986.0
2004-03-09,1091.6,1123.8,1088.0,1123.8,15460.0
2004-03-10,1120.0,1127.0,1090.0,1096.8,19737.0
2004-03-11,1090.2,1105.0,1075.8,1096.0,17239.0
2004-03-12,1065.0,1087.0,1056.0,1078.0,11914.0
2004-03-15,1088.0,1093.0,1002.6,1002.6,20312.0
2004-03-16,962.0,1027.0,962.0,1010.8,16043.0
2004-03-17,1012.0,1023.8,1011.4,1012.0,6412.0
2004-03-18,1024.8,1051.2,1011.4,1050.0,20253.0
2004-03-19,1044.8,1051.8,1021.0,1030.0,14172.0
2004-03-22,958.0,958.0,958.0,958.0,1502.0
2004-03-23,909.0,977.0,904.2,949.6,25647.0
2004-03-24,956.0,969.0,942.0,959.0,10382.0
2004-03-25,961.8,962.8,948.0,954.8,9094.0
2004-03-26,961.0,962.0,931.6,935.8,8594.0
2004-03-29,965.0,995.8,955.0,992.2,13031.0
2004-03-30,985.0,1011.8,982.0,1003.6,14066.0
2004-03-31,1005.6,1021.8,1005.2,1017.0,14853.0
2004-04-01,1017.8,1019.0,998.0,1009.0,9182.0
2004-04-02,1013.4,1019.8,1009.0,1013.0,8160.0
2004-04-05,1019.2,1039.0,1010.4,1039.0,13260.0
2004-04-06,1042.8,1049.0,1030.2,1031.6,11621.0
2004-04-07,1034.6,1041.8,1030.6,1037.0,6884.0
2004-04-08,1033.8,1046.0,1033.8,1044.0,9902.0
2004-04-09,1039.0,1039.0,1023.0,1027.8,7156.0
2004-04-12,1031.0,1068.0,1031.0,1063.6,13324.0
2004-04-13,1063.8,1074.4,1062.0,1068.8,10714.0
2004-04-14,1060.6,1071.0,1059.2,1071.0,8757.0
2004-04-15,1072.2,1080.8,1031.2,1040.0,15061.0
2004-04-16,1040.2,1057.0,1040.0,1055.0,10508.0
2004-04-19,1058.0,1067.8,1046.0,1060.0,8203.0
2004-04-20,1063.6,1077.8,1063.6,1071.4,5323.0
2004-04-21,1068.8,1095.0,1068.8,1090.4,4461.0
2004-04-22,1085.0,1090.0,1045.0,1058.4,14724.0
2004-04-23,1070.0,1071.0,1048.0,1059.6,8234.0
2004-04-26,1058.8,1061.6,1050.0,1053.4,5575.0
2004-04-27,1055.4,1059.6,1047.4,1056.6,8773.0
2004-04-28,1057.6,1061.0,1046.8,1053.8,8632.0
2004-04-29,1048.0,1048.0,980.6,996.0,17023.0
2004-04-30,995.0,995.0,926.8,953.0,15851.0
2004-05-03,955.2,965.0,936.0,953.0,7629.0
2004-05-04,964.0,974.8,958.0,970.0,7392.0
2004-05-05,969.0,973.4,902.2,902.2,10801.0
2004-05-06,915.0,954.0,906.0,934.0,10892.0
2004-05-07,926.0,955.8,925.0,951.2,7577.0
2004-05-10,940.4,941.0,903.0,916.0,6381.0
2004-05-11,923.0,939.0,915.0,935.6,9551.0
2004-05-12,942.0,949.0,938.8,940.0,6038.0
2004-05-13,940.0,945.0,926.2,932.0,5889.0
2004-05-14,935.0,938.6,905.0,916.0,6231.0
2004-05-17,905.0,910.0,852.0,852.0,7712.0
2004-05-18,865.0,888.0,857.0,884.0,7400.0
2004-05-19,944.0,945.8,891.0,945.8,4886.0
2004-05-20,919.0,944.6,880.0,902.6,12602.0
2004-05-21,910.0,938.0,904.2,927.0,8460.0
2004-05-24,930.0,941.0,914.6,928.6,5904.0
2004-05-25,920.0,932.0,912.2,923.4,4902.0
2004-05-26,938.0,956.6,938.0,948.8,6370.0
2004-05-27,952.2,957.4,949.0,955.8,4005.0
2004-05-28,962.0,968.0,958.4,966.2,4370.0
2004-05-31,963.6,966.8,938.2,945.0,4370.0
2004-06-01,947.0,951.0,931.0,947.0,5001.0
2004-06-02,938.0,938.0,923.6,927.4,3307.0
2004-06-03,936.8,937.8,886.0,896.0,6703.0
2004-06-04,898.0,907.8,887.0,905.6,4498.0
2004-06-07,914.8,967.8,913.0,964.8,6837.0
2004-06-08,974.0,985.0,945.0,971.0,10255.0
2004-06-09,970.0,983.8,966.4,977.6,6250.0
2004-06-10,973.0,976.0,951.0,971.0,7963.0
2004-06-11,970.0,1000.0,946.0,955.0,9045.0
2004-06-14,953.8,962.0,913.6,913.6,7664.0
2004-06-15,913.6,946.0,902.2,945.4,7203.0
2004-06-16,954.8,965.0,917.0,926.4,3376.0
2004-06-17,899.6,927.8,892.0,918.0,10234.0
2004-06-18,910.6,914.0,892.0,902.2,6062.0
2004-06-21,918.0,927.0,900.2,918.0,5411.0
2004-06-23,923.0,971.0,916.0,961.0,14874.0
2004-06-24,964.8,967.8,954.0,962.6,6684.0
2004-06-25,958.2,968.4,955.0,960.6,5796.0
2004-06-28,959.6,961.2,917.2,924.0,8546.0
2004-06-29,918.0,923.4,902.0,922.6,5344.0
2004-06-30,927.4,940.8,925.6,932.0,6211.0
2004-07-01,938.0,940.0,929.4,934.0,4238.0
2004-07-02,906.4,924.0,905.2,924.0,3949.0
2004-07-05,915.6,919.4,903.0,914.2,3874.0
2004-07-06,917.6,927.8,908.0,927.8,4062.0
2004-07-07,912.8,932.2,910.0,929.0,5431.0
2004-07-08,925.0,937.0,913.0,923.0,3738.0
2004-07-09,927.0,938.0,918.4,936.0,4985.0
2004-07-12,941.0,944.4,932.2,936.8,3670.0
2004-07-13,936.0,941.4,934.2,937.0,3847.0
2004-07-14,935.0,938.6,924.6,927.6,4592.0
2004-07-15,928.2,930.4,909.0,922.0,4937.0
2004-07-16,918.0,928.0,915.0,915.2,4175.0
2004-07-19,913.2,924.8,908.2,917.8,4029.0
2004-07-20,913.0,918.0,877.0,884.6,4370.0
2004-07-21,896.0,900.0,876.0,883.6,2844.0
2004-07-22,847.8,856.0,841.2,853.0,5288.0
2004-07-23,850.4,858.0,845.8,847.4,3243.0
2004-07-26,840.4,845.0,833.2,843.0,3612.0
2004-07-27,841.0,869.8,835.2,862.8,6156.0
2004-07-28,869.0,869.0,856.0,862.0,3614.0
2004-07-29,862.0,862.0,846.6,853.2,3316.0
2004-07-30,857.0,872.0,857.0,865.0,3753.0
2004-08-02,860.0,860.0,851.0,855.6,2235.0
2004-08-03,859.6,859.6,849.2,850.0,2497.0
2004-08-04,844.0,849.8,835.0,838.6,3028.0
2004-08-05,840.0,856.8,823.4,850.6,6027.0
2004-08-06,838.4,858.8,838.4,848.8,4226.0
2004-08-09,843.8,853.8,837.0,852.6,2845.0
2004-08-10,853.6,863.6,847.2,857.0,4816.0
2004-08-11,862.0,863.0,845.4,849.0,3430.0
2004-08-12,850.0,855.6,847.6,854.2,2609.0
2004-08-13,851.0,866.0,847.6,862.2,4408.0
2004-08-16,858.0,864.2,856.2,860.4,3098.0
2004-08-17,863.8,868.0,861.4,863.0,3412.0
2004-08-18,861.2,875.0,854.0,873.0,3149.0
2004-08-19,872.0,892.0,870.2,886.0,5357.0
2004-08-20,888.0,911.8,885.4,902.8,4644.0
2004-08-23,909.0,910.0,901.2,904.0,2367.0
2004-08-26,923.8,941.6,917.0,937.2,4860.0
2004-08-27,939.8,946.0,931.0,943.8,3695.0
2004-08-30,944.0,947.0,938.0,944.0,2247.0
2004-08-31,938.0,952.0,928.0,936.0,5504.0
2004-09-01,941.2,958.6,940.6,958.4,5771.0
2004-09-02,958.6,966.4,954.6,955.0,5586.0
2004-09-03,959.0,963.4,946.0,947.0,6114.0
2004-09-06,949.2,956.2,942.0,954.0,4549.0
2004-09-07,954.0,977.6,952.2,977.0,7378.0
2004-09-08,977.6,984.0,971.0,976.2,5899.0
2004-09-09,977.0,983.4,967.0,981.2,4441.0
2004-09-10,979.8,982.6,973.6,977.6,4262.0
2004-09-13,981.0,997.6,981.0,996.4,5780.0
2004-09-14,994.6,1002.0,988.2,989.0,3972.0
2004-09-15,987.6,987.8,978.0,979.8,2153.0
2004-09-16,974.0,974.4,967.4,971.8,3946.0
2004-09-17,970.0,971.0,953.2,954.0,4346.0
2004-09-20,957.0,966.6,956.0,966.0,4006.0
2004-09-21,966.2,991.0,963.2,991.0,8118.0
2004-09-22,991.0,991.2,981.4,986.0,5604.0
2004-09-23,979.8,989.2,978.0,986.0,3636.0
2004-09-24,983.8,986.8,971.2,976.4,5640.0
2004-09-27,974.8,982.6,972.2,982.0,4502.0
2004-09-29,982.0,993.8,979.2,981.8,6055.0
2004-09-30,988.6,991.0,983.0,989.8,4802.0
2004-10-01,994.8,1005.8,991.0,1005.0,7259.0
2004-10-04,1016.8,1043.6,1015.0,1040.0,8331.0
2004-10-05,1040.0,1047.0,1035.6,1046.8,5493.0
2004-10-06,1041.8,1053.6,1031.0,1032.0,9075.0
2004-10-07,1039.8,1049.0,1037.0,1047.6,7755.0
2004-10-08,1045.0,1056.8,1041.0,1055.0,7235.0
2004-10-11,1050.2,1055.4,1045.2,1053.0,5256.0
2004-10-12,1050.2,1050.2,1024.2,1028.0,8698.0
2004-10-13,1031.0,1034.8,1026.0,1031.0,4500.0
2004-10-14,1026.0,1026.4,998.0,1001.6,7713.0
2004-10-15,992.0,1010.0,990.4,1006.4,5496.0
2004-10-18,1008.4,1014.0,993.2,1001.0,4564.0
2004-10-19,1006.8,1008.8,995.8,1003.2,4979.0
2004-10-20,996.8,1010.6,996.6,1008.0,3627.0
2004-10-21,1010.0,1029.8,1007.0,1013.0,12252.0
2004-10-22,1017.0,1018.6,1010.2,1017.2,5731.0
2004-10-26,1010.4,1012.0,998.4,1003.2,7122.0
2004-10-27,1009.2,1009.8,991.0,1002.6,8704.0
2004-10-28,1017.8,1018.0,1007.2,1012.0,6240.0
2004-10-29,1005.0,1017.8,1005.0,1013.0,6831.0
2004-11-01,1014.4,1017.8,1004.2,1006.0,6790.0
2004-11-02,1008.0,1021.2,1000.0,1020.8,8137.0
2004-11-03,1018.6,1033.0,1014.4,1027.0,8590.0
2004-11-04,1028.0,1034.6,1025.2,1030.2,6177.0
2004-11-05,1041.8,1056.2,1041.8,1055.0,9626.0
2004-11-08,1056.8,1060.6,1051.2,1054.2,6047.0
2004-11-09,1055.4,1056.8,1043.4,1053.0,6476.0
2004-11-10,1052.8,1057.8,1039.6,1049.2,9105.0
2004-11-11,1046.0,1047.4,1036.8,1036.8,6027.0
2004-11-12,1045.0,1060.0,1041.0,1054.2,8805.0
2004-11-15,1057.6,1062.8,1046.2,1050.0,7856.0
2004-11-16,1055.0,1055.0,1043.8,1049.0,4559.0
2004-11-17,1045.8,1059.2,1045.8,1058.4,4500.0
2004-11-18,1063.0,1065.0,1056.2,1060.6,7303.0
2004-11-19,1063.0,1067.8,1049.0,1053.0,11818.0
2004-11-22,1043.0,1043.0,1010.0,1010.6,11911.0
2004-11-23,1011.0,1019.2,1007.0,1015.0,5818.0
2004-11-24,1014.0,1024.0,1012.4,1022.0,5909.0
2004-11-25,1023.0,1023.2,1010.0,1014.0,5510.0
2004-11-26,1017.0,1024.8,980.2,980.2,10517.0
2004-11-29,983.0,992.0,978.2,991.6,5653.0
2004-11-30,985.4,1005.2,973.8,999.2,9843.0
2004-12-01,979.0,996.2,976.0,991.0,5075.0
2004-12-02,1002.8,1007.2,1000.0,1006.2,4840.0
2004-12-03,1008.8,1012.6,1004.2,1012.6,4316.0
2004-12-06,1006.4,1020.6,1005.0,1016.6,4941.0
2004-12-07,1017.2,1017.8,1013.6,1015.8,1887.0
2004-12-08,1012.2,1017.6,1012.2,1015.4,2433.0
2004-12-09,1016.0,1021.6,1014.8,1018.0,4213.0
2004-12-10,1019.2,1019.6,1006.6,1011.4,3428.0
2004-12-13,1000.2,1020.0,985.0,1000.0,7573.0
2004-12-14,1007.2,1007.2,998.0,1004.4,4390.0
2004-12-15,1007.0,1013.8,1001.8,1013.2,3351.0
2004-12-16,1006.0,1016.0,1002.0,1013.0,5997.0
2004-12-17,1013.0,1019.6,1012.0,1014.0,3988.0
2004-12-20,1002.0,1008.6,997.0,1006.0,3838.0
2004-12-21,1008.0,1012.0,1005.0,1011.8,2437.0
2004-12-22,1015.4,1021.4,1014.2,1018.0,4920.0
2004-12-23,1020.8,1020.8,1008.0,1016.0,4056.0
2004-12-24,1013.4,1019.6,1013.0,1016.2,2550.0
2004-12-27,1018.0,1021.0,1011.0,1014.2,2107.0
2004-12-28,1013.6,1017.4,1013.6,1014.2,1298.0
2004-12-29,1020.0,1032.6,1019.8,1030.0,5769.0
2004-12-30,1030.0,1032.4,1027.8,1028.2,2678.0
2004-12-31,1033.2,1047.8,1030.8,1046.0,6264.0
2005-01-03,1049.4,1049.4,1041.0,1045.8,3222.0
2005-01-04,1043.8,1046.0,1034.4,1035.4,4787.0
2005-01-05,1027.0,1029.6,1025.0,1026.8,3323.0
2005-01-06,1026.0,1034.6,1025.6,1034.6,1908.0
2005-01-07,1033.0,1035.2,1023.0,1026.0,4185.0
2005-01-10,1030.0,1031.0,1025.4,1028.0,1764.0
2005-01-11,1030.0,1035.0,1026.2,1030.4,2689.0
2005-01-12,1027.4,1027.4,1007.0,1009.4,4328.0
2005-01-13,1012.4,1014.8,1002.0,1008.4,3646.0
2005-01-14,1005.0,1017.6,997.0,1014.2,4000.0
2005-01-17,1018.6,1027.0,1018.0,1020.4,3438.0
2005-01-18,1019.2,1024.4,1018.6,1021.6,2813.0
2005-01-19,1024.8,1025.0,1011.0,1013.0,2500.0
2005-01-20,1006.0,1012.2,1002.6,1003.6,4324.0
2005-01-21,1002.0,1006.4,998.8,1003.8,2559.0
2005-01-24,1003.0,1004.8,987.2,990.6,3326.0
2005-01-25,990.6,994.6,978.4,988.0,3870.0
2005-01-26,990.8,992.8,985.0,988.8,2828.0
2005-01-27,989.8,990.8,981.2,989.0,2762.0
2005-01-28,985.2,996.4,983.0,995.2,4748.0
2005-01-31,996.8,1012.0,993.0,1009.2,5691.0
2005-02-01,1010.0,1010.0,1005.2,1007.0,3041.0
2005-02-02,1008.2,1022.8,1007.2,1016.2,6361.0
2005-02-03,1019.2,1024.8,1018.6,1019.8,4199.0
2005-02-14,1030.0,1034.6,1026.2,1028.0,4168.0
2005-02-15,1027.2,1032.0,1025.6,1026.2,2645.0
2005-02-16,1027.0,1029.4,1014.0,1016.0,3151.0
2005-02-17,1017.8,1021.4,1009.2,1011.4,4775.0
2005-02-18,1010.0,1014.0,1009.0,1012.8,2864.0
2005-02-21,1014.0,1022.8,1011.0,1017.0,4808.0
2005-02-22,1018.4,1021.0,1012.0,1013.0,2828.0
2005-02-23,1010.0,1012.0,1001.6,1009.0,4299.0
2005-02-24,1009.4,1015.2,1005.2,1009.2,3211.0
2005-02-25,1014.8,1026.0,1013.6,1024.6,6400.0
2005-03-01,1026.8,1032.0,1023.4,1031.6,4787.0
2005-03-02,1032.6,1033.4,1021.8,1023.2,3315.0
2005-03-03,1023.0,1024.8,1014.8,1020.4,3985.0
2005-03-04,1021.8,1023.0,1017.0,1018.6,2400.0
2005-03-07,1023.6,1029.0,1022.0,1024.0,3517.0
2005-03-08,1024.0,1024.0,1006.0,1008.2,4843.0
2005-03-09,1008.2,1016.2,1008.0,1013.0,2697.0
2005-03-10,1011.8,1012.0,1003.4,1007.6,3081.0
2005-03-11,1011.0,1017.0,1009.2,1011.6,3551.0
2005-03-14,1005.2,1010.6,1002.2,1002.6,3291.0
2005-03-15,1002.6,1006.0,994.0,995.8,3593.0
2005-03-16,993.2,1000.0,991.2,992.0,2627.0
2005-03-17,990.0,992.8,984.6,990.8,4868.0
2005-03-18,992.2,994.4,986.8,988.6,2816.0
2005-03-21,990.0,993.4,986.2,990.8,2222.0
2005-03-22,990.0,990.0,978.4,982.0,3539.0
2005-03-23,979.0,979.0,972.2,976.8,3925.0
2005-03-24,976.8,978.0,972.6,974.0,2941.0
2005-03-25,975.0,978.6,972.4,977.4,3098.0
2005-03-28,980.2,980.6,972.6,973.8,2216.0
2005-03-29,970.0,970.6,956.4,958.8,4554.0
2005-03-30,957.0,963.4,956.8,963.4,3168.0
2005-03-31,968.0,971.0,964.2,967.6,3112.0
2005-04-01,965.2,967.0,957.2,966.0,3874.0
2005-04-04,962.2,964.2,957.2,958.4,3359.0
2005-04-06,958.6,968.0,956.2,962.2,5012.0
2005-04-07,963.8,965.8,953.4,956.0,4327.0
2005-04-08,958.0,961.6,957.4,957.4,2614.0
2005-04-11,955.4,957.0,948.8,953.0,3055.0
2005-04-12,953.0,956.2,949.6,955.2,2385.0
2005-04-13,957.0,957.8,953.8,956.0,1681.0
2005-04-14,948.8,953.0,946.2,947.4,2886.0
2005-04-15,940.0,941.0,920.6,925.0,5626.0
2005-04-18,885.0,909.0,885.0,886.4,7525.0
2005-04-19,893.0,908.8,893.0,905.0,6931.0
2005-04-20,910.2,914.0,902.0,905.0,3180.0
2005-04-21,898.2,917.6,887.4,915.0,9462.0
2005-04-22,923.6,924.8,917.2,918.2,5864.0
2005-04-25,918.2,922.4,915.2,919.0,2854.0
2005-04-26,921.0,923.6,911.0,916.4,5003.0
2005-04-27,912.0,915.0,907.0,908.6,3100.0
2005-04-28,907.0,915.4,907.0,913.6,3608.0
2005-04-29,910.0,917.8,910.0,917.0,2307.0
2005-05-03,920.2,928.0,918.4,924.0,5020.0
2005-05-04,926.4,928.6,920.6,924.2,2954.0
2005-05-05,929.6,938.0,927.2,931.8,5562.0
2005-05-06,931.8,934.6,927.8,934.0,2974.0
2005-05-09,932.0,936.0,930.2,934.0,2101.0
2005-05-10,934.2,940.8,932.8,936.6,3156.0
2005-05-11,932.0,934.4,930.0,932.0,2253.0
2005-05-12,933.0,936.0,930.2,936.0,1902.0
2005-05-13,934.0,951.0,933.6,949.4,4610.0
2005-05-16,950.6,951.0,941.2,941.8,3944.0
2005-05-17,945.0,945.0,934.0,935.0,3090.0
2005-05-18,938.0,945.0,878.0,878.0,2312.0
2005-05-19,945.2,950.0,940.4,944.2,4084.0
2005-05-20,947.0,947.8,928.8,929.2,4684.0
2005-05-23,929.8,930.8,917.2,921.0,3155.0
2005-05-24,921.2,923.0,916.6,919.4,2098.0
2005-05-25,919.4,928.4,914.2,918.8,3535.0
2005-05-26,920.8,931.0,920.0,929.4,3858.0
2005-05-27,934.0,937.8,929.8,937.0,2960.0
2005-05-30,937.0,941.2,935.0,940.0,1841.0
2005-05-31,937.4,941.4,934.6,937.0,2336.0
2005-06-01,935.0,937.8,919.4,924.2,3905.0
2005-06-02,927.0,934.6,926.2,930.0,2533.0
2005-06-03,930.8,936.8,926.8,935.2,2951.0
2005-06-06,935.0,944.0,931.6,944.0,2544.0
2005-06-07,944.0,947.0,940.0,943.0,2535.0
2005-06-08,944.0,948.4,941.0,948.0,2721.0
2005-06-09,948.0,962.0,947.0,954.0,4144.0
2005-06-10,956.0,964.6,954.6,961.4,3264.0
2005-06-13,961.4,968.4,958.8,967.4,3666.0
2005-06-14,966.0,970.4,958.4,961.6,3500.0
2005-06-15,961.6,964.8,959.6,964.6,1669.0
2005-06-16,951.0,953.0,946.8,950.4,2212.0
2005-06-17,951.0,960.0,950.0,953.4,3145.0
2005-06-20,955.0,955.6,947.0,947.4,1634.0
2005-06-21,947.0,948.0,941.6,944.6,1879.0
2005-06-22,946.0,962.8,945.0,962.0,4576.0
2005-06-23,961.8,975.0,961.2,975.0,4473.0
2005-06-24,970.4,976.8,968.0,971.0,4115.0
2005-06-27,966.0,969.8,961.4,965.2,2561.0
2005-06-28,965.8,973.4,965.4,973.0,2291.0
2005-06-29,978.2,982.4,956.0,961.4,4951.0
2005-06-30,962.2,965.6,958.2,961.0,2122.0
2005-07-01,961.2,963.6,949.0,960.0,3006.0
2005-07-04,960.0,963.0,950.4,951.0,1787.0
2005-07-05,950.8,954.0,939.2,939.6,2802.0
2005-07-06,941.0,947.0,936.8,944.6,2504.0
2005-07-07,941.2,948.0,937.4,945.4,2383.0
2005-07-08,945.4,951.2,943.8,946.0,2486.0
2005-07-11,952.0,956.0,950.0,955.8,2305.0
2005-07-12,957.0,961.8,956.0,960.8,2581.0
2005-07-13,962.8,965.6,959.0,964.0,2570.0
2005-07-14,965.8,971.4,963.4,967.4,1900.0
2005-07-15,969.4,982.8,967.6,978.8,4077.0
2005-07-19,978.0,986.0,978.0,983.0,4533.0
2005-07-20,985.6,994.0,981.2,987.0,2546.0
2005-07-21,985.8,988.2,963.6,968.2,6834.0
2005-07-22,970.0,979.8,966.6,976.4,3427.0
2005-07-25,990.0,1004.6,989.0,1004.0,5677.0
2005-07-26,1002.8,1004.0,983.8,984.2,6186.0
2005-07-27,986.0,988.8,978.6,986.2,3249.0
2005-07-28,986.0,990.2,980.4,987.0,2577.0
2005-07-29,987.0,995.0,979.0,979.0,4163.0
2005-08-01,980.4,981.4,976.0,979.0,1505.0
2005-08-02,979.0,986.2,976.6,985.0,2503.0
2005-08-03,987.8,994.8,985.2,993.2,3613.0
2005-08-04,995.0,998.0,985.0,990.0,2974.0
2005-08-08,981.0,983.8,973.8,975.8,2765.0
2005-08-09,974.0,976.8,972.2,976.8,1509.0
2005-08-10,977.8,979.8,966.2,966.2,2278.0
2005-08-11,968.8,974.6,966.0,974.0,1984.0
2005-08-12,975.2,982.0,975.0,975.6,3190.0
2005-08-15,976.0,977.0,964.2,964.6,3593.0
2005-08-16,964.6,967.0,959.0,964.6,2711.0
2005-08-17,954.0,960.6,953.0,953.0,2138.0
2005-08-18,957.6,959.4,948.0,956.0,4102.0
2005-08-19,954.8,957.0,947.4,952.6,2724.0
2005-08-22,955.2,956.0,950.6,955.6,1129.0
2005-08-23,955.0,956.0,951.2,952.8,813.0
2005-08-24,951.4,951.4,943.2,945.4,1901.0
2005-08-25,941.0,944.8,938.8,941.0,1493.0
2005-08-26,943.0,948.6,941.4,946.6,1291.0
2005-08-29,943.2,944.0,929.2,929.4,1969.0
2005-08-30,934.6,935.8,929.4,935.0,1165.0
2005-08-31,932.0,935.0,925.4,932.8,1622.0
2005-09-02,935.0,942.8,935.0,940.0,1609.0
2005-09-05,940.0,940.0,934.0,936.0,766.0
2005-09-06,938.0,941.6,938.0,941.4,909.0
2005-09-07,944.8,945.4,938.0,941.2,1789.0
2005-09-08,941.2,941.2,932.0,935.0,1928.0
2005-09-09,935.0,935.0,922.2,927.8,1912.0
2005-09-12,928.0,933.0,919.2,927.6,2461.0
2005-09-13,927.6,934.6,924.6,930.4,2496.0
2005-09-14,929.0,932.6,928.2,932.0,1518.0
2005-09-15,931.0,931.2,925.0,925.0,1619.0
2005-09-16,928.8,929.8,921.4,923.0,2117.0
2005-09-19,925.2,925.8,912.0,912.0,2403.0
2005-09-20,910.6,921.0,908.0,918.4,3720.0
2005-09-21,916.4,918.8,907.2,907.2,2131.0
2005-09-22,901.0,902.2,888.8,890.0,3222.0
2005-09-23,890.0,897.0,882.0,891.4,2758.0
2005-09-26,894.4,897.4,886.8,890.4,2232.0
2005-09-27,889.0,889.0,878.4,882.4,2193.0
2005-09-28,885.0,892.0,880.2,887.4,2206.0
2005-09-29,886.2,902.2,886.0,902.2,2952.0
2005-09-30,905.0,914.0,904.0,912.0,3563.0
2005-10-03,912.0,913.0,906.0,911.0,1849.0
2005-10-04,909.6,912.0,902.8,907.4,2468.0
2005-10-05,904.4,910.4,898.8,898.8,2135.0
2005-10-06,889.8,892.8,884.8,888.6,3286.0
2005-10-07,887.0,887.8,879.4,884.0,2539.0
2005-10-11,881.6,894.2,881.2,894.0,3099.0
2005-10-12,893.0,896.8,890.0,891.2,2743.0
2005-10-13,890.0,897.0,884.6,896.0,3078.0
2005-10-14,897.0,907.8,894.0,904.4,3530.0
2005-10-17,906.0,906.0,886.2,887.0,4787.0
2005-10-18,888.0,890.8,882.4,884.6,2647.0
2005-10-19,877.0,878.0,855.0,856.0,2421.0
2005-10-20,863.8,865.0,846.0,863.0,3861.0
2005-10-21,857.0,865.0,853.2,860.4,2106.0
2005-10-24,861.4,862.0,849.0,851.0,2563.0
2005-10-25,860.0,865.0,856.0,856.0,2324.0
2005-10-26,857.2,868.6,857.2,865.4,3142.0
2005-10-27,865.0,865.0,860.2,860.4,1508.0
2005-10-28,857.8,860.2,848.0,850.0,1964.0
2005-10-31,854.8,864.0,851.6,863.0,2369.0
2005-11-01,863.0,868.4,857.0,864.2,2427.0
2005-11-02,864.2,868.4,860.6,868.0,1628.0
2005-11-03,869.8,870.0,862.0,863.6,1438.0
2005-11-04,865.0,872.0,864.2,868.0,1843.0
2005-11-07,868.2,869.8,855.4,857.0,2017.0
2005-11-08,859.8,867.0,857.2,865.0,2033.0
2005-11-09,866.0,886.4,864.0,886.4,3665.0
2005-11-10,885.6,892.4,882.2,889.4,2639.0
2005-11-11,894.0,904.0,892.6,903.6,2823.0
2005-11-14,903.6,904.4,900.0,902.0,2247.0
2005-11-15,899.0,901.0,886.0,888.2,2138.0
2005-11-16,887.0,895.6,881.0,884.2,1260.0
2005-11-17,888.8,889.6,877.8,879.0,1680.0
2005-11-18,885.0,893.0,885.0,892.4,1854.0
2005-11-21,895.0,895.6,881.6,888.2,1663.0
2005-11-22,883.2,885.0,878.8,883.4,1328.0
2005-11-23,885.6,890.0,882.6,890.0,1685.0
2005-11-24,889.0,889.0,875.4,876.8,2093.0
2005-11-25,876.0,885.0,875.8,877.8,2153.0
2005-11-28,879.8,895.4,878.0,895.2,4337.0
2005-11-29,892.4,896.4,885.2,886.8,2184.0
2005-11-30,888.0,889.0,882.4,885.8,1799.0
2005-12-01,885.8,887.8,878.0,886.2,1662.0
2005-12-02,891.8,896.0,888.6,894.6,2791.0
2005-12-05,896.0,908.0,891.4,908.0,3086.0
2005-12-06,909.0,922.4,905.0,922.0,3551.0
2005-12-07,920.0,921.6,903.0,904.6,4713.0
2005-12-08,903.0,903.0,866.0,871.2,7288.0
2005-12-09,878.8,890.0,875.8,880.8,4235.0
2005-12-12,881.8,886.8,877.0,885.2,1622.0
2005-12-13,885.0,888.6,880.4,884.0,1494.0
2005-12-14,888.0,892.0,877.8,878.0,1907.0
2005-12-15,874.8,883.0,872.4,879.0,841.0
2005-12-16,879.0,895.0,879.0,892.2,2540.0
2005-12-19,892.2,901.8,889.0,898.2,2742.0
2005-12-20,897.2,901.4,893.6,896.0,1937.0
2005-12-21,897.4,901.0,892.4,898.8,1929.0
2005-12-22,900.8,900.8,889.8,892.0,1827.0
2005-12-23,890.4,901.0,889.4,898.4,1928.0
2005-12-26,901.2,915.0,901.2,902.6,2801.0
2005-12-27,901.4,901.4,891.4,896.2,1701.0
2005-12-28,889.6,898.8,888.0,897.4,1103.0
2005-12-29,897.4,908.0,897.4,901.8,2860.0
2005-12-30,898.2,900.0,893.0,894.0,1756.0
2006-01-02,884.6,886.8,875.8,876.0,1763.0
2006-01-03,878.0,891.8,872.2,891.0,2408.0
2006-01-04,895.0,896.8,885.0,893.8,2293.0
2006-01-05,897.0,911.6,895.2,908.6,4822.0
2006-01-06,910.8,917.0,905.2,912.8,2758.0
2006-01-09,913.0,917.0,908.0,911.6,2547.0
2006-01-10,912.0,914.0,906.8,913.0,2616.0
2006-01-11,913.2,923.4,910.2,922.4,4661.0
2006-01-12,925.0,933.0,923.2,923.6,3381.0
2006-01-13,925.0,927.6,915.0,918.0,2673.0
2006-01-16,918.6,918.6,909.2,911.6,2504.0
2006-01-17,909.4,913.6,903.0,903.2,2145.0
2006-01-18,895.0,898.2,880.2,881.6,2644.0
2006-01-19,889.0,889.0,873.0,884.2,3778.0
2006-01-20,887.2,888.0,878.0,879.0,2685.0
2006-01-23,870.0,878.8,868.0,874.8,1470.0
2006-01-24,878.0,882.6,875.0,877.4,1996.0
2006-01-25,879.8,888.0,878.4,888.0,1809.0
2006-02-03,887.0,919.6,886.0,917.0,4758.0
2006-02-06,914.0,932.2,910.6,932.0,4410.0
2006-02-07,932.0,933.6,926.0,930.0,3448.0
2006-02-08,928.0,930.8,919.8,921.4,3594.0
2006-02-09,926.0,928.0,909.8,913.0,2546.0
2006-02-10,918.8,931.0,916.2,925.4,3883.0
2006-02-13,927.0,939.8,924.2,927.2,3779.0
2006-02-14,929.0,934.0,919.4,932.4,2776.0
2006-02-15,935.0,935.0,923.0,927.0,1563.0
2006-02-16,928.0,938.0,927.4,935.0,2861.0
2006-02-17,936.0,939.8,930.0,937.6,1999.0
2006-02-20,937.0,945.0,933.2,942.2,2864.0
2006-02-21,944.4,945.6,935.0,935.0,2404.0
2006-02-22,932.0,938.0,922.0,925.0,2697.0
2006-02-23,927.0,932.8,919.8,926.4,2858.0
2006-02-24,924.0,929.8,923.6,927.0,1393.0
2006-02-27,927.0,930.2,920.8,927.0,1770.0
2006-03-01,926.8,931.6,922.0,923.8,2571.0
2006-03-02,926.0,929.0,919.0,925.6,1649.0
2006-03-03,922.2,924.8,907.4,911.0,2129.0
2006-03-06,905.0,912.4,902.8,910.0,2027.0
2006-03-07,906.0,906.4,888.6,890.4,2327.0
2006-03-08,887.2,896.6,883.4,888.8,2095.0
2006-03-09,889.8,895.4,889.4,893.2,1328.0
2006-03-10,890.2,893.0,877.0,879.8,2247.0
2006-03-13,881.0,884.0,873.8,884.0,1760.0
2006-03-14,879.0,880.2,860.2,862.6,4732.0
2006-03-15,872.0,872.6,865.0,868.0,2428.0
2006-03-16,865.0,870.0,859.0,859.0,1884.0
2006-03-17,859.0,870.0,859.0,870.0,2299.0
2006-03-20,871.0,874.6,861.0,865.4,2183.0
2006-03-21,866.0,872.0,862.0,867.2,2199.0
2006-03-22,865.0,865.0,853.2,857.2,2551.0
2006-03-23,858.0,861.8,853.4,861.0,1994.0
2006-03-24,859.8,869.8,859.8,868.8,2391.0
2006-03-27,869.0,870.8,866.2,866.8,1485.0
2006-03-28,866.0,867.0,860.0,863.0,2230.0
2006-03-29,859.8,862.0,856.8,861.2,1686.0
2006-03-30,866.0,871.8,860.0,868.6,3597.0
2006-03-31,868.6,876.8,868.2,874.0,2163.0
2006-04-03,874.0,876.0,869.0,873.0,1472.0
2006-04-04,871.0,884.8,870.2,879.2,2546.0
2006-04-06,882.2,890.0,880.0,889.8,1502.0
2006-04-07,888.2,896.4,886.0,891.2,1410.0
2006-04-10,888.2,903.0,883.4,895.0,2071.0
2006-04-11,892.6,893.4,885.6,888.2,1185.0
2006-04-12,882.2,892.8,877.4,892.8,2105.0
2006-04-13,895.0,912.0,892.0,912.0,2693.0
2006-04-14,913.8,923.0,913.8,921.4,2562.0
2006-04-17,915.4,934.6,915.2,928.8,3431.0
2006-04-18,928.8,934.0,919.6,926.4,3142.0
2006-04-19,940.0,940.0,926.0,926.0,1852.0
2006-04-20,932.0,941.0,928.2,936.0,2971.0
2006-04-21,940.0,944.0,928.0,928.2,2355.0
2006-04-24,925.0,947.8,920.4,938.8,4175.0
2006-04-25,938.8,958.6,938.8,947.0,3938.0
2006-04-26,947.0,982.0,941.8,980.0,3778.0
2006-04-27,980.4,1014.6,977.0,1001.0,7372.0
2006-04-28,997.0,1005.0,990.2,1000.2,4925.0
2006-05-02,1003.8,1014.0,993.2,1005.8,4239.0
2006-05-03,1010.0,1018.2,1002.6,1007.0,3681.0
2006-05-04,1007.0,1043.0,999.0,1042.0,8739.0
2006-05-05,1045.8,1068.8,1043.0,1050.0,9117.0
2006-05-08,1056.6,1073.6,1056.2,1073.0,5161.0
2006-05-09,1068.0,1070.6,1042.6,1046.0,8240.0
2006-05-10,1056.0,1063.0,1018.8,1028.0,10162.0
2006-05-11,1022.0,1037.8,1014.2,1035.0,6304.0
2006-05-12,1020.0,1037.0,1020.0,1029.2,4574.0
2006-05-15,1020.0,1024.4,992.0,993.0,5418.0
2006-05-16,995.0,1000.0,971.0,973.4,7557.0
2006-05-17,979.0,994.0,974.2,991.8,2397.0
2006-05-18,976.0,979.2,964.0,979.2,4417.0
2006-05-19,975.6,993.6,969.0,993.6,4857.0
2006-05-22,993.6,997.8,957.2,959.0,5551.0
2006-05-23,960.0,973.6,951.0,959.0,4557.0
2006-05-24,963.0,981.0,956.0,977.2,5767.0
2006-05-25,975.0,984.8,973.0,982.0,4156.0
2006-05-26,992.8,998.0,980.0,982.0,4103.0
2006-05-29,987.0,988.0,972.0,983.0,3452.0
2006-05-30,981.0,984.0,956.0,956.0,5212.0
2006-06-01,956.0,965.8,953.0,964.4,2776.0
2006-06-02,975.0,993.0,961.6,991.0,5965.0
2006-06-05,989.0,991.8,950.2,953.2,4701.0
2006-06-06,946.4,963.8,946.4,962.8,3620.0
2006-06-07,958.0,959.8,946.6,947.0,3045.0
2006-06-08,941.2,942.4,905.2,907.0,5050.0
2006-06-09,914.2,928.0,901.0,924.0,3497.0
2006-06-12,920.0,934.2,908.0,928.8,3369.0
2006-06-13,913.2,927.8,910.0,910.0,3048.0
2006-06-14,911.8,949.8,911.8,947.0,4161.0
2006-06-15,950.0,952.6,936.4,944.6,3087.0
2006-06-16,959.0,981.2,959.0,978.8,3663.0
2006-06-19,974.8,987.6,974.4,982.2,3560.0
2006-06-20,980.0,981.0,948.0,960.0,3841.0
2006-06-21,955.0,955.0,935.2,944.0,3071.0
2006-06-22,946.0,956.6,942.0,950.0,3280.0
2006-06-23,943.0,944.0,924.0,939.6,3329.0
2006-06-26,945.0,948.6,931.4,942.6,2647.0
2006-06-27,943.4,955.8,936.6,947.0,3226.0
2006-06-28,935.2,940.0,928.2,937.0,2234.0
2006-06-29,942.0,955.0,942.0,953.8,3001.0
2006-06-30,970.0,974.0,958.8,961.0,2776.0
2006-07-03,963.0,966.8,960.0,962.6,1793.0
2006-07-04,966.0,970.0,954.0,957.2,3192.0
2006-07-05,954.8,967.6,949.0,950.0,3695.0
2006-07-06,948.2,953.4,938.0,944.6,2912.0
2006-07-07,946.0,947.0,942.0,944.8,1448.0
2006-07-10,939.0,958.0,932.6,957.0,2953.0
2006-07-11,953.0,956.0,947.2,951.0,1679.0
2006-07-12,952.0,969.6,948.0,955.0,4067.0
2006-07-13,950.0,960.0,948.0,956.2,2192.0
2006-07-14,948.8,948.8,930.0,931.0,2846.0
2006-07-17,926.4,932.0,915.0,923.8,2886.0
2006-07-18,923.8,927.6,920.0,922.0,2274.0
2006-07-19,918.4,926.0,913.0,913.0,1696.0
2006-07-20,915.0,922.6,912.8,918.0,2203.0
2006-07-21,906.2,920.6,898.8,918.0,3254.0
2006-07-24,910.0,919.8,902.0,916.0,1946.0
2006-07-25,929.0,931.0,921.4,924.2,1660.0
2006-07-26,925.2,926.0,917.0,921.0,1158.0
2006-07-27,919.8,927.0,919.8,926.0,1743.0
2006-07-28,922.8,933.8,922.8,924.0,1933.0
2006-07-31,930.0,931.6,914.2,920.0,1925.0
2006-08-01,923.0,924.8,916.8,921.0,857.0
2006-08-02,917.0,929.0,917.0,926.0,1758.0
2006-08-03,927.0,928.8,917.2,917.2,1205.0
2006-08-04,920.2,922.8,911.6,914.6,1437.0
2006-08-07,911.0,916.0,907.8,909.0,1079.0
2006-08-08,911.2,925.0,911.2,924.6,1606.0
2006-08-09,922.0,923.8,911.2,923.8,2021.0
2006-08-10,920.0,925.2,911.8,915.6,1469.0
2006-08-11,916.6,921.0,913.2,918.8,1161.0
2006-08-14,920.0,929.4,917.4,924.0,1913.0
2006-08-15,926.6,926.6,912.6,915.0,1946.0
2006-08-16,920.0,923.2,913.4,921.8,1241.0
2006-08-17,926.0,930.2,918.2,918.8,3177.0
2006-08-18,919.4,926.0,916.0,916.2,2097.0
2006-08-21,918.0,918.4,890.6,891.0,2553.0
2006-08-22,894.0,897.0,890.0,896.8,1617.0
2006-08-23,895.0,895.0,872.2,889.0,2595.0
2006-08-24,883.4,892.0,881.4,886.0,1291.0
2006-08-25,889.4,899.0,886.2,889.2,1699.0
2006-08-28,890.2,892.0,879.0,880.8,1292.0
2006-08-29,884.8,884.8,872.0,875.2,1613.0
2006-08-30,874.4,886.4,874.0,884.4,1895.0
2006-08-31,884.4,899.8,884.4,891.0,3287.0
2006-09-01,895.0,896.0,892.2,895.0,986.0
2006-09-04,899.0,904.6,898.0,901.8,1651.0
2006-09-05,901.0,909.4,900.2,907.2,1903.0
2006-09-06,909.0,909.0,891.0,895.2,1814.0
2006-09-07,892.0,893.0,884.8,888.6,1684.0
2006-09-08,888.0,896.8,883.4,895.0,1044.0
2006-09-11,894.6,909.0,886.4,890.2,1963.0
2006-09-12,890.2,894.0,886.4,890.0,995.0
2006-09-13,895.0,897.0,887.2,889.0,1313.0
2006-09-14,888.0,896.2,880.6,890.0,2235.0
2006-09-15,889.0,911.6,886.4,910.0,3172.0
2006-09-18,924.8,939.8,915.4,933.0,2882.0
2006-09-19,936.2,937.4,929.2,932.8,2781.0
2006-09-20,928.8,929.6,920.2,926.0,1728.0
2006-09-21,931.6,932.2,916.0,926.4,2154.0
2006-09-22,923.4,931.4,921.8,929.0,1434.0
2006-09-25,927.8,941.0,927.2,941.0,2244.0
2006-09-26,943.0,948.6,938.4,945.6,2593.0
2006-09-27,953.0,958.6,951.0,954.0,2155.0
2006-09-28,955.2,960.0,941.0,951.0,3563.0
2006-09-29,951.6,960.8,945.0,955.8,2919.0
2006-10-02,963.8,993.6,962.6,983.8,4182.0
2006-10-03,983.4,983.4,969.8,971.0,2732.0
2006-10-04,974.8,976.0,955.0,956.8,2758.0
2006-10-05,963.2,972.0,960.4,969.4,2369.0
2006-10-11,969.0,980.2,968.2,976.0,1470.0
2006-10-12,975.2,977.8,964.2,969.8,1333.0
2006-10-13,988.0,989.8,971.0,977.0,1567.0
2006-10-14,978.0,986.8,974.6,983.0,2014.0
2006-10-16,983.8,990.8,980.6,987.0,2600.0
2006-10-17,981.0,982.0,971.0,972.0,2984.0
2006-10-18,972.0,972.0,956.0,959.0,1684.0
2006-10-19,955.2,964.6,951.2,955.6,2725.0
2006-10-20,958.0,959.2,952.0,953.0,1451.0
2006-10-23,954.8,959.4,949.2,957.2,1446.0
2006-10-24,961.2,966.2,959.8,964.6,1996.0
2006-10-25,964.0,966.4,959.8,960.2,1224.0
2006-10-26,962.0,967.0,959.6,963.6,1602.0
2006-10-27,964.0,965.6,960.8,962.0,759.0
2006-10-30,959.0,960.0,946.0,947.0,1527.0
2006-10-31,945.4,952.6,944.0,952.4,1141.0
2006-11-01,952.2,952.2,946.0,946.0,877.0
2006-11-02,942.2,951.8,940.2,948.6,1469.0
2006-11-03,948.0,960.6,946.4,958.0,1877.0
2006-11-06,946.2,958.2,946.0,953.8,1093.0
2006-11-07,958.8,967.4,957.2,966.4,1718.0
2006-11-08,966.0,968.8,961.4,961.4,943.0
2006-11-09,964.2,987.6,964.2,979.4,4242.0
2006-11-10,980.4,987.0,975.0,980.6,2833.0
2006-11-13,978.0,979.6,968.8,971.0,1958.0
2006-11-14,973.0,980.8,972.8,978.0,2886.0
2006-11-15,984.8,984.8,972.8,973.8,1926.0
2006-11-16,982.0,985.0,977.4,982.0,1459.0
2006-11-17,984.0,991.0,983.6,986.2,1587.0
2006-11-20,985.0,985.8,974.4,975.8,1611.0
2006-11-21,976.0,984.8,974.4,984.0,1709.0
2006-11-22,986.0,998.0,980.4,995.0,2405.0
2006-11-23,996.4,1006.0,994.0,1003.0,2826.0
2006-11-24,1002.4,1008.6,1000.0,1006.8,1619.0
2006-11-27,1008.8,1015.4,1003.4,1010.0,2655.0
2006-11-28,1000.0,1006.8,999.2,1002.8,1218.0
2006-11-29,1007.0,1026.4,1003.8,1022.0,3881.0
2006-11-30,1024.2,1040.8,1018.8,1038.0,3081.0
2006-12-01,1038.0,1046.2,1036.2,1045.6,2375.0
2006-12-04,1045.0,1056.2,1039.0,1053.0,2887.0
2006-12-05,1055.0,1059.6,1042.4,1046.0,2332.0
2006-12-06,1046.0,1051.6,1043.6,1051.2,2148.0
2006-12-07,1052.0,1067.0,1051.0,1060.0,3345.0
2006-12-08,1060.0,1063.4,1051.0,1054.4,2239.0
2006-12-11,1050.2,1057.0,1038.4,1041.8,2394.0
2006-12-12,1042.4,1043.0,1012.6,1012.6,4223.0
2006-12-13,1017.0,1021.6,1005.2,1021.6,2925.0
2006-12-14,1021.6,1025.0,1017.6,1022.2,1368.0
2006-12-15,1045.0,1049.0,1030.6,1039.8,1927.0
2006-12-18,1039.4,1056.0,1034.0,1052.6,2358.0
2006-12-19,1048.6,1054.8,1038.2,1038.2,2779.0
2006-12-20,1039.0,1048.2,1039.0,1046.0,1771.0
2006-12-21,1053.0,1055.0,1038.8,1042.0,2921.0
2006-12-22,1040.2,1044.6,1034.2,1044.6,2084.0
2006-12-25,1039.0,1050.6,1039.0,1045.0,1403.0
2006-12-26,1044.8,1059.8,1044.0,1058.6,2454.0
2006-12-27,1058.6,1069.4,1054.0,1056.0,2560.0
2006-12-28,1058.4,1060.8,1045.0,1051.0,2464.0
2006-12-29,1052.0,1076.8,1051.0,1076.8,2944.0
2007-01-02,1069.0,1098.8,1067.4,1093.0,4510.0
2007-01-03,1093.2,1111.4,1089.0,1090.0,4229.0
2007-01-04,1090.2,1095.0,1084.0,1094.6,2431.0
2007-01-05,1090.2,1091.6,1067.2,1067.6,3988.0
2007-01-08,1060.0,1062.0,1051.4,1053.0,2006.0
2007-01-09,1055.6,1068.4,1055.4,1064.8,1901.0
2007-01-10,1059.0,1059.0,1029.4,1034.6,4217.0
2007-01-11,1035.0,1039.6,1023.0,1027.0,3401.0
2007-01-12,1034.0,1041.6,1032.0,1039.0,2607.0
2007-01-15,1043.0,1046.0,1027.2,1036.0,2448.0
2007-01-16,1035.0,1039.8,1026.0,1038.8,3922.0
2007-01-17,1035.0,1041.6,1026.8,1032.2,2838.0
2007-01-18,1039.0,1054.0,1028.0,1052.0,5832.0
2007-01-19,1048.0,1059.0,1045.4,1047.8,3625.0
2007-01-22,1049.0,1059.4,1035.6,1058.8,3803.0
2007-01-23,1056.2,1058.6,1048.8,1057.2,2462.0
2007-01-24,1061.2,1072.2,1060.0,1071.4,3293.0
2007-01-25,1073.2,1073.6,1062.4,1064.6,2722.0
2007-01-26,1059.2,1063.4,1043.6,1047.0,3291.0
2007-01-29,1047.0,1049.6,1032.0,1033.8,2143.0
2007-01-30,1033.4,1043.8,1033.4,1038.6,1919.0
2007-01-31,1040.0,1043.0,1028.4,1039.6,2680.0
2007-02-01,1042.0,1046.6,1040.4,1043.0,2129.0
2007-02-02,1049.0,1057.8,1049.0,1054.2,2351.0
2007-02-05,1051.2,1053.6,1046.2,1047.0,1481.0
2007-02-06,1048.2,1057.4,1043.0,1055.0,2925.0
2007-02-07,1056.0,1058.0,1049.4,1050.0,1634.0
2007-02-08,1048.0,1054.6,1042.8,1050.8,2411.0
2007-02-09,1052.2,1057.0,1047.0,1053.0,1777.0
2007-02-12,1050.0,1050.8,1042.8,1045.8,2193.0
2007-02-13,1046.4,1050.8,1041.4,1042.0,2730.0
2007-02-14,1046.0,1050.0,1042.0,1044.2,2770.0
2007-02-26,1049.8,1052.0,1036.4,1040.2,1936.0
2007-02-27,1042.2,1044.0,1037.6,1038.6,3368.0
2007-03-01,1018.0,1024.0,997.2,997.2,3851.0
2007-03-02,992.4,1000.0,992.4,1000.0,1925.0
2007-03-03,995.8,998.0,986.6,987.4,1554.0
2007-03-05,985.2,985.2,950.0,951.0,3389.0
2007-03-06,956.0,969.0,955.4,969.0,2210.0
2007-03-07,970.0,972.4,953.4,958.2,2492.0
2007-03-08,958.0,971.0,956.4,969.6,2529.0
2007-03-09,973.0,975.0,965.0,970.2,1914.0
2007-03-12,973.4,975.4,968.6,973.4,1328.0
2007-03-13,973.4,974.0,967.2,968.0,1193.0
2007-03-14,948.0,950.0,932.8,933.6,3753.0
2007-03-15,941.6,957.8,941.0,952.2,2106.0
2007-03-16,949.2,971.6,948.2,963.8,2362.0
2007-03-19,964.0,973.4,963.4,967.4,3178.0
2007-03-20,973.0,984.2,972.8,976.4,3197.0
2007-03-21,980.0,980.8,975.4,978.0,1648.0
2007-03-22,994.0,994.8,988.2,991.0,2325.0
2007-03-23,990.0,1000.8,985.6,992.8,2259.0
2007-03-26,993.8,994.6,984.0,986.6,1512.0
2007-03-27,984.6,998.2,984.0,985.4,2721.0
2007-03-28,986.0,990.0,971.6,973.0,2647.0
2007-03-29,971.0,981.8,965.2,977.2,2079.0
2007-03-30,980.0,986.0,974.0,981.0,1799.0
2007-04-02,978.6,984.0,974.4,976.0,1881.0
2007-04-03,978.0,991.6,973.2,989.6,2227.0
2007-04-04,1000.0,1012.4,997.2,1009.0,3219.0
2007-04-09,1012.2,1019.4,1010.6,1013.4,2622.0
2007-04-10,1013.4,1013.4,1002.0,1005.8,1964.0
2007-04-11,1013.4,1018.6,1006.0,1010.4,2432.0
2007-04-12,1003.0,1005.2,999.0,999.4,2396.0
2007-04-13,1003.6,1003.6,986.6,987.2,1960.0
2007-04-14,991.8,993.0,985.4,992.4,949.0
2007-04-16,994.6,995.6,985.4,990.2,3036.0
2007-04-17,996.6,1003.6,990.2,992.0,3354.0
2007-04-18,996.0,997.6,992.0,992.8,1944.0
2007-04-19,993.0,993.0,967.2,971.0,3018.0
2007-04-20,973.0,976.0,968.8,975.2,1956.0
2007-04-23,986.0,990.8,981.2,984.8,1897.0
2007-04-24,982.0,986.0,977.2,982.2,1710.0
2007-04-25,979.0,979.8,972.2,973.0,1233.0
2007-04-26,978.0,984.2,977.2,977.6,1488.0
2007-04-27,979.8,982.0,971.2,972.0,1442.0
2007-04-30,968.6,973.8,955.6,958.0,1900.0
2007-05-02,960.8,967.0,958.8,959.0,1534.0
2007-05-03,965.8,974.6,961.4,967.8,3500.0
2007-05-04,973.0,991.4,970.0,988.0,2878.0
2007-05-07,995.0,997.4,986.6,989.6,2030.0
2007-05-08,988.8,990.0,981.2,982.0,1178.0
2007-05-09,983.6,984.8,976.0,979.4,1127.0
2007-05-10,984.0,986.0,975.0,980.0,1546.0
2007-05-11,970.0,972.0,965.0,968.0,1591.0
2007-05-14,972.4,976.6,968.0,972.8,1755.0
2007-05-15,970.4,971.0,962.2,966.2,3881.0
2007-05-16,964.4,971.6,964.4,968.6,1466.0
2007-05-17,973.8,976.0,968.6,969.0,2214.0
2007-05-18,968.8,971.6,958.6,964.4,1924.0
2007-05-21,964.4,972.4,962.2,968.8,2470.0
2007-05-22,969.8,973.0,966.6,972.0,1700.0
2007-05-23,973.4,986.0,973.2,986.0,2846.0
2007-05-24,986.0,989.6,980.4,981.2,2206.0
2007-05-25,975.0,978.8,968.6,969.0,1955.0
2007-05-28,971.2,973.4,967.2,970.0,1191.0
2007-05-29,971.4,977.8,968.4,973.6,1951.0
2007-05-30,972.0,972.0,957.4,961.2,2198.0
2007-05-31,971.0,971.0,957.8,961.0,2624.0
2007-06-01,965.0,968.8,961.8,965.2,2260.0
2007-06-04,966.4,968.6,956.2,958.6,2065.0
2007-06-05,957.0,963.6,953.0,960.0,2067.0
2007-06-06,960.0,967.2,960.0,964.0,2981.0
2007-06-07,960.0,967.6,957.2,965.0,1790.0
2007-06-08,952.0,958.0,950.6,957.0,2662.0
2007-06-11,961.0,963.6,954.8,957.4,2031.0
2007-06-12,960.0,964.6,958.0,962.0,2225.0
2007-06-13,961.0,969.2,959.0,968.0,2951.0
2007-06-14,972.2,981.8,972.2,981.8,3847.0
2007-06-15,989.6,1016.2,989.6,1013.2,6797.0
2007-06-20,1016.4,1061.8,1016.4,1057.6,3059.0
2007-06-21,1056.0,1060.0,1035.0,1054.4,6869.0
2007-06-22,1053.4,1064.0,1034.2,1037.4,6296.0
2007-06-23,1031.4,1040.8,1030.2,1032.6,2855.0
2007-06-25,1038.0,1061.4,1037.4,1047.0,4863.0
2007-06-26,1048.4,1060.0,1048.2,1051.0,4389.0
2007-06-27,1048.0,1049.0,1030.8,1035.0,3746.0
2007-06-28,1041.0,1045.0,1036.2,1045.0,3494.0
2007-06-29,1052.0,1053.0,1035.0,1035.0,3571.0
2007-07-02,1041.2,1049.6,1034.0,1049.6,2947.0
2007-07-03,1058.4,1060.4,1052.0,1057.4,3514.0
2007-07-04,1063.6,1072.8,1060.4,1065.6,4141.0
2007-07-05,1069.8,1073.0,1061.6,1073.0,3384.0
2007-07-06,1073.0,1086.2,1070.4,1075.6,5238.0
2007-07-09,1082.0,1116.2,1081.0,1114.0,5672.0
2007-07-10,1116.0,1116.0,1103.6,1111.0,3014.0
2007-07-11,1104.2,1111.8,1100.2,1104.4,3042.0
2007-07-12,1110.0,1144.6,1110.0,1142.0,5724.0
2007-07-13,1160.0,1161.8,1148.2,1152.0,4436.0
2007-07-16,1158.0,1188.0,1151.0,1159.0,6629.0
2007-07-17,1160.0,1186.4,1156.0,1181.2,5651.0
2007-07-18,1177.6,1205.6,1173.0,1189.2,3515.0
2007-07-19,1188.6,1189.0,1162.0,1173.0,7158.0
2007-07-20,1179.8,1182.8,1162.0,1177.0,6578.0
2007-07-23,1173.0,1184.2,1168.2,1172.8,4694.0
2007-07-24,1176.0,1190.8,1174.2,1187.8,7076.0
2007-07-25,1180.0,1182.8,1170.2,1179.2,5248.0
2007-07-26,1180.8,1195.0,1147.4,1151.8,9245.0
2007-07-27,1110.0,1120.0,1071.2,1071.2,9397.0
2007-07-30,1066.8,1074.0,1057.0,1071.0,4977.0
2007-07-31,1073.0,1099.4,1073.0,1092.4,4293.0
2007-08-01,1079.0,1079.0,1017.8,1027.2,8046.0
2007-08-02,1045.0,1045.0,999.0,1026.0,5960.0
2007-08-03,1031.0,1053.6,1031.0,1040.0,3726.0
2007-08-06,1001.6,1037.0,1000.0,1034.2,3010.0
2007-08-07,1047.8,1048.8,1009.0,1014.0,3648.0
2007-08-08,1025.0,1050.6,1022.8,1047.2,3387.0
2007-08-09,1057.0,1061.6,1033.4,1045.0,3234.0
2007-08-10,1001.0,1008.8,982.8,990.0,3899.0
2007-08-13,999.8,1009.0,996.0,1007.6,3134.0
2007-08-14,1002.0,1024.6,1000.0,1011.0,6517.0
2007-08-15,997.0,1000.8,965.2,974.0,3005.0
2007-08-16,945.0,946.4,911.0,930.6,4024.0
2007-08-17,930.6,945.0,892.6,897.2,4137.0
2007-08-20,946.0,960.0,937.2,960.0,3170.0
2007-08-21,955.4,967.6,947.6,955.0,2872.0
2007-08-22,958.0,979.4,958.0,975.6,3513.0
2007-08-23,997.0,1005.6,990.4,996.6,2699.0
2007-08-24,992.8,997.6,971.4,971.4,1907.0
2007-08-27,990.0,994.4,904.0,974.0,2504.0
2007-08-28,974.0,976.8,958.0,967.0,3387.0
2007-08-29,928.2,947.6,928.0,944.6,2258.0
2007-08-30,960.0,966.0,955.0,960.2,2030.0
2007-08-31,963.0,1002.8,963.0,1002.0,3440.0
2007-09-03,1003.0,1004.4,983.0,990.2,2583.0
2007-09-04,990.0,996.0,979.4,980.2,1909.0
2007-09-05,989.2,991.0,962.0,962.0,2458.0
2007-09-06,963.0,983.0,957.6,982.0,2859.0
2007-09-07,978.0,987.2,974.2,981.0,1739.0
2007-09-10,965.0,974.4,952.6,968.2,2343.0
2007-09-11,963.4,979.4,963.0,979.4,1607.0
2007-09-12,985.4,994.6,979.8,982.4,2847.0
2007-09-13,987.0,992.0,979.0,984.0,1499.0
2007-09-14,994.0,1007.2,991.0,1004.0,2990.0
2007-09-17,1005.0,1005.0,981.2,991.0,2481.0
2007-09-19,1020.0,1022.4,1000.0,1011.0,5296.0
2007-09-20,1012.4,1019.8,1001.6,1008.0,3673.0
2007-09-21,1009.0,1013.8,983.8,991.0,3586.0
2007-09-26,994.2,1009.0,986.4,1008.8,3990.0
2007-09-27,1011.0,1021.8,1006.0,1019.0,3556.0
2007-09-28,1021.8,1038.0,1018.2,1023.2,3862.0
2007-09-29,1027.6,1039.8,1027.0,1038.8,2289.0
2007-10-01,1044.0,1045.8,1032.0,1036.8,3107.0
2007-10-02,1048.0,1077.8,1047.4,1076.8,5722.0
2007-10-03,1084.0,1107.8,1073.6,1099.4,7001.0
2007-10-04,1090.0,1094.0,1081.8,1084.6,3082.0
2007-10-05,1085.0,1088.6,1076.0,1081.4,3443.0
2007-10-08,1089.0,1109.6,1085.0,1102.2,3895.0
2007-10-09,1102.0,1103.0,1084.4,1086.0,3402.0
2007-10-11,1089.0,1107.6,1086.0,1100.8,3544.0
2007-10-12,1089.2,1091.6,1045.6,1050.8,5415.0
2007-10-15,1058.4,1067.6,1047.0,1064.4,2869.0
2007-10-16,1059.8,1077.4,1052.0,1066.6,3953.0
2007-10-17,1059.2,1071.2,1050.2,1058.8,2658.0
2007-10-18,1058.8,1067.6,1052.0,1063.8,3530.0
2007-10-19,1059.6,1059.6,1049.4,1051.2,2229.0
2007-10-22,1002.0,1017.0,993.2,1013.0,3247.0
2007-10-23,1021.0,1035.6,1018.0,1035.2,2647.0
2007-10-24,1037.2,1047.6,1021.0,1027.4,3391.0
2007-10-25,1037.4,1051.8,1034.4,1049.6,3387.0
2007-10-26,1052.4,1059.0,1048.0,1058.4,2397.0
2007-10-29,1075.2,1088.8,1069.0,1088.6,3417.0
2007-10-30,1085.0,1086.0,1074.2,1077.6,2515.0
2007-10-31,1077.0,1090.6,1073.6,1087.8,3782.0
2007-11-01,1095.0,1097.0,1063.6,1080.0,4803.0
2007-11-02,1055.0,1064.6,1031.6,1032.4,4732.0
2007-11-05,1028.0,1040.2,1019.4,1033.2,4015.0
2007-11-06,1036.2,1045.0,1023.0,1024.8,4031.0
2007-11-07,1032.0,1052.2,1030.4,1035.2,4134.0
2007-11-08,1018.0,1018.0,985.0,991.6,3961.0
2007-11-09,1000.0,1012.0,988.0,1006.2,3219.0
2007-11-12,981.4,993.6,977.2,990.0,4269.0
2007-11-13,990.0,1004.0,976.0,998.0,3712.0
2007-11-14,1017.0,1017.6,1006.0,1013.6,3249.0
2007-11-15,1011.0,1011.6,1003.0,1003.0,1826.0
2007-11-16,980.2,995.6,980.2,994.2,2951.0
2007-11-19,996.6,1006.4,988.0,990.0,3157.0
2007-11-20,976.0,987.6,946.4,983.4,5395.0
2007-11-21,971.4,980.0,947.0,948.2,1867.0
2007-11-22,950.0,960.6,930.6,947.0,3765.0
2007-11-23,953.6,953.6,938.0,939.8,2276.0
2007-11-26,950.2,960.6,945.0,959.2,2169.0
2007-11-27,940.0,953.0,922.8,943.2,3046.0
2007-11-28,951.0,953.0,932.0,933.0,2262.0
2007-11-29,950.0,961.0,950.0,959.2,2725.0
2007-11-30,964.4,976.0,963.0,975.0,3083.0
2007-12-03,973.8,973.8,965.6,972.8,1376.0
2007-12-04,970.0,972.8,961.2,965.8,2157.0
2007-12-05,962.6,967.0,950.0,965.4,3009.0
2007-12-06,975.8,977.2,965.0,973.0,3246.0
2007-12-07,979.0,986.0,974.0,976.8,3142.0
2007-12-10,972.2,982.6,962.0,964.2,2399.0
2007-12-11,972.0,978.6,967.0,976.2,2152.0
2007-12-12,962.2,970.8,960.2,964.8,2281.0
2007-12-13,958.2,967.0,933.4,934.8,2843.0
2007-12-14,940.0,940.0,915.0,933.8,2092.0
2007-12-17,930.0,933.2,891.2,894.2,3162.0
2007-12-18,866.0,902.6,866.0,890.2,3842.0
2007-12-19,885.2,912.8,885.2,906.2,2327.0
2007-12-20,909.4,913.2,886.0,891.0,2664.0
2007-12-21,891.8,908.0,885.2,899.8,3053.0
2007-12-24,914.6,914.6,906.2,912.6,1427.0
2007-12-25,918.0,919.4,906.0,909.2,2079.0
2007-12-26,909.0,932.0,896.6,924.0,2288.0
2007-12-27,918.4,932.0,915.4,924.4,4284.0
2007-12-28,916.0,940.0,914.2,937.6,3736.0
2007-12-31,940.0,944.2,935.8,939.6,1836.0
2008-01-02,936.0,940.8,915.4,919.0,2674.0
2008-01-03,910.0,917.4,898.2,909.6,3289.0
2008-01-04,904.0,948.6,899.0,945.8,4853.0
2008-01-07,923.0,940.2,921.0,921.2,4633.0
2008-01-08,927.0,965.0,926.0,956.4,6086.0
2008-01-09,946.0,961.0,932.8,958.2,5425.0
2008-01-10,955.0,962.0,945.8,949.6,3416.0
2008-01-11,953.6,960.0,929.0,931.0,4084.0
2008-01-14,945.0,996.2,944.4,996.2,5121.0
2008-01-15,1010.8,1065.8,1009.6,1065.8,4325.0
2008-01-16,1073.0,1107.6,1062.8,1069.6,7654.0
2008-01-17,1092.0,1097.6,1030.0,1068.0,14569.0
2008-01-18,1056.0,1099.6,1026.0,1095.0,12135.0
2008-01-21,1080.0,1103.0,1073.4,1082.2,7859.0
2008-01-22,1030.0,1032.0,1007.0,1007.0,3504.0
2008-01-23,1030.0,1034.0,951.2,957.4,10204.0
2008-01-24,990.0,1019.8,983.0,1001.0,6449.0
2008-01-25,1018.8,1024.6,993.8,1008.6,4475.0
2008-01-28,995.2,1013.6,960.2,968.2,4662.0
2008-01-29,985.4,1012.4,976.0,1008.0,5569.0
2008-01-30,1007.0,1023.8,989.2,1001.2,5430.0
2008-01-31,997.8,1004.4,968.0,986.6,5458.0
2008-02-01,1000.0,1025.0,993.8,1020.8,4750.0
2008-02-12,1002.0,1010.0,990.8,1002.0,2888.0
2008-02-13,1010.0,1025.4,1008.0,1015.6,3938.0
2008-02-14,1045.0,1058.8,1029.4,1056.2,5480.0
2008-02-15,1041.0,1048.6,1032.8,1048.0,5342.0
2008-02-18,1051.0,1053.0,1026.0,1036.4,4196.0
2008-02-19,1047.0,1054.8,1042.0,1049.2,5811.0
2008-02-20,1032.0,1043.6,1016.2,1021.6,2765.0
2008-02-21,1027.2,1048.4,1026.2,1042.8,4803.0
2008-02-22,1031.0,1059.0,1029.8,1059.0,4304.0
2008-02-25,1070.8,1085.0,1067.6,1079.0,5645.0
2008-02-26,1090.0,1096.8,1071.4,1084.4,4277.0
2008-02-27,1091.4,1095.8,1084.0,1088.4,3422.0
2008-02-29,1078.0,1088.2,1073.0,1078.6,3073.0
2008-03-03,1050.0,1063.0,1045.0,1061.6,2748.0
2008-03-04,1066.4,1079.4,1056.6,1078.0,5338.0
2008-03-05,1080.0,1086.8,1067.0,1077.0,4383.0
2008-03-06,1079.8,1100.6,1078.0,1091.6,5029.0
2008-03-07,1075.4,1081.2,1061.6,1064.6,4277.0
2008-03-10,1056.0,1061.0,1020.4,1033.0,4098.0
2008-03-11,1023.0,1052.8,1019.0,1052.2,4053.0
2008-03-12,1078.0,1082.0,1054.0,1063.0,5165.0
2008-03-13,1067.0,1070.6,1033.2,1037.2,3260.0
2008-03-14,1049.0,1053.6,1026.2,1027.6,3089.0
2008-03-17,1015.0,1042.0,1007.0,1028.0,5801.0
2008-03-18,1039.8,1039.8,1015.2,1029.0,4108.0
2008-03-19,1040.2,1052.0,1040.2,1046.2,3096.0
2008-03-20,1035.4,1114.0,1035.0,1111.0,9255.0
2008-03-21,1114.0,1148.8,1114.0,1144.6,12571.0
2008-03-24,1211.6,1222.6,1200.0,1221.0,10499.0
2008-03-25,1225.0,1228.0,1156.0,1170.4,12403.0
2008-03-26,1170.6,1194.6,1165.2,1173.6,8587.0
2008-03-27,1169.6,1173.0,1135.6,1140.2,7580.0
2008-03-28,1140.2,1162.0,1140.2,1153.8,5030.0
2008-03-31,1152.0,1154.4,1116.0,1117.0,5551.0
2008-04-01,1122.8,1132.0,1090.6,1092.2,5196.0
2008-04-02,1122.0,1135.0,1108.2,1132.0,4543.0
2008-04-03,1131.0,1133.6,1117.2,1119.8,3181.0
2008-04-07,1123.0,1144.4,1116.6,1142.6,4154.0
2008-04-08,1136.8,1136.8,1124.0,1125.2,3002.0
2008-04-09,1126.6,1147.0,1125.4,1135.8,5090.0
2008-04-10,1131.8,1158.4,1129.0,1158.4,4659.0
2008-04-11,1156.6,1192.4,1146.0,1182.6,7727.0
2008-04-14,1172.0,1214.2,1171.2,1188.4,10455.0
2008-04-15,1187.2,1200.2,1183.2,1197.2,7501.0
2008-04-16,1202.8,1244.6,1202.8,1240.0,7893.0
2008-04-17,1241.2,1246.8,1217.2,1226.2,7722.0
2008-04-18,1230.0,1240.0,1218.0,1233.2,6029.0
2008-04-21,1237.0,1243.2,1204.6,1214.0,5864.0
2008-04-22,1218.0,1219.6,1200.2,1207.0,4807.0
2008-04-23,1213.0,1221.0,1201.0,1209.2,4773.0
2008-04-24,1208.0,1229.0,1205.0,1220.0,5095.0
2008-04-25,1228.6,1232.0,1209.8,1213.8,4265.0
2008-04-28,1213.8,1241.2,1211.0,1238.4,5225.0
2008-04-29,1238.0,1241.4,1206.4,1216.0,4701.0
2008-04-30,1213.4,1228.0,1212.0,1222.0,4572.0
2008-05-02,1234.0,1236.8,1225.0,1234.0,4047.0
2008-05-05,1232.2,1232.6,1179.0,1180.4,6355.0
2008-05-06,1185.0,1185.0,1160.0,1174.6,4912.0
2008-05-07,1180.0,1185.0,1172.0,1179.8,4207.0
2008-05-08,1170.0,1182.0,1164.2,1179.0,4783.0
2008-05-09,1173.6,1175.0,1151.2,1151.2,5187.0
2008-05-12,1147.0,1155.6,1133.2,1152.0,4639.0
2008-05-13,1147.8,1188.0,1145.8,1186.2,6020.0
2008-05-14,1182.0,1194.6,1177.0,1186.0,4518.0
2008-05-15,1187.2,1214.8,1187.2,1211.8,4815.0
2008-05-16,1212.2,1220.6,1203.0,1217.0,4298.0
2008-05-19,1222.8,1233.8,1211.6,1231.4,7317.0
2008-05-20,1221.4,1231.2,1171.4,1172.0,8792.0
2008-05-21,1169.8,1176.6,1157.0,1162.0,3368.0
2008-05-22,1152.4,1176.8,1135.2,1175.4,6111.0
2008-05-23,1173.0,1175.8,1147.0,1148.0,5615.0
2008-05-26,1143.0,1156.6,1135.0,1139.0,4194.0
2008-05-27,1149.0,1152.2,1138.2,1146.8,2758.0
2008-05-28,1150.0,1154.0,1133.4,1136.8,3981.0
2008-05-29,1150.0,1157.8,1142.0,1152.0,4516.0
2008-05-30,1156.0,1160.0,1136.8,1147.0,5446.0
2008-06-02,1148.0,1167.8,1142.0,1167.4,3782.0
2008-06-03,1160.2,1166.2,1137.2,1140.0,4799.0
2008-06-04,1142.8,1149.0,1137.8,1143.8,3862.0
2008-06-05,1142.4,1158.4,1115.0,1150.8,7044.0
2008-06-06,1158.0,1161.6,1147.2,1151.0,3528.0
2008-06-09,1111.4,1123.8,1110.2,1116.6,3640.0
2008-06-10,1118.0,1125.8,1083.4,1084.4,5199.0
2008-06-11,1085.0,1103.0,1085.0,1092.0,3405.0
2008-06-12,1075.0,1081.8,1046.8,1054.4,4391.0
2008-06-13,1055.6,1080.4,1054.0,1065.0,3906.0
2008-06-16,1070.8,1083.0,1070.8,1077.8,3604.0
2008-06-17,1079.2,1089.4,1068.2,1084.8,7671.0
2008-06-18,1081.2,1096.8,1080.6,1088.6,4133.0
2008-06-19,1056.0,1058.0,1040.4,1046.4,3180.0
2008-06-20,1048.8,1053.0,1025.2,1028.0,3549.0
2008-06-23,1013.6,1049.2,1012.6,1038.2,4022.0
2008-06-24,1037.0,1043.6,1026.2,1037.2,3103.0
2008-06-25,1037.0,1055.8,1035.0,1052.6,3953.0
2008-06-26,1052.0,1054.8,1042.8,1046.4,2965.0
2008-06-27,1014.0,1014.0,992.4,1000.6,3919.0
2008-06-30,1008.8,1010.8,978.6,988.6,3661.0
2008-07-01,988.0,999.6,972.0,973.0,2803.0
2008-07-02,975.0,982.8,925.2,928.8,7107.0
2008-07-03,910.0,952.0,896.0,940.4,6925.0
2008-07-04,931.2,951.2,920.4,921.4,4059.0
2008-07-07,923.0,949.0,917.6,943.4,2476.0
2008-07-08,936.0,936.8,882.8,893.0,4385.0
2008-07-09,912.6,921.2,881.0,889.0,4088.0
2008-07-10,878.0,915.8,877.4,899.2,4640.0
2008-07-11,892.0,927.0,882.4,921.6,3821.0
2008-07-14,920.0,920.0,894.6,903.0,3971.0
2008-07-15,885.6,885.6,840.0,840.2,8000.0
2008-07-16,841.4,849.0,825.2,828.0,3335.0
2008-07-17,838.8,863.8,832.6,863.8,4339.0
2008-07-18,878.8,897.8,832.2,838.0,6080.0
2008-07-21,868.8,896.8,861.8,896.8,3330.0
2008-07-22,895.0,899.8,880.0,892.4,4067.0
2008-07-23,918.8,952.6,911.0,940.4,6264.0
2008-07-24,946.0,954.0,928.6,949.8,5410.0
2008-07-25,926.0,929.4,901.8,914.6,3870.0
2008-07-29,862.0,878.0,861.2,870.2,2761.0
2008-07-30,898.0,901.2,872.4,881.2,3341.0
2008-07-31,897.8,904.6,865.2,883.0,3637.0
2008-08-01,873.0,877.6,855.6,870.6,4944.0
2008-08-04,866.0,885.6,865.2,881.4,2315.0
2008-08-05,894.6,894.6,850.2,859.8,3508.0
2008-08-06,883.0,893.0,860.0,891.0,2889.0
2008-08-07,885.0,885.0,868.6,871.4,2728.0
2008-08-08,858.4,917.8,858.2,904.0,4958.0
2008-08-11,923.0,925.2,906.2,916.0,3406.0
2008-08-12,915.0,920.6,902.0,908.6,3016.0
2008-08-13,900.0,908.6,892.2,904.8,2770.0
2008-08-14,904.0,915.0,897.6,910.8,2936.0
2008-08-15,914.0,918.6,885.2,893.8,2819.0
2008-08-18,885.4,885.4,838.0,844.8,5322.0
2008-08-19,833.4,855.8,825.8,850.6,7511.0
2008-08-20,845.6,863.0,833.2,861.0,3849.0
2008-08-21,850.8,850.8,828.4,831.4,2379.0
2008-08-22,831.6,859.0,824.6,835.0,3450.0
2008-08-25,848.8,858.0,837.0,856.0,1884.0
2008-08-26,838.8,848.6,838.8,843.8,1814.0
2008-08-27,842.8,870.6,839.2,863.0,2768.0
2008-08-28,863.0,875.0,859.6,863.4,2208.0
2008-08-29,874.0,887.6,866.0,875.2,3133.0
2008-09-01,869.8,870.0,839.6,845.8,3038.0
2008-09-02,850.0,854.8,836.0,839.8,2320.0
2008-09-03,842.0,854.6,813.2,822.4,3219.0
2008-09-04,819.6,834.6,781.6,790.6,3346.0
2008-09-05,769.4,782.0,761.2,772.0,2233.0
2008-09-08,806.2,825.0,806.0,825.0,1333.0
2008-09-09,827.2,837.0,817.0,824.8,4949.0
2008-09-10,814.8,854.8,805.6,842.6,6725.0
2008-09-11,838.8,838.8,804.0,814.0,4651.0
2008-09-12,826.0,831.0,810.4,829.0,3297.0
2008-09-15,788.8,804.0,771.2,771.2,3643.0
2008-09-16,731.0,741.0,718.2,730.0,6807.0
2008-09-17,765.0,779.6,707.8,717.8,7245.0
2008-09-18,690.0,693.2,669.6,669.6,3850.0
2008-09-19,705.4,716.4,691.6,716.4,4769.0
2008-09-22,735.0,765.8,725.2,740.0,4991.0
2008-09-23,735.4,744.8,719.0,738.8,4481.0
2008-09-24,735.6,742.8,713.2,731.6,4191.0
2008-09-25,718.0,732.8,700.4,725.4,4285.0
2008-09-26,725.6,729.2,704.0,709.2,3724.0
2008-09-30,659.2,666.8,659.2,659.2,2935.0
2008-10-01,671.0,680.0,656.4,665.2,4952.0
2008-10-02,679.0,689.0,665.2,671.8,4894.0
2008-10-03,661.0,670.0,647.0,664.4,4098.0
2008-10-06,650.2,650.2,617.6,617.6,2847.0
2008-10-07,592.0,620.0,588.0,617.6,4536.0
2008-10-08,596.0,599.0,574.2,574.2,4375.0
2008-10-09,576.0,595.0,560.6,567.4,6060.0
2008-10-13,548.8,556.4,548.8,548.8,1986.0
2008-10-14,587.2,587.2,586.0,587.2,1681.0
2008-10-15,587.0,588.0,574.6,581.4,3488.0
2008-10-16,550.0,550.0,550.0,550.0,70.0
2008-10-17,532.8,545.0,530.8,530.8,815.0
2008-10-20,512.4,516.6,512.4,515.2,3122.0
2008-10-21,527.2,538.2,504.6,519.8,4032.0
2008-10-22,511.2,528.2,501.6,501.6,3330.0
2008-10-23,484.2,486.6,484.2,484.2,844.0
2008-10-24,470.2,477.0,467.4,467.4,740.0
2008-10-27,444.2,446.0,434.8,434.8,913.0
2008-10-28,404.8,464.0,404.4,450.2,6658.0
2008-10-29,482.4,482.4,450.4,458.6,4766.0
2008-10-30,469.8,491.0,468.0,491.0,1834.0
2008-10-31,503.0,525.2,491.2,525.2,3573.0
2008-11-03,540.0,561.8,527.6,561.8,3635.0
2008-11-04,565.8,567.8,531.2,563.4,5626.0
2008-11-05,572.0,596.2,567.2,573.0,5361.0
2008-11-06,545.0,546.8,532.8,532.8,2523.0
2008-11-07,510.0,567.4,498.6,558.0,5953.0
2008-11-10,568.6,568.6,542.6,553.0,3680.0
2008-11-11,530.4,536.8,514.0,514.0,4101.0
2008-11-12,511.0,526.0,494.0,509.6,3843.0
2008-11-13,478.0,483.2,473.2,476.4,976.0
2008-11-14,500.0,500.0,470.0,477.0,2849.0
2008-11-17,463.0,501.2,458.2,494.2,2855.0
2008-11-18,486.8,511.0,486.4,493.0,3859.0
2008-11-19,497.6,511.0,496.2,502.6,2390.0
2008-11-20,469.2,473.0,455.0,455.0,2333.0
2008-11-21,433.0,474.0,425.0,463.0,4611.0
2008-11-24,454.2,474.0,440.2,472.8,4372.0
2008-11-25,505.8,505.8,482.0,494.0,3560.0
2008-11-26,495.0,514.0,491.6,503.0,3440.0
2008-11-27,515.0,538.6,510.4,538.6,2712.0
2008-11-28,538.4,543.8,521.2,543.8,3227.0
2008-12-01,535.2,574.0,529.8,555.8,5871.0
2008-12-02,530.0,538.8,520.0,526.8,5457.0
2008-12-03,534.0,549.6,524.0,524.0,4288.0
2008-12-04,532.0,542.4,502.8,506.8,5341.0
2008-12-05,506.8,523.0,496.8,519.0,4312.0
2008-12-08,530.0,553.6,527.0,553.6,1748.0
2008-12-09,567.8,586.0,563.6,570.2,4681.0
2008-12-10,573.0,608.8,561.8,606.0,6446.0
2008-12-11,600.2,603.8,582.2,594.0,4605.0
2008-12-12,580.0,598.0,552.4,554.0,5663.0
2008-12-15,576.0,592.2,563.8,575.4,4642.0
2008-12-16,566.4,591.4,566.2,588.8,3810.0
2008-12-17,612.0,612.4,583.0,592.0,1982.0
2008-12-18,600.0,600.0,581.8,594.6,3749.0
2008-12-19,588.2,600.0,574.0,591.0,5555.0
2008-12-22,596.2,600.0,566.0,568.0,3571.0
2008-12-23,567.6,573.6,538.2,554.4,4543.0
2008-12-24,550.2,568.0,539.6,567.0,4047.0
2008-12-25,567.0,567.0,554.2,563.4,1909.0
2008-12-26,560.4,569.0,556.4,559.4,2478.0
2008-12-29,555.4,566.8,552.0,565.0,1908.0
2008-12-30,572.4,602.8,570.4,598.0,3246.0
2008-12-31,602.0,604.4,584.0,595.4,2581.0
2009-01-05,618.6,625.8,598.2,605.2,4262.0
2009-01-06,605.2,608.0,592.0,599.6,3611.0
2009-01-07,608.0,608.0,594.4,603.0,3767.0
2009-01-08,590.0,590.0,561.2,561.2,3044.0
2009-01-09,558.0,559.8,543.0,547.0,3864.0
2009-01-10,535.0,546.6,532.6,538.2,2388.0
2009-01-12,537.2,555.0,521.4,533.4,4576.0
2009-01-13,528.0,551.4,525.2,548.4,4361.0
2009-01-14,546.8,564.6,545.2,554.2,4500.0
2009-01-15,516.4,524.0,515.8,515.8,2378.0
2009-01-16,518.8,518.8,505.6,515.0,3912.0
2009-01-17,515.2,528.0,511.6,522.0,2609.0
2009-01-19,528.0,528.6,517.6,523.4,2757.0
2009-01-20,511.0,512.4,502.8,504.4,1718.0
2009-01-21,489.2,508.4,486.2,508.0,1726.0
2009-02-02,489.6,496.0,477.0,479.8,2710.0
2009-02-03,476.2,509.8,476.0,496.2,4082.0
2009-02-04,505.0,507.0,491.8,499.6,3630.0
2009-02-05,493.2,508.2,492.2,492.2,3483.0
2009-02-06,502.8,517.2,500.0,509.0,3597.0
2009-02-09,520.0,523.0,499.6,503.0,3269.0
2009-02-10,503.6,516.6,503.2,513.2,3308.0
2009-02-11,500.0,516.4,492.4,512.2,4094.0
2009-02-12,509.2,524.6,501.6,502.2,5030.0
2009-02-13,505.0,519.8,504.8,517.0,3539.0
2009-02-16,517.0,517.0,507.0,511.4,3048.0
2009-02-17,510.0,510.0,497.2,501.6,2898.0
2009-02-18,492.0,502.6,490.2,501.8,1699.0
2009-02-19,487.6,496.4,475.0,488.8,4707.0
2009-02-20,481.0,493.0,476.2,478.2,4377.0
2009-02-23,473.8,477.6,460.0,472.0,4353.0
2009-02-24,460.6,477.8,460.0,467.2,5050.0
2009-02-25,474.8,499.0,473.2,496.0,7178.0
2009-02-26,505.2,506.2,486.4,492.0,6460.0
2009-02-27,492.0,498.8,488.2,491.4,4965.0
2009-03-02,480.0,480.0,456.8,456.8,3889.0
2009-03-03,440.0,453.2,439.2,453.0,7318.0
2009-03-04,447.0,460.0,440.6,459.6,6938.0
2009-03-05,468.0,477.8,463.4,471.8,6995.0
2009-03-06,464.6,467.6,458.0,466.0,4308.0
2009-03-09,468.2,474.6,454.6,461.2,5300.0
2009-03-10,461.6,471.8,461.6,471.0,5414.0
2009-03-11,491.8,500.8,486.4,493.4,8024.0
2009-03-12,493.6,494.6,478.2,482.8,4373.0
2009-03-13,495.0,508.4,486.6,505.4,10089.0
2009-03-16,510.2,516.4,499.0,511.0,7325.0
2009-03-17,515.2,531.6,515.0,530.6,6861.0
2009-03-18,535.0,535.0,525.0,528.6,3952.0
2009-03-19,526.4,551.8,526.0,531.6,8097.0
2009-03-20,525.4,531.0,515.4,518.2,5876.0
2009-03-23,531.0,542.2,522.2,539.8,6686.0
2009-03-24,551.0,562.2,550.0,559.0,8609.0
2009-03-25,556.2,565.0,551.4,562.6,7815.0
2009-03-26,561.4,575.6,551.8,572.6,8446.0
2009-03-27,582.0,592.6,578.4,581.6,7749.0
2009-03-30,577.0,584.8,540.4,544.0,7253.0
2009-03-31,548.8,566.8,545.8,554.2,6727.0
2009-04-01,560.0,575.8,557.2,575.8,7485.0
2009-04-02,586.2,615.0,585.0,615.0,9730.0
2009-04-03,617.0,638.0,607.2,628.6,10172.0
2009-04-06,634.8,658.8,626.2,641.0,10514.0
2009-04-07,632.0,639.8,623.4,638.6,7822.0
2009-04-08,629.0,643.0,600.2,606.8,12227.0
2009-04-09,613.2,645.6,606.4,645.0,10217.0
2009-04-10,657.4,667.4,643.2,661.0,9502.0
2009-04-13,659.8,663.6,646.2,654.4,7153.0
2009-04-14,656.4,664.6,648.2,660.0,5991.0
2009-04-15,655.0,662.0,648.8,659.6,3904.0
2009-04-16,683.8,698.8,682.8,696.0,9566.0
2009-04-17,700.0,703.4,649.4,659.0,12791.0
2009-04-20,659.6,670.6,640.0,658.4,8661.0
2009-04-21,640.0,668.4,627.0,666.6,10409.0
2009-04-22,666.6,672.8,655.0,656.0,7378.0
2009-04-23,655.8,658.4,636.2,654.0,7464.0
2009-04-24,654.0,673.6,641.4,656.6,9641.0
2009-04-27,664.0,664.8,615.6,620.4,7972.0
2009-04-28,628.2,637.0,608.2,608.6,8976.0
2009-04-29,615.4,623.8,612.6,621.0,5403.0
2009-04-30,664.0,664.0,664.0,664.0,889.0
2009-05-04,710.4,710.4,710.4,710.4,271.0
2009-05-05,760.0,760.0,756.0,760.0,3577.0
2009-05-06,758.0,782.4,750.6,778.0,10023.0
2009-05-07,797.0,797.2,772.8,797.2,9593.0
2009-05-08,790.0,791.4,766.2,775.4,7631.0
2009-05-11,777.0,817.6,768.0,794.2,7901.0
2009-05-12,786.4,787.6,755.2,756.2,7127.0
2009-05-13,760.2,775.6,758.0,764.0,6072.0
2009-05-14,743.0,748.4,733.6,734.0,4988.0
2009-05-15,740.0,770.0,740.0,768.0,5316.0
2009-05-18,760.0,786.4,756.0,786.4,5411.0
2009-05-19,810.2,837.6,805.8,817.0,7292.0
2009-05-20,816.6,841.2,805.2,833.2,5531.0
2009-05-21,818.0,833.2,812.4,823.4,6649.0
2009-05-22,810.0,835.0,808.8,827.0,6150.0
2009-05-25,836.4,851.6,825.8,839.6,6295.0
2009-05-26,836.0,841.0,812.2,814.2,6740.0
2009-05-27,827.6,871.6,818.6,871.6,8164.0
2009-06-01,874.8,882.0,852.2,867.8,6625.0
2009-06-02,875.0,884.0,844.0,852.0,7515.0
2009-06-03,854.4,856.8,840.0,847.6,4848.0
2009-06-04,846.2,860.0,813.2,826.4,7853.0
2009-06-05,833.0,836.0,822.0,833.6,4409.0
2009-06-06,831.2,839.6,826.6,836.4,2145.0
2009-06-08,838.6,844.8,790.0,799.0,7116.0
2009-06-09,803.0,803.2,754.8,756.6,7750.0
2009-06-10,763.2,775.0,750.0,766.0,5957.0
2009-06-11,766.2,778.2,745.2,773.0,6089.0
2009-06-12,773.2,775.6,754.0,755.8,4334.0
2009-06-15,753.2,761.6,732.6,736.2,7031.0
2009-06-16,730.0,751.2,724.4,734.0,6018.0
2009-06-17,735.4,770.6,735.4,752.2,4275.0
2009-06-18,752.0,756.8,724.8,737.6,7605.0
2009-06-19,743.0,754.4,734.0,754.0,5367.0
2009-06-22,753.0,759.0,738.4,752.4,5405.0
2009-06-23,730.2,739.0,725.8,731.6,4162.0
2009-06-24,731.8,782.4,730.8,782.4,6127.0
2009-06-25,786.0,803.8,779.2,797.4,9354.0
2009-06-26,799.0,804.8,793.0,794.4,4357.0
2009-06-29,800.0,819.2,797.4,801.6,6078.0
2009-06-30,810.0,818.0,777.0,788.0,7688.0
2009-07-01,795.0,812.6,786.4,810.6,6561.0
2009-07-02,811.0,826.8,806.0,820.8,7283.0
2009-07-03,820.0,838.8,816.0,825.2,7653.0
2009-07-06,828.2,829.8,808.0,818.6,5930.0
2009-07-07,820.0,836.6,816.8,830.2,5301.0
2009-07-08,823.0,823.0,809.4,819.8,4730.0
2009-07-09,818.8,850.8,817.0,833.4,6565.0
2009-07-10,836.6,838.6,825.0,833.6,4023.0
2009-07-13,829.0,832.6,775.2,775.2,5929.0
2009-07-14,782.0,785.8,771.0,780.0,7382.0
2009-07-15,783.0,809.6,782.2,805.6,4131.0
2009-07-16,810.0,821.0,796.2,801.8,6769.0
2009-07-17,808.2,819.0,801.0,818.8,5365.0
2009-07-20,832.6,841.6,820.8,837.4,6265.0
2009-07-21,844.4,845.8,821.2,836.2,6368.0
2009-07-22,836.0,859.6,833.4,837.0,7863.0
2009-07-23,835.2,841.6,819.0,829.8,6554.0
2009-07-24,836.2,845.0,826.0,828.6,4777.0
2009-07-27,834.0,844.6,825.0,841.0,4890.0
2009-07-28,839.0,854.0,838.0,848.4,6017.0
2009-07-29,856.0,858.6,829.2,832.4,6436.0
2009-07-30,830.4,837.0,820.8,825.8,4567.0
2009-07-31,829.6,837.0,821.0,829.8,4535.0
2009-08-03,826.8,839.6,818.0,836.0,5948.0
2009-08-04,846.0,847.8,822.2,826.0,5734.0
2009-08-05,823.4,828.8,788.6,793.6,7167.0
2009-08-06,800.0,810.0,795.4,805.4,5823.0
2009-08-10,803.2,805.0,793.4,800.0,3492.0
2009-08-11,799.0,805.2,784.0,799.2,5315.0
2009-08-12,791.8,795.0,781.4,782.4,4011.0
2009-08-13,790.0,814.0,787.0,813.6,5873.0
2009-08-14,815.6,819.8,805.0,809.6,4313.0
2009-08-17,803.0,805.2,784.0,788.0,4472.0
2009-08-18,783.0,787.4,769.4,777.2,6340.0
2009-08-19,777.8,781.8,772.0,772.4,2359.0
2009-08-20,762.8,766.8,741.8,752.6,4433.0
2009-08-21,754.4,765.0,734.0,739.8,4176.0
2009-08-24,750.0,778.0,749.0,774.4,4186.0
2009-08-25,769.2,772.2,755.4,757.2,3259.0
2009-08-26,760.0,766.4,742.2,749.8,4137.0
2009-08-27,743.6,754.0,735.6,741.0,4178.0
2009-08-28,737.0,762.0,737.0,755.0,4626.0
2009-08-31,756.2,762.8,740.6,747.0,3222.0
2009-09-01,746.4,777.4,741.6,776.0,5443.0
2009-09-02,765.0,789.0,760.4,789.0,6406.0
2009-09-03,788.0,797.6,776.0,793.0,5979.0
2009-09-04,793.2,804.6,793.2,803.2,5009.0
2009-09-07,807.0,822.8,807.0,821.8,5004.0
2009-09-08,828.0,833.0,812.6,830.8,6562.0
2009-09-09,834.8,842.0,824.2,826.0,5323.0
2009-09-10,855.0,883.0,842.2,858.4,7285.0
2009-09-11,860.8,865.0,853.0,864.0,4338.0
2009-09-14,860.0,872.2,841.0,843.8,6498.0
2009-09-15,845.2,855.0,835.0,853.2,5584.0
2009-09-16,858.0,864.6,855.6,862.2,2864.0
2009-09-17,876.0,880.0,868.0,873.4,6464.0
2009-09-18,870.0,880.4,862.2,876.8,4092.0
2009-09-21,879.8,888.0,866.0,868.8,4486.0
2009-09-22,872.6,881.0,872.2,874.0,4173.0
2009-09-23,877.6,879.6,845.8,851.4,6088.0
2009-09-24,852.0,855.8,837.2,847.0,3650.0
2009-09-25,838.0,867.0,837.0,867.0,5077.0
2009-09-28,860.0,867.0,851.0,857.6,3709.0
2009-09-29,866.2,874.4,864.0,871.6,4227.0
2009-09-30,877.8,879.8,869.2,877.6,3849.0
2009-10-01,888.2,915.0,888.0,898.6,7265.0
2009-10-02,882.0,893.2,876.4,880.8,4972.0
2009-10-05,887.2,888.4,876.0,888.4,3824.0
2009-10-06,890.8,908.2,879.0,903.2,7957.0
2009-10-07,914.0,924.6,910.0,923.6,7573.0
2009-10-08,923.4,929.8,909.4,914.8,5714.0
2009-10-09,917.0,938.6,916.2,931.4,6546.0
2009-10-12,933.0,934.4,917.2,931.0,5679.0
2009-10-13,925.0,925.0,865.6,919.0,7433.0
2009-10-14,924.0,931.0,913.4,931.0,5402.0
2009-10-15,944.0,950.0,931.0,932.6,5759.0
2009-10-16,932.2,944.0,929.8,942.2,4908.0
2009-10-19,932.0,947.0,931.8,942.6,4024.0
2009-10-20,949.0,949.4,938.6,942.0,4781.0
2009-10-21,936.6,945.6,929.8,931.2,3399.0
2009-10-22,920.4,927.4,904.0,911.2,5199.0
2009-10-23,915.0,919.0,909.0,917.8,3005.0
2009-10-26,921.2,941.0,921.2,922.8,4320.0
2009-10-27,912.8,928.0,905.0,928.0,4500.0
2009-10-28,923.2,927.4,903.4,905.0,5418.0
2009-10-29,885.2,888.4,847.6,869.4,7934.0
2009-10-30,879.4,881.8,860.0,862.6,3930.0
2009-11-02,833.4,866.2,831.0,866.0,4117.0
2009-11-03,865.4,870.2,860.6,867.0,3269.0
2009-11-04,868.0,896.2,866.4,895.4,4847.0
2009-11-05,890.0,893.0,881.4,884.6,3148.0
2009-11-06,896.8,899.8,886.2,894.6,4061.0
2009-11-09,909.0,915.6,905.2,915.0,4854.0
2009-11-10,921.2,924.0,911.0,915.8,3555.0
2009-11-11,915.0,923.6,904.0,922.8,5028.0
2009-11-12,922.4,926.4,916.4,922.8,3608.0
2009-11-13,919.2,920.0,901.4,904.8,5653.0
2009-11-16,905.2,926.0,902.2,925.8,6187.0
2009-11-17,948.8,950.0,899.4,901.6,7484.0
2009-11-18,905.0,912.4,899.6,900.4,3969.0
2009-11-19,904.6,905.0,888.2,888.2,3962.0
2009-11-20,886.0,893.6,871.4,878.0,5306.0
2009-11-23,877.0,884.4,874.8,882.0,2575.0
2009-11-24,881.0,887.6,876.0,887.4,3691.0
2009-11-25,886.6,899.8,882.0,899.2,5330.0
2009-11-26,897.0,902.8,887.8,890.0,4190.0
2009-11-27,873.2,874.8,836.2,837.0,7373.0
2009-11-30,845.6,856.6,845.6,852.8,2970.0
2009-12-01,849.2,876.0,848.4,871.2,5259.0
2009-12-02,878.0,882.6,868.2,872.0,3741.0
2009-12-03,883.0,887.6,875.8,882.0,5251.0
2009-12-04,883.0,884.0,865.0,865.0,3372.0
2009-12-07,870.8,885.6,869.0,882.4,4227.0
2009-12-08,881.0,885.8,874.8,879.6,3058.0
2009-12-09,871.0,878.6,869.2,877.4,3201.0
2009-12-10,879.0,882.0,848.2,856.2,5898.0
2009-12-11,861.6,871.4,856.2,871.4,3579.0
2009-12-14,870.2,872.0,856.0,869.6,4344.0
2009-12-15,869.2,876.8,865.4,870.0,5590.0
2009-12-16,865.2,870.4,855.0,856.0,3049.0
2009-12-17,854.0,863.8,848.4,851.2,4463.0
2009-12-18,847.2,854.6,839.8,854.0,2923.0
2009-12-21,854.0,857.8,848.2,853.6,3563.0
2009-12-22,854.8,870.0,854.8,868.6,4576.0
2009-12-23,870.0,875.0,865.0,870.6,4799.0
2009-12-24,872.8,879.0,866.0,877.2,4907.0
2009-12-25,875.6,884.0,875.2,879.0,3572.0
2009-12-28,883.0,898.2,879.0,896.4,5496.0
2009-12-29,896.0,905.6,890.6,892.4,5113.0
2009-12-30,892.8,900.6,891.2,897.0,3204.0
2009-12-31,899.8,914.4,898.6,911.8,4756.0
2010-01-04,912.0,912.0,895.0,902.2,4255.0
2010-01-05,907.2,917.4,903.2,909.0,6666.0
2010-01-06,910.0,928.4,906.8,926.0,7847.0
2010-01-07,927.2,934.8,915.6,919.6,6122.0
2010-01-08,923.0,929.6,911.6,924.0,4888.0
2010-01-11,925.8,931.0,919.8,925.0,4243.0
2010-01-12,929.0,932.6,916.8,920.0,4654.0
2010-01-13,918.0,919.0,900.4,903.0,4266.0
2010-01-14,907.0,909.8,902.0,902.6,4841.0
2010-01-15,905.4,915.2,903.2,909.4,5214.0
2010-01-18,895.0,908.4,890.4,903.0,4420.0
2010-01-19,906.8,913.8,898.2,907.0,6870.0
2010-01-20,907.2,909.8,887.6,887.6,4501.0
2010-01-21,886.0,894.2,883.4,886.2,4888.0
2010-01-22,870.6,875.2,857.0,858.0,3767.0
2010-01-25,848.0,858.8,845.4,849.0,3199.0
2010-01-26,842.2,854.6,813.0,815.4,6182.0
2010-01-27,816.0,828.8,815.0,817.2,3590.0
2010-01-28,822.8,838.8,820.0,836.0,3842.0
2010-01-29,819.0,829.0,808.8,823.4,3583.0
2010-02-01,826.4,836.8,811.2,816.8,3569.0
2010-02-02,821.0,825.2,788.4,796.4,4611.0
2010-02-03,808.0,813.8,795.8,809.6,4237.0
2010-02-04,808.4,814.0,803.6,809.2,3109.0
2010-02-05,780.0,788.0,752.6,764.6,6538.0
2010-02-06,764.8,765.4,735.8,751.8,4019.0
2010-02-08,751.4,769.8,751.4,763.6,3744.0
2010-02-09,763.4,781.4,755.6,778.8,5587.0
2010-02-10,785.0,796.6,781.2,787.4,5354.0
2010-02-22,793.2,824.0,793.2,819.4,2980.0
2010-02-23,819.0,819.0,808.8,814.6,3712.0
2010-02-24,802.0,824.4,801.2,809.6,4358.0
2010-02-25,815.0,817.6,791.4,797.2,4623.0
2010-02-26,797.0,810.0,794.4,801.0,3514.0
2010-03-01,806.0,824.2,799.8,818.0,4309.0
2010-03-02,820.0,822.8,813.6,820.0,3224.0
2010-03-03,822.0,839.2,819.8,833.2,5967.0
2010-03-04,837.6,837.6,809.0,814.2,4703.0
2010-03-05,820.0,836.4,820.0,829.6,4053.0
2010-03-08,840.0,840.6,830.0,835.6,2693.0
2010-03-09,834.8,837.8,831.2,835.8,2479.0
2010-03-10,837.2,844.4,832.0,840.0,3836.0
2010-03-11,845.0,845.4,825.6,829.6,4206.0
2010-03-12,831.6,833.2,826.4,831.4,2286.0
2010-03-15,831.0,831.8,812.0,818.0,3804.0
2010-03-16,817.2,826.0,817.2,825.6,3674.0
2010-03-17,833.2,843.2,830.6,842.8,2850.0
2010-03-18,841.0,855.8,839.0,844.8,4731.0
2010-03-19,851.0,851.8,840.0,848.8,3074.0
2010-03-22,842.6,846.0,834.4,840.4,3105.0
2010-03-23,842.8,844.0,834.6,838.0,3363.0
2010-03-24,843.6,849.8,837.6,839.4,4302.0
2010-03-25,838.0,842.2,826.0,835.6,4502.0
2010-03-26,836.4,844.6,822.2,838.0,4311.0
2010-03-29,841.0,850.8,841.0,848.0,3056.0
2010-03-30,853.2,855.4,847.8,851.6,3265.0
2010-03-31,848.2,848.2,836.2,838.0,3050.0
2010-04-01,840.0,854.8,839.2,853.2,3731.0
2010-04-02,853.0,858.0,850.2,854.0,1873.0
2010-04-06,856.2,860.8,853.0,853.8,2715.0
2010-04-07,858.6,859.4,854.2,859.0,2341.0
2010-04-08,856.8,877.6,850.6,863.6,8087.0
2010-04-09,866.0,870.0,861.6,869.0,4109.0
2010-04-12,874.0,876.8,867.4,869.8,2996.0
2010-04-13,866.8,866.8,851.0,851.0,3561.0
2010-04-14,863.0,863.0,853.4,861.8,2345.0
2010-04-15,867.0,868.0,857.8,863.6,4273.0
2010-04-16,861.2,863.2,851.2,853.8,3412.0
2010-04-19,839.2,842.2,816.0,816.6,5377.0
2010-04-20,822.6,825.4,819.6,823.0,4695.0
2010-04-21,826.0,834.0,826.0,828.0,3698.0
2010-04-22,816.4,822.0,806.6,817.8,3934.0
2010-04-23,818.6,822.8,814.2,818.4,2773.0
2010-04-26,824.2,842.4,824.2,840.4,4437.0
2010-04-27,840.0,841.0,835.4,837.4,2188.0
2010-04-28,817.0,825.0,807.4,819.4,4354.0
2010-04-29,817.2,824.2,817.2,821.4,2089.0
2010-04-30,830.6,841.8,820.0,825.4,5837.0
2010-05-03,822.0,825.0,815.0,818.4,3353.0
2010-05-04,823.0,828.4,813.6,816.8,4185.0
2010-05-05,800.6,807.2,797.8,799.4,4113.0
2010-05-06,799.4,806.0,792.4,800.2,4645.0
2010-05-07,775.0,788.4,768.4,782.4,4988.0
2010-05-10,787.0,792.0,783.0,792.0,2641.0
2010-05-11,789.2,803.4,783.4,786.8,5097.0
2010-05-12,793.8,799.4,790.4,798.0,3603.0
2010-05-13,812.0,826.2,806.2,826.2,5236.0
2010-05-14,818.6,823.2,816.6,822.2,2520.0
2010-05-17,805.2,810.2,796.0,802.4,4229.0
2010-05-18,806.0,810.0,802.6,810.0,4171.0
2010-05-19,798.0,807.4,796.8,804.2,3436.0
2010-05-20,799.0,800.0,780.8,782.2,3758.0
2010-05-21,780.0,781.0,751.6,759.0,4250.0
2010-05-24,762.4,771.0,760.8,765.0,2326.0
2010-05-25,755.0,755.2,734.6,738.8,3872.0
2010-05-26,745.0,755.4,737.0,752.8,3566.0
2010-05-27,749.0,760.6,740.2,755.4,3652.0
2010-05-28,763.0,766.6,754.0,762.0,2877.0
2010-05-31,760.2,769.0,757.0,766.4,2141.0
2010-06-01,762.6,762.6,751.0,751.6,3096.0
2010-06-02,746.0,760.6,741.2,745.6,3012.0
2010-06-03,755.0,768.0,755.0,767.4,2643.0
2010-06-04,767.8,767.8,757.2,758.0,1643.0
2010-06-07,740.0,740.0,728.0,738.8,2907.0
2010-06-08,736.0,746.2,736.0,744.4,2549.0
2010-06-09,740.6,743.4,725.0,730.6,2844.0
2010-06-10,733.0,745.0,732.4,745.0,2143.0
2010-06-11,753.0,766.0,753.0,762.2,3414.0
2010-06-14,773.0,782.2,769.4,779.0,4165.0
2010-06-15,776.0,792.6,774.6,791.4,3572.0
2010-06-17,798.4,798.4,787.8,791.4,1955.0
2010-06-18,782.0,787.6,775.4,782.0,2361.0
2010-06-21,791.4,806.8,791.4,805.8,3787.0
2010-06-22,800.0,803.2,798.6,801.0,1652.0
2010-06-23,795.0,801.4,792.0,796.0,2078.0
2010-06-24,796.0,803.0,792.6,797.6,2714.0
2010-06-25,793.4,815.4,788.8,800.6,6620.0
2010-06-28,804.4,822.0,804.0,819.8,4693.0
2010-06-29,821.0,824.8,799.4,801.0,4886.0
2010-06-30,788.4,791.4,780.6,789.0,3002.0
2010-07-01,787.0,793.8,780.0,783.2,3788.0
2010-07-02,783.6,820.8,783.6,810.8,7418.0
2010-07-05,814.8,825.0,811.8,824.8,4775.0
2010-07-06,815.6,838.4,813.6,838.2,5566.0
2010-07-07,836.0,836.0,826.0,831.0,2925.0
2010-07-08,847.0,847.8,825.6,831.0,4706.0
2010-07-09,834.2,836.8,831.0,835.4,2934.0
2010-07-12,834.8,845.8,826.4,828.2,4412.0
2010-07-13,833.2,836.0,826.0,834.6,3278.0
2010-07-14,844.0,856.0,841.2,856.0,5065.0
2010-07-15,851.6,861.0,850.0,857.0,4190.0
2010-07-16,858.2,873.8,850.4,865.4,6844.0
2010-07-19,858.8,867.4,857.4,861.4,4498.0
2010-07-20,860.0,864.6,852.4,862.0,5888.0
2010-07-21,863.4,866.2,849.8,852.0,3355.0
2010-07-22,847.2,855.4,838.2,839.8,5301.0
2010-07-23,846.8,849.2,843.6,845.6,4045.0
2010-07-26,849.8,855.6,842.6,846.8,4489.0
2010-07-27,849.2,850.0,835.0,837.2,3131.0
2010-07-28,840.0,846.8,836.0,845.0,4038.0
2010-07-29,844.6,848.6,838.6,843.0,3675.0
2010-07-30,839.2,851.4,836.6,847.4,4555.0
2010-08-02,856.0,881.6,853.8,878.4,6678.0
2010-08-03,883.0,883.0,869.6,882.4,3936.0
2010-08-04,881.6,886.6,878.8,885.0,3909.0
2010-08-05,887.4,894.2,883.8,887.0,4625.0
2010-08-06,886.0,890.4,882.0,890.4,2410.0
2010-08-09,888.2,912.6,888.2,909.6,4407.0
2010-08-10,910.2,911.8,903.0,904.2,3860.0
2010-08-11,900.2,904.8,887.6,889.0,4296.0
2010-08-12,877.0,891.4,876.0,891.4,4247.0
2010-08-13,890.4,897.6,882.6,894.2,4203.0
2010-08-16,884.8,900.0,884.2,895.8,3909.0
2010-08-17,892.2,899.4,891.0,892.4,3647.0
2010-08-18,893.0,894.2,882.4,883.4,3723.0
2010-08-19,884.2,884.2,861.4,870.0,5352.0
2010-08-20,868.4,874.4,867.0,872.6,3401.0
2010-08-23,873.0,896.6,869.2,891.6,5580.0
2010-08-24,889.0,898.4,885.6,888.0,4934.0
2010-08-25,885.0,885.8,854.4,855.2,6611.0
2010-08-26,858.8,858.8,842.0,842.6,4722.0
2010-08-27,840.0,852.8,840.0,851.0,4650.0
2010-08-30,859.0,869.2,855.0,860.6,4932.0
2010-08-31,854.0,861.4,845.8,853.6,5125.0
2010-09-01,857.6,860.6,853.2,859.2,3653.0
2010-09-02,865.0,867.6,861.2,864.0,3318.0
2010-09-03,866.0,873.8,865.2,870.2,4245.0
2010-09-06,875.8,880.8,873.4,876.4,3949.0
2010-09-07,874.4,876.2,869.2,870.2,2315.0
2010-09-08,869.0,880.0,860.4,868.8,6403.0
2010-09-09,870.6,872.4,861.6,863.2,3268.0
2010-09-10,868.8,876.0,866.6,876.0,4758.0
2010-09-13,881.0,905.0,880.4,902.8,7726.0
2010-09-14,902.8,904.6,896.6,898.4,5029.0
2010-09-15,900.2,910.2,897.8,906.8,4056.0
2010-09-16,909.2,913.8,898.0,898.0,5154.0
2010-09-17,910.0,915.2,903.6,909.2,7593.0
2010-09-20,909.6,913.6,905.6,910.4,3446.0
2010-09-21,914.0,914.8,902.8,910.6,4237.0
2010-09-23,912.2,919.6,910.4,917.0,5832.0
2010-09-24,914.8,919.0,911.2,913.0,5716.0
2010-09-27,917.6,921.0,914.0,916.4,5041.0
2010-09-28,915.0,915.4,909.0,910.4,2893.0
2010-09-29,912.8,921.4,911.0,911.4,4655.0
2010-09-30,909.8,911.8,904.6,909.2,3736.0
2010-10-01,910.8,915.6,908.8,912.0,3969.0
2010-10-04,914.8,923.0,909.4,917.2,6521.0
2010-10-05,916.0,918.6,910.6,917.0,4360.0
2010-10-06,924.0,928.6,922.2,926.2,4192.0
2010-10-07,926.2,935.2,926.0,931.8,4671.0
2010-10-08,931.0,931.0,918.6,918.6,4734.0
2010-10-11,922.0,923.4,902.4,904.6,4720.0
2010-10-12,906.0,908.0,894.4,896.8,4701.0
2010-10-13,900.0,903.6,893.8,903.0,4038.0
2010-10-14,911.0,917.0,909.4,913.0,4364.0
2010-10-15,910.8,914.6,909.6,911.6,2793.0
2010-10-18,909.4,911.0,888.6,890.4,5364.0
2010-10-19,894.0,894.8,887.4,890.4,3427.0
2010-10-20,881.2,894.2,881.2,891.0,3571.0
2010-10-21,893.0,898.4,885.4,886.6,5007.0
2010-10-22,888.0,890.0,884.4,888.6,2567.0
2010-10-25,890.0,906.6,888.6,904.6,6393.0
2010-10-26,905.0,906.8,900.2,904.6,3679.0
2010-10-27,905.4,911.4,894.2,896.6,4927.0
2010-10-28,896.0,903.6,893.0,901.2,5354.0
2010-10-29,898.0,898.8,893.0,897.8,2961.0
2010-11-01,899.2,913.0,899.2,909.6,6187.0
2010-11-02,910.4,918.6,910.4,913.4,5018.0
2010-11-03,918.0,921.2,905.2,910.6,5110.0
2010-11-04,913.0,918.0,906.8,913.4,3916.0
2010-11-05,921.6,926.4,920.0,925.4,5067.0
2010-11-08,930.0,934.8,924.2,929.8,5035.0
2010-11-09,928.8,928.8,921.2,923.4,3631.0
2010-11-10,925.0,926.0,915.4,920.4,3742.0
2010-11-11,919.6,923.6,918.2,921.6,3362.0
2010-11-12,918.8,920.6,897.0,897.0,6033.0
2010-11-15,894.2,898.8,884.6,888.0,3904.0
2010-11-16,885.2,892.4,882.8,888.6,5012.0
2010-11-17,883.2,886.2,878.8,879.6,3581.0
2010-11-18,883.8,889.2,880.6,886.6,3950.0
2010-11-19,890.6,893.0,879.0,879.4,3986.0
2010-11-22,883.2,889.8,882.2,886.0,4020.0
2010-11-23,885.6,889.4,879.2,881.8,3748.0
2010-11-24,875.0,883.0,873.8,877.6,3625.0
2010-11-25,880.8,885.0,877.4,884.4,3733.0
2010-11-26,885.2,886.0,872.0,872.0,3534.0
2010-11-29,880.6,886.8,876.6,881.6,4918.0
2010-11-30,880.0,884.8,878.4,880.4,3867.0
2010-12-01,881.2,924.0,881.2,923.8,11797.0
2010-12-02,930.0,945.0,926.0,931.4,7978.0
2010-12-03,933.0,933.8,925.2,926.6,4600.0
2010-12-06,928.0,948.6,928.0,943.6,7668.0
2010-12-07,944.0,950.2,937.4,949.8,5099.0
2010-12-08,950.0,951.0,938.8,942.8,4418.0
2010-12-09,947.0,956.2,943.2,949.0,8312.0
2010-12-10,941.0,942.2,930.4,938.4,5615.0
2010-12-13,935.4,943.8,935.4,938.0,4734.0
2010-12-14,939.4,943.6,931.6,934.8,6586.0
2010-12-15,934.4,939.4,929.4,931.2,5127.0
2010-12-16,937.2,945.8,935.2,939.0,6346.0
2010-12-17,940.0,953.4,939.0,950.0,8837.0
2010-12-20,953.0,964.0,947.0,952.0,8643.0
2010-12-21,955.0,961.8,946.0,961.4,7462.0
2010-12-22,961.4,964.6,958.2,959.0,5753.0
2010-12-23,959.0,968.2,958.4,963.0,6873.0
2010-12-24,963.0,968.0,961.6,963.6,5686.0
2010-12-27,964.0,992.6,964.0,989.8,12534.0
2010-12-28,990.2,991.8,982.0,986.8,7928.0
2010-12-29,988.6,1019.6,986.0,1018.2,20003.0
2010-12-30,1018.8,1023.6,1014.6,1018.8,12294.0
2010-12-31,1018.6,1047.8,1017.8,1042.2,19972.0
2011-01-03,1046.6,1068.6,1044.0,1068.0,18398.0
2011-01-04,1068.0,1068.0,1033.2,1034.2,19365.0
2011-01-05,1030.0,1058.0,1007.0,1023.8,40407.0
2011-01-06,1026.8,1036.2,1013.6,1034.8,21676.0
2011-01-07,1033.2,1034.8,999.0,1004.0,22649.0
2011-01-10,1008.0,1017.8,1004.2,1016.2,14701.0
2011-01-11,1013.8,1038.0,1010.2,1035.6,17561.0
2011-01-12,1035.6,1055.6,1035.2,1049.0,17899.0
2011-01-13,1055.0,1063.6,1044.4,1054.6,20413.0
2011-01-14,1054.2,1060.4,1050.0,1058.2,14851.0
2011-01-17,1063.0,1064.2,1035.6,1036.4,14448.0
2011-01-18,1037.0,1059.6,1034.2,1055.0,14757.0
2011-01-19,1057.8,1063.4,1051.8,1062.6,9178.0
2011-01-20,1055.2,1063.8,1054.6,1058.4,10017.0
2011-01-21,1056.0,1056.0,1035.4,1047.0,18386.0
2011-01-24,1050.0,1057.6,1048.8,1053.2,8345.0
2011-01-25,1060.0,1067.6,1059.0,1064.4,11487.0
2011-01-26,1066.8,1071.8,1061.2,1070.2,11958.0
2011-01-27,1072.2,1075.8,1064.8,1071.8,12323.0
2011-01-28,1071.8,1081.2,1070.6,1077.4,10770.0
2011-02-08,1082.0,1085.6,1062.0,1067.2,11550.0
2011-02-09,1070.0,1075.0,1054.0,1056.8,13308.0
2011-02-10,1052.0,1052.8,1008.2,1012.2,18047.0
2011-02-11,1008.0,1016.8,954.2,967.0,23392.0
2011-02-14,980.2,984.4,970.2,978.0,10827.0
2011-02-15,975.4,978.2,950.2,977.0,14493.0
2011-02-16,979.6,989.2,973.4,981.8,6342.0
2011-02-17,981.0,981.6,961.2,965.6,11187.0
2011-02-18,970.2,1012.8,970.2,1009.0,19404.0
2011-02-21,1009.0,1009.0,988.0,1001.6,12092.0
2011-02-22,987.0,987.4,970.2,980.0,12281.0
2011-02-23,977.2,985.2,965.6,970.4,11791.0
2011-02-24,967.0,981.8,967.0,969.0,9293.0
2011-02-25,972.2,981.2,951.2,968.8,15103.0
2011-03-01,975.8,982.6,971.0,976.4,7065.0
2011-03-02,966.0,977.0,964.0,968.8,8066.0
2011-03-03,973.0,988.0,970.2,985.2,10667.0
2011-03-04,992.0,994.4,985.0,986.0,6304.0
2011-03-07,985.0,995.6,982.8,988.8,7492.0
2011-03-08,988.0,995.0,985.8,988.2,6099.0
2011-03-09,995.0,1001.0,989.0,994.2,8013.0
2011-03-10,993.8,998.2,984.6,985.6,10115.0
2011-03-11,978.0,983.2,971.2,982.4,7292.0
2011-03-14,974.2,977.0,929.4,952.0,12848.0
2011-03-15,946.2,951.6,885.2,919.4,16164.0
2011-03-16,942.0,944.6,921.8,927.4,4815.0
2011-03-17,917.2,930.8,908.4,928.8,10144.0
2011-03-18,937.0,941.2,929.2,933.4,7622.0
2011-03-21,936.2,946.4,924.6,945.0,8318.0
2011-03-22,949.0,974.0,946.8,963.4,10084.0
2011-03-23,963.6,972.0,958.2,968.4,7122.0
2011-03-24,974.2,976.4,965.4,971.6,5881.0
2011-03-25,976.2,989.6,969.0,972.6,7660.0
2011-03-28,972.6,978.6,971.8,974.0,5384.0
2011-03-29,974.0,985.6,972.0,984.8,6420.0
2011-03-30,988.8,1000.8,986.6,994.0,7124.0
2011-03-31,995.8,999.6,987.4,997.2,7625.0
2011-04-01,997.8,999.4,991.0,999.4,4608.0
2011-04-06,1003.0,1014.8,1000.0,1009.4,8420.0
2011-04-07,1012.0,1013.6,1005.2,1010.8,5933.0
2011-04-08,1010.4,1017.4,1002.6,1008.8,8939.0
2011-04-11,1009.8,1012.8,996.4,1001.8,6822.0
2011-04-12,995.0,997.2,985.6,987.4,6692.0
2011-04-13,989.0,993.0,982.6,992.8,4685.0
2011-04-14,990.4,995.8,983.8,987.4,5660.0
2011-04-15,986.2,993.8,971.4,976.0,6188.0
2011-04-18,978.0,986.0,975.2,977.2,4988.0
2011-04-19,970.6,972.0,957.0,961.0,5454.0
2011-04-20,968.0,986.8,967.2,984.2,4796.0
2011-04-21,998.0,1024.2,996.0,1019.6,12867.0
2011-04-22,1023.4,1031.4,1021.0,1029.6,8382.0
2011-04-25,1037.0,1047.6,1032.0,1037.6,10381.0
2011-04-26,1022.0,1025.0,1004.4,1015.4,10812.0
2011-04-27,1026.2,1040.8,1019.2,1040.0,12825.0
2011-04-28,1047.0,1048.6,1031.4,1032.0,11394.0
2011-04-29,1036.4,1043.0,1024.0,1040.8,10223.0
2011-05-03,1042.8,1047.0,1030.0,1033.2,9554.0
2011-05-04,1032.8,1034.6,1020.8,1028.2,8569.0
2011-05-05,1024.2,1042.6,1017.4,1042.4,10093.0
2011-05-06,1030.0,1033.6,1025.4,1032.4,6775.0
2011-05-09,1032.0,1052.4,1030.0,1044.8,10913.0
2011-05-10,1046.2,1049.8,1041.8,1043.2,6564.0
2011-05-11,1048.8,1050.0,1031.0,1033.6,7865.0
2011-05-12,1025.2,1032.0,1023.2,1026.6,7360.0
2011-05-13,1026.6,1032.8,1023.6,1030.0,7057.0
2011-05-16,1025.2,1033.4,1015.4,1016.4,7579.0
2011-05-17,1010.6,1020.8,1009.6,1018.0,7150.0
2011-05-18,1017.8,1020.0,1005.6,1010.0,5457.0
2011-05-19,1020.0,1035.0,1003.2,1003.2,14032.0
2011-05-20,1011.8,1017.4,999.4,1001.0,9642.0
2011-05-23,992.0,996.8,986.2,990.2,5718.0
2011-05-24,988.0,998.8,985.2,998.2,7141.0
2011-05-25,997.2,997.2,985.0,985.8,6583.0
2011-05-26,995.0,999.8,991.6,998.2,4620.0
2011-05-27,998.8,1008.0,992.0,994.4,7036.0
2011-05-30,991.6,1002.4,990.4,1002.4,4720.0
2011-05-31,1003.6,1021.8,1002.0,1019.6,7728.0
2011-06-01,1018.8,1026.0,1017.2,1025.4,6789.0
2011-06-02,1009.0,1020.4,1008.6,1020.0,4943.0
2011-06-03,1024.6,1025.8,1016.6,1025.0,5231.0
2011-06-07,1021.0,1026.8,1010.0,1026.8,5673.0
2011-06-08,1023.0,1025.2,1015.2,1017.4,4587.0
2011-06-09,1014.2,1025.2,1013.4,1024.6,5119.0
2011-06-10,1028.0,1031.4,1004.0,1005.2,8963.0
2011-06-13,1000.0,1005.4,989.4,994.0,5840.0
2011-06-14,996.0,1003.6,994.4,1002.6,5942.0
2011-06-15,1002.2,1002.2,983.8,997.4,5120.0
2011-06-16,977.2,981.6,974.0,974.6,4484.0
2011-06-17,976.6,984.4,969.4,974.2,5471.0
2011-06-20,980.2,984.0,963.4,967.2,5475.0
2011-06-21,976.6,979.6,971.0,977.6,5400.0
2011-06-22,983.6,993.8,980.2,984.2,7741.0
2011-06-23,982.0,985.2,974.0,974.0,4893.0
2011-06-24,976.2,981.6,973.2,980.2,5845.0
2011-06-27,971.0,977.0,960.8,973.2,6277.0
2011-06-28,979.0,979.0,967.0,968.2,4406.0
2011-06-29,973.4,995.0,971.0,995.0,7825.0
2011-06-30,995.2,1005.4,992.6,1002.0,5833.0
2011-07-01,1008.6,1020.6,1005.4,1015.4,7652.0
2011-07-04,1023.8,1024.8,1013.0,1014.6,5615.0
2011-07-05,1013.0,1019.8,1013.0,1017.6,4303.0
2011-07-06,1019.2,1024.4,1018.0,1022.8,5353.0
2011-07-07,1022.6,1032.6,1021.0,1031.6,6276.0
2011-07-08,1033.0,1038.2,1022.4,1022.8,7642.0
2011-07-11,1020.0,1030.6,1020.0,1026.8,5747.0
2011-07-12,1020.0,1020.0,1006.8,1011.0,7039.0
2011-07-13,1013.8,1017.6,1005.4,1014.0,7094.0
2011-07-14,1010.0,1017.2,1000.6,1012.8,6876.0
2011-07-15,1013.8,1035.2,1012.0,1035.0,8441.0
2011-07-18,1031.4,1043.2,1026.4,1031.0,8745.0
2011-07-19,1034.0,1039.4,1029.6,1037.8,5672.0
2011-07-20,1042.8,1051.8,1042.2,1050.6,3800.0
2011-07-21,1044.8,1049.2,1037.4,1041.8,5503.0
2011-07-22,1046.0,1054.0,1039.2,1049.2,7203.0
2011-07-25,1045.0,1052.8,1034.8,1035.6,7048.0
2011-07-26,1037.8,1050.4,1036.2,1050.0,6652.0
2011-07-27,1045.0,1058.0,1045.0,1056.4,6519.0
2011-07-28,1047.0,1055.8,1046.6,1054.8,5272.0
2011-07-29,1050.6,1055.6,1035.2,1038.0,7862.0
2011-08-01,1054.8,1069.8,1051.2,1068.6,7900.0
2011-08-02,1061.2,1064.0,1051.2,1060.0,6706.0
2011-08-03,1043.0,1045.8,1029.2,1035.8,8171.0
2011-08-04,1037.8,1066.8,1036.2,1041.0,14017.0
2011-08-05,999.0,1008.8,969.8,972.0,16788.0
2011-08-08,964.8,975.0,904.8,941.0,18059.0
2011-08-09,899.8,939.8,881.0,934.0,13199.0
2011-08-10,947.0,970.2,945.2,965.0,13001.0
2011-08-11,953.0,980.8,941.0,963.6,14436.0
2011-08-12,967.0,972.8,943.0,943.0,10412.0
2011-08-15,953.0,968.8,950.8,966.0,6920.0
2011-08-16,970.0,974.2,958.0,961.0,7515.0
2011-08-17,963.0,973.8,958.6,968.0,4352.0
2011-08-18,951.8,954.0,935.0,940.8,8542.0
2011-08-19,911.0,926.0,900.0,900.0,9364.0
2011-08-22,899.6,934.6,893.2,912.8,12219.0
2011-08-23,918.0,950.4,913.0,948.4,9834.0
2011-08-24,953.0,954.0,919.0,928.0,10526.0
2011-08-25,941.2,948.0,915.6,917.2,8289.0
2011-08-26,920.0,933.0,910.0,923.2,9167.0
2011-08-29,925.2,939.8,921.2,927.4,6197.0
2011-08-30,936.0,937.4,927.0,932.0,6143.0
2011-08-31,932.0,946.8,930.2,946.8,6780.0
2011-09-01,950.0,975.0,948.0,954.8,11072.0
2011-09-02,964.0,970.0,957.0,964.0,8342.0
2011-09-05,949.6,949.6,922.4,922.6,7202.0
2011-09-06,903.8,917.8,883.6,886.6,10663.0
2011-09-07,900.2,910.0,887.0,903.8,10256.0
2011-09-08,908.0,918.6,896.6,904.0,9050.0
2011-09-09,904.6,917.0,898.2,906.4,7624.0
2011-09-13,888.0,890.8,852.8,854.0,9911.0
2011-09-14,856.0,866.8,813.4,823.0,14066.0
2011-09-15,849.0,850.0,832.8,841.8,8764.0
2011-09-16,858.0,884.4,856.4,883.0,10925.0
2011-09-19,872.0,874.2,845.2,849.8,6918.0
2011-09-20,845.0,859.6,833.6,847.4,9444.0
2011-09-21,852.8,862.0,844.6,855.2,5310.0
2011-09-22,820.2,827.8,818.6,823.0,6725.0
2011-09-23,800.0,801.6,782.0,792.6,7602.0
2011-09-26,794.2,796.6,769.4,774.2,8021.0
2011-09-27,800.0,811.6,792.0,809.8,8359.0
2011-09-28,814.0,814.2,802.2,803.8,6758.0
2011-09-29,794.8,822.8,790.6,820.4,8294.0
2011-09-30,823.0,836.0,820.0,822.4,8069.0
2011-10-03,803.0,808.2,781.2,786.0,7235.0
2011-10-04,769.8,801.4,767.0,801.4,7065.0
2011-10-05,795.6,795.6,777.8,779.4,6006.0
2011-10-06,794.6,814.0,794.6,804.4,7638.0
2011-10-07,822.0,829.8,816.0,822.0,7865.0
2011-10-11,850.8,856.0,842.6,850.0,6368.0
2011-10-12,846.0,846.8,836.2,843.6,5238.0
2011-10-13,852.6,857.4,841.2,841.4,5738.0
2011-10-14,839.0,840.6,830.0,834.0,3947.0
2011-10-17,845.0,849.0,835.8,843.0,5567.0
2011-10-18,828.6,834.2,822.2,826.4,5703.0
2011-10-19,830.0,837.8,827.6,828.2,2801.0
2011-10-20,830.0,831.0,812.0,812.4,6070.0
2011-10-21,815.0,826.6,815.0,825.6,4811.0
2011-10-24,839.4,865.2,839.2,863.4,6745.0
2011-10-25,867.8,867.8,853.8,855.8,5006.0
2011-10-26,848.6,867.0,844.0,864.0,5843.0
2011-10-27,866.0,875.0,856.0,868.0,8092.0
2011-10-28,885.0,901.4,882.0,882.8,9198.0
2011-10-31,888.4,898.4,877.2,880.0,6912.0
2011-11-01,880.2,889.6,867.8,881.0,8876.0
2011-11-02,857.0,866.8,849.2,861.2,7205.0
2011-11-03,857.0,860.6,832.0,832.0,8472.0
2011-11-04,859.8,864.4,854.2,860.8,6722.0
2011-11-07,857.2,861.0,848.2,854.2,4648.0
2011-11-08,855.0,868.8,846.8,847.2,7534.0
2011-11-09,858.0,860.6,845.6,852.0,5473.0
2011-11-10,822.0,826.2,797.0,801.8,8841.0
2011-11-11,803.8,810.2,799.0,807.4,5111.0
2011-11-14,823.0,833.0,820.2,823.2,5723.0
2011-11-15,816.2,823.4,811.6,814.2,5205.0
2011-11-16,816.2,819.2,792.2,792.6,3863.0
2011-11-17,784.8,794.6,775.6,794.2,6861.0
2011-11-18,781.0,795.8,777.0,788.4,8740.0
2011-11-21,785.4,789.0,767.8,772.0,8395.0
2011-11-22,772.0,787.6,765.6,775.0,8786.0
2011-11-23,768.0,769.0,744.6,746.0,10836.0
2011-11-24,747.2,771.0,747.2,768.0,9705.0
2011-11-25,772.0,778.6,747.0,749.8,9508.0
2011-11-28,765.6,768.8,757.4,766.2,5973.0
2011-11-29,774.0,777.8,765.8,774.4,6449.0
2011-11-30,767.2,768.6,750.0,757.8,6042.0
2011-12-01,792.2,810.6,790.8,810.6,7789.0
2011-12-02,812.2,813.8,798.0,803.0,7352.0
2011-12-05,809.0,809.8,791.2,800.6,6892.0
2011-12-06,798.0,799.0,776.0,778.6,6844.0
2011-12-07,781.8,793.4,781.2,792.6,5437.0
2011-12-08,787.0,788.0,772.6,777.4,6510.0
2011-12-09,747.8,777.8,746.8,772.8,8565.0
2011-12-12,782.0,789.0,776.2,778.0,4121.0
2011-12-13,763.2,769.2,756.6,762.2,5376.0
2011-12-14,762.2,766.6,757.4,762.8,4251.0
2011-12-15,752.2,752.2,737.0,737.0,5046.0
2011-12-16,742.6,744.4,736.6,737.4,4185.0
2011-12-19,731.0,733.6,707.0,709.6,7224.0
2011-12-20,714.4,718.2,703.8,705.2,6283.0
2011-12-21,728.0,750.8,728.0,750.0,5422.0
2011-12-22,753.0,769.8,752.4,760.8,9328.0
2011-12-23,770.0,799.4,770.0,797.4,9789.0
2011-12-26,798.0,798.0,788.2,791.8,4689.0
2011-12-27,790.2,791.4,778.0,786.8,4642.0
2011-12-28,784.2,791.2,778.6,783.8,4933.0
2011-12-29,778.8,785.4,774.0,785.0,5060.0
2011-12-30,791.6,800.6,781.8,781.8,7162.0
2012-01-02,782.0,787.6,758.8,761.8,8051.0
2012-01-03,774.8,785.6,770.0,779.6,7331.0
2012-01-04,786.0,791.6,779.8,783.0,6748.0
2012-01-05,781.2,788.0,778.6,788.0,5021.0
2012-01-06,783.0,785.0,771.0,773.0,7550.0
2012-01-09,766.0,771.4,760.2,764.4,4871.0
2012-01-10,771.4,781.4,771.4,777.6,5741.0
2012-01-11,780.0,783.4,775.0,777.2,4234.0
2012-01-12,778.4,780.6,773.8,777.6,4414.0
2012-01-13,784.0,788.8,774.4,776.2,7009.0
2012-01-16,783.0,789.6,757.4,757.8,11360.0
2012-01-17,768.6,777.0,759.8,776.0,6113.0
2012-01-18,773.0,774.2,756.6,759.2,3417.0
2012-01-30,777.0,788.0,770.6,778.4,7183.0
2012-01-31,783.8,812.4,782.8,808.0,11121.0
2012-02-01,811.6,828.4,806.0,821.8,10376.0
2012-02-02,833.0,837.6,824.0,834.6,9333.0
2012-02-03,834.2,838.4,828.6,836.0,6781.0
2012-02-04,848.6,876.6,846.2,873.2,11283.0
2012-02-06,867.4,869.0,849.0,853.0,8668.0
2012-02-07,856.0,864.4,847.4,855.0,10492.0
2012-02-08,864.6,874.6,860.6,874.6,10417.0
2012-02-09,870.0,878.6,863.2,878.0,9297.0
2012-02-10,874.8,890.8,871.2,874.2,11590.0
2012-02-13,882.0,885.0,873.6,880.2,7973.0
2012-02-14,881.2,881.2,856.6,867.2,10115.0
2012-02-15,871.2,875.2,859.2,874.6,4596.0
2012-02-16,870.4,876.8,853.2,859.4,9619.0
2012-02-17,869.4,872.4,852.2,857.0,10915.0
2012-02-20,865.0,869.2,855.0,856.4,6966.0
2012-02-21,853.6,857.4,838.8,851.0,9678.0
2012-02-22,847.0,862.4,839.6,855.2,10589.0
2012-02-23,848.2,853.2,844.6,847.8,5278.0
2012-02-24,849.0,857.4,845.0,849.4,6961.0
2012-02-29,857.8,873.4,853.4,869.2,9597.0
2012-03-01,870.8,871.6,862.6,865.2,6188.0
2012-03-02,872.0,875.6,859.0,863.2,7444.0
2012-03-03,859.2,860.0,850.0,855.0,3603.0
2012-03-05,852.4,853.2,837.6,841.4,6794.0
2012-03-06,840.0,843.8,825.0,831.8,8652.0
2012-03-07,821.6,825.6,816.0,821.0,5191.0
2012-03-08,826.2,848.8,822.0,838.8,9827.0
2012-03-09,837.4,845.8,829.0,839.0,9073.0
2012-03-12,841.0,841.8,832.2,835.2,4656.0
2012-03-13,838.2,867.6,838.2,858.0,11728.0
2012-03-14,868.0,877.8,858.8,860.8,9564.0
2012-03-15,865.0,872.6,858.0,865.0,7571.0
2012-03-16,866.4,866.4,854.8,856.8,5697.0
2012-03-19,861.6,864.8,849.6,859.6,7648.0
2012-03-20,858.6,861.0,846.2,849.6,7103.0
2012-03-21,849.0,852.2,844.6,846.6,3974.0
2012-03-22,849.0,865.8,847.0,858.0,7174.0
2012-03-23,858.0,867.0,857.6,861.2,5257.0
2012-03-26,863.2,864.4,840.0,844.2,7290.0
2012-03-27,848.0,849.2,841.6,845.0,3929.0
2012-03-28,844.8,851.0,840.4,843.0,4541.0
2012-03-29,839.0,845.6,813.2,820.0,8955.0
2012-03-30,815.0,822.6,809.8,817.4,6927.0
2012-04-02,820.0,821.0,811.0,816.0,4757.0
2012-04-03,819.2,824.0,806.6,814.0,8705.0
2012-04-05,802.4,802.8,782.2,790.8,6056.0
2012-04-06,793.0,797.0,789.0,792.6,4424.0
2012-04-09,777.8,786.8,772.0,783.2,4160.0
2012-04-10,788.0,801.6,786.6,789.0,6879.0
2012-04-11,774.4,790.6,774.0,788.8,5148.0
2012-04-12,787.4,793.8,783.4,789.4,4359.0
2012-04-13,799.8,805.0,791.8,797.6,5532.0
2012-04-16,789.0,792.8,786.0,791.4,2948.0
2012-04-17,792.0,797.4,782.0,786.4,4925.0
2012-04-18,794.0,795.0,783.8,784.2,3556.0
2012-04-19,780.8,790.8,774.2,788.0,5107.0
2012-04-20,784.6,789.2,775.6,779.4,4084.0
2012-04-23,779.0,781.6,771.0,779.0,4594.0
2012-04-24,775.2,783.4,773.4,777.8,4265.0
2012-04-25,782.4,792.0,780.6,782.2,4976.0
2012-04-26,787.0,787.6,776.8,781.8,4879.0
2012-04-27,786.8,787.4,771.4,777.0,5253.0
2012-04-30,776.8,785.4,775.2,784.2,4130.0
2012-05-02,788.0,804.6,787.0,801.0,5994.0
2012-05-03,800.0,802.0,793.2,797.2,2905.0
2012-05-04,794.8,804.8,787.6,799.2,5307.0
2012-05-07,786.0,789.2,777.2,782.6,4699.0
2012-05-08,786.0,789.4,781.0,784.4,2836.0
2012-05-09,777.6,785.0,772.0,775.6,4280.0
2012-05-10,772.0,782.0,772.0,780.0,3748.0
2012-05-11,775.8,775.8,760.0,763.0,5459.0
2012-05-14,763.8,768.6,760.8,763.2,3342.0
2012-05-15,755.0,763.6,753.2,759.2,5270.0
2012-05-16,759.2,762.0,740.6,741.6,3510.0
2012-05-17,745.6,754.0,744.4,750.6,3977.0
2012-05-18,738.0,745.4,735.2,738.4,5231.0
2012-05-21,745.0,749.0,743.0,744.6,2986.0
2012-05-22,750.6,752.4,744.6,748.0,3285.0
2012-05-23,742.4,742.4,728.6,735.6,4366.0
2012-05-24,739.4,742.0,723.6,732.2,5369.0
2012-05-25,736.2,737.4,725.2,727.4,4306.0
2012-05-28,730.2,739.0,726.8,735.6,4417.0
2012-05-29,736.2,758.8,734.6,751.6,5749.0
2012-05-30,746.0,749.4,740.6,746.0,3632.0
2012-05-31,735.2,754.6,728.0,749.0,5227.0
2012-06-01,749.0,751.0,733.2,737.8,4431.0
2012-06-04,717.8,721.4,705.6,714.4,5030.0
2012-06-05,720.0,729.0,718.6,723.8,3801.0
2012-06-06,727.2,733.0,722.0,726.8,3816.0
2012-06-07,743.4,744.0,732.6,736.4,3502.0
2012-06-08,736.0,743.4,731.2,736.2,4248.0
2012-06-11,758.4,758.8,747.4,750.0,3635.0
2012-06-12,741.0,747.0,738.2,744.8,2964.0
2012-06-13,747.0,751.0,740.4,750.0,3696.0
2012-06-14,750.2,756.2,747.2,750.0,4020.0
2012-06-15,749.6,763.0,748.0,760.0,5345.0
2012-06-18,774.8,778.8,767.0,768.4,3475.0
2012-06-19,770.4,770.4,760.4,765.4,2871.0
2012-06-20,767.2,770.0,764.8,768.4,1854.0
2012-06-21,759.8,760.2,751.6,755.2,3603.0
2012-06-22,742.6,748.8,741.0,747.2,3398.0
2012-06-25,746.2,746.4,737.4,741.2,3450.0
2012-06-26,741.4,743.6,739.0,742.4,2129.0
2012-06-27,741.2,751.0,735.2,748.6,4950.0
2012-06-28,750.8,755.2,745.0,747.8,3973.0
2012-06-29,746.6,761.6,745.6,758.8,5889.0
2012-07-02,762.0,772.6,761.2,769.4,5133.0
2012-07-03,771.6,781.0,768.4,776.0,4906.0
2012-07-04,780.0,790.4,778.6,781.8,4899.0
2012-07-05,780.0,784.0,778.2,782.2,3102.0
2012-07-06,780.6,781.8,774.6,779.0,4038.0
2012-07-09,775.0,779.2,771.2,775.6,3194.0
2012-07-10,779.2,780.4,770.2,773.4,4069.0
2012-07-11,771.0,784.2,769.2,781.6,5509.0
2012-07-12,782.8,782.8,772.4,775.0,4686.0
2012-07-13,775.8,782.4,771.0,777.8,5649.0
2012-07-16,780.0,781.8,770.4,776.0,4132.0
2012-07-17,775.0,787.0,774.0,781.8,6815.0
2012-07-18,780.6,782.0,773.0,773.6,3058.0
2012-07-19,777.6,780.8,772.0,775.0,4959.0
2012-07-20,773.6,777.0,772.2,775.2,2637.0
2012-07-23,768.6,768.6,760.8,765.4,4423.0
2012-07-24,764.0,766.6,761.8,764.0,2723.0
2012-07-25,755.8,769.0,753.0,763.4,4480.0
2012-07-26,768.0,773.0,763.4,769.4,4105.0
2012-07-27,775.0,780.0,773.0,778.4,4150.0
2012-07-30,784.4,794.6,780.6,784.6,5154.0
2012-07-31,788.0,794.0,783.0,792.8,4568.0
2012-08-01,789.0,797.2,787.6,792.8,3128.0
2012-08-03,786.8,790.6,785.0,787.8,2326.0
2012-08-06,800.0,805.0,796.2,796.4,3120.0
2012-08-07,800.0,802.8,796.8,800.0,3178.0
2012-08-08,806.2,809.0,799.0,801.6,4463.0
2012-08-09,806.0,817.4,801.4,815.8,6489.0
2012-08-10,813.6,815.8,808.8,811.6,2682.0
2012-08-13,812.4,816.0,808.0,810.4,2533.0
2012-08-14,810.6,816.6,807.2,808.8,4267.0
2012-08-15,806.6,813.4,804.2,806.0,2328.0
2012-08-16,804.0,813.0,802.6,809.6,3652.0
2012-08-17,811.0,811.0,805.0,806.0,2085.0
2012-08-20,809.2,809.2,800.2,803.6,2270.0
2012-08-21,804.2,815.2,804.2,813.0,4211.0
2012-08-22,812.4,816.2,810.0,814.4,2544.0
2012-08-23,815.0,821.6,812.8,816.6,3146.0
2012-08-24,810.8,815.8,810.0,815.0,2674.0
2012-08-27,819.0,819.8,809.6,810.0,3253.0
2012-08-28,809.6,809.8,798.6,800.8,3483.0
2012-08-29,801.0,803.2,799.8,800.6,1546.0
2012-08-30,794.4,796.0,787.6,789.2,3467.0
2012-08-31,790.4,797.6,790.4,793.6,2757.0
2012-09-03,793.8,801.6,791.0,797.0,2934.0
2012-09-04,796.8,798.4,790.0,793.6,2157.0
2012-09-05,789.4,790.0,781.2,782.2,2889.0
2012-09-06,782.2,788.2,780.8,787.4,3297.0
2012-09-07,800.4,801.8,791.0,791.0,4101.0
2012-09-10,792.0,796.6,791.4,792.2,2458.0
2012-09-11,791.2,795.2,790.0,792.0,1763.0
2012-09-12,794.2,805.0,794.2,801.6,4112.0
2012-09-13,802.2,806.2,801.0,802.0,2293.0
2012-09-14,815.0,834.6,811.0,833.4,6594.0
2012-09-17,834.6,850.2,833.8,843.0,5830.0
2012-09-18,840.0,844.0,835.2,840.4,3558.0
2012-09-19,841.0,848.4,841.0,843.2,2743.0
2012-09-20,845.8,852.2,837.6,841.8,5905.0
2012-09-21,843.8,845.4,838.8,842.6,3623.0
2012-09-24,841.2,844.2,833.6,842.8,3616.0
2012-09-25,842.6,847.8,838.8,840.4,3267.0
2012-09-26,835.0,841.2,833.0,836.2,3648.0
2012-09-27,835.0,838.0,831.2,838.0,2961.0
2012-09-28,838.0,838.0,827.8,834.6,3281.0
2012-10-01,831.0,833.8,826.6,828.0,1894.0
2012-10-02,830.0,835.0,829.8,831.8,2617.0
2012-10-03,831.8,833.8,825.4,828.0,2701.0
2012-10-04,828.6,835.6,825.2,834.0,4436.0
2012-10-05,836.0,843.8,832.2,837.2,4610.0
2012-10-08,835.2,840.0,829.0,830.0,3684.0
2012-10-09,831.2,837.8,828.0,828.8,4323.0
2012-10-11,820.0,825.0,812.6,813.0,4146.0
2012-10-12,814.0,815.2,804.6,807.2,3954.0
2012-10-15,805.6,809.8,802.0,808.4,2350.0
2012-10-16,811.8,814.0,810.0,811.4,2781.0
2012-10-17,816.0,818.0,807.8,808.6,2800.0
2012-10-18,810.2,814.2,808.8,810.0,2024.0
2012-10-19,813.4,813.6,804.2,804.2,2859.0
2012-10-22,796.0,801.0,793.0,799.4,2210.0
2012-10-23,797.6,800.6,791.0,792.0,2396.0
2012-10-24,784.0,797.6,782.0,792.8,2841.0
2012-10-25,793.0,796.0,786.2,787.0,2287.0
2012-10-26,785.8,790.4,757.6,757.6,5028.0
2012-10-29,762.0,767.0,759.0,761.6,2693.0
2012-10-30,770.8,774.8,766.8,767.0,3745.0
2012-10-31,771.0,772.0,760.8,761.0,3002.0
2012-11-01,757.2,766.0,748.0,763.8,4791.0
2012-11-02,769.8,776.0,766.6,774.8,3122.0
2012-11-05,773.2,775.0,767.2,771.4,2499.0
2012-11-06,769.0,778.6,769.0,778.0,2593.0
2012-11-07,776.6,786.4,775.0,782.2,4595.0
2012-11-08,775.0,775.8,768.2,770.8,3475.0
2012-11-09,766.0,781.8,761.6,780.0,4193.0
2012-11-12,778.0,781.6,774.4,775.2,2170.0
2012-11-13,777.0,778.0,760.0,760.4,3407.0
2012-11-14,760.6,767.0,757.8,764.8,2269.0
2012-11-15,760.6,765.4,751.4,760.0,3520.0
2012-11-16,761.4,767.6,756.2,759.2,2832.0
2012-11-19,761.6,769.6,761.6,764.0,3054.0
2012-11-20,769.0,771.4,765.6,768.2,2739.0
2012-11-21,770.0,772.0,757.0,758.0,2415.0
2012-11-22,763.0,772.6,762.8,765.8,4078.0
2012-11-23,768.6,790.0,768.6,788.0,4947.0
2012-11-26,795.0,801.8,791.8,797.0,2873.0
2012-11-27,799.8,805.6,799.4,804.0,2778.0
2012-11-28,804.8,807.6,802.0,807.6,2207.0
2012-11-29,812.2,817.8,809.4,810.6,3875.0
2012-11-30,811.2,818.8,808.2,818.6,3005.0
2012-12-03,820.0,830.0,815.8,822.8,4070.0
2012-12-04,822.2,825.4,816.8,822.0,2363.0
2012-12-05,822.0,836.2,821.2,831.0,4480.0
2012-12-06,833.2,835.6,825.6,831.4,2557.0
2012-12-07,834.8,837.0,830.6,832.6,2426.0
2012-12-10,835.0,836.8,826.8,827.8,2460.0
2012-12-11,829.4,830.0,822.8,828.0,2506.0
2012-12-12,832.0,841.2,831.8,840.4,3806.0
2012-12-13,844.8,847.8,836.4,847.8,3802.0
2012-12-14,844.2,844.8,837.4,840.8,2820.0
2012-12-17,841.0,842.8,833.2,839.4,3211.0
2012-12-18,839.6,841.2,835.2,838.8,3168.0
2012-12-19,843.8,850.4,843.0,845.0,2577.0
2012-12-20,843.6,843.6,830.4,831.4,3436.0
2012-12-21,832.4,834.2,820.0,823.8,3278.0
2012-12-22,824.0,828.8,824.0,826.8,833.0
2012-12-24,824.6,827.8,821.0,826.4,1316.0
2012-12-25,827.6,844.4,825.6,841.6,3142.0
2012-12-26,841.8,844.8,835.8,837.2,2093.0
2012-12-27,836.2,840.0,832.2,834.4,2461.0
2012-12-28,837.8,844.6,837.8,839.2,2641.0
2013-01-02,846.0,849.8,840.2,847.0,2931.0
2013-01-03,852.0,854.2,848.4,849.8,2013.0
2013-01-04,850.0,850.0,838.8,839.2,3025.0
2013-01-07,833.2,844.2,833.2,841.6,2456.0
2013-01-08,842.0,842.8,837.0,839.6,2041.0
2013-01-09,839.6,846.8,836.0,843.6,3076.0
2013-01-10,845.6,861.2,845.0,861.0,5274.0
2013-01-11,864.2,866.0,855.6,856.0,3560.0
2013-01-14,852.0,861.0,846.2,861.0,3631.0
2013-01-15,860.0,863.0,851.6,853.0,4079.0
2013-01-16,853.6,856.2,850.2,851.4,1918.0
2013-01-17,850.0,859.2,837.0,840.0,5316.0
2013-01-18,848.8,852.0,847.4,851.2,2454.0
2013-01-21,848.2,855.8,845.2,852.6,3046.0
2013-01-22,855.0,858.8,850.2,856.6,2977.0
2013-01-23,859.0,859.4,852.6,853.6,1635.0
2013-01-24,851.2,855.6,843.8,850.8,3668.0
2013-01-25,850.4,852.0,845.0,850.2,2498.0
2013-01-28,852.8,863.0,850.6,863.0,3938.0
2013-01-29,862.0,865.6,860.2,864.6,2706.0
2013-01-30,870.0,876.8,864.6,865.0,5018.0
2013-01-31,865.8,881.4,865.2,881.4,3742.0
2013-02-01,880.2,884.2,877.0,881.8,3022.0
2013-02-04,885.2,919.2,884.6,914.2,8446.0
2013-02-05,908.2,916.2,906.0,910.8,6342.0
2013-02-06,919.0,935.6,915.2,919.0,8809.0
2013-02-18,930.0,930.0,918.4,924.2,5561.0
2013-02-19,924.0,927.8,916.4,923.2,3784.0
2013-02-20,927.0,941.6,927.0,935.0,3961.0
2013-02-21,925.6,928.6,915.6,915.8,5000.0
2013-02-22,915.0,927.2,910.4,924.6,7010.0
2013-02-23,928.8,933.6,926.0,933.0,2797.0
2013-02-25,932.4,932.4,923.0,925.4,4432.0
2013-02-26,914.2,921.8,912.6,917.4,3895.0
2013-02-27,920.4,921.0,916.0,919.6,2763.0
2013-03-01,925.6,929.8,921.4,924.0,2900.0
2013-03-04,924.2,924.6,909.8,912.0,4724.0
2013-03-05,915.8,928.0,914.0,926.6,5455.0
2013-03-06,933.0,937.0,926.6,927.0,4859.0
2013-03-07,928.2,939.2,925.0,938.0,6192.0
2013-03-08,941.0,963.8,940.6,960.6,8129.0
2013-03-11,962.2,970.4,960.6,967.6,6394.0
2013-03-12,969.0,969.8,947.2,949.8,6719.0
2013-03-13,950.8,960.2,947.2,954.0,7818.0
2013-03-14,957.0,958.0,948.0,950.0,6017.0
2013-03-15,953.8,956.8,942.2,942.6,7466.0
2013-03-18,938.0,938.8,918.0,921.4,7044.0
2013-03-19,928.0,930.6,923.2,927.4,4368.0
2013-03-20,920.2,943.0,920.2,930.8,4614.0
2013-03-21,937.2,939.8,927.4,930.4,6520.0
2013-03-22,926.0,930.2,922.6,924.6,4928.0
2013-03-25,938.0,943.0,934.6,938.4,4740.0
2013-03-26,935.8,939.2,931.8,936.2,3855.0
2013-03-27,938.2,945.0,935.4,945.0,4561.0
2013-03-28,944.4,947.6,934.6,938.2,5734.0
2013-03-29,944.0,946.8,939.0,946.6,4877.0
2013-04-01,947.2,951.0,935.0,938.4,5871.0
2013-04-02,935.6,937.8,926.2,928.8,8200.0
2013-04-03,936.4,940.0,931.0,935.2,6835.0
2013-04-08,925.2,928.6,908.4,911.8,7006.0
2013-04-09,912.8,914.6,908.8,910.4,3992.0
2013-04-10,914.0,918.0,911.6,914.6,3991.0
2013-04-11,920.4,922.2,915.2,917.6,4021.0
2013-04-12,919.0,924.0,913.2,913.2,4831.0
2013-04-15,908.2,917.8,902.8,906.6,5418.0
2013-04-16,898.8,907.4,896.0,906.0,5562.0
2013-04-17,906.0,908.0,895.2,895.6,2837.0
2013-04-18,891.0,899.8,888.2,895.8,5278.0
2013-04-19,895.6,914.6,895.6,912.0,7645.0
2013-04-22,915.2,920.8,914.0,917.2,3280.0
2013-04-23,915.0,915.8,910.2,915.6,3130.0
2013-04-24,923.4,927.0,918.4,923.2,4664.0
2013-04-25,918.2,921.4,915.2,920.4,3204.0
2013-04-26,920.4,929.0,914.2,914.8,4820.0
2013-04-29,915.8,921.0,915.2,917.2,2666.0
2013-04-30,923.6,930.2,922.6,926.8,4418.0
2013-05-02,924.2,932.8,924.0,930.8,3430.0
2013-05-03,936.6,940.2,934.0,936.8,3844.0
2013-05-06,945.0,947.6,927.4,929.2,5005.0
2013-05-07,928.0,929.2,924.0,927.2,2619.0
2013-05-08,930.0,939.4,930.0,932.0,5604.0
2013-05-09,936.2,944.8,933.4,938.8,5397.0
2013-05-10,936.0,942.8,933.8,942.2,4102.0
2013-05-13,942.0,942.0,931.8,934.4,4062.0
2013-05-14,937.0,940.6,932.2,936.0,4084.0
2013-05-15,939.6,945.8,938.2,945.6,2965.0
2013-05-16,951.0,971.2,950.6,970.8,8544.0
2013-05-17,969.0,971.6,963.0,963.8,4310.0
2013-05-20,966.0,969.6,957.4,969.6,4763.0
2013-05-21,967.2,969.4,957.2,959.4,5958.0
2013-05-22,963.2,967.4,959.0,960.0,3617.0
2013-05-23,954.4,956.6,936.0,936.0,6021.0
2013-05-24,938.6,941.2,929.8,938.0,4426.0
2013-05-27,935.0,941.8,932.4,939.2,3160.0
2013-05-28,940.0,942.8,936.0,938.8,3330.0
2013-05-29,942.0,948.0,940.0,944.2,3872.0
2013-05-30,940.0,941.8,930.0,933.2,4764.0
2013-05-31,940.2,950.0,933.8,940.2,6007.0
2013-06-03,926.8,933.4,922.2,931.0,3628.0
2013-06-04,934.0,934.8,923.4,924.2,3567.0
2013-06-05,920.0,931.8,920.0,924.2,4524.0
2013-06-06,918.6,926.8,918.0,923.4,4281.0
2013-06-07,921.6,925.0,918.2,922.2,3464.0
2013-06-10,926.4,933.4,926.4,931.2,3570.0
2013-06-11,931.2,937.8,929.6,933.6,3827.0
2013-06-13,926.8,928.4,918.2,918.2,4510.0
2013-06-14,923.8,924.0,912.6,915.4,4284.0
2013-06-17,917.8,926.8,917.2,925.8,3919.0
2013-06-18,925.0,926.6,920.6,921.8,3847.0
2013-06-19,924.0,926.2,918.6,920.8,2066.0
2013-06-20,900.2,908.2,899.6,907.0,4210.0
2013-06-21,895.0,906.8,890.6,906.0,5352.0
2013-06-24,904.6,908.8,898.8,904.4,4924.0
2013-06-25,903.8,908.6,884.6,886.8,9723.0
2013-06-26,895.8,898.2,883.6,888.0,7080.0
2013-06-27,897.0,903.4,892.4,899.0,4305.0
2013-06-28,904.2,910.6,900.4,908.6,4598.0
2013-07-01,908.6,919.4,908.4,917.0,3789.0
2013-07-02,918.0,919.4,914.4,917.0,2232.0
2013-07-03,913.0,913.6,887.2,887.6,7278.0
2013-07-04,893.0,897.0,890.0,895.4,3649.0
2013-07-05,900.6,909.6,895.4,905.0,5207.0
2013-07-08,903.0,904.0,893.4,898.2,3960.0
2013-07-09,899.0,916.0,898.4,913.2,5380.0
2013-07-10,913.4,929.2,913.4,926.8,5901.0
2013-07-11,935.0,948.8,935.0,945.6,5327.0
2013-07-12,945.6,954.2,943.4,952.4,3490.0
2013-07-15,946.6,956.2,942.8,951.0,3731.0
2013-07-16,952.8,954.0,948.2,952.0,3445.0
2013-07-17,951.0,967.4,951.0,967.4,3262.0
2013-07-18,960.0,961.4,948.6,949.0,6009.0
2013-07-19,952.0,957.0,945.4,946.2,7574.0
2013-07-22,950.0,960.8,950.0,960.0,3799.0
2013-07-23,967.0,974.4,958.0,963.0,7920.0
2013-07-24,964.8,966.2,956.0,965.0,4570.0
2013-07-25,962.6,963.6,956.6,958.6,4338.0
2013-07-26,959.2,968.4,956.4,962.0,5484.0
2013-07-29,963.4,964.6,954.4,959.6,4215.0
2013-07-30,964.2,974.0,963.6,970.2,6169.0
2013-07-31,970.0,970.6,964.2,965.4,3619.0
2013-08-01,967.0,972.0,962.0,966.0,5409.0
2013-08-02,973.6,973.8,965.0,971.2,4737.0
2013-08-05,971.2,973.2,966.8,971.2,2825.0
2013-08-06,966.8,969.4,955.2,956.6,4243.0
2013-08-07,951.8,953.0,939.2,940.2,4203.0
2013-08-08,944.8,947.2,940.2,942.0,2738.0
2013-08-09,942.2,942.2,930.6,934.0,4435.0
2013-08-12,936.0,940.0,928.4,938.2,2757.0
2013-08-13,942.6,945.0,938.0,941.6,3757.0
2013-08-14,941.8,944.0,938.6,943.8,2174.0
2013-08-15,939.6,942.0,931.0,935.2,3553.0
2013-08-16,928.0,943.0,927.4,938.2,3960.0
2013-08-19,935.8,937.6,931.6,936.2,2195.0
2013-08-20,934.8,943.6,932.8,934.2,4126.0
2013-08-22,925.0,929.4,919.8,928.2,2387.0
2013-08-23,926.6,935.8,926.6,930.6,3434.0
2013-08-26,934.0,938.0,931.0,933.0,2308.0
2013-08-27,929.8,934.4,926.0,927.6,2643.0
2013-08-28,922.6,927.0,918.0,927.0,3493.0
2013-08-29,928.6,936.6,927.4,934.4,3225.0
2013-08-30,934.6,944.8,933.2,944.0,3876.0
2013-09-02,944.0,950.0,942.2,946.8,2618.0
2013-09-03,957.2,966.4,956.6,958.6,3667.0
2013-09-04,956.6,964.8,952.4,964.4,3875.0
2013-09-05,964.2,966.8,961.6,965.4,3322.0
2013-09-06,965.0,966.6,960.6,965.0,2212.0
2013-09-09,960.8,966.8,954.0,962.2,3523.0
2013-09-10,965.0,969.0,956.6,959.0,3110.0
2013-09-11,959.0,966.8,956.4,965.2,3583.0
2013-09-12,966.2,969.8,963.2,968.4,2988.0
2013-09-13,967.6,970.6,965.0,965.4,1812.0
2013-09-14,968.0,968.6,962.6,964.0,994.0
2013-09-16,967.6,975.2,967.0,972.0,2108.0
2013-09-17,970.6,974.8,967.0,974.2,2127.0
2013-09-18,976.8,978.0,973.4,977.8,1222.0
2013-09-23,971.8,987.4,971.2,985.0,2909.0
2013-09-24,983.4,985.4,978.4,984.2,2402.0
2013-09-25,983.0,985.0,978.4,983.2,1971.0
2013-09-26,981.0,983.4,972.0,975.6,3142.0
2013-09-27,976.2,980.6,975.6,976.8,2219.0
2013-09-30,968.2,974.8,966.2,970.0,2560.0
2013-10-01,972.0,975.4,970.0,970.8,2265.0
2013-10-02,971.4,974.2,966.0,966.4,2530.0
2013-10-03,966.6,996.8,966.6,996.6,4933.0
2013-10-04,995.8,999.6,991.2,995.8,2634.0
2013-10-07,996.8,998.0,988.0,996.2,2874.0
2013-10-08,992.8,1012.6,990.8,1011.8,5190.0
2013-10-09,1006.8,1020.4,1005.4,1013.6,5807.0
2013-10-11,1024.0,1028.0,1014.6,1016.6,4108.0
2013-10-14,1016.6,1019.4,1008.4,1017.2,3449.0
2013-10-15,1024.8,1025.0,1016.8,1019.0,2764.0
2013-10-16,1019.2,1022.2,1017.4,1017.8,1537.0
2013-10-17,1019.0,1024.8,1010.6,1011.6,3696.0
2013-10-18,1012.8,1013.6,1003.2,1010.8,3523.0
2013-10-21,1011.0,1014.8,1007.2,1011.0,2722.0
2013-10-22,1007.4,1016.6,1007.2,1014.0,2476.0
2013-10-23,1014.6,1017.0,997.6,1000.8,3766.0
2013-10-24,1000.4,1007.0,999.0,1006.2,2460.0
2013-10-25,1001.0,1002.0,991.2,998.8,3334.0
2013-10-28,1000.2,1008.8,996.2,1007.4,2696.0
2013-10-29,1005.0,1014.0,1003.6,1012.4,3084.0
2013-10-30,1013.6,1016.4,1010.6,1014.8,2061.0
2013-10-31,1012.0,1018.6,1010.6,1018.0,2419.0
2013-11-01,1020.4,1022.4,1007.0,1010.0,2906.0
2013-11-04,1007.2,1007.2,997.0,1000.6,2514.0
2013-11-05,1000.0,1002.6,991.2,993.4,2621.0
2013-11-06,995.0,997.0,988.6,996.4,2306.0
2013-11-07,994.0,996.2,987.4,992.0,2150.0
2013-11-08,990.0,995.8,988.6,991.8,1948.0
2013-11-11,994.4,995.8,990.2,992.2,1622.0
2013-11-12,995.0,998.6,993.0,997.2,2420.0
2013-11-13,995.0,995.8,985.0,985.2,2551.0
2013-11-14,988.6,989.4,981.6,984.4,2180.0
2013-11-15,988.0,996.0,985.6,989.6,2411.0
2013-11-18,993.6,1004.0,992.0,1001.2,2651.0
2013-11-19,1001.4,1006.8,1001.4,1004.6,1857.0
2013-11-20,1004.8,1009.8,1001.8,1005.6,1680.0
2013-11-21,1001.2,1002.0,988.4,990.2,3006.0
2013-11-22,991.8,998.6,990.4,997.8,2591.0
2013-11-25,1005.0,1018.4,1005.0,1016.8,3287.0
2013-11-26,1013.2,1019.0,1012.2,1015.6,3077.0
2013-11-27,1014.8,1017.6,1013.0,1017.6,1903.0
2013-11-28,1022.0,1026.6,1020.4,1021.0,3046.0
2013-11-29,1020.2,1023.4,1017.6,1022.2,2350.0
2013-12-02,1023.0,1023.8,1016.0,1019.2,2175.0
2013-12-03,1017.2,1022.8,1017.2,1020.4,1867.0
2013-12-04,1018.0,1025.6,1017.6,1024.8,2448.0
2013-12-05,1023.0,1023.8,1015.6,1020.8,2447.0
2013-12-06,1021.0,1021.0,1013.8,1015.8,2132.0
2013-12-09,1021.4,1028.0,1021.2,1022.8,2252.0
2013-12-10,1021.0,1028.0,1020.4,1027.8,2167.0
2013-12-11,1027.4,1039.6,1027.4,1030.2,3902.0
2013-12-12,1025.2,1026.2,1017.8,1023.0,2575.0
2013-12-13,1018.2,1023.4,1017.4,1022.0,2114.0
2013-12-16,1021.0,1024.6,1015.4,1018.2,2316.0
2013-12-17,1022.8,1024.0,1016.0,1018.4,2018.0
2013-12-18,1016.0,1020.0,1016.0,1016.2,1348.0
2013-12-19,1024.0,1029.0,1022.0,1027.6,2973.0
2013-12-20,1027.8,1027.8,1023.0,1026.0,1896.0
2013-12-23,1028.6,1034.8,1028.6,1033.6,2200.0
2013-12-24,1035.4,1035.4,1031.8,1033.4,1045.0
2013-12-25,1034.2,1037.8,1034.2,1037.4,1000.0
2013-12-26,1038.2,1039.0,1033.6,1035.6,1241.0
2013-12-27,1035.8,1039.0,1032.6,1037.8,1716.0
2013-12-30,1038.6,1056.8,1038.6,1056.0,3629.0
2013-12-31,1057.8,1058.8,1053.0,1056.0,1937.0
2014-01-02,1057.0,1063.8,1053.6,1059.2,3242.0
2014-01-03,1055.0,1057.8,1047.2,1050.0,2525.0
2014-01-06,1049.8,1050.6,1038.0,1041.8,2965.0
2014-01-07,1041.8,1051.4,1041.8,1048.8,2127.0
2014-01-08,1050.6,1051.8,1046.0,1047.8,1999.0
2014-01-09,1046.6,1048.8,1041.6,1044.4,2997.0
2014-01-10,1045.0,1047.4,1042.4,1044.8,1766.0
2014-01-13,1047.2,1053.6,1047.2,1049.4,2387.0
2014-01-14,1042.4,1045.0,1039.6,1042.8,1887.0
2014-01-15,1044.6,1047.8,1043.4,1044.0,2346.0
2014-01-16,1049.8,1052.6,1046.4,1047.6,2249.0
2014-01-17,1046.0,1047.2,1042.0,1045.0,1958.0
2014-01-20,1043.8,1052.0,1043.2,1050.2,2382.0
2014-01-21,1052.0,1056.6,1050.6,1053.4,3112.0
2014-01-22,1052.0,1053.4,1049.4,1052.8,1607.0
2014-01-23,1053.8,1054.4,1043.2,1044.0,2765.0
2014-01-24,1040.0,1047.4,1039.0,1045.6,2114.0
2014-01-27,1033.0,1036.0,1022.2,1022.2,2910.0
2014-02-05,1009.0,1014.8,994.2,998.4,3810.0
2014-02-06,1002.2,1003.0,997.8,999.8,1822.0
2014-02-07,1006.0,1009.6,1003.4,1006.4,1973.0
2014-02-10,1010.6,1015.8,1006.2,1006.2,2549.0
2014-02-11,1008.0,1013.6,1007.0,1013.0,1994.0
2014-02-12,1015.8,1020.6,1015.4,1019.2,1723.0
2014-02-13,1020.0,1020.2,1011.2,1011.2,1794.0
2014-02-14,1015.6,1024.2,1015.4,1018.2,2798.0
2014-02-17,1024.0,1025.0,1017.2,1018.2,1892.0
2014-02-18,1016.8,1025.2,1016.4,1024.6,1909.0
2014-02-19,1022.0,1028.0,1021.2,1027.4,1295.0
2014-02-20,1024.6,1026.8,1020.0,1022.0,2417.0
2014-02-21,1028.0,1033.8,1028.0,1032.8,2312.0
2014-02-24,1029.0,1029.2,1013.4,1016.8,4719.0
2014-02-25,1020.0,1020.6,1012.6,1013.4,2753.0
2014-02-26,1012.2,1017.0,1012.2,1013.4,2401.0
2014-02-27,1014.0,1016.0,1012.2,1015.2,2109.0
2014-03-03,1007.6,1007.6,996.6,1006.6,3651.0
2014-03-04,1006.0,1006.0,997.6,999.4,2377.0
2014-03-05,1007.6,1008.8,1000.4,1003.0,2562.0
2014-03-06,1003.0,1011.2,1003.0,1009.4,4374.0
2014-03-07,1013.0,1015.6,1006.6,1010.6,4473.0
2014-03-10,1006.8,1012.6,1003.6,1004.0,2479.0
2014-03-11,1006.4,1007.6,1001.2,1004.2,2680.0
2014-03-12,999.0,1000.6,995.4,999.6,2754.0
2014-03-13,1004.0,1012.4,998.4,1003.2,5563.0
2014-03-14,991.0,999.4,991.0,997.4,3095.0
2014-03-17,997.4,998.6,991.4,994.4,2686.0
2014-03-18,999.0,1005.8,998.6,1002.8,4158.0
2014-03-19,1000.0,1002.8,993.6,993.8,2415.0
2014-03-20,990.2,990.8,979.0,979.0,4024.0
2014-03-21,982.2,983.6,978.0,979.2,3190.0
2014-03-24,972.6,980.6,972.0,980.4,3857.0
2014-03-25,980.0,985.6,977.6,984.6,3201.0
2014-03-26,988.4,993.6,985.2,987.8,3371.0
2014-03-27,987.0,993.0,985.6,991.6,3068.0
2014-03-28,991.0,991.4,986.6,989.0,2703.0
2014-03-31,992.4,993.2,986.8,992.4,2722.0
2014-04-01,993.0,998.4,991.0,996.2,3423.0
2014-04-02,997.6,1000.4,996.0,996.4,2348.0
2014-04-03,994.6,1002.8,994.4,999.0,3164.0
2014-04-07,990.8,996.0,989.2,995.8,2152.0
2014-04-08,997.0,998.8,994.0,996.8,2391.0
2014-04-09,998.2,998.4,994.6,997.0,1756.0
2014-04-10,1000.8,1008.0,998.6,1007.2,4437.0
2014-04-11,1001.8,1006.4,1001.2,1002.8,3094.0
2014-04-14,1004.0,1006.0,1002.2,1002.4,2044.0
2014-04-15,1003.8,1004.8,998.4,998.6,2718.0
2014-04-16,997.0,1000.0,995.6,998.0,2011.0
2014-04-17,996.2,999.0,993.8,998.4,2371.0
2014-04-18,1002.0,1002.2,996.0,996.8,2108.0
2014-04-21,996.8,1000.8,995.6,997.0,2360.0
2014-04-22,998.2,999.2,996.4,999.2,1930.0
2014-04-23,1000.0,1000.6,990.2,993.4,3462.0
2014-04-24,993.4,993.4,989.6,991.4,1970.0
2014-04-25,990.0,990.2,972.4,973.8,4890.0
2014-04-28,968.0,972.2,965.8,971.2,3178.0
2014-04-29,971.0,979.2,971.0,973.0,2288.0
2014-04-30,974.2,974.2,963.2,963.6,2805.0
2014-05-02,963.0,970.8,963.0,970.8,2757.0
2014-05-05,971.4,975.4,964.8,965.4,3353.0
2014-05-06,967.0,983.0,961.2,982.4,6612.0
2014-05-07,980.0,981.6,973.6,976.4,3643.0
2014-05-08,977.4,986.0,977.2,984.6,5346.0
2014-05-09,985.2,987.4,980.0,982.6,3521.0
2014-05-12,983.0,985.0,978.0,982.4,2979.0
2014-05-13,985.0,986.2,980.4,981.2,2705.0
2014-05-14,982.4,986.4,981.8,986.0,3298.0
2014-05-15,984.0,985.8,983.6,985.6,1884.0
2014-05-16,982.0,992.0,980.6,990.2,3394.0
2014-05-19,991.0,994.4,989.8,992.8,2988.0
2014-05-20,995.0,995.4,989.4,989.6,3530.0
2014-05-21,984.0,988.8,980.8,981.6,3173.0
2014-05-22,986.6,994.8,983.4,994.0,5434.0
2014-05-23,996.0,1001.2,994.0,1000.6,4491.0
2014-05-26,1003.4,1005.8,999.6,1004.0,3631.0
2014-05-27,1008.0,1009.0,1005.0,1009.0,2886.0
2014-05-28,1008.8,1021.8,1006.4,1020.0,6159.0
2014-05-29,1021.8,1027.2,1017.4,1018.6,5832.0
2014-05-30,1020.6,1024.0,1019.2,1021.0,4131.0
2014-06-03,1025.8,1025.8,1016.0,1020.8,3985.0
2014-06-04,1021.8,1021.8,1013.6,1014.4,3136.0
2014-06-05,1015.0,1019.6,1012.8,1019.2,3054.0
2014-06-06,1023.0,1023.2,1018.0,1019.0,2653.0
2014-06-09,1024.6,1024.6,1019.8,1021.8,2348.0
2014-06-10,1022.4,1032.0,1022.4,1029.2,4367.0
2014-06-11,1031.2,1032.6,1028.6,1030.8,2167.0
2014-06-12,1028.4,1031.0,1026.6,1029.2,2344.0
2014-06-13,1023.4,1027.6,1023.4,1027.6,2391.0
2014-06-16,1026.6,1029.6,1026.2,1028.0,2699.0
2014-06-17,1029.8,1030.8,1027.6,1029.8,2794.0
2014-06-18,1028.2,1033.6,1025.6,1032.8,2965.0
2014-06-19,1021.4,1025.2,1021.0,1024.2,3306.0
2014-06-20,1024.2,1025.6,1019.2,1019.4,2434.0
2014-06-23,1019.6,1026.0,1018.4,1024.4,4013.0
2014-06-24,1025.4,1027.2,1024.4,1026.4,2400.0
2014-06-25,1024.8,1026.6,1023.4,1026.2,2229.0
2014-06-26,1028.4,1032.0,1026.6,1031.0,2940.0
2014-06-27,1030.0,1032.0,1027.0,1027.0,2231.0
2014-06-30,1028.8,1035.8,1028.6,1032.8,2580.0
2014-07-01,1034.2,1037.8,1031.6,1034.4,3010.0
2014-07-02,1036.4,1039.0,1024.6,1031.8,4483.0
2014-07-03,1032.0,1034.6,1030.8,1032.2,2480.0
2014-07-04,1033.0,1037.4,1031.8,1032.4,3137.0
2014-07-07,1029.2,1033.0,1029.2,1031.4,1895.0
2014-07-08,1031.6,1042.4,1031.0,1040.8,4268.0
2014-07-09,1041.2,1050.8,1040.6,1050.6,4819.0
2014-07-10,1054.2,1069.2,1053.6,1068.4,7291.0
2014-07-11,1068.2,1069.8,1055.0,1060.4,5887.0
2014-07-14,1062.8,1085.6,1061.8,1081.2,9116.0
2014-07-15,1085.8,1103.2,1085.2,1099.2,9764.0
2014-07-16,1096.2,1105.2,1086.4,1089.0,5528.0
2014-07-17,1086.2,1092.0,1080.6,1089.0,8074.0
2014-07-18,1081.4,1088.4,1081.4,1086.8,5876.0
2014-07-21,1094.8,1096.4,1081.2,1086.4,7724.0
2014-07-22,1087.8,1090.6,1083.8,1090.2,4698.0
2014-07-24,1090.0,1109.2,1089.6,1108.8,8202.0
2014-07-25,1111.0,1118.0,1102.6,1107.4,13023.0
2014-07-28,1107.8,1119.8,1102.0,1117.6,10293.0
2014-07-29,1122.0,1122.0,1096.4,1098.4,13745.0
2014-07-30,1097.8,1110.0,1097.6,1108.4,8154.0
2014-07-31,1109.6,1111.2,1096.0,1096.2,6189.0
2014-08-01,1088.6,1088.8,1079.6,1082.2,5442.0
2014-08-04,1082.0,1083.0,1073.0,1080.4,4633.0
2014-08-05,1076.0,1077.4,1043.8,1045.4,8328.0
2014-08-06,1042.8,1061.0,1042.8,1058.6,6476.0
2014-08-07,1061.0,1068.2,1060.0,1065.0,4875.0
2014-08-08,1060.0,1066.0,1055.2,1063.4,6026.0
2014-08-11,1068.8,1076.8,1068.6,1076.0,4371.0
2014-08-12,1076.4,1076.6,1066.4,1071.0,4622.0
2014-08-13,1070.2,1082.0,1070.2,1080.8,5058.0
2014-08-14,1083.8,1085.2,1079.2,1083.0,4764.0
2014-08-15,1083.0,1083.6,1074.8,1078.8,3351.0
2014-08-18,1079.6,1082.2,1070.2,1071.4,4270.0
2014-08-19,1076.0,1082.8,1075.6,1079.6,3657.0
2014-08-20,1082.6,1104.0,1082.6,1100.2,4512.0
2014-08-21,1112.0,1112.0,1103.4,1106.6,6657.0
2014-08-22,1106.6,1125.4,1105.2,1123.0,7993.0
2014-08-25,1127.0,1133.6,1122.0,1125.6,6447.0
2014-08-26,1123.0,1125.0,1118.2,1120.8,4581.0
2014-08-27,1124.4,1133.8,1124.4,1128.6,6564.0
2014-08-28,1132.8,1137.6,1126.8,1127.6,5885.0
2014-08-29,1124.0,1125.6,1120.2,1122.6,4182.0
2014-09-01,1123.8,1130.0,1123.0,1126.6,3959.0
2014-09-02,1127.6,1130.8,1116.4,1117.0,6479.0
2014-09-03,1119.8,1132.0,1118.0,1128.6,5853.0
2014-09-04,1129.2,1130.8,1125.0,1128.4,3444.0
2014-09-05,1130.6,1134.8,1126.8,1132.0,5048.0
2014-09-09,1132.6,1139.8,1128.6,1133.0,4816.0
2014-09-10,1130.2,1136.4,1118.8,1127.8,7497.0
2014-09-11,1128.4,1130.2,1119.0,1119.0,4094.0
2014-09-12,1121.4,1124.4,1115.8,1117.2,5680.0
2014-09-15,1111.0,1113.2,1104.6,1107.8,5828.0
2014-09-16,1109.0,1111.4,1096.6,1098.8,4895.0
2014-09-17,1104.4,1113.6,1100.6,1103.8,3205.0
2014-09-18,1107.6,1113.4,1104.4,1111.6,4101.0
2014-09-19,1118.6,1119.0,1110.8,1114.6,4389.0
2014-09-22,1109.4,1111.0,1096.4,1104.0,5424.0
2014-09-23,1102.4,1107.0,1098.2,1102.4,3935.0
2014-09-24,1101.0,1107.6,1098.6,1102.0,4240.0
2014-09-25,1105.0,1105.6,1087.2,1090.6,4920.0
2014-09-26,1080.6,1093.0,1078.0,1086.4,5142.0
2014-09-29,1086.6,1088.4,1076.6,1081.8,3925.0
2014-09-30,1077.2,1081.0,1066.0,1076.4,5231.0
2014-10-01,1070.4,1076.4,1065.0,1068.6,4404.0
2014-10-02,1063.4,1072.8,1060.4,1072.2,5041.0
2014-10-03,1075.2,1090.8,1073.0,1090.6,5933.0
2014-10-06,1092.8,1092.8,1083.0,1087.6,3693.0
2014-10-07,1082.2,1085.0,1073.2,1084.2,4438.0
2014-10-08,1082.4,1089.2,1080.0,1081.0,4475.0
2014-10-09,1091.0,1097.8,1087.6,1092.2,5857.0
2014-10-13,1074.2,1083.8,1063.2,1065.8,5873.0
2014-10-14,1064.2,1077.2,1057.4,1075.0,5918.0
2014-10-15,1072.4,1074.4,1061.0,1061.6,2898.0
2014-10-16,1056.0,1060.0,1046.0,1052.0,6433.0
2014-10-17,1054.2,1056.8,1033.2,1033.2,5780.0
2014-10-20,1045.0,1054.8,1044.6,1054.0,3532.0
2014-10-21,1053.6,1058.6,1049.0,1053.8,3962.0
2014-10-22,1066.4,1066.4,1059.2,1061.4,3690.0
2014-10-23,1059.6,1064.6,1059.6,1063.4,2674.0
2014-10-24,1065.8,1065.8,1053.8,1056.2,3767.0
2014-10-27,1060.4,1067.0,1058.0,1063.6,3172.0
2014-10-28,1067.6,1093.4,1065.0,1092.6,5681.0
2014-10-29,1096.0,1100.4,1091.2,1097.2,5382.0
2014-10-30,1094.4,1099.0,1091.0,1097.4,3559.0
2014-10-31,1100.0,1108.4,1095.8,1104.6,5634.0
2014-11-03,1103.8,1105.0,1096.0,1102.0,4379.0
2014-11-04,1101.8,1112.0,1100.6,1102.6,4938.0
2014-11-05,1106.0,1107.8,1095.2,1099.6,3537.0
2014-11-06,1093.2,1104.4,1091.8,1092.0,3923.0
2014-11-07,1095.2,1095.8,1088.2,1091.8,3321.0
2014-11-10,1094.0,1111.8,1092.2,1107.0,4581.0
2014-11-11,1106.0,1109.6,1104.6,1105.0,2634.0
2014-11-12,1102.2,1103.2,1083.0,1083.8,4407.0
2014-11-13,1086.8,1093.2,1084.0,1092.0,3455.0
2014-11-14,1095.8,1095.8,1085.6,1093.2,2841.0
2014-11-17,1093.0,1101.2,1081.2,1086.4,4168.0
2014-11-18,1090.0,1091.4,1080.4,1087.0,3483.0
2014-11-19,1090.0,1096.4,1084.2,1091.8,2317.0
2014-11-20,1097.6,1104.6,1094.0,1101.8,4556.0
2014-11-21,1104.8,1106.6,1098.6,1099.0,3708.0
2014-11-24,1102.8,1104.8,1098.0,1101.0,3271.0
2014-11-25,1101.2,1102.0,1093.4,1093.6,2682.0
2014-11-26,1097.2,1097.8,1091.2,1093.8,2343.0
2014-11-27,1094.6,1102.4,1094.4,1096.6,3662.0
2014-11-28,1099.0,1102.0,1097.2,1099.0,3143.0
2014-12-01,1080.8,1086.8,1065.0,1073.0,5758.0
2014-12-02,1071.0,1073.6,1050.2,1058.4,5874.0
2014-12-03,1062.8,1077.8,1058.0,1077.8,5448.0
2014-12-04,1076.6,1084.4,1075.0,1080.0,3887.0
2014-12-05,1080.0,1088.0,1078.2,1084.6,4056.0
2014-12-08,1087.0,1090.8,1083.0,1085.2,3116.0
2014-12-09,1082.0,1082.0,1076.0,1076.4,2895.0
2014-12-10,1071.0,1073.6,1058.0,1065.2,4581.0
2014-12-11,1055.6,1064.6,1054.2,1062.0,2712.0
2014-12-12,1064.0,1068.0,1059.4,1060.6,3047.0
2014-12-15,1057.0,1061.8,1051.0,1061.8,2824.0
2014-12-16,1057.6,1064.6,1054.4,1056.6,3060.0
2014-12-17,1056.8,1059.4,1036.8,1040.4,2291.0
2014-12-18,1049.0,1049.0,1033.6,1034.2,3905.0
2014-12-19,1042.4,1055.8,1042.4,1054.4,4644.0
2014-12-22,1059.8,1068.4,1057.2,1067.8,3233.0
2014-12-23,1071.0,1074.2,1068.0,1072.0,2125.0
2014-12-24,1072.0,1075.8,1069.2,1075.8,2189.0
2014-12-25,1073.4,1078.6,1072.0,1073.0,1493.0
2014-12-26,1076.0,1079.8,1073.8,1077.6,1965.0
2014-12-27,1079.4,1080.4,1077.0,1080.0,691.0
2014-12-29,1079.8,1085.8,1075.2,1083.2,3009.0
2014-12-30,1083.8,1087.8,1080.4,1083.6,2148.0
2014-12-31,1080.6,1084.6,1080.0,1082.0,1753.0
2015-01-05,1076.6,1076.6,1063.8,1069.0,3487.0
2015-01-06,1059.0,1059.0,1045.4,1051.8,3662.0
2015-01-07,1052.0,1055.0,1047.4,1047.8,2614.0
2015-01-08,1054.6,1068.2,1054.4,1067.2,3189.0
2015-01-09,1076.0,1078.0,1064.2,1064.2,3159.0
2015-01-12,1056.2,1063.6,1053.8,1060.8,2403.0
2015-01-13,1062.0,1074.4,1058.6,1073.6,3694.0
2015-01-14,1071.2,1075.2,1060.4,1061.2,2930.0
2015-01-15,1063.6,1067.8,1058.0,1063.0,2363.0
2015-01-16,1058.0,1058.8,1042.4,1050.0,4585.0
2015-01-19,1059.6,1060.8,1051.2,1055.2,2890.0
2015-01-20,1058.0,1065.8,1056.4,1062.0,3599.0
2015-01-21,1060.4,1065.8,1060.2,1065.6,1775.0
2015-01-22,1076.0,1080.8,1072.2,1077.8,4041.0
2015-01-23,1087.0,1093.0,1080.8,1080.8,5755.0
2015-01-26,1082.0,1083.8,1077.4,1078.0,2595.0
2015-01-27,1084.6,1089.0,1079.0,1088.0,3506.0
2015-01-28,1082.0,1085.0,1079.2,1084.6,2522.0
2015-01-29,1080.4,1082.6,1073.0,1073.0,3293.0
2015-01-30,1077.2,1080.0,1073.6,1075.2,2753.0
2015-02-02,1075.0,1081.0,1074.0,1080.8,2181.0
2015-02-03,1080.6,1083.6,1076.4,1078.8,2892.0
2015-02-04,1085.0,1094.6,1085.0,1090.0,3979.0
2015-02-05,1090.4,1094.6,1089.2,1093.6,3251.0
2015-02-06,1096.0,1096.6,1088.8,1090.2,3088.0
2015-02-09,1087.0,1090.6,1085.4,1088.6,2365.0
2015-02-10,1092.0,1098.8,1090.2,1096.4,4488.0
2015-02-11,1096.4,1098.4,1093.0,1096.8,3177.0
2015-02-12,1096.0,1099.0,1095.4,1097.8,2621.0
2015-02-13,1099.8,1099.8,1095.2,1095.2,2939.0
2015-02-24,1102.0,1116.0,1100.0,1113.2,2588.0
2015-02-25,1123.8,1125.8,1116.8,1118.0,2880.0
2015-02-26,1121.0,1121.0,1112.4,1118.6,2710.0
2015-03-02,1120.0,1121.0,1111.4,1113.6,2367.0
2015-03-03,1115.6,1115.8,1106.0,1108.6,2457.0
2015-03-04,1106.4,1110.0,1105.6,1107.0,1813.0
2015-03-05,1106.8,1108.8,1098.8,1101.0,2450.0
2015-03-06,1100.4,1109.0,1099.4,1109.0,2759.0
2015-03-09,1104.0,1105.4,1100.4,1104.2,2328.0
2015-03-10,1106.6,1108.6,1101.2,1106.6,3228.0
2015-03-11,1100.0,1115.6,1097.0,1112.4,5290.0
2015-03-12,1114.0,1120.8,1109.0,1120.2,3611.0
2015-03-13,1120.0,1123.2,1112.4,1114.2,3301.0
2015-03-16,1113.4,1117.0,1111.4,1111.6,3246.0
2015-03-17,1114.6,1118.0,1108.0,1109.0,3793.0
2015-03-18,1109.6,1120.4,1109.6,1118.0,1981.0
2015-03-19,1128.0,1131.6,1125.2,1131.2,4146.0
2015-03-20,1127.6,1130.4,1126.2,1129.0,2085.0
2015-03-23,1130.0,1133.8,1126.2,1130.0,2419.0
2015-03-24,1128.2,1131.8,1123.0,1126.4,2597.0
2015-03-25,1126.0,1128.4,1119.0,1121.2,2707.0
2015-03-26,1108.2,1122.6,1107.8,1121.2,4089.0
2015-03-27,1120.0,1121.8,1112.2,1114.6,3225.0
2015-03-30,1110.0,1120.0,1109.4,1118.2,2395.0
2015-03-31,1124.8,1125.4,1118.8,1123.0,2784.0
2015-04-01,1120.0,1122.6,1115.6,1117.6,2404.0
2015-04-02,1120.0,1130.4,1117.8,1128.8,2644.0
2015-04-07,1131.0,1133.6,1126.8,1128.6,1974.0
2015-04-08,1128.0,1131.8,1125.2,1127.6,2307.0
2015-04-09,1127.8,1142.4,1126.2,1133.4,4242.0
2015-04-10,1137.6,1143.8,1137.2,1140.8,2787.0
2015-04-13,1143.0,1145.0,1137.4,1139.2,2538.0
2015-04-14,1137.0,1148.0,1135.2,1143.4,3295.0
2015-04-15,1143.4,1148.4,1131.2,1134.0,3044.0
2015-04-16,1140.4,1149.6,1137.6,1149.0,3574.0
2015-04-17,1148.0,1151.4,1146.2,1148.8,2444.0
2015-04-20,1145.0,1151.0,1142.6,1147.8,3071.0
2015-04-21,1148.8,1151.0,1146.0,1148.6,2123.0
2015-04-22,1148.0,1155.8,1146.8,1154.4,3137.0
2015-04-23,1156.6,1226.0,1156.4,1216.0,13947.0
2015-04-24,1219.8,1226.2,1200.0,1217.0,10638.0
2015-04-27,1220.0,1256.4,1219.8,1249.8,11866.0
2015-04-28,1246.6,1264.4,1241.0,1257.0,9407.0
2015-04-29,1258.0,1272.0,1238.4,1243.8,14588.0
2015-04-30,1241.4,1251.0,1236.4,1245.2,9210.0
2015-05-04,1250.6,1263.8,1245.4,1259.2,11112.0
2015-05-05,1257.0,1261.4,1240.0,1250.2,8828.0
2015-05-06,1243.0,1245.6,1226.8,1245.6,8518.0
2015-05-07,1240.0,1240.0,1217.0,1218.4,7890.0
2015-05-08,1223.6,1234.4,1220.0,1220.6,7585.0
2015-05-11,1234.0,1243.0,1221.0,1224.8,8952.0
2015-05-12,1223.0,1233.8,1220.8,1230.8,6495.0
2015-05-13,1232.8,1238.8,1224.2,1230.6,7056.0
2015-05-14,1228.2,1229.6,1194.4,1200.0,9755.0
2015-05-15,1205.4,1206.8,1187.0,1202.0,8001.0
2015-05-18,1206.0,1206.0,1194.4,1200.2,5148.0
2015-05-19,1200.0,1228.0,1200.0,1220.6,7174.0
2015-05-20,1220.6,1226.4,1212.0,1215.4,3314.0
2015-05-21,1215.4,1215.4,1184.4,1191.2,6666.0
2015-05-22,1194.4,1201.6,1193.0,1201.2,4589.0
2015-05-25,1200.4,1202.2,1187.8,1201.0,4199.0
2015-05-26,1198.4,1220.0,1198.0,1212.6,5247.0
2015-05-27,1209.2,1229.2,1208.0,1226.6,7063.0
2015-05-28,1238.6,1238.8,1225.2,1228.8,5426.0
2015-05-29,1230.0,1230.0,1220.0,1223.0,4670.0
2015-06-01,1220.0,1225.2,1210.2,1214.2,4332.0
2015-06-02,1210.6,1214.0,1201.0,1210.2,3757.0
2015-06-03,1212.0,1217.8,1201.4,1204.4,4158.0
2015-06-04,1204.0,1209.0,1176.8,1179.8,7177.0
2015-06-05,1181.6,1188.4,1173.0,1184.0,4726.0
2015-06-08,1183.2,1198.4,1176.4,1193.2,5493.0
2015-06-09,1188.4,1192.8,1179.4,1184.8,4329.0
2015-06-10,1190.0,1197.4,1187.6,1192.4,4198.0
2015-06-11,1198.0,1198.0,1185.0,1189.2,4140.0
2015-06-12,1192.0,1200.2,1185.8,1191.8,4529.0
2015-06-15,1190.0,1205.8,1190.0,1195.8,4362.0
2015-06-16,1196.6,1197.0,1186.0,1195.6,4346.0
2015-06-17,1196.8,1197.2,1183.8,1184.8,2326.0
2015-06-18,1164.0,1167.6,1158.4,1163.0,3232.0
2015-06-22,1168.4,1183.0,1166.8,1178.0,4375.0
2015-06-23,1181.0,1194.8,1180.2,1190.6,4536.0
2015-06-24,1187.2,1192.8,1185.4,1189.0,2730.0
2015-06-25,1188.8,1201.0,1188.8,1193.8,4309.0
2015-06-26,1192.8,1196.6,1191.0,1193.8,2274.0
2015-06-29,1181.4,1181.4,1163.0,1163.8,4964.0
2015-06-30,1164.4,1179.8,1164.0,1178.8,4546.0
2015-07-01,1178.0,1189.0,1173.0,1184.8,4077.0
2015-07-02,1187.8,1191.0,1183.0,1186.4,2758.0
2015-07-03,1183.2,1192.8,1171.8,1192.8,4240.0
2015-07-06,1183.0,1189.2,1177.6,1178.4,3374.0
2015-07-07,1183.0,1192.8,1183.0,1189.2,3811.0
2015-07-08,1185.2,1187.6,1151.0,1155.4,6744.0
2015-07-09,1129.6,1153.0,1122.0,1141.8,5376.0
2015-07-13,1152.4,1160.0,1145.4,1158.4,4392.0
2015-07-14,1170.6,1174.8,1166.0,1167.8,3474.0
2015-07-15,1174.0,1180.0,1170.6,1176.8,1718.0
2015-07-16,1163.4,1171.4,1163.0,1170.2,2522.0
2015-07-17,1169.8,1171.0,1160.0,1165.0,2720.0
2015-07-20,1170.0,1175.4,1155.0,1160.6,3304.0
2015-07-21,1165.0,1167.0,1155.4,1166.4,2234.0
2015-07-22,1163.6,1165.8,1156.2,1158.4,2618.0
2015-07-23,1153.2,1161.8,1148.6,1155.6,4080.0
2015-07-24,1150.8,1153.0,1146.0,1150.0,2668.0
2015-07-27,1146.0,1148.2,1119.6,1126.4,4835.0
2015-07-28,1121.0,1128.2,1114.4,1116.6,4290.0
2015-07-29,1118.2,1118.2,1101.4,1101.8,4039.0
2015-07-30,1107.0,1132.8,1105.2,1126.2,4725.0
2015-07-31,1121.8,1129.6,1112.2,1126.2,3737.0
2015-08-03,1122.8,1125.8,1110.0,1120.8,3542.0
2015-08-04,1124.0,1139.4,1124.0,1133.6,4488.0
2015-08-05,1134.0,1147.2,1130.4,1140.4,3619.0
2015-08-06,1138.8,1143.2,1125.0,1127.6,4409.0
2015-08-07,1125.6,1134.8,1119.6,1124.2,4284.0
2015-08-10,1126.6,1132.6,1122.0,1130.4,2927.0
2015-08-11,1136.2,1140.0,1114.4,1115.4,4678.0
2015-08-12,1112.0,1115.0,1046.4,1064.6,10968.0
2015-08-13,1070.0,1076.2,1057.0,1066.6,5265.0
2015-08-14,1065.2,1083.6,1062.4,1077.6,3568.0
2015-08-17,1080.4,1086.4,1060.0,1069.4,3236.0
2015-08-18,1070.8,1071.4,1040.4,1046.8,5697.0
2015-08-19,1045.4,1046.0,1008.2,1013.8,3160.0
2015-08-20,1011.0,1030.0,1001.2,1020.2,6889.0
2015-08-21,1002.2,1006.6,991.0,996.8,5672.0
2015-08-24,977.0,986.6,903.0,956.0,12155.0
2015-08-25,958.6,992.2,951.0,986.8,5602.0
2015-08-26,982.0,1026.0,970.0,1014.4,7311.0
2015-08-27,1020.0,1020.6,1001.8,1010.0,5175.0
2015-08-28,1022.0,1037.6,1016.2,1031.2,4303.0
2015-08-31,1027.0,1046.4,1013.2,1037.4,3415.0
2015-09-01,1029.2,1042.0,1016.0,1020.4,4204.0
2015-09-02,1011.2,1038.2,1006.8,1032.0,6302.0
2015-09-03,1034.0,1036.6,1016.0,1030.4,3691.0
2015-09-04,1024.8,1031.0,1017.0,1019.4,4128.0
2015-09-07,1014.4,1031.8,1014.0,1025.8,3758.0
2015-09-08,1025.4,1028.0,1018.4,1023.6,3293.0
2015-09-09,1038.6,1058.0,1035.4,1058.0,4989.0
2015-09-10,1047.0,1054.6,1040.6,1051.2,3404.0
2015-09-11,1050.6,1052.4,1047.0,1049.4,2433.0
2015-09-14,1054.0,1058.8,1042.6,1047.0,3192.0
2015-09-15,1050.8,1056.8,1044.2,1047.2,3415.0
2015-09-16,1055.0,1062.8,1045.4,1055.0,1755.0
2015-09-17,1064.0,1083.6,1064.0,1080.0,4646.0
2015-09-18,1074.0,1082.0,1070.2,1077.4,3391.0
2015-09-21,1065.0,1065.0,1042.8,1046.6,4233.0
2015-09-22,1050.8,1058.6,1046.0,1053.2,2464.0
2015-09-23,1042.8,1044.4,1034.0,1035.4,3096.0
2015-09-24,1041.0,1043.0,1025.0,1032.6,3615.0
2015-09-25,1029.0,1031.6,1010.4,1021.4,5132.0
2015-09-30,1006.8,1014.0,999.0,1011.2,4671.0
2015-10-01,1015.0,1035.2,1005.0,1028.6,5665.0
2015-10-02,1025.0,1029.2,1022.0,1023.8,2714.0
2015-10-05,1035.0,1037.0,1024.2,1030.0,3241.0
2015-10-06,1042.0,1050.8,1035.0,1036.0,3519.0
2015-10-07,1033.8,1049.0,1030.0,1048.0,2950.0
2015-10-08,1054.0,1057.0,1037.0,1037.2,3589.0
2015-10-12,1043.4,1055.6,1038.6,1049.8,3263.0
2015-10-13,1052.0,1057.6,1049.0,1054.6,2998.0
2015-10-14,1050.0,1051.4,1045.0,1047.8,2112.0
2015-10-15,1047.6,1063.2,1047.6,1053.2,4104.0
2015-10-16,1056.4,1064.2,1055.8,1061.0,3224.0
2015-10-19,1064.2,1074.4,1062.8,1073.0,4272.0
2015-10-20,1076.0,1078.0,1070.6,1073.4,2759.0
2015-10-21,1076.0,1077.0,1063.8,1064.6,1360.0
2015-10-22,1065.0,1067.4,1061.2,1063.8,2838.0
2015-10-23,1078.0,1080.8,1073.2,1077.0,2275.0
2015-10-26,1081.6,1085.0,1076.8,1079.6,1947.0
2015-10-27,1078.6,1081.8,1071.2,1075.2,2343.0
2015-10-28,1073.4,1076.8,1066.0,1067.6,2491.0
2015-10-29,1073.0,1073.8,1053.4,1054.8,3363.0
2015-10-30,1053.0,1065.8,1049.0,1061.0,3602.0
2015-11-02,1055.8,1061.8,1052.0,1060.4,2202.0
2015-11-03,1068.2,1081.2,1066.6,1079.0,3185.0
2015-11-04,1082.6,1095.0,1079.6,1091.0,4921.0
2015-11-05,1093.8,1097.2,1086.8,1095.8,3262.0
2015-11-06,1095.6,1095.6,1069.6,1070.4,4506.0
2015-11-09,1071.4,1081.2,1059.0,1069.4,3750.0
2015-11-10,1063.8,1063.8,1050.8,1053.2,2794.0
2015-11-11,1052.8,1056.6,1040.2,1042.0,3542.0
2015-11-12,1041.8,1048.8,1036.2,1048.0,2817.0
2015-11-13,1040.8,1053.0,1037.0,1041.8,3672.0
2015-11-16,1020.0,1040.4,1020.0,1036.6,3182.0
2015-11-17,1046.0,1059.0,1046.0,1047.4,3384.0
2015-11-18,1048.0,1048.2,1030.2,1031.4,1254.0
2015-11-19,1036.8,1047.6,1028.8,1044.8,3941.0
2015-11-20,1043.8,1045.2,1036.0,1041.4,2007.0
2015-11-23,1044.8,1050.0,1039.8,1043.8,1980.0
2015-11-24,1042.0,1049.0,1036.8,1040.2,2727.0
2015-11-25,1041.0,1043.0,1032.2,1036.8,2124.0
2015-11-26,1038.8,1053.8,1038.4,1044.0,2658.0
2015-11-27,1045.4,1047.6,1033.0,1037.6,2208.0
2015-11-30,1029.0,1029.0,1009.8,1021.0,2965.0
2015-12-01,1025.4,1038.2,1021.2,1036.8,2580.0
2015-12-02,1034.0,1043.8,1032.4,1033.4,2355.0
2015-12-03,1026.2,1036.0,1021.4,1033.0,2501.0
2015-12-04,1022.0,1025.0,1016.8,1022.0,2158.0
2015-12-07,1030.8,1037.4,1021.4,1022.6,2242.0
2015-12-08,1019.4,1019.8,1000.2,1001.0,2711.0
2015-12-09,992.0,996.2,984.0,985.8,2892.0
2015-12-10,982.8,988.8,966.4,987.2,4425.0
2015-12-11,986.6,987.0,967.4,970.0,3413.0
2015-12-14,955.0,973.2,951.0,967.0,3466.0
2015-12-15,965.2,972.2,961.4,965.2,2715.0
2015-12-16,975.6,977.4,968.8,973.6,1187.0
2015-12-17,975.4,990.6,974.2,987.0,4554.0
2015-12-18,977.0,983.6,972.2,975.4,3649.0
2015-12-21,968.0,977.0,961.2,975.6,2683.0
2015-12-22,975.0,981.2,973.0,979.2,2074.0
2015-12-23,983.4,991.6,979.0,986.8,2833.0
2015-12-24,993.8,997.6,990.0,991.8,2249.0
2015-12-25,993.8,995.4,988.4,994.8,1392.0
2015-12-28,994.0,996.4,991.0,994.2,1185.0
2015-12-29,992.0,994.6,986.8,991.4,2054.0
2015-12-30,995.8,998.0,976.0,980.8,2944.0
2015-12-31,976.2,981.2,972.8,977.6,2275.0
2016-01-04,977.4,983.2,950.0,950.6,4313.0
2016-01-05,952.6,957.8,938.6,943.2,3936.0
2016-01-06,943.6,948.8,930.6,938.4,4252.0
2016-01-07,937.0,940.2,909.4,915.8,5499.0
2016-01-08,909.6,929.6,909.0,920.4,4002.0
2016-01-11,908.6,909.4,892.0,896.8,3850.0
2016-01-12,902.0,906.0,891.2,894.8,4454.0
2016-01-13,902.4,909.0,889.8,898.0,4066.0
2016-01-14,877.0,886.2,876.0,881.0,2832.0
2016-01-15,892.4,892.8,850.8,854.8,5015.0
2016-01-18,827.8,867.8,825.4,864.8,5757.0
2016-01-19,863.6,876.0,855.0,874.4,3853.0
2016-01-20,868.4,868.4,846.8,851.6,1771.0
2016-01-21,841.0,847.8,834.0,838.0,5063.0
2016-01-22,848.0,849.8,834.8,846.4,4520.0
2016-01-25,848.4,865.0,847.4,861.2,5539.0
2016-01-26,852.2,856.0,846.6,850.0,3406.0
2016-01-27,857.2,860.0,843.6,852.4,3734.0
2016-01-28,848.8,868.2,848.6,859.8,4593.0
2016-01-29,856.4,910.0,855.6,899.0,9390.0
2016-01-30,903.8,925.4,899.0,925.0,3625.0
2016-02-01,923.0,923.0,899.4,911.6,5173.0
2016-02-02,906.0,918.0,902.2,906.2,3865.0
2016-02-03,894.2,897.2,880.4,889.0,4823.0
2016-02-15,870.2,886.8,869.0,879.6,4423.0
2016-02-16,882.6,915.0,882.6,909.0,6126.0
2016-02-17,911.2,917.8,898.4,898.8,1888.0
2016-02-18,906.0,915.0,904.8,908.6,3557.0
2016-02-19,905.8,911.0,900.2,910.4,2782.0
2016-02-22,909.2,923.8,905.2,910.2,4265.0
2016-02-23,914.2,918.0,907.8,912.4,2977.0
2016-02-24,909.0,915.8,903.2,907.4,3591.0
2016-02-25,911.8,919.8,908.0,911.4,4453.0
2016-02-26,917.0,924.0,913.0,921.8,3395.0
2016-03-01,920.0,924.8,911.4,918.8,4327.0
2016-03-02,931.2,937.2,926.4,935.4,4936.0
2016-03-03,936.0,956.2,932.2,953.4,5825.0
2016-03-04,955.0,964.4,952.4,961.0,4446.0
2016-03-07,961.4,976.0,958.8,960.0,4509.0
2016-03-08,962.0,962.8,949.0,960.0,5077.0
2016-03-09,958.6,960.4,949.2,959.0,3047.0
2016-03-10,958.0,962.6,952.4,960.0,3534.0
2016-03-11,956.6,966.0,954.4,963.8,4060.0
2016-03-14,967.0,976.0,966.4,967.6,3706.0
2016-03-15,968.0,972.0,943.4,947.8,4713.0
2016-03-16,948.0,962.0,948.0,956.8,1736.0
2016-03-17,963.0,977.0,957.2,962.0,5976.0
2016-03-18,966.0,968.8,960.2,963.6,3679.0
2016-03-21,966.4,969.0,950.2,956.0,4409.0
2016-03-22,958.8,959.6,948.2,958.6,3581.0
2016-03-23,958.6,966.4,951.6,954.2,4042.0
2016-03-24,951.4,959.8,942.0,954.2,4372.0
2016-03-25,958.2,962.0,952.0,956.6,2909.0
2016-03-28,958.0,959.4,947.4,952.2,2326.0
2016-03-29,950.4,954.6,935.6,942.0,4508.0
2016-03-30,946.8,956.8,942.4,953.8,3609.0
2016-03-31,958.0,973.4,956.2,957.4,5918.0
2016-04-01,952.0,955.8,944.0,948.0,4122.0
2016-04-06,943.0,944.4,926.2,927.6,4611.0
2016-04-07,928.0,930.4,916.4,922.0,4130.0
2016-04-08,916.2,925.0,913.6,924.0,3718.0
2016-04-11,920.0,925.8,914.0,922.0,3185.0
2016-04-12,924.4,933.6,922.0,925.2,4451.0
2016-04-13,931.8,939.4,926.8,938.2,4206.0
2016-04-14,948.0,953.4,942.0,942.8,3562.0
2016-04-15,940.8,951.8,940.8,948.8,3687.0
2016-04-18,944.0,945.6,939.8,943.6,2349.0
2016-04-19,949.8,953.0,937.2,941.4,4405.0
2016-04-20,943.8,948.2,928.4,932.4,1967.0
2016-04-21,933.8,935.0,929.4,934.6,2905.0
2016-04-22,932.0,942.8,931.0,937.6,4042.0
2016-04-25,939.2,943.8,935.6,943.4,2841.0
2016-04-26,943.6,951.2,941.8,948.6,3160.0
2016-04-27,947.0,949.6,942.8,945.0,2673.0
2016-04-28,947.6,948.4,928.2,931.4,4024.0
2016-04-29,926.4,934.4,924.6,930.6,3338.0
2016-05-03,930.8,937.8,926.6,930.4,2864.0
2016-05-04,927.8,931.0,917.0,925.6,3445.0
2016-05-05,923.4,923.8,914.2,917.2,3170.0
2016-05-06,914.6,916.2,902.6,907.0,3857.0
2016-05-09,910.8,911.6,902.0,908.2,2914.0
2016-05-10,906.8,914.2,901.0,911.6,2963.0
2016-05-11,914.2,916.0,897.4,901.6,3503.0
2016-05-12,899.4,905.0,895.8,901.2,2858.0
2016-05-13,899.8,905.6,891.4,896.8,3533.0
2016-05-16,895.4,901.0,892.2,899.2,2892.0
2016-05-17,900.6,911.2,895.0,908.4,3961.0
2016-05-18,900.6,908.2,900.0,907.6,1378.0
2016-05-19,901.4,905.2,889.6,900.0,4241.0
2016-05-20,898.0,907.0,894.4,902.0,3292.0
2016-05-23,903.0,927.6,892.8,924.6,5163.0
2016-05-24,923.8,927.4,915.0,915.8,2476.0
2016-05-25,921.0,932.6,919.0,929.0,3027.0
2016-05-26,931.0,931.2,923.0,926.0,1798.0
2016-05-27,929.8,940.6,927.0,938.2,2879.0
2016-05-30,941.8,953.0,937.4,950.0,3560.0
2016-05-31,945.8,953.2,945.0,952.0,3191.0
2016-06-01,948.6,959.6,946.6,956.8,2795.0
2016-06-02,954.8,961.8,952.0,955.2,2815.0
2016-06-03,956.0,959.2,953.4,955.0,1681.0
2016-06-04,953.8,955.4,946.0,950.2,1050.0
2016-06-06,954.4,960.0,945.2,948.6,3023.0
2016-06-07,953.4,961.4,951.4,958.2,2562.0
2016-06-08,960.6,966.8,960.4,964.0,2389.0
2016-06-13,954.2,955.8,940.4,944.4,3372.0
2016-06-14,940.6,953.4,940.6,951.6,2663.0
2016-06-15,953.8,957.0,944.8,954.0,1807.0
2016-06-16,936.0,938.2,913.2,917.8,3764.0
2016-06-17,921.6,932.4,921.6,932.4,2591.0
2016-06-20,940.2,944.2,932.0,940.0,2612.0
2016-06-21,936.6,944.8,935.2,944.8,2034.0
2016-06-22,942.4,944.6,935.0,941.8,2276.0
2016-06-23,940.2,944.6,939.2,944.0,1863.0
2016-06-24,942.6,947.0,904.4,910.2,8038.0
2016-06-27,906.4,915.8,900.0,913.4,4196.0
2016-06-28,905.6,920.8,905.0,920.0,3651.0
2016-06-29,920.2,927.6,919.6,922.6,2748.0
2016-06-30,928.0,933.6,922.4,929.0,2955.0
2016-07-01,934.0,940.8,931.2,936.0,2832.0
2016-07-04,938.2,942.6,932.4,936.0,2177.0
2016-07-05,933.0,935.6,928.4,933.2,2153.0
2016-07-06,926.2,928.0,918.4,918.8,3527.0
2016-07-07,922.0,926.0,918.0,920.4,2373.0
2016-07-11,930.0,939.0,929.0,933.6,3008.0
2016-07-12,934.8,941.0,934.8,938.8,2211.0
2016-07-13,946.2,950.4,940.8,949.0,3880.0
2016-07-14,951.0,956.8,949.0,954.0,2392.0
2016-07-15,958.2,972.0,956.2,970.0,3436.0
2016-07-18,970.0,983.2,970.0,980.6,3253.0
2016-07-19,980.8,987.4,973.8,986.0,3349.0
2016-07-20,980.0,985.2,975.8,981.6,1521.0
2016-07-21,966.2,970.6,963.4,969.8,2590.0
2016-07-22,967.0,972.2,961.8,962.0,2592.0
2016-07-25,965.0,973.6,950.2,956.8,3733.0
2016-07-26,956.0,966.0,956.0,965.0,2444.0
2016-07-27,968.0,970.4,960.4,963.8,2255.0
2016-07-28,965.2,971.2,960.8,963.4,2807.0
2016-07-29,965.6,968.4,958.8,958.8,3010.0
2016-08-01,962.2,971.0,962.0,969.0,2100.0
2016-08-02,969.0,969.4,963.2,963.6,1255.0
2016-08-03,954.0,963.6,951.0,960.0,2392.0
2016-08-04,963.4,966.6,954.0,961.8,2365.0
2016-08-05,962.0,975.8,961.6,973.8,2800.0
2016-08-08,986.0,988.2,978.4,988.0,2701.0
2016-08-09,990.0,993.2,987.2,988.6,2482.0
2016-08-10,991.0,1003.0,989.0,1001.8,3804.0
2016-08-11,1000.0,1001.8,985.0,994.4,3649.0
2016-08-12,998.0,1002.8,996.4,1000.6,2214.0
2016-08-15,1002.2,1002.4,992.4,995.2,2691.0
2016-08-16,999.2,999.8,990.4,994.0,2374.0
2016-08-17,990.4,1001.4,989.4,1000.6,1450.0
2016-08-18,992.6,1003.6,985.8,1000.4,3066.0
2016-08-19,1001.0,1005.8,986.4,989.0,4176.0
2016-08-22,980.4,980.4,965.6,971.2,4233.0
2016-08-23,971.2,985.0,971.2,982.6,2619.0
2016-08-24,983.0,985.4,974.0,974.4,2357.0
2016-08-25,974.0,992.0,974.0,989.6,3098.0
2016-08-26,987.6,994.8,985.0,991.6,2273.0
2016-08-29,988.4,997.6,984.6,995.2,3468.0
2016-08-30,999.0,1005.4,995.8,1000.4,3179.0
2016-08-31,1001.8,1007.6,990.8,994.2,3889.0
2016-09-01,994.6,994.6,980.0,986.0,3370.0
2016-09-02,985.8,990.6,982.0,989.0,2505.0
2016-09-05,995.0,1003.2,995.0,1002.2,2444.0
2016-09-06,1003.0,1013.2,1002.0,1012.4,2668.0
2016-09-07,1013.0,1019.2,1012.4,1016.8,2775.0
2016-09-08,1014.6,1023.2,1014.0,1020.2,1764.0
2016-09-09,1017.8,1017.8,1008.0,1009.8,2400.0
2016-09-10,990.2,997.4,985.4,992.2,1443.0
2016-09-12,992.2,997.0,986.2,990.6,2596.0
2016-09-13,997.4,998.0,980.2,986.8,3204.0
2016-09-14,982.0,987.8,978.8,982.8,1949.0
2016-09-19,987.0,1005.8,987.0,1005.0,3072.0
2016-09-20,1003.2,1006.6,1001.0,1005.4,1932.0
2016-09-21,1004.8,1009.6,1001.2,1009.6,1449.0
2016-09-22,1012.2,1015.6,1002.8,1005.0,2180.0
2016-09-23,1009.6,1012.4,1005.2,1011.2,1569.0
2016-09-26,1010.0,1010.0,1001.0,1003.0,1577.0
2016-09-29,1007.8,1017.6,1005.4,1012.6,2634.0
2016-09-30,1005.0,1006.4,996.2,998.2,2353.0
2016-10-03,1005.2,1006.0,997.2,1000.0,1571.0
2016-10-04,1000.0,1008.4,998.2,1007.0,1530.0
2016-10-05,1002.4,1009.0,1002.0,1005.4,1256.0
2016-10-06,1009.0,1010.0,997.8,1003.4,1915.0
2016-10-07,1001.4,1002.6,999.0,1000.0,1040.0
2016-10-11,1002.8,1007.8,990.0,994.4,3241.0
2016-10-12,991.2,1007.4,991.2,1005.6,2186.0
2016-10-13,1004.6,1005.8,993.8,995.6,2630.0
2016-10-14,995.2,999.8,992.2,993.0,1821.0
2016-10-17,994.4,994.4,981.0,991.0,2861.0
2016-10-18,991.0,998.6,990.6,996.4,2268.0
2016-10-19,999.0,1002.8,998.4,1000.4,1366.0
2016-10-20,1001.6,1004.6,997.0,999.8,2315.0
2016-10-21,997.2,1001.4,994.0,997.0,2381.0
2016-10-24,999.0,1004.0,997.8,1000.0,1852.0
2016-10-25,1004.0,1005.2,997.0,1003.2,2370.0
2016-10-26,1000.0,1002.8,998.8,1000.4,1422.0
2016-10-27,999.0,1004.8,995.0,1001.4,2809.0
2016-10-28,1000.4,1004.6,999.4,1001.6,1901.0
2016-10-31,1001.2,1001.4,987.6,998.0,2946.0
2016-11-01,995.2,1001.6,993.2,999.6,1857.0
2016-11-02,992.2,995.0,990.0,993.8,2150.0
2016-11-03,992.0,994.8,984.2,988.0,2121.0
2016-11-04,986.0,989.0,985.0,988.6,1366.0
2016-11-07,993.2,997.4,991.6,996.2,2415.0
2016-11-08,999.4,1001.6,996.4,1000.2,2203.0
2016-11-09,1000.0,1011.6,971.4,975.4,6767.0
2016-11-10,994.4,1008.4,993.0,1007.2,3803.0
2016-11-11,1005.2,1013.2,999.8,1009.2,4788.0
2016-11-14,1009.2,1037.4,1002.6,1032.6,5542.0
2016-11-15,1031.8,1042.4,1026.0,1027.0,4791.0
2016-11-16,1031.0,1033.6,1028.6,1031.6,1640.0
2016-11-17,1030.0,1031.0,1022.6,1028.6,2674.0
2016-11-18,1031.0,1032.0,1020.0,1024.0,3592.0
2016-11-21,1023.6,1035.0,1022.2,1033.8,2808.0
2016-11-22,1034.0,1041.0,1030.4,1038.2,2995.0
2016-11-23,1040.0,1044.8,1035.6,1043.8,2999.0
2016-11-24,1042.4,1051.6,1041.8,1049.6,4330.0
2016-11-25,1050.6,1070.0,1050.0,1066.0,4828.0
2016-11-28,1068.0,1078.4,1066.4,1069.6,5288.0
2016-11-29,1067.2,1068.4,1061.4,1063.4,3461.0
2016-11-30,1061.0,1071.0,1057.6,1064.4,3951.0
2016-12-01,1066.0,1074.0,1065.4,1073.2,3710.0
2016-12-02,1071.8,1073.4,1067.0,1069.0,3659.0
2016-12-05,1068.2,1075.6,1066.0,1070.6,3956.0
2016-12-06,1077.8,1080.8,1073.4,1078.2,3474.0
2016-12-07,1084.4,1085.4,1073.0,1076.4,2649.0
2016-12-08,1086.4,1087.0,1079.6,1085.0,2478.0
2016-12-09,1085.8,1091.0,1084.6,1090.4,2113.0
2016-12-12,1092.2,1098.8,1088.4,1088.4,3438.0
2016-12-13,1087.4,1097.2,1087.4,1096.2,2470.0
2016-12-14,1099.4,1099.4,1083.2,1085.6,3520.0
2016-12-15,1085.0,1095.4,1083.0,1094.8,4229.0
2016-12-16,1094.6,1099.4,1091.2,1093.4,3109.0
2016-12-19,1093.2,1094.0,1084.6,1086.8,2983.0
2016-12-20,1088.6,1088.8,1082.0,1087.0,2310.0
2016-12-21,1088.8,1090.8,1081.0,1081.2,1358.0
2016-12-22,1082.0,1085.2,1062.0,1063.0,4151.0
2016-12-23,1059.6,1067.0,1052.8,1060.0,4070.0
2016-12-26,1061.6,1069.2,1060.4,1068.2,2131.0
2016-12-27,1067.2,1068.6,1062.0,1064.2,1661.0
2016-12-28,1064.4,1075.0,1061.0,1075.0,2344.0
2016-12-29,1071.2,1075.8,1068.0,1070.0,2731.0
2016-12-30,1071.6,1081.0,1071.6,1077.6,2096.0
2017-01-03,1077.8,1079.6,1071.2,1078.0,1920.0
2017-01-04,1078.2,1079.6,1075.0,1076.2,1452.0
2017-01-05,1076.6,1084.0,1076.0,1082.0,2683.0
2017-01-06,1084.8,1085.8,1080.4,1084.4,1905.0
2017-01-09,1085.4,1092.8,1083.4,1086.0,2580.0
2017-01-10,1085.2,1086.0,1078.8,1085.4,2797.0
2017-01-11,1089.2,1091.0,1086.6,1087.6,1652.0
2017-01-12,1087.4,1097.8,1087.4,1093.4,2387.0
2017-01-13,1091.4,1095.2,1085.2,1087.2,2543.0
2017-01-16,1085.6,1089.6,1073.8,1073.8,2731.0
2017-01-17,1070.4,1079.2,1070.4,1078.0,2216.0
2017-01-18,1075.4,1077.0,1071.4,1073.2,1305.0
2017-01-19,1074.0,1075.8,1065.8,1070.4,2430.0
2017-01-20,1068.0,1073.8,1067.8,1073.2,1578.0
2017-01-23,1070.8,1081.8,1070.2,1078.2,2006.0
2017-01-24,1080.8,1082.0,1075.6,1076.2,1605.0
2017-02-02,1081.0,1081.2,1066.6,1068.0,2100.0
2017-02-03,1071.2,1072.8,1068.0,1069.4,1706.0
2017-02-06,1075.8,1094.6,1074.4,1091.0,4714.0
2017-02-07,1091.4,1092.8,1088.2,1092.8,1925.0
2017-02-08,1091.2,1094.6,1084.2,1088.4,2429.0
2017-02-09,1088.0,1093.4,1085.0,1091.2,2166.0
2017-02-10,1095.6,1108.2,1094.6,1101.2,4428.0
2017-02-13,1103.4,1105.2,1100.6,1104.4,1739.0
2017-02-14,1107.8,1110.2,1102.6,1103.8,3636.0
2017-02-15,1104.2,1110.6,1104.2,1110.2,1384.0
2017-02-16,1117.0,1122.6,1112.6,1114.2,4188.0
2017-02-17,1113.0,1115.2,1110.4,1111.2,2075.0
2017-02-18,1112.8,1115.4,1112.2,1113.8,762.0
2017-02-20,1112.8,1114.6,1107.6,1111.2,2359.0
2017-02-21,1110.6,1112.2,1106.4,1109.0,2191.0
2017-02-22,1112.0,1115.2,1105.4,1107.8,2840.0
2017-02-23,1106.0,1109.0,1099.2,1101.2,2902.0
2017-02-24,1101.0,1104.4,1099.4,1100.4,2038.0
2017-03-01,1103.0,1104.0,1095.4,1099.2,2084.0
2017-03-02,1109.0,1116.0,1098.6,1107.0,5474.0
2017-03-03,1102.2,1105.6,1097.4,1098.0,2851.0
2017-03-06,1098.0,1106.8,1096.0,1106.2,2384.0
2017-03-07,1109.0,1109.4,1103.8,1105.8,2209.0
2017-03-08,1106.0,1115.2,1104.0,1113.2,3413.0
2017-03-09,1113.8,1114.4,1105.6,1107.4,3613.0
2017-03-10,1107.8,1114.6,1103.4,1112.0,4492.0
2017-03-13,1113.6,1121.8,1112.6,1118.4,3407.0
2017-03-14,1118.6,1123.4,1116.4,1121.2,2868.0
2017-03-15,1122.0,1125.0,1118.0,1122.4,2104.0
2017-03-16,1128.0,1130.2,1121.2,1126.4,3549.0
2017-03-17,1126.0,1132.0,1125.2,1130.2,2604.0
2017-03-20,1127.2,1131.4,1124.0,1129.4,1884.0
2017-03-21,1130.0,1131.6,1127.2,1129.2,2595.0
2017-03-22,1119.6,1126.0,1115.8,1124.2,2938.0
2017-03-23,1126.2,1130.4,1123.0,1128.0,2627.0
2017-03-24,1128.0,1130.4,1125.0,1125.0,1954.0
2017-03-27,1119.0,1121.4,1115.0,1118.6,2490.0
2017-03-28,1122.0,1122.8,1111.2,1118.8,3038.0
2017-03-29,1120.4,1121.4,1117.6,1119.4,2324.0
2017-03-30,1119.8,1123.0,1115.2,1115.2,2003.0
2017-03-31,1117.2,1118.8,1112.6,1113.6,1538.0
2017-04-05,1117.0,1120.2,1113.4,1119.2,2317.0
2017-04-06,1115.8,1119.0,1112.2,1113.2,2009.0
2017-04-07,1113.0,1113.2,1100.2,1105.4,3558.0
2017-04-10,1108.0,1112.2,1106.8,1108.6,1701.0
2017-04-11,1108.6,1108.6,1100.0,1101.4,1836.0
2017-04-12,1102.6,1103.4,1098.2,1102.0,1552.0
2017-04-13,1101.4,1105.8,1099.4,1102.4,2045.0
2017-04-14,1099.0,1099.0,1084.4,1085.8,3032.0
2017-04-17,1085.4,1090.0,1081.8,1085.2,2551.0
2017-04-18,1087.2,1088.2,1077.4,1081.0,2279.0
2017-04-19,1077.0,1081.8,1069.0,1070.2,1833.0
2017-04-20,1066.8,1073.0,1066.2,1071.4,2716.0
2017-04-21,1078.8,1080.8,1076.6,1079.0,2011.0
2017-04-24,1083.2,1084.8,1077.6,1080.2,1767.0
2017-04-25,1084.2,1098.2,1084.2,1096.8,3353.0
2017-04-26,1109.4,1109.4,1097.2,1097.4,2525.0
2017-04-27,1095.0,1099.2,1091.8,1098.6,1826.0
2017-04-28,1099.2,1099.2,1092.4,1095.0,2010.0
2017-05-02,1097.0,1107.8,1097.0,1106.8,2495.0
2017-05-03,1108.0,1111.0,1107.0,1110.6,1768.0
2017-05-04,1112.6,1114.6,1107.6,1111.2,2313.0
2017-05-05,1111.0,1111.0,1104.0,1106.2,2142.0
2017-05-08,1109.8,1114.2,1105.0,1107.0,1927.0
2017-05-09,1106.6,1113.0,1101.8,1103.2,3972.0
2017-05-10,1104.8,1109.0,1104.8,1107.0,1861.0
2017-05-11,1109.0,1110.2,1106.2,1109.2,2535.0
2017-05-12,1108.2,1114.2,1106.4,1114.2,2472.0
2017-05-15,1112.4,1120.0,1112.0,1119.2,3079.0
2017-05-16,1123.4,1126.6,1120.0,1122.6,3686.0
2017-05-17,1119.4,1124.0,1117.6,1123.0,2097.0
2017-05-18,1114.0,1116.8,1111.4,1115.8,2707.0
2017-05-19,1116.0,1121.0,1109.0,1109.6,2039.0
2017-05-22,1113.0,1113.6,1108.6,1110.6,1555.0
2017-05-23,1111.4,1112.0,1108.2,1108.6,1865.0
2017-05-24,1109.6,1112.8,1108.2,1108.8,1594.0
2017-05-25,1110.2,1114.6,1109.0,1114.0,2392.0
2017-05-26,1114.4,1117.2,1109.6,1109.8,2309.0
2017-05-31,1107.8,1107.8,1096.8,1099.0,2247.0
2017-06-01,1098.8,1101.4,1095.4,1098.4,1816.0
2017-06-02,1103.6,1104.6,1101.0,1102.4,1648.0
2017-06-03,1104.0,1109.8,1103.2,1109.0,1309.0
2017-06-05,1106.2,1107.4,1100.0,1105.4,2597.0
2017-06-06,1105.6,1105.6,1101.0,1101.6,1478.0
2017-06-07,1099.2,1104.2,1099.0,1099.8,1943.0
2017-06-08,1100.0,1105.4,1098.0,1101.4,2646.0
2017-06-09,1105.0,1105.2,1097.4,1098.4,2372.0
2017-06-12,1099.0,1109.6,1098.8,1108.2,3925.0
2017-06-13,1108.0,1112.0,1107.4,1111.4,2275.0
2017-06-14,1110.8,1111.0,1100.0,1104.0,3407.0
2017-06-15,1101.4,1104.4,1096.6,1104.2,2168.0
2017-06-16,1102.2,1107.6,1102.2,1104.4,2474.0
2017-06-19,1104.0,1112.6,1102.8,1112.2,2838.0
2017-06-20,1117.0,1117.6,1110.8,1113.8,2720.0
2017-06-21,1107.0,1118.2,1107.0,1117.8,1563.0
2017-06-22,1102.0,1104.4,1096.8,1104.4,1922.0
2017-06-23,1103.0,1103.8,1100.2,1101.6,1388.0
2017-06-26,1101.2,1124.8,1100.2,1122.2,5607.0
2017-06-27,1123.6,1129.6,1122.2,1127.0,4442.0
2017-06-28,1123.6,1125.8,1116.2,1118.6,3035.0
2017-06-29,1125.0,1135.2,1123.6,1128.6,4151.0
2017-06-30,1125.8,1129.6,1122.0,1127.4,3562.0
2017-07-03,1129.0,1130.6,1120.4,1125.0,2773.0
2017-07-04,1128.8,1138.4,1125.8,1129.8,5468.0
2017-07-05,1131.6,1134.4,1124.2,1133.4,3453.0
2017-07-06,1135.6,1135.6,1126.4,1128.2,2024.0
2017-07-07,1123.0,1127.0,1121.8,1125.2,1733.0
2017-07-10,1129.0,1132.4,1126.0,1128.0,2013.0
2017-07-11,1129.0,1134.6,1127.2,1132.2,2716.0
2017-07-12,1131.6,1141.6,1130.6,1135.8,2634.0
2017-07-13,1140.0,1145.0,1137.2,1142.2,3118.0
2017-07-14,1144.2,1144.8,1140.4,1141.4,1420.0
2017-07-17,1145.8,1149.0,1143.8,1148.0,4118.0
2017-07-18,1147.0,1148.4,1143.0,1143.2,2437.0
2017-07-19,1143.6,1152.8,1141.6,1147.0,1977.0
2017-07-20,1132.2,1136.2,1129.2,1132.2,1849.0
2017-07-21,1130.4,1132.0,1124.2,1125.0,1719.0
2017-07-24,1121.8,1124.0,1118.4,1123.4,1844.0
2017-07-25,1123.2,1124.2,1120.0,1120.4,1758.0
2017-07-26,1124.6,1124.8,1117.2,1117.8,2262.0
2017-07-27,1120.0,1129.2,1119.6,1126.6,2506.0
2017-07-28,1123.6,1124.6,1119.0,1121.8,2027.0
2017-07-31,1121.0,1124.4,1118.4,1121.2,1294.0
2017-08-01,1122.0,1126.8,1119.6,1122.0,2195.0
2017-08-02,1125.4,1128.0,1123.6,1126.0,1665.0
2017-08-03,1124.4,1131.4,1022.2,1122.8,2140.0
2017-08-04,1121.4,1130.4,1121.2,1130.2,1499.0
2017-08-07,1133.0,1141.0,1132.4,1137.0,2411.0
2017-08-08,1137.2,1143.8,1136.8,1140.6,2008.0
2017-08-09,1138.2,1138.2,1129.2,1135.8,1902.0
2017-08-10,1138.6,1138.6,1117.2,1117.8,3057.0
2017-08-11,1108.0,1121.8,1106.0,1116.6,2177.0
2017-08-14,1119.0,1120.8,1113.0,1113.2,3028.0
2017-08-15,1119.0,1121.2,1116.2,1118.4,2059.0
2017-08-16,1117.8,1118.4,1112.2,1114.8,1379.0
2017-08-17,1118.0,1127.4,1114.8,1125.0,2495.0
2017-08-18,1119.0,1121.0,1114.0,1118.4,1662.0
2017-08-21,1118.2,1123.6,1114.4,1116.2,1365.0
2017-08-22,1120.4,1122.8,1118.0,1119.2,1350.0
2017-08-23,1125.0,1125.6,1117.2,1120.0,1145.0
2017-08-24,1119.6,1128.4,1118.0,1126.0,1380.0
2017-08-25,1126.4,1129.8,1123.0,1128.6,1172.0
2017-08-28,1129.6,1137.4,1127.4,1135.6,2092.0
2017-08-29,1130.6,1134.0,1128.0,1130.2,1282.0
2017-08-30,1133.8,1139.0,1131.6,1135.6,1614.0
2017-08-31,1138.0,1141.2,1136.6,1140.2,1962.0
2017-09-01,1141.2,1146.0,1138.4,1142.0,1667.0
2017-09-04,1140.0,1141.8,1133.8,1134.0,1512.0
2017-09-05,1135.6,1138.4,1132.6,1136.4,1319.0
2017-09-06,1131.0,1133.4,1125.8,1129.6,1740.0
2017-09-07,1130.8,1132.2,1122.2,1124.8,1586.0
2017-09-08,1122.0,1134.4,1121.6,1130.0,2348.0
2017-09-11,1137.6,1139.6,1129.0,1132.8,1621.0
2017-09-12,1136.4,1138.4,1132.0,1136.0,1174.0
2017-09-13,1137.8,1138.4,1128.8,1131.2,2216.0
2017-09-14,1129.6,1131.8,1127.2,1127.4,1405.0
2017-09-15,1127.2,1132.8,1124.6,1132.0,1881.0
2017-09-18,1135.8,1139.4,1133.0,1137.0,2794.0
2017-09-19,1138.0,1138.6,1130.2,1132.2,2623.0
2017-09-20,1131.8,1133.2,1126.2,1126.4,1616.0
2017-09-21,1130.0,1134.4,1125.2,1133.0,3339.0
2017-09-22,1130.0,1130.6,1119.6,1124.4,2890.0
2017-09-25,1124.4,1128.4,1115.6,1117.2,1968.0
2017-09-26,1113.2,1123.0,1113.2,1119.4,2159.0
2017-09-27,1122.8,1124.8,1119.2,1124.2,1647.0
2017-09-28,1127.2,1127.2,1117.6,1121.2,1800.0
2017-09-29,1120.4,1123.0,1117.2,1120.6,1302.0
2017-09-30,1121.2,1124.6,1121.2,1122.6,621.0
2017-10-02,1125.0,1127.6,1121.8,1125.2,1486.0
2017-10-03,1124.8,1127.0,1120.8,1124.4,1304.0
2017-10-05,1125.0,1128.6,1122.4,1127.2,1102.0
2017-10-06,1130.8,1132.6,1128.0,1131.6,1313.0
2017-10-11,1133.2,1141.0,1132.4,1137.4,2628.0
2017-10-12,1137.8,1139.2,1134.8,1137.4,1682.0
2017-10-13,1135.4,1141.0,1135.0,1139.4,1297.0
2017-10-16,1142.0,1142.2,1137.6,1141.4,1736.0
2017-10-17,1144.0,1145.8,1141.0,1144.4,2312.0
2017-10-18,1143.6,1146.6,1133.0,1137.2,2012.0
2017-10-19,1145.0,1145.0,1137.8,1138.6,2132.0
2017-10-20,1138.0,1138.8,1135.2,1136.6,1374.0
2017-10-23,1138.8,1140.8,1136.2,1140.0,1503.0
2017-10-24,1138.2,1139.6,1135.8,1137.8,1005.0
2017-10-25,1140.0,1143.0,1137.8,1142.0,1633.0
2017-10-26,1141.0,1141.8,1136.0,1136.6,1200.0
2017-10-27,1138.0,1146.0,1136.2,1143.6,3271.0
2017-10-30,1145.2,1147.6,1142.2,1143.2,2087.0
2017-10-31,1143.0,1143.0,1139.6,1140.4,1360.0
2017-11-01,1144.8,1144.8,1141.2,1143.2,1357.0
2017-11-02,1141.2,1145.2,1138.0,1142.0,1292.0
2017-11-03,1143.4,1145.0,1141.0,1144.0,970.0
2017-11-06,1142.2,1145.2,1136.4,1139.8,1798.0
2017-11-07,1139.4,1140.8,1138.0,1140.0,1091.0
2017-11-08,1138.8,1142.8,1138.0,1140.6,1007.0
2017-11-09,1140.2,1143.2,1133.6,1135.6,1977.0
2017-11-10,1135.0,1138.4,1134.6,1137.2,1053.0
2017-11-13,1135.6,1142.4,1135.0,1140.2,2697.0
2017-11-14,1141.0,1144.0,1140.0,1141.0,2033.0
2017-11-15,1139.6,1142.6,1137.2,1141.0,1508.0
2017-11-16,1137.8,1140.0,1134.4,1136.2,2199.0
2017-11-17,1141.0,1141.8,1136.6,1137.8,1664.0
2017-11-20,1139.4,1146.8,1138.6,1146.2,2789.0
2017-11-21,1147.4,1181.2,1146.6,1178.6,9699.0
2017-11-22,1184.0,1197.6,1181.8,1189.6,8331.0
2017-11-23,1190.0,1195.2,1184.6,1192.0,5107.0
2017-11-24,1190.8,1190.8,1178.2,1180.6,4515.0
2017-11-27,1180.0,1182.4,1166.2,1170.0,4496.0
2017-11-28,1168.8,1175.8,1165.8,1168.8,4596.0
2017-11-29,1175.8,1178.2,1170.6,1172.8,3625.0
2017-11-30,1171.0,1174.8,1164.0,1167.2,4762.0
2017-12-01,1171.2,1189.6,1166.8,1184.0,8295.0
2017-12-04,1187.8,1196.2,1176.8,1195.8,7284.0
2017-12-05,1192.0,1203.4,1190.0,1191.8,6063.0
2017-12-06,1192.6,1194.4,1176.2,1176.4,5675.0
2017-12-07,1177.2,1178.8,1169.4,1171.8,3307.0
2017-12-08,1171.8,1178.2,1168.4,1174.6,4296.0
2017-12-11,1176.6,1182.6,1175.6,1178.0,2668.0
2017-12-12,1178.6,1178.6,1171.8,1174.4,2255.0
2017-12-13,1176.4,1187.0,1176.4,1179.8,3801.0
2017-12-14,1185.0,1192.0,1183.4,1189.6,4006.0
2017-12-15,1188.0,1189.4,1178.2,1184.0,3206.0
2017-12-18,1188.8,1188.8,1177.0,1182.6,3123.0
2017-12-19,1184.8,1187.8,1180.8,1185.8,3320.0
2017-12-20,1183.8,1192.6,1183.6,1186.6,2685.0
2017-12-21,1188.4,1190.4,1182.4,1183.6,2727.0
2017-12-22,1185.8,1187.6,1183.8,1186.2,1872.0
2017-12-25,1188.0,1189.0,1183.6,1184.4,1324.0
2017-12-26,1185.8,1187.2,1175.2,1176.0,3160.0
2017-12-27,1175.4,1183.6,1173.0,1183.6,2275.0
2017-12-28,1185.4,1189.4,1183.8,1187.2,2594.0
2017-12-29,1188.4,1190.8,1186.0,1187.6,2522.0
2018-01-02,1187.6,1195.4,1184.6,1195.2,2408.0
2018-01-03,1198.0,1204.6,1194.6,1203.8,3201.0
2018-01-04,1207.0,1208.6,1200.2,1207.4,2824.0
2018-01-05,1208.8,1218.0,1207.6,1217.4,3625.0
2018-01-08,1218.0,1230.6,1217.4,1229.8,4075.0
2018-01-09,1231.2,1231.2,1225.2,1229.4,2182.0
2018-01-10,1230.4,1241.2,1230.4,1233.6,5319.0
2018-01-11,1235.2,1236.6,1227.0,1233.0,3441.0
2018-01-12,1237.4,1239.0,1233.8,1236.6,2194.0
2018-01-15,1242.0,1253.6,1241.8,1253.6,4040.0
2018-01-16,1252.4,1255.0,1247.4,1254.0,2504.0
2018-01-17,1250.0,1256.0,1247.6,1252.2,2061.0
2018-01-18,1256.6,1258.8,1250.4,1250.6,4057.0
2018-01-19,1253.6,1253.6,1243.8,1249.4,2825.0
2018-01-22,1250.0,1250.0,1242.0,1248.6,3112.0
2018-01-23,1250.2,1252.2,1239.4,1241.2,3486.0
2018-01-24,1241.0,1241.0,1228.2,1234.4,3485.0
2018-01-25,1232.8,1244.8,1232.8,1241.2,4282.0
2018-01-26,1242.8,1244.6,1232.4,1237.8,3320.0
2018-01-29,1243.0,1245.0,1239.4,1242.8,2243.0
2018-01-30,1238.6,1245.4,1231.6,1232.2,3016.0
2018-01-31,1229.2,1236.0,1223.6,1234.0,3048.0
2018-02-01,1232.0,1241.0,1232.0,1234.8,2684.0
2018-02-02,1231.0,1234.6,1224.2,1230.4,3223.0
2018-02-05,1210.0,1218.6,1206.2,1213.0,3303.0
2018-02-06,1186.0,1187.6,1147.8,1164.4,7825.0
2018-02-07,1178.0,1192.4,1173.0,1180.2,3259.0
2018-02-08,1181.0,1189.8,1181.0,1187.2,2619.0
2018-02-09,1161.0,1181.8,1154.4,1178.2,4625.0
2018-02-12,1184.4,1194.4,1183.2,1190.6,2711.0
2018-02-21,1209.6,1214.6,1195.6,1207.2,2557.0
2018-02-22,1201.2,1210.8,1197.0,1210.8,2432.0
2018-02-23,1215.0,1226.0,1214.8,1223.4,2230.0
2018-02-26,1229.2,1230.8,1223.6,1224.0,1442.0
2018-02-27,1229.6,1231.6,1219.4,1221.8,1648.0
2018-03-01,1205.0,1222.0,1201.0,1218.8,2244.0
2018-03-02,1207.8,1213.0,1202.6,1208.8,2259.0
2018-03-05,1210.0,1212.2,1198.0,1198.8,2407.0
2018-03-06,1207.6,1211.6,1203.4,1209.0,1870.0
2018-03-07,1202.0,1210.0,1200.2,1201.0,1907.0
2018-03-08,1205.4,1209.0,1205.2,1206.2,1572.0
2018-03-09,1211.6,1214.0,1205.2,1208.2,1672.0
2018-03-12,1218.0,1237.0,1217.4,1236.8,3559.0
2018-03-13,1234.0,1237.6,1230.8,1235.6,1889.0
2018-03-14,1230.6,1235.4,1227.2,1229.0,2081.0
2018-03-15,1228.2,1233.4,1223.6,1228.6,1714.0
2018-03-16,1228.8,1232.4,1221.8,1231.8,2328.0
2018-03-19,1228.6,1234.4,1225.0,1228.4,2444.0
2018-03-20,1225.4,1228.0,1223.2,1226.0,2103.0
2018-03-21,1228.0,1230.6,1224.8,1225.8,1405.0
2018-03-22,1225.0,1235.8,1222.2,1226.4,3278.0
2018-03-23,1198.6,1211.4,1195.0,1201.8,2825.0
2018-03-26,1201.0,1210.0,1197.8,1209.4,1486.0
2018-03-27,1220.8,1220.8,1215.6,1219.6,1628.0
2018-03-28,1214.0,1214.4,1206.2,1207.0,1577.0
2018-03-29,1209.2,1211.0,1202.4,1204.0,1632.0
2018-03-30,1210.0,1213.8,1209.0,1210.8,1305.0
2018-03-31,1212.6,1215.4,1211.4,1214.4,429.0
2018-04-02,1214.0,1216.2,1208.2,1213.4,1574.0
2018-04-03,1207.6,1207.8,1202.0,1203.0,1489.0
2018-04-09,1207.0,1216.0,1205.2,1215.8,2008.0
2018-04-10,1213.0,1231.8,1213.0,1229.0,2975.0
2018-04-11,1231.6,1235.0,1228.4,1229.8,1802.0
2018-04-12,1233.6,1236.6,1226.6,1230.2,2019.0
2018-04-13,1233.4,1234.6,1227.2,1228.2,1593.0
2018-04-16,1229.2,1230.4,1221.6,1224.2,1953.0
2018-04-17,1225.0,1226.0,1212.2,1213.6,2589.0
2018-04-18,1217.4,1221.6,1214.8,1218.2,1987.0
2018-04-19,1218.6,1231.0,1218.2,1230.4,2371.0
2018-04-20,1228.0,1235.2,1221.0,1230.6,2944.0
2018-04-23,1227.4,1236.0,1225.0,1231.4,1912.0
2018-04-24,1233.6,1235.2,1227.6,1232.2,2159.0
2018-04-25,1222.0,1229.0,1220.4,1228.0,2478.0
2018-04-26,1230.8,1236.8,1228.0,1230.6,1838.0
2018-04-27,1235.4,1240.4,1233.8,1239.0,2593.0
2018-04-30,1241.2,1246.2,1239.4,1245.6,1856.0
2018-05-02,1242.0,1247.4,1241.2,1243.6,1497.0
2018-05-03,1239.0,1245.4,1235.0,1238.0,1718.0
2018-05-04,1235.0,1235.0,1226.4,1230.2,2064.0
2018-05-07,1234.4,1235.6,1229.4,1231.0,1335.0
2018-05-08,1231.2,1237.8,1230.2,1237.2,1278.0
2018-05-09,1239.0,1241.6,1236.6,1239.4,1176.0
2018-05-10,1242.6,1244.6,1239.4,1241.2,1035.0
2018-05-11,1245.2,1259.4,1243.0,1259.2,2559.0
2018-05-14,1262.0,1263.6,1257.4,1262.4,2288.0
2018-05-15,1261.4,1266.6,1255.0,1256.0,2394.0
2018-05-16,1255.0,1264.2,1254.8,1261.8,2018.0
2018-05-17,1264.6,1269.6,1263.4,1266.8,1864.0
2018-05-18,1268.0,1269.8,1264.8,1266.6,1440.0
2018-05-21,1268.4,1275.8,1268.4,1273.4,1657.0
2018-05-22,1274.6,1274.6,1272.0,1272.6,1038.0
2018-05-23,1272.2,1274.6,1266.4,1266.8,1413.0
2018-05-24,1269.0,1271.6,1265.6,1269.6,1226.0
2018-05-25,1271.0,1272.0,1266.6,1268.0,1177.0
2018-05-28,1271.0,1275.8,1269.2,1274.4,1064.0
2018-05-29,1272.8,1273.2,1266.8,1269.0,1036.0
2018-05-30,1260.2,1260.2,1243.0,1243.4,2659.0
2018-05-31,1251.0,1254.2,1248.6,1252.4,1665.0
2018-06-01,1251.6,1256.6,1248.4,1254.4,1227.0
2018-06-04,1259.4,1268.4,1259.0,1265.4,1359.0
2018-06-05,1266.6,1275.2,1265.8,1273.8,1705.0
2018-06-06,1277.0,1288.8,1274.4,1285.6,1586.0
2018-06-07,1290.8,1293.8,1286.0,1289.4,1307.0
2018-06-08,1290.0,1290.4,1281.0,1285.0,1314.0
2018-06-11,1285.6,1291.8,1285.0,1288.6,1155.0
2018-06-12,1288.0,1290.6,1279.6,1283.6,1637.0
2018-06-13,1284.8,1287.4,1280.4,1282.2,1144.0
2018-06-14,1277.0,1280.8,1268.2,1270.2,1650.0
2018-06-15,1269.4,1273.8,1265.2,1272.2,1909.0
2018-06-19,1264.0,1268.2,1259.2,1262.4,3292.0
2018-06-20,1262.0,1274.4,1259.4,1274.2,2047.0
2018-06-21,1253.2,1255.2,1245.4,1249.0,1517.0
2018-06-22,1240.0,1248.2,1239.2,1244.6,1715.0
2018-06-25,1242.2,1248.0,1241.2,1242.4,1770.0
2018-06-26,1242.0,1247.4,1239.2,1241.0,1905.0
2018-06-27,1241.0,1243.6,1233.8,1235.6,2002.0
2018-06-28,1231.0,1238.0,1229.4,1233.2,1304.0
2018-06-29,1235.8,1245.4,1231.6,1243.0,1932.0
2018-07-02,1245.2,1245.2,1230.2,1230.4,1864.0
2018-07-03,1234.0,1236.0,1221.6,1228.0,2078.0
2018-07-04,1225.0,1228.8,1221.0,1225.8,942.0
2018-07-05,1228.0,1228.2,1217.0,1219.8,1437.0
2018-07-06,1222.2,1225.2,1207.8,1215.8,2653.0
2018-07-09,1220.8,1227.2,1220.0,1225.0,1380.0
2018-07-10,1231.4,1234.0,1227.8,1230.4,1226.0
2018-07-11,1223.4,1226.2,1218.8,1222.0,1402.0
2018-07-12,1224.2,1238.2,1221.8,1236.6,1572.0
2018-07-13,1242.0,1244.2,1237.0,1242.6,1085.0
2018-07-16,1241.8,1243.6,1238.0,1239.4,1214.0
2018-07-17,1241.0,1242.4,1238.0,1239.8,2095.0
2018-07-18,1241.4,1246.8,1241.2,1246.2,1137.0
2018-07-19,1232.0,1233.0,1225.0,1225.0,1846.0
2018-07-20,1225.0,1230.4,1223.0,1229.0,1767.0
2018-07-23,1232.0,1232.4,1226.8,1228.4,966.0
2018-07-24,1229.2,1230.8,1224.8,1230.4,1216.0
2018-07-25,1229.6,1233.4,1229.4,1229.4,989.0
2018-07-26,1233.8,1235.0,1228.4,1233.8,1233.0
2018-07-27,1234.4,1238.6,1233.4,1238.6,1123.0
2018-07-30,1236.4,1243.6,1236.4,1239.8,1539.0
2018-07-31,1240.4,1252.4,1238.0,1249.8,1575.0
2018-08-01,1251.8,1253.0,1248.2,1251.6,872.0
2018-08-02,1252.8,1253.4,1241.8,1243.6,2150.0
2018-08-03,1247.0,1260.2,1246.0,1259.2,2117.0
2018-08-06,1257.0,1263.8,1256.6,1259.0,1291.0
2018-08-07,1259.4,1264.2,1257.2,1261.8,829.0
2018-08-08,1261.8,1269.6,1261.0,1267.0,1142.0
2018-08-09,1267.0,1271.8,1266.2,1266.8,1603.0
2018-08-10,1265.8,1275.8,1261.4,1270.0,1703.0
2018-08-13,1267.0,1267.4,1252.2,1256.0,2654.0
2018-08-14,1257.6,1261.8,1255.2,1259.2,1611.0
2018-08-15,1260.4,1260.6,1253.4,1255.8,871.0
2018-08-16,1241.2,1245.8,1237.6,1242.8,1362.0
2018-08-17,1246.0,1250.6,1244.4,1247.4,987.0
2018-08-20,1248.2,1254.0,1246.8,1249.0,976.0
2018-08-21,1250.6,1261.8,1250.4,1259.2,970.0
2018-08-22,1259.0,1264.4,1256.2,1262.0,862.0
2018-08-23,1263.2,1269.4,1257.0,1269.0,1443.0
2018-08-24,1267.0,1267.0,1261.2,1266.8,908.0
2018-08-27,1269.0,1272.6,1265.0,1267.0,1430.0
2018-08-28,1272.0,1274.2,1269.6,1270.0,984.0
2018-08-29,1271.2,1273.2,1268.4,1271.0,1051.0
2018-08-30,1273.0,1275.2,1263.8,1264.0,2178.0
2018-08-31,1261.0,1273.8,1261.0,1273.2,1453.0
2018-09-03,1271.4,1276.0,1265.4,1269.0,1143.0
2018-09-04,1269.4,1274.8,1268.8,1273.4,1003.0
2018-09-05,1270.6,1271.6,1261.8,1263.0,1598.0
2018-09-06,1262.4,1265.0,1254.4,1257.4,1923.0
2018-09-07,1256.0,1261.2,1252.0,1259.8,1719.0
2018-09-10,1259.0,1261.2,1254.0,1256.4,1388.0
2018-09-11,1256.6,1258.8,1253.4,1257.2,1117.0
2018-09-12,1258.0,1260.6,1255.4,1259.0,1145.0
2018-09-13,1261.4,1265.4,1260.6,1263.0,1043.0
2018-09-14,1268.8,1272.8,1266.6,1270.0,1557.0
2018-09-17,1266.4,1270.2,1265.4,1268.2,1231.0
2018-09-18,1265.0,1273.4,1264.2,1270.4,1857.0
2018-09-19,1272.4,1280.2,1264.4,1279.6,1166.0
2018-09-20,1285.2,1287.0,1280.2,1285.6,1760.0
2018-09-21,1289.2,1298.0,1286.8,1297.8,1902.0
2018-09-25,1295.0,1301.2,1294.8,1299.2,1490.0
2018-09-26,1300.0,1300.4,1294.0,1298.2,1186.0
2018-09-27,1296.8,1305.4,1294.2,1302.8,1558.0
2018-09-28,1305.0,1306.6,1298.4,1302.6,2249.0
2018-10-01,1303.2,1310.2,1301.2,1307.0,997.0
2018-10-02,1306.6,1307.4,1294.0,1298.2,2065.0
2018-10-03,1296.2,1298.8,1293.2,1295.4,1242.0
2018-10-04,1294.2,1295.2,1284.2,1289.0,2019.0
2018-10-05,1288.0,1291.6,1274.0,1282.6,3336.0
2018-10-08,1277.6,1288.2,1276.2,1285.8,1697.0
2018-10-09,1285.6,1295.2,1285.2,1289.8,1918.0
2018-10-11,1260.0,1263.4,1219.2,1219.2,6757.0
2018-10-12,1223.2,1242.8,1212.6,1237.2,3669.0
2018-10-15,1236.4,1236.4,1226.0,1227.0,2381.0
2018-10-16,1227.0,1234.4,1224.0,1225.4,2263.0
2018-10-17,1237.4,1238.0,1225.4,1228.2,1119.0
2018-10-18,1226.6,1228.6,1218.8,1220.0,1640.0
2018-10-19,1210.2,1226.6,1208.0,1224.0,2190.0
2018-10-22,1217.0,1228.4,1213.4,1225.2,1770.0
2018-10-23,1215.0,1217.0,1206.8,1208.8,2587.0
2018-10-24,1208.2,1211.6,1192.2,1201.8,3195.0
2018-10-25,1176.0,1190.0,1174.6,1184.6,3135.0
2018-10-26,1184.2,1187.4,1160.4,1171.4,3741.0
2018-10-29,1178.8,1181.6,1166.4,1169.0,2405.0
2018-10-30,1169.0,1184.2,1168.0,1181.2,2592.0
2018-10-31,1186.4,1201.0,1186.4,1196.2,2232.0
2018-11-01,1199.8,1199.8,1189.2,1194.0,1787.0
2018-11-02,1200.2,1212.6,1195.6,1211.4,2269.0
2018-11-05,1203.0,1208.6,1199.4,1207.6,1489.0
2018-11-06,1211.2,1220.6,1211.2,1217.0,2174.0
2018-11-07,1217.0,1231.2,1215.4,1226.4,1720.0
2018-11-08,1235.6,1245.6,1233.2,1244.2,2105.0
2018-11-09,1243.0,1243.4,1230.0,1238.8,1999.0
2018-11-12,1237.4,1243.8,1233.2,1238.4,1199.0
2018-11-13,1218.0,1235.2,1214.8,1230.6,2292.0
2018-11-14,1231.8,1238.0,1228.6,1238.0,1188.0
2018-11-15,1236.6,1243.6,1229.2,1243.0,1597.0
2018-11-16,1247.2,1249.6,1240.4,1243.6,1436.0
2018-11-19,1247.2,1251.8,1244.6,1250.0,1732.0
2018-11-20,1244.6,1249.0,1236.0,1239.6,1722.0
2018-11-21,1230.6,1235.6,1224.4,1235.6,1625.0
2018-11-22,1235.0,1236.0,1226.4,1229.6,1658.0
2018-11-23,1230.0,1230.2,1219.4,1221.6,1672.0
2018-11-26,1222.0,1244.8,1222.0,1225.8,3047.0
2018-11-27,1226.4,1228.2,1214.0,1216.6,2314.0
2018-11-28,1220.0,1225.0,1214.6,1224.0,2463.0
2018-11-29,1238.6,1238.8,1212.4,1216.4,2294.0
2018-11-30,1215.8,1221.8,1213.6,1217.0,1914.0
2018-12-03,1226.0,1231.6,1223.6,1230.6,2166.0
2018-12-04,1226.6,1227.4,1218.0,1219.2,1546.0
2018-12-05,1205.0,1215.8,1202.2,1210.4,2250.0
2018-12-06,1207.0,1209.0,1198.2,1204.4,2566.0
2018-12-07,1208.0,1211.2,1201.0,1204.2,1224.0
2018-12-10,1191.6,1199.2,1189.0,1192.6,1244.0
2018-12-11,1193.6,1195.4,1188.2,1193.0,1780.0
2018-12-12,1197.0,1201.0,1193.2,1196.8,1572.0
2018-12-13,1198.0,1206.6,1194.6,1206.2,1636.0
2018-12-14,1202.4,1204.0,1193.0,1197.2,1959.0
2018-12-17,1197.0,1205.2,1196.6,1199.6,1717.0
2018-12-18,1194.0,1197.2,1185.4,1186.8,1629.0
2018-12-19,1187.6,1190.6,1182.8,1189.4,763.0
2018-12-20,1179.2,1186.2,1178.0,1180.2,1844.0
2018-12-21,1179.6,1186.0,1177.4,1186.0,1707.0
2018-12-22,1178.8,1181.0,1176.2,1179.2,169.0
2018-12-24,1180.0,1180.4,1169.8,1176.0,1322.0
2018-12-25,1165.0,1171.2,1157.8,1169.0,1487.0
2018-12-26,1172.0,1175.4,1166.2,1168.0,788.0
2018-12-27,1181.2,1181.2,1172.0,1177.4,1535.0
2018-12-28,1177.2,1182.4,1176.0,1178.0,709.0
2019-01-02,1184.6,1186.4,1165.4,1171.6,2299.0
2019-01-03,1170.0,1174.0,1165.6,1166.0,1783.0
2019-01-04,1159.6,1168.4,1157.2,1162.2,2184.0
2019-01-07,1178.0,1183.0,1172.8,1181.0,2687.0
2019-01-08,1182.8,1186.0,1178.4,1179.2,1299.0
2019-01-09,1182.6,1200.0,1182.6,1194.0,2534.0
2019-01-10,1192.6,1196.4,1191.0,1195.2,819.0
2019-01-11,1198.6,1200.4,1192.0,1196.0,1866.0
2019-01-14,1195.8,1195.8,1179.6,1182.0,1903.0
2019-01-15,1185.8,1190.2,1183.8,1186.2,1512.0
2019-01-16,1187.8,1187.8,1176.2,1180.0,1252.0
2019-01-17,1183.4,1184.0,1174.8,1180.2,1669.0
2019-01-18,1184.6,1186.8,1179.0,1185.2,1307.0
2019-01-21,1191.0,1194.6,1185.4,1191.0,1458.0
2019-01-22,1190.0,1193.4,1187.2,1192.8,1202.0
2019-01-23,1192.0,1193.0,1188.4,1191.2,678.0
2019-01-24,1192.0,1195.0,1185.6,1189.0,1681.0
2019-01-25,1194.0,1200.8,1192.4,1195.0,1608.0
2019-01-28,1196.8,1199.4,1195.2,1197.6,815.0
2019-01-29,1193.8,1201.2,1192.8,1199.8,1969.0
2019-01-30,1197.6,1203.8,1197.6,1201.4,926.0
2019-02-11,1207.4,1208.8,1195.2,1195.6,1700.0
2019-02-12,1200.0,1206.0,1198.4,1204.2,1045.0
2019-02-13,1207.2,1209.0,1205.2,1206.6,945.0
2019-02-14,1207.0,1214.0,1203.0,1212.2,1167.0
2019-02-15,1209.2,1214.2,1205.0,1206.4,1302.0
2019-02-18,1212.8,1216.2,1210.2,1214.2,1289.0
2019-02-19,1213.0,1217.4,1211.4,1215.8,888.0
2019-02-20,1218.8,1222.8,1215.8,1222.0,880.0
2019-02-21,1223.0,1230.0,1219.2,1228.4,1337.0
2019-02-22,1225.0,1231.6,1222.8,1230.4,1078.0
2019-02-25,1231.6,1233.8,1227.2,1230.8,1585.0
2019-02-26,1231.8,1233.6,1226.2,1226.6,960.0
2019-02-27,1230.4,1236.0,1227.8,1235.6,1121.0
2019-03-04,1237.0,1238.8,1220.0,1228.4,2302.0
2019-03-05,1224.4,1230.0,1223.6,1227.6,837.0
2019-03-06,1227.4,1233.4,1227.0,1230.8,903.0
2019-03-07,1230.2,1232.2,1226.6,1227.2,1064.0
2019-03-08,1224.8,1227.4,1221.8,1224.8,1267.0
2019-03-11,1222.0,1228.8,1222.0,1225.2,994.0
2019-03-12,1231.2,1240.8,1230.6,1234.2,2003.0
2019-03-13,1232.2,1236.2,1231.0,1235.6,792.0
2019-03-14,1237.8,1238.6,1233.8,1235.0,922.0
2019-03-15,1235.8,1242.6,1234.6,1238.8,1121.0
2019-03-18,1239.2,1249.6,1239.0,1247.4,1207.0
2019-03-19,1249.6,1263.0,1249.0,1260.4,1918.0
2019-03-20,1260.6,1264.2,1256.8,1264.0,764.0
2019-03-21,1263.6,1266.8,1258.2,1260.8,1565.0
2019-03-22,1264.4,1264.4,1251.0,1254.0,1327.0
2019-03-25,1244.0,1244.0,1238.0,1238.0,1019.0
2019-03-26,1242.0,1247.8,1240.8,1243.4,862.0
2019-03-27,1243.2,1243.2,1236.2,1238.0,1281.0
2019-03-28,1234.4,1236.2,1230.0,1233.8,956.0
2019-03-29,1238.2,1250.0,1234.4,1249.8,1363.0
2019-04-01,1254.8,1256.4,1244.6,1244.8,1521.0
2019-04-02,1248.0,1250.4,1245.4,1245.8,797.0
2019-04-03,1247.8,1250.4,1244.8,1245.0,755.0
2019-04-08,1250.0,1254.8,1244.4,1245.6,982.0
2019-04-09,1248.2,1251.6,1245.8,1249.8,1136.0
2019-04-10,1248.6,1252.0,1247.4,1247.6,742.0
2019-04-11,1249.4,1254.4,1245.4,1249.6,1381.0
2019-04-12,1249.4,1250.4,1246.4,1246.8,785.0
2019-04-15,1250.4,1252.8,1247.8,1248.4,1363.0
2019-04-16,1248.4,1248.4,1243.8,1246.0,994.0
2019-04-17,1246.6,1248.0,1244.0,1247.6,883.0
2019-04-18,1247.0,1247.6,1241.4,1245.6,1790.0
2019-04-19,1246.4,1252.2,1245.6,1249.8,2031.0
2019-04-22,1252.4,1254.2,1245.4,1247.4,868.0
2019-04-23,1247.0,1253.2,1245.4,1252.4,1361.0
2019-04-24,1253.4,1256.8,1251.6,1255.4,1651.0
2019-04-25,1255.0,1259.0,1254.6,1256.2,1172.0
2019-04-26,1251.2,1257.4,1251.0,1256.8,1328.0
2019-04-29,1257.6,1274.2,1257.6,1273.4,2002.0
2019-04-30,1273.4,1278.6,1270.2,1278.0,1465.0
2019-05-02,1277.2,1289.6,1276.2,1285.2,1655.0
2019-05-03,1286.0,1290.0,1282.2,1288.4,2096.0
2019-05-06,1280.4,1286.8,1266.8,1272.6,2425.0
2019-05-07,1274.2,1281.2,1273.0,1273.8,1177.0
2019-05-08,1266.0,1272.0,1262.4,1268.2,1217.0
2019-05-09,1266.2,1270.2,1256.6,1262.8,1628.0
2019-05-10,1263.0,1271.2,1258.2,1262.2,2381.0
2019-05-13,1260.0,1260.8,1249.4,1251.8,1931.0
2019-05-14,1242.0,1244.8,1236.0,1238.6,2204.0
2019-05-15,1237.8,1244.8,1232.0,1242.4,1092.0
2019-05-16,1238.0,1239.4,1231.0,1233.4,1429.0
2019-05-17,1236.2,1242.4,1234.4,1236.8,1550.0
2019-05-20,1239.6,1250.4,1237.6,1246.6,1674.0
2019-05-21,1245.4,1270.2,1245.4,1269.0,2637.0
2019-05-22,1266.8,1267.0,1255.0,1264.8,3068.0
2019-05-23,1260.6,1263.0,1254.2,1260.4,2373.0
2019-05-24,1262.0,1267.6,1259.8,1262.2,2632.0
2019-05-27,1265.0,1268.2,1262.2,1266.2,1065.0
2019-05-28,1270.2,1270.2,1257.6,1265.4,1962.0
2019-05-29,1257.0,1263.2,1256.0,1260.2,1302.0
2019-05-30,1261.6,1272.8,1257.0,1270.2,1735.0
2019-05-31,1267.6,1284.6,1267.6,1280.0,2153.0
2019-06-03,1278.8,1283.4,1272.8,1283.2,1456.0
2019-06-04,1282.2,1288.2,1281.8,1287.8,1617.0
2019-06-05,1291.4,1292.6,1287.8,1290.4,1270.0
2019-06-06,1289.2,1295.6,1285.0,1294.4,1638.0
2019-06-10,1297.6,1310.0,1297.0,1304.8,2247.0
2019-06-11,1310.2,1310.2,1297.2,1298.6,1864.0
2019-06-12,1297.6,1297.6,1275.2,1278.6,2989.0
2019-06-13,1279.6,1283.2,1272.2,1275.2,2125.0
2019-06-14,1275.2,1284.6,1275.0,1281.4,1684.0
2019-06-17,1278.2,1290.4,1277.6,1287.6,2424.0
2019-06-18,1287.6,1291.6,1286.0,1291.6,1314.0
2019-06-19,1298.6,1315.0,1294.4,1309.0,1803.0
2019-06-20,1287.0,1291.6,1280.8,1286.0,2129.0
2019-06-21,1288.0,1288.2,1276.8,1277.4,1991.0
2019-06-24,1278.2,1285.0,1274.4,1284.4,1145.0
2019-06-25,1284.4,1286.0,1280.0,1282.6,1502.0
2019-06-26,1279.2,1287.0,1279.2,1283.4,967.0
2019-06-27,1284.2,1293.4,1280.6,1290.0,2322.0
2019-06-28,1290.8,1291.0,1284.6,1287.0,917.0
2019-07-01,1294.6,1299.0,1290.0,1290.2,1401.0
2019-07-02,1288.0,1291.6,1286.0,1287.6,967.0
2019-07-03,1287.2,1291.2,1285.0,1288.8,1462.0
2019-07-04,1290.8,1297.4,1289.6,1294.0,1120.0
2019-07-05,1292.4,1301.0,1290.0,1299.8,1347.0
2019-07-08,1295.8,1298.4,1293.2,1295.8,1006.0
2019-07-09,1296.2,1298.8,1294.6,1295.6,721.0
2019-07-10,1297.8,1304.0,1297.4,1301.0,1979.0
2019-07-11,1302.0,1309.8,1301.8,1307.4,1274.0
2019-07-12,1307.0,1309.0,1304.2,1304.8,1038.0
2019-07-15,1305.0,1307.4,1298.2,1305.8,1434.0
2019-07-16,1305.8,1305.8,1301.8,1304.4,1601.0
2019-07-17,1301.6,1304.4,1297.6,1303.2,1040.0
2019-07-18,1282.0,1284.2,1279.0,1283.2,844.0
2019-07-19,1287.8,1288.8,1282.4,1283.2,2004.0
2019-07-22,1282.6,1287.6,1280.8,1285.4,842.0
2019-07-23,1286.2,1288.0,1281.8,1282.2,856.0
2019-07-24,1284.2,1287.0,1279.0,1279.2,894.0
2019-07-25,1281.0,1288.8,1280.6,1287.0,1393.0
2019-07-26,1285.0,1285.4,1280.4,1283.0,554.0
2019-07-29,1282.2,1283.2,1278.2,1281.2,612.0
2019-07-30,1284.4,1286.4,1282.6,1284.0,745.0
2019-07-31,1281.4,1283.0,1276.6,1277.0,1119.0
2019-08-01,1269.6,1270.4,1263.2,1263.2,1282.0
2019-08-02,1255.0,1255.4,1246.6,1249.2,1546.0
2019-08-05,1245.4,1250.0,1244.4,1248.2,1521.0
2019-08-06,1228.4,1248.2,1224.8,1239.0,2109.0
2019-08-07,1239.0,1242.4,1234.2,1241.0,1498.0
2019-08-08,1241.0,1248.6,1240.4,1248.4,1453.0
2019-08-12,1248.0,1255.6,1240.4,1250.2,1375.0
2019-08-13,1248.0,1249.4,1236.0,1237.0,1164.0
2019-08-14,1242.4,1245.2,1238.8,1239.4,970.0
2019-08-15,1226.2,1235.6,1222.8,1230.0,1094.0
2019-08-16,1230.4,1251.2,1224.4,1246.4,2357.0
2019-08-19,1247.2,1255.6,1246.4,1252.8,1085.0
2019-08-20,1252.4,1255.0,1248.8,1253.6,1394.0
2019-08-21,1254.0,1254.0,1246.8,1246.8,896.0
2019-08-22,1247.4,1249.6,1242.2,1243.6,1191.0
2019-08-23,1245.0,1251.6,1244.2,1251.0,909.0
2019-08-26,1239.0,1243.2,1236.0,1239.2,1742.0
2019-08-27,1245.0,1245.8,1239.8,1241.6,1335.0
2019-08-28,1241.8,1244.8,1241.2,1243.6,778.0
2019-08-29,1243.4,1244.2,1237.4,1237.8,899.0
2019-08-30,1244.6,1254.2,1242.8,1252.0,1275.0
2019-09-02,1251.8,1256.0,1249.8,1255.2,807.0
2019-09-03,1257.2,1260.0,1254.4,1254.4,1012.0
2019-09-04,1255.0,1261.0,1255.0,1260.8,926.0
2019-09-05,1265.0,1270.6,1263.2,1266.4,1199.0
2019-09-06,1266.8,1278.8,1266.8,1274.8,1386.0
2019-09-09,1276.8,1291.8,1276.8,1290.8,1570.0
2019-09-10,1291.0,1303.6,1291.0,1300.4,2440.0
2019-09-11,1303.0,1306.8,1300.2,1303.6,1664.0
2019-09-12,1306.0,1309.8,1303.6,1307.6,1506.0
2019-09-16,1306.6,1308.6,1302.8,1304.6,1726.0
2019-09-17,1306.0,1306.4,1301.8,1305.4,1238.0
2019-09-18,1307.2,1316.0,1307.2,1315.8,1171.0
2019-09-19,1314.2,1315.0,1309.4,1312.8,923.0
2019-09-20,1313.8,1315.4,1308.8,1310.6,1098.0
2019-09-23,1310.6,1312.6,1304.0,1304.0,908.0
2019-09-24,1304.2,1307.0,1300.8,1305.8,1015.0
2019-09-25,1301.2,1303.0,1291.4,1294.2,1364.0
2019-09-26,1295.8,1298.0,1291.6,1291.6,1113.0
2019-09-27,1292.0,1295.6,1288.0,1288.6,1039.0
2019-10-01,1289.2,1299.8,1289.2,1297.0,1073.0
2019-10-02,1291.0,1294.2,1290.6,1291.8,639.0
2019-10-03,1285.0,1285.6,1276.2,1280.6,1235.0
2019-10-04,1280.4,1284.4,1276.6,1283.6,1035.0
2019-10-07,1285.4,1286.4,1282.0,1282.8,523.0
2019-10-08,1283.8,1295.4,1283.8,1289.8,1427.0
2019-10-09,1289.4,1289.4,1279.8,1280.8,760.0
2019-10-14,1290.8,1296.0,1288.2,1293.8,1781.0
2019-10-15,1294.4,1298.8,1293.0,1296.4,1181.0
2019-10-16,1299.0,1305.8,1296.8,1300.8,1392.0
2019-10-17,1304.2,1304.6,1300.0,1302.6,1573.0
2019-10-18,1304.0,1304.2,1297.2,1297.6,1028.0
2019-10-21,1298.4,1305.0,1297.6,1304.0,973.0
2019-10-22,1306.0,1310.0,1302.0,1309.8,1317.0
2019-10-23,1306.2,1309.4,1298.8,1300.6,985.0
2019-10-24,1301.2,1309.0,1300.8,1309.0,802.0
2019-10-25,1310.0,1312.6,1307.4,1311.4,720.0
2019-10-28,1313.6,1314.8,1310.8,1313.0,533.0
2019-10-29,1315.6,1316.2,1311.8,1314.2,846.0
2019-10-30,1314.0,1317.2,1311.8,1316.4,819.0
2019-10-31,1318.2,1323.4,1315.6,1317.0,1850.0
2019-11-01,1316.4,1317.2,1313.2,1314.6,876.0
2019-11-04,1317.8,1327.4,1317.0,1327.2,1640.0
2019-11-05,1329.2,1337.8,1329.0,1337.8,1289.0
2019-11-06,1337.8,1360.0,1337.8,1355.4,3639.0
2019-11-07,1356.8,1363.4,1351.0,1351.4,2181.0
2019-11-08,1357.0,1357.6,1348.8,1350.6,1257.0
2019-11-11,1351.2,1351.4,1338.0,1342.2,1471.0
2019-11-12,1344.4,1355.0,1344.0,1348.0,1449.0
2019-11-13,1346.4,1346.4,1339.2,1341.8,1079.0
2019-11-14,1342.2,1343.6,1333.0,1336.8,1430.0
2019-11-15,1338.6,1347.2,1337.8,1343.2,1361.0
2019-11-18,1345.2,1347.8,1337.0,1347.6,1350.0
2019-11-19,1347.6,1350.8,1340.6,1348.6,1471.0
2019-11-20,1345.2,1347.8,1343.2,1344.4,788.0
2019-11-21,1340.6,1341.2,1333.8,1337.4,1567.0
2019-11-22,1340.4,1342.0,1335.6,1339.4,1015.0
2019-11-25,1344.2,1350.4,1342.8,1348.0,1381.0
2019-11-26,1350.2,1355.0,1348.2,1350.8,1208.0
2019-11-27,1350.6,1353.4,1347.4,1350.0,1016.0
2019-11-28,1349.2,1350.4,1344.2,1345.0,686.0
2019-11-29,1345.2,1345.6,1331.4,1332.2,1460.0
2019-12-02,1336.2,1338.2,1330.2,1332.6,971.0
2019-12-03,1330.0,1334.6,1327.6,1333.0,780.0
2019-12-04,1329.4,1331.8,1325.8,1331.0,715.0
2019-12-05,1334.6,1338.4,1329.8,1332.8,1579.0
2019-12-06,1335.2,1338.0,1331.0,1331.0,776.0
2019-12-09,1333.8,1335.8,1332.4,1334.8,840.0
2019-12-10,1335.0,1338.0,1334.2,1336.0,918.0
2019-12-11,1335.0,1341.0,1332.6,1339.6,971.0
2019-12-12,1342.6,1349.6,1341.6,1344.0,1618.0
2019-12-13,1352.6,1361.4,1350.2,1359.0,2511.0
2019-12-16,1358.6,1360.2,1351.6,1353.8,1129.0
2019-12-17,1356.4,1358.6,1351.4,1358.6,1886.0
2019-12-18,1358.2,1365.0,1356.0,1364.0,1217.0
2019-12-19,1363.0,1368.2,1358.8,1364.0,1723.0
2019-12-20,1367.0,1370.2,1361.8,1365.6,2154.0
2019-12-23,1367.6,1367.6,1363.2,1366.6,1130.0
2019-12-24,1366.6,1367.2,1362.2,1363.2,665.0
2019-12-25,1363.2,1364.2,1361.0,1362.8,795.0
2019-12-26,1363.2,1363.4,1360.0,1362.8,462.0
2019-12-27,1363.6,1368.4,1363.6,1365.6,1180.0
2019-12-30,1365.2,1365.8,1362.6,1365.0,731.0
2019-12-31,1361.2,1363.0,1357.6,1358.6,913.0
2020-01-02,1360.2,1362.8,1355.2,1358.8,1842.0
2020-01-03,1362.8,1363.8,1356.4,1361.0,2062.0
2020-01-06,1358.0,1361.6,1352.2,1353.6,1492.0
2020-01-07,1356.2,1356.8,1349.4,1352.6,1268.0
2020-01-08,1338.0,1346.6,1338.0,1339.2,1751.0
2020-01-09,1348.4,1352.6,1344.8,1349.8,1978.0
2020-01-10,1351.8,1356.2,1351.2,1352.8,1187.0
2020-01-13,1357.0,1373.0,1357.0,1371.2,2147.0
2020-01-14,1378.0,1380.4,1373.6,1376.2,1383.0
2020-01-15,1377.0,1379.8,1369.0,1371.4,1146.0
2020-01-16,1374.4,1375.8,1371.8,1374.6,1212.0
2020-01-17,1378.8,1381.4,1375.6,1381.0,1206.0
2020-01-20,1383.2,1392.4,1382.8,1390.4,1430.0
2020-01-30,1364.4,1364.4,1324.4,1325.0,3509.0
2020-01-31,1334.0,1344.6,1329.4,1333.4,2411.0
2020-02-03,1322.0,1328.8,1304.6,1324.8,2483.0
2020-02-04,1328.4,1342.2,1320.2,1340.4,2618.0
2020-02-05,1345.0,1348.0,1332.2,1345.8,1791.0
2020-02-06,1350.8,1364.4,1350.8,1363.4,1395.0
2020-02-07,1359.0,1359.0,1351.0,1353.4,1442.0
2020-02-10,1347.2,1355.4,1340.6,1352.8,2024.0
2020-02-11,1358.0,1364.2,1357.2,1360.4,1397.0
2020-02-12,1358.6,1366.8,1358.2,1362.2,1118.0
2020-02-13,1365.0,1365.8,1360.8,1363.8,1314.0
2020-02-14,1362.0,1367.0,1360.2,1364.6,816.0
2020-02-17,1358.6,1366.6,1357.8,1366.6,1381.0
2020-02-18,1362.4,1371.6,1359.4,1371.6,1589.0
2020-02-19,1370.2,1387.4,1370.2,1383.0,830.0
2020-02-20,1388.4,1392.0,1381.0,1382.6,1404.0
2020-02-21,1379.4,1385.8,1374.2,1375.0,1443.0
2020-02-24,1365.0,1365.8,1354.6,1361.0,1876.0
2020-02-25,1350.0,1357.0,1347.4,1355.2,1703.0
2020-02-26,1344.2,1350.6,1337.8,1349.6,1351.0
2020-02-27,1346.6,1349.0,1335.6,1340.8,2410.0
2020-03-02,1321.0,1333.2,1310.6,1324.0,2689.0
2020-03-03,1334.0,1336.6,1327.0,1332.4,1994.0
2020-03-04,1331.2,1333.4,1327.2,1333.0,1218.0
2020-03-05,1340.6,1348.4,1338.6,1348.2,1096.0
2020-03-06,1342.0,1342.4,1322.8,1324.6,2178.0
2020-03-09,1298.2,1307.4,1284.0,1291.6,3332.0
2020-03-10,1280.0,1294.2,1275.2,1287.2,4128.0
2020-03-11,1286.6,1290.8,1277.0,1278.8,2774.0
2020-03-12,1271.4,1275.2,1206.6,1231.4,5120.0
2020-03-13,1158.0,1207.0,1125.8,1197.8,4878.0
2020-03-16,1184.4,1202.0,1146.6,1147.4,3885.0
2020-03-17,1112.0,1138.4,1100.2,1100.6,2331.0
2020-03-18,1104.0,1119.8,1081.0,1090.6,882.0
2020-03-19,1060.0,1062.0,975.2,979.8,4183.0
2020-03-20,992.8,1074.6,992.8,1065.0,3087.0
2020-03-23,1020.0,1039.8,996.0,1015.0,2032.0
2020-03-24,1036.4,1086.4,1036.4,1070.0,2467.0
2020-03-25,1088.2,1119.0,1085.6,1113.0,2498.0
2020-03-26,1119.4,1120.2,1089.0,1104.6,1659.0
2020-03-27,1130.0,1141.6,1121.4,1125.2,2545.0
2020-03-30,1111.6,1128.2,1086.0,1124.0,2420.0
2020-03-31,1134.0,1136.8,1103.0,1112.0,1780.0
2020-04-01,1112.0,1116.8,1103.6,1105.0,1453.0
2020-04-06,1118.2,1132.0,1099.0,1118.6,2675.0
2020-04-07,1135.0,1136.0,1117.6,1127.6,1480.0
2020-04-08,1122.2,1140.8,1119.6,1137.6,2093.0
2020-04-09,1140.6,1149.4,1137.6,1149.4,2927.0
2020-04-10,1145.2,1180.0,1145.2,1178.2,2398.0
2020-04-13,1174.0,1176.0,1163.8,1165.6,1638.0
2020-04-14,1171.0,1200.2,1166.0,1196.8,1981.0
2020-04-15,1199.0,1218.0,1193.6,1215.2,776.0
2020-04-16,1189.0,1193.6,1182.0,1189.4,2291.0
2020-04-17,1208.6,1221.8,1193.6,1199.4,2713.0
2020-04-20,1199.4,1199.4,1185.0,1187.2,1191.0
2020-04-21,1176.6,1182.0,1146.4,1153.6,3667.0
2020-04-22,1145.0,1153.8,1137.0,1152.4,1578.0
2020-04-23,1153.6,1170.6,1144.4,1157.2,2106.0
2020-04-24,1155.0,1162.0,1149.0,1156.2,1153.0
2020-04-27,1164.8,1188.8,1164.6,1185.2,2496.0
2020-04-28,1193.8,1199.4,1187.0,1199.0,1861.0
2020-04-29,1205.0,1220.6,1201.0,1212.6,1983.0
2020-04-30,1224.8,1244.2,1223.0,1239.4,1870.0
2020-05-04,1201.8,1208.2,1185.0,1197.8,2318.0
2020-05-05,1207.4,1215.4,1201.8,1206.0,1367.0
2020-05-06,1201.6,1210.0,1185.0,1203.2,1346.0
2020-05-07,1204.6,1216.0,1200.2,1208.0,1331.0
2020-05-08,1216.0,1228.6,1213.0,1216.6,1351.0
2020-05-11,1229.0,1239.2,1225.4,1229.4,1386.0
2020-05-12,1221.0,1226.8,1216.2,1224.6,1169.0
2020-05-13,1213.4,1226.8,1213.0,1225.4,919.0
2020-05-14,1215.6,1220.0,1210.4,1215.2,1356.0
2020-05-15,1223.8,1227.0,1210.0,1216.8,1812.0
2020-05-18,1216.4,1220.2,1212.2,1215.8,1747.0
2020-05-19,1231.0,1239.0,1225.4,1231.2,1250.0
2020-05-20,1239.8,1239.8,1229.2,1229.6,555.0
2020-05-21,1228.0,1233.8,1221.2,1228.2,1940.0
2020-05-22,1230.0,1230.0,1212.0,1214.4,2105.0
2020-05-25,1218.8,1223.0,1201.6,1216.0,1504.0
2020-05-26,1220.6,1239.2,1219.4,1236.0,1817.0
2020-05-27,1237.0,1243.6,1233.8,1236.8,1542.0
2020-05-28,1244.0,1246.2,1221.6,1228.4,1637.0
2020-05-29,1222.4,1240.6,1216.8,1235.0,1522.0
2020-06-01,1240.0,1255.8,1240.0,1244.2,1896.0
2020-06-02,1250.0,1256.4,1247.0,1255.0,1295.0
2020-06-03,1269.0,1283.6,1267.8,1276.0,1442.0
2020-06-04,1293.6,1293.6,1275.8,1278.4,1267.0
2020-06-05,1280.8,1286.0,1272.4,1282.0,1139.0
2020-06-08,1293.8,1298.4,1285.4,1293.6,1280.0
2020-06-09,1299.0,1300.0,1292.0,1296.6,1009.0
2020-06-10,1296.6,1308.2,1295.8,1306.8,1054.0
2020-06-11,1304.2,1307.2,1275.8,1278.0,2332.0
2020-06-12,1258.4,1268.4,1248.0,1265.2,1488.0
2020-06-15,1262.0,1271.8,1253.0,1254.8,2639.0
2020-06-16,1279.8,1291.6,1272.0,1285.8,1734.0
2020-06-17,1282.0,1298.8,1276.4,1288.0,678.0
2020-06-18,1262.2,1265.8,1247.2,1255.0,1798.0
2020-06-19,1257.6,1260.8,1248.8,1252.0,1478.0
2020-06-22,1244.8,1257.2,1244.8,1250.0,1043.0
2020-06-23,1255.4,1261.4,1242.4,1259.0,1626.0
2020-06-24,1266.8,1269.4,1257.0,1257.6,1057.0
2020-06-29,1241.4,1250.0,1239.2,1244.0,1217.0
2020-06-30,1251.6,1253.4,1246.2,1246.2,705.0
2020-07-01,1248.2,1261.2,1248.0,1252.4,1025.0
2020-07-02,1257.8,1264.2,1254.2,1263.8,1059.0
2020-07-03,1272.6,1272.6,1263.8,1270.6,879.0
2020-07-06,1277.0,1289.0,1275.2,1288.8,1316.0
2020-07-07,1296.6,1296.6,1279.6,1280.6,1268.0
2020-07-08,1281.2,1286.8,1280.2,1284.0,773.0
2020-07-09,1289.0,1289.6,1281.6,1282.0,1088.0
2020-07-10,1284.2,1285.6,1266.2,1270.8,1662.0
2020-07-13,1278.8,1286.4,1276.8,1285.4,1407.0
2020-07-14,1281.2,1285.2,1278.6,1279.0,903.0
2020-07-15,1284.0,1290.6,1277.2,1282.4,573.0
2020-07-16,1258.0,1264.2,1250.2,1256.4,1650.0
2020-07-17,1259.0,1260.8,1254.6,1256.6,892.0
2020-07-20,1258.2,1259.4,1248.0,1253.2,959.0
2020-07-21,1259.0,1261.6,1255.4,1257.0,1513.0
2020-07-22,1260.2,1262.2,1255.0,1258.4,1054.0
2020-07-23,1257.4,1258.2,1250.4,1254.8,741.0
2020-07-24,1247.2,1252.2,1235.2,1235.6,1521.0
2020-07-27,1240.2,1246.4,1223.8,1226.6,1871.0
2020-07-28,1234.8,1237.8,1218.4,1221.0,2868.0
2020-07-29,1224.0,1250.6,1222.4,1239.0,2523.0
2020-07-30,1244.8,1245.6,1233.8,1243.4,1668.0
2020-07-31,1246.0,1246.0,1236.8,1239.8,788.0
2020-08-03,1236.2,1240.6,1226.4,1232.4,1401.0
2020-08-04,1236.0,1239.2,1229.0,1237.6,830.0
2020-08-05,1240.8,1241.4,1234.2,1238.4,655.0
2020-08-06,1245.0,1256.0,1243.0,1249.4,1278.0
2020-08-07,1254.0,1254.0,1245.2,1245.4,1107.0
2020-08-10,1249.8,1262.2,1249.2,1259.4,1174.0
2020-08-11,1258.6,1263.2,1251.2,1252.2,822.0
2020-08-12,1250.2,1258.0,1245.0,1256.0,988.0
2020-08-13,1262.2,1263.6,1254.0,1257.8,618.0
2020-08-14,1255.4,1255.4,1246.0,1251.6,723.0
2020-08-17,1251.2,1264.8,1250.4,1260.4,1749.0
2020-08-18,1262.0,1264.8,1257.2,1262.2,1620.0
2020-08-19,1262.8,1273.4,1261.4,1264.6,1398.0
2020-08-20,1259.4,1260.0,1223.4,1230.8,2847.0
2020-08-21,1245.0,1245.6,1238.2,1243.0,964.0
2020-08-24,1245.6,1246.4,1234.8,1239.8,962.0
2020-08-25,1244.8,1257.4,1239.4,1252.2,1302.0
2020-08-26,1251.8,1253.8,1245.6,1249.0,747.0
2020-08-27,1250.2,1253.0,1240.0,1240.2,707.0
2020-08-28,1241.6,1251.0,1239.6,1242.4,1160.0
2020-08-31,1248.6,1252.2,1239.2,1239.4,883.0
2020-09-01,1237.0,1239.6,1226.8,1236.2,1210.0
2020-09-02,1240.4,1241.4,1222.6,1228.0,1456.0
2020-09-03,1231.6,1240.0,1226.8,1232.6,1413.0
2020-09-04,1222.4,1230.6,1214.8,1223.4,1470.0
2020-09-07,1222.8,1234.4,1220.2,1227.2,1250.0
2020-09-08,1232.0,1234.2,1228.4,1233.2,1111.0
2020-09-09,1225.4,1229.4,1213.8,1224.2,1686.0
2020-09-10,1229.6,1235.6,1220.4,1233.6,988.0
2020-09-11,1233.2,1237.0,1229.4,1234.8,687.0
2020-09-14,1236.0,1241.2,1229.0,1234.6,1258.0
2020-09-15,1234.0,1237.4,1231.4,1236.0,1071.0
2020-09-16,1236.2,1240.0,1224.4,1237.6,1026.0
2020-09-17,1232.6,1232.6,1221.4,1225.6,1165.0
2020-09-18,1227.0,1229.4,1222.0,1223.6,687.0
2020-09-21,1220.0,1223.4,1203.0,1204.4,1669.0
2020-09-22,1199.8,1208.2,1189.8,1196.0,1134.0
2020-09-23,1195.8,1199.0,1181.4,1190.6,1181.0
2020-09-24,1182.0,1182.8,1153.6,1159.0,1771.0
2020-09-25,1161.8,1184.0,1161.8,1175.0,2069.0
2020-09-28,1180.0,1193.0,1176.8,1189.2,921.0
2020-09-29,1194.8,1204.8,1193.8,1199.6,959.0
2020-09-30,1199.8,1204.4,1190.2,1193.0,1363.0
2020-10-05,1198.8,1205.8,1194.8,1194.8,1014.0
2020-10-06,1200.0,1207.4,1196.4,1204.2,847.0
2020-10-07,1202.4,1205.0,1199.8,1204.8,714.0
2020-10-08,1207.8,1210.8,1196.0,1197.4,995.0
2020-10-12,1199.6,1202.6,1197.4,1199.6,691.0
2020-10-13,1201.8,1202.2,1191.2,1199.0,607.0
2020-10-14,1197.6,1205.6,1197.0,1197.0,644.0
2020-10-15,1193.4,1195.8,1186.8,1191.6,1132.0
2020-10-16,1192.0,1195.8,1187.4,1187.6,912.0
2020-10-19,1193.6,1198.0,1190.8,1192.0,1152.0
2020-10-20,1190.0,1193.0,1183.4,1191.2,1430.0
2020-10-21,1193.8,1195.8,1189.4,1190.0,585.0
2020-10-22,1181.0,1190.2,1174.0,1186.0,1077.0
2020-10-23,1187.2,1190.0,1184.2,1185.8,749.0
2020-10-26,1188.8,1201.8,1187.8,1196.2,1076.0
2020-10-27,1192.2,1194.0,1188.2,1189.4,541.0
2020-10-28,1187.6,1188.8,1180.8,1187.2,1405.0
2020-10-29,1173.8,1182.6,1172.0,1178.6,1279.0
2020-10-30,1173.6,1176.0,1165.8,1166.6,1026.0
2020-11-02,1169.2,1188.8,1169.2,1186.0,1238.0
2020-11-03,1191.8,1198.0,1188.0,1196.0,1393.0
2020-11-04,1201.6,1204.6,1190.2,1202.0,1802.0
2020-11-05,1207.0,1211.0,1201.6,1204.8,892.0
2020-11-06,1209.0,1215.0,1203.8,1215.0,996.0
2020-11-09,1224.0,1229.4,1220.6,1223.0,1299.0
2020-11-10,1230.4,1245.6,1230.4,1245.6,3075.0
2020-11-11,1251.8,1273.2,1248.4,1272.2,2191.0
2020-11-12,1266.6,1269.6,1248.2,1249.6,1366.0
2020-11-13,1248.4,1255.6,1247.4,1250.2,1588.0
2020-11-16,1259.4,1268.0,1257.4,1263.4,2295.0
2020-11-17,1275.2,1275.2,1261.2,1262.8,1332.0
2020-11-18,1265.4,1272.6,1265.4,1271.0,684.0
2020-11-19,1266.8,1267.8,1258.4,1261.4,957.0
2020-11-20,1260.0,1260.0,1251.2,1255.4,746.0
2020-11-23,1256.6,1269.4,1256.6,1266.8,1041.0
2020-11-24,1269.8,1270.8,1257.8,1260.0,673.0
2020-11-25,1266.8,1268.8,1257.4,1258.8,1146.0
2020-11-26,1262.0,1262.4,1255.4,1261.4,757.0
2020-11-27,1260.2,1260.2,1253.2,1258.2,1089.0
2020-11-30,1260.0,1265.6,1246.8,1247.8,1326.0
2020-12-01,1252.0,1255.0,1246.4,1252.2,716.0
2020-12-02,1251.2,1254.2,1246.0,1251.8,776.0
2020-12-03,1254.8,1255.6,1245.6,1255.4,827.0
2020-12-04,1255.2,1259.8,1253.8,1258.8,879.0
2020-12-07,1260.6,1264.0,1251.8,1258.0,1097.0
2020-12-08,1252.4,1255.8,1237.8,1246.0,1208.0
2020-12-09,1243.8,1248.8,1237.8,1244.2,815.0
2020-12-10,1235.2,1252.8,1235.0,1248.4,1546.0
2020-12-11,1252.0,1271.0,1250.6,1258.0,2056.0
2020-12-14,1261.6,1267.2,1257.6,1260.2,1686.0
2020-12-15,1258.8,1258.8,1241.6,1249.0,1963.0
2020-12-16,1252.8,1261.0,1251.0,1260.0,939.0
2020-12-17,1249.6,1249.6,1242.2,1248.6,901.0
2020-12-18,1248.6,1250.8,1244.2,1245.0,553.0
2020-12-21,1244.6,1255.0,1235.4,1255.0,1318.0
2020-12-22,1252.8,1253.8,1243.6,1244.2,904.0
2020-12-23,1246.0,1246.0,1236.2,1241.0,665.0
2020-12-24,1245.0,1251.2,1245.0,1247.8,886.0
2020-12-25,1249.0,1251.6,1245.4,1247.0,706.0
2020-12-28,1247.6,1254.2,1244.8,1253.0,1200.0
2020-12-29,1254.8,1259.2,1252.0,1257.0,886.0
2020-12-30,1255.8,1285.6,1254.4,1282.6,2553.0
2020-12-31,1285.8,1288.4,1276.8,1279.0,1536.0
2021-01-04,1280.0,1280.0,1263.0,1269.6,2388.0
2021-01-05,1269.0,1278.0,1262.6,1277.4,1104.0
2021-01-06,1281.0,1283.4,1263.4,1268.4,1935.0
2021-01-07,1278.4,1285.2,1277.4,1283.0,1784.0
2021-01-08,1289.6,1303.2,1281.8,1297.4,2207.0
2021-01-11,1298.4,1310.4,1292.6,1299.0,2697.0
2021-01-12,1302.2,1304.8,1286.2,1287.2,1423.0
2021-01-13,1289.6,1301.0,1289.6,1294.6,1350.0
2021-01-14,1297.8,1299.2,1291.2,1292.6,822.0
2021-01-15,1296.4,1297.4,1277.8,1280.0,1597.0
2021-01-18,1280.0,1280.4,1265.4,1270.0,2027.0
2021-01-19,1270.2,1278.8,1270.0,1271.2,1311.0
2021-01-20,1273.0,1273.0,1246.6,1246.8,1242.0
2021-01-21,1243.6,1257.2,1243.6,1245.8,1765.0
2021-01-22,1246.6,1254.8,1239.4,1243.4,1855.0
2021-01-25,1241.6,1254.6,1241.4,1253.2,1415.0
2021-01-26,1255.0,1255.0,1240.0,1244.0,1317.0
2021-01-27,1247.8,1253.8,1242.0,1244.0,1129.0
2021-01-28,1236.8,1241.0,1226.8,1235.0,1254.0
2021-01-29,1238.8,1239.4,1215.2,1215.2,1343.0
2021-02-01,1218.0,1234.6,1218.0,1227.0,1179.0
2021-02-02,1228.2,1244.6,1220.4,1242.4,2164.0
2021-02-03,1247.0,1250.6,1237.8,1244.2,1075.0
2021-02-04,1242.4,1247.2,1236.6,1240.2,2238.0
2021-02-05,1247.2,1254.6,1239.8,1246.0,2354.0
2021-02-17,1261.6,1285.0,1255.2,1271.4,1197.0
2021-02-18,1273.0,1292.0,1273.0,1282.0,1818.0
2021-02-19,1280.8,1282.2,1265.6,1275.2,1124.0
2021-02-22,1279.0,1290.6,1275.0,1278.6,1162.0
2021-02-23,1276.4,1300.4,1276.0,1299.4,2121.0
2021-02-24,1297.0,1308.4,1291.6,1292.4,2069.0
2021-02-25,1301.0,1317.8,1300.2,1314.2,2074.0
2021-02-26,1301.0,1307.4,1283.4,1293.6,2270.0
2021-03-02,1301.4,1307.8,1281.0,1281.8,1972.0
2021-03-03,1287.8,1306.0,1287.0,1299.4,1806.0
2021-03-04,1299.0,1304.2,1281.8,1295.2,1619.0
2021-03-05,1289.6,1302.2,1283.8,1297.2,1591.0
2021-03-08,1301.8,1319.0,1299.0,1305.0,2470.0
2021-03-09,1311.8,1337.6,1307.0,1328.2,3216.0
2021-03-10,1329.6,1339.6,1329.0,1339.0,1595.0
2021-03-11,1348.2,1369.0,1341.2,1345.2,3260.0
2021-03-12,1348.6,1352.6,1339.0,1352.6,1312.0
2021-03-15,1357.8,1368.4,1351.8,1368.0,1809.0
2021-03-16,1368.0,1372.0,1363.8,1368.4,1349.0
2021-03-17,1367.0,1367.0,1352.0,1353.6,851.0
2021-03-18,1355.8,1363.0,1347.6,1348.2,1983.0
2021-03-19,1351.2,1351.4,1332.0,1339.2,1638.0
2021-03-22,1335.6,1348.6,1331.8,1343.8,1248.0
2021-03-23,1348.0,1357.4,1344.4,1357.0,1440.0
2021-03-24,1356.2,1363.0,1353.0,1359.0,1807.0
2021-03-25,1362.0,1373.0,1355.8,1372.6,1443.0
2021-03-26,1375.6,1379.8,1371.4,1375.6,1265.0
2021-03-29,1376.2,1383.6,1375.6,1380.8,1137.0
2021-03-30,1384.2,1394.2,1377.8,1394.2,1066.0
2021-03-31,1392.2,1401.8,1392.2,1395.0,1756.0
2021-04-01,1396.0,1402.0,1386.2,1388.4,1303.0
2021-04-06,1396.2,1397.8,1389.6,1390.6,801.0
2021-04-07,1393.0,1394.8,1388.4,1392.8,610.0
2021-04-08,1391.0,1392.2,1383.8,1388.2,763.0
2021-04-09,1386.4,1390.0,1379.2,1383.4,1044.0
2021-04-12,1387.8,1412.2,1387.8,1408.0,2055.0
2021-04-13,1410.0,1419.8,1404.2,1405.6,1306.0
2021-04-14,1409.0,1412.0,1403.0,1406.8,1194.0
2021-04-15,1409.6,1430.4,1409.6,1429.2,1573.0
2021-04-16,1427.6,1440.6,1426.0,1439.0,1222.0
2021-04-19,1441.6,1477.6,1440.4,1475.8,3168.0
2021-04-20,1474.4,1486.0,1457.2,1475.4,3041.0
2021-04-21,1473.0,1473.0,1456.0,1464.8,865.0
2021-04-22,1466.4,1477.6,1456.2,1460.6,2754.0
2021-04-23,1461.0,1468.6,1452.8,1462.2,1519.0
2021-04-26,1465.0,1493.4,1464.6,1492.2,2092.0
2021-04-27,1492.0,1500.0,1483.0,1499.8,1329.0
2021-04-28,1498.0,1504.8,1493.0,1499.8,1248.0
2021-04-29,1500.6,1502.8,1484.4,1487.8,2531.0
2021-05-03,1488.4,1513.8,1487.6,1489.4,2498.0
2021-05-04,1493.2,1501.6,1448.0,1469.2,3286.0
2021-05-05,1466.4,1501.0,1463.2,1486.2,2384.0
2021-05-06,1495.0,1514.8,1486.0,1506.0,2055.0
2021-05-07,1513.2,1519.6,1508.2,1518.2,1905.0
2021-05-10,1527.0,1570.0,1522.2,1565.6,4725.0
2021-05-11,1553.0,1570.6,1510.8,1532.6,4284.0
2021-05-12,1530.0,1538.2,1401.2,1448.6,5573.0
2021-05-13,1437.0,1462.0,1411.8,1430.8,3732.0
2021-05-14,1448.8,1468.2,1434.8,1445.6,2034.0
2021-05-17,1370.0,1430.0,1368.0,1385.8,2539.0
2021-05-18,1408.0,1471.4,1408.0,1468.0,3224.0
2021-05-19,1462.4,1474.0,1447.0,1459.8,945.0
2021-05-20,1456.8,1456.8,1438.4,1450.0,1997.0
2021-05-21,1468.0,1496.0,1461.2,1472.0,2128.0
2021-05-24,1450.0,1471.2,1450.0,1465.4,1426.0
2021-05-25,1477.0,1486.6,1471.2,1480.0,1588.0
2021-05-26,1484.8,1492.6,1479.0,1483.0,1301.0
2021-05-27,1482.0,1482.0,1439.0,1472.8,1507.0
2021-05-28,1485.0,1500.0,1479.0,1496.6,1390.0
2021-05-31,1497.8,1507.6,1493.8,1500.0,1129.0
2021-06-01,1504.0,1510.0,1495.4,1508.2,1101.0
2021-06-02,1512.8,1523.0,1507.4,1522.4,1298.0
2021-06-03,1529.0,1531.8,1512.0,1515.8,997.0
2021-06-04,1511.8,1511.8,1498.0,1503.8,951.0
2021-06-07,1507.0,1509.8,1476.6,1498.4,1564.0
2021-06-08,1504.0,1511.8,1498.0,1506.0,823.0
2021-06-09,1501.8,1504.4,1488.2,1494.8,711.0
2021-06-10,1497.0,1502.8,1488.4,1496.4,1222.0
2021-06-11,1491.2,1505.0,1491.2,1497.0,981.0
2021-06-15,1501.0,1503.0,1486.8,1493.4,1649.0
2021-06-16,1492.4,1494.4,1463.0,1489.0,865.0
2021-06-17,1483.8,1487.0,1471.4,1487.0,962.0
2021-06-18,1481.4,1486.0,1473.2,1474.4,882.0
2021-06-21,1465.4,1473.6,1449.4,1460.0,1386.0
2021-06-22,1467.8,1490.0,1467.8,1471.4,1289.0
2021-06-23,1475.2,1492.0,1473.2,1490.0,1373.0
2021-06-24,1492.4,1492.6,1484.0,1489.4,717.0
2021-06-25,1500.0,1509.0,1493.8,1501.0,1282.0
2021-06-28,1504.6,1508.4,1501.4,1502.6,788.0
2021-06-29,1503.0,1504.6,1468.4,1497.6,1362.0
2021-06-30,1500.0,1514.2,1500.0,1505.6,1147.0
2021-07-01,1507.2,1510.6,1490.4,1504.8,1049.0
2021-07-02,1505.8,1507.6,1493.8,1495.8,919.0
2021-07-05,1499.4,1514.8,1498.2,1509.6,1039.0
2021-07-06,1511.4,1523.0,1510.0,1519.2,940.0
2021-07-07,1514.2,1522.6,1500.8,1521.8,1027.0
2021-07-08,1521.4,1538.4,1520.8,1525.6,1309.0
2021-07-09,1515.0,1519.4,1507.4,1517.6,1425.0
2021-07-12,1531.2,1559.8,1528.8,1535.0,2070.0
2021-07-13,1540.4,1548.0,1535.4,1538.2,1207.0
2021-07-14,1540.0,1550.6,1536.0,1545.8,935.0
2021-07-15,1546.6,1561.8,1546.6,1558.2,939.0
2021-07-16,1552.6,1591.8,1549.0,1591.6,2148.0
2021-07-19,1582.6,1598.0,1578.0,1587.8,1963.0
2021-07-20,1576.2,1580.0,1560.0,1565.0,1747.0
2021-07-21,1569.2,1574.8,1561.2,1563.0,1153.0
2021-07-22,1530.4,1550.2,1527.4,1546.2,2160.0
2021-07-23,1551.8,1560.0,1549.2,1553.8,1161.0
2021-07-26,1556.6,1561.2,1528.8,1530.8,1636.0
2021-07-27,1535.8,1539.0,1512.0,1517.0,1226.0
2021-07-28,1512.0,1520.2,1486.0,1504.6,1538.0
2021-07-29,1514.8,1520.0,1506.0,1515.0,1064.0
2021-07-30,1515.0,1515.6,1503.6,1506.4,1097.0
2021-08-02,1513.2,1528.8,1507.4,1528.8,1050.0
2021-08-03,1524.8,1529.0,1518.0,1529.0,717.0
2021-08-04,1527.4,1530.8,1522.6,1527.4,515.0
2021-08-05,1526.0,1531.8,1523.6,1529.4,437.0
2021-08-06,1534.6,1535.0,1519.0,1530.4,1041.0
2021-08-09,1530.8,1531.0,1507.4,1524.6,1659.0
2021-08-10,1527.2,1529.0,1518.0,1523.4,753.0
2021-08-11,1526.8,1539.8,1524.2,1534.8,1805.0
2021-08-12,1539.4,1542.8,1522.4,1522.8,1002.0
2021-08-13,1525.0,1527.4,1517.0,1523.6,1346.0
2021-08-16,1513.2,1518.8,1497.6,1498.6,2147.0
2021-08-17,1504.0,1526.8,1502.4,1522.0,2428.0
2021-08-18,1509.2,1523.8,1506.4,1515.0,1155.0
2021-08-19,1508.2,1512.0,1490.2,1497.2,1636.0
2021-08-20,1495.6,1507.0,1479.0,1489.0,1611.0
2021-08-23,1497.8,1515.6,1497.8,1506.2,3059.0
2021-08-24,1512.0,1528.4,1508.2,1525.2,1165.0
2021-08-25,1531.0,1536.0,1526.4,1535.8,973.0
2021-08-26,1542.8,1543.2,1524.0,1538.8,1460.0
2021-08-27,1535.6,1570.6,1534.0,1569.2,1639.0
2021-08-30,1574.6,1596.2,1571.6,1595.0,1194.0
2021-08-31,1588.8,1598.4,1584.0,1598.0,1656.0
2021-09-01,1594.2,1603.0,1589.4,1595.0,1020.0
2021-09-02,1592.4,1592.4,1572.8,1579.6,1155.0
2021-09-03,1587.0,1601.6,1583.4,1595.0,908.0
2021-09-06,1590.4,1608.4,1590.4,1597.4,944.0
2021-09-07,1598.8,1604.4,1593.0,1600.0,870.0
2021-09-08,1599.6,1603.0,1586.0,1595.4,1086.0
2021-09-09,1599.0,1599.2,1578.2,1591.8,922.0
2021-09-10,1595.0,1606.8,1593.0,1601.2,1276.0
2021-09-13,1600.8,1628.6,1598.6,1622.0,2191.0
2021-09-14,1624.6,1634.4,1619.4,1624.4,1229.0
2021-09-15,1620.6,1624.0,1613.4,1622.0,864.0
2021-09-16,1626.0,1635.4,1620.0,1626.8,1081.0
2021-09-17,1626.8,1629.4,1610.0,1610.2,1235.0
2021-09-22,1575.2,1579.6,1556.0,1575.8,1748.0
2021-09-23,1582.0,1595.8,1580.6,1591.2,1034.0
2021-09-24,1601.4,1604.8,1590.2,1593.0,866.0
2021-09-27,1592.0,1607.8,1592.0,1597.8,876.0
2021-09-28,1594.8,1601.2,1581.6,1601.2,1142.0
2021-09-29,1585.2,1587.4,1574.8,1585.6,1259.0
2021-09-30,1584.2,1589.6,1578.8,1585.2,877.0
2021-10-01,1578.0,1578.8,1559.6,1567.4,1157.0
2021-10-04,1575.2,1577.8,1557.4,1565.4,962.0
2021-10-05,1554.0,1561.6,1545.0,1559.0,1377.0
2021-10-06,1563.4,1571.8,1556.8,1571.0,1238.0
2021-10-07,1577.0,1593.8,1577.0,1585.0,1448.0
2021-10-08,1588.0,1596.8,1576.6,1578.0,763.0
2021-10-12,1571.2,1575.8,1545.6,1572.8,1279.0
2021-10-13,1576.8,1585.4,1566.6,1571.2,743.0
2021-10-14,1580.8,1586.8,1573.8,1577.8,747.0
2021-10-15,1591.0,1597.0,1577.0,1595.0,1620.0
2021-10-18,1598.0,1605.6,1582.6,1601.8,1044.0
2021-10-19,1605.4,1608.8,1596.4,1597.0,1860.0
2021-10-20,1599.6,1604.0,1592.0,1595.6,778.0
2021-10-21,1597.2,1609.8,1596.4,1602.6,1178.0
2021-10-22,1607.4,1608.4,1595.8,1599.8,645.0
2021-10-25,1595.4,1605.4,1591.2,1602.0,617.0
2021-10-26,1606.4,1619.2,1602.2,1616.0,979.0
2021-10-27,1615.0,1615.0,1603.4,1608.8,586.0
2021-10-28,1606.4,1607.2,1598.2,1604.0,536.0
2021-10-29,1605.8,1607.8,1586.4,1590.2,943.0
2021-11-01,1595.0,1603.8,1592.4,1592.8,684.0
2021-11-02,1597.4,1602.4,1590.0,1592.4,650.0
2021-11-03,1594.6,1597.8,1586.6,1592.4,573.0
2021-11-04,1597.0,1606.8,1593.2,1594.6,923.0
2021-11-05,1598.0,1598.2,1586.6,1596.0,785.0
2021-11-08,1596.0,1609.0,1596.0,1607.6,630.0
2021-11-09,1609.8,1612.2,1601.0,1607.6,579.0
2021-11-10,1607.2,1611.4,1605.2,1609.2,540.0
2021-11-11,1605.2,1617.0,1603.8,1617.0,747.0
2021-11-12,1618.4,1631.0,1617.8,1630.0,1256.0
2021-11-15,1634.2,1650.0,1631.4,1641.0,1232.0
2021-11-16,1641.2,1645.6,1636.6,1644.6,1270.0
2021-11-17,1644.8,1678.4,1633.4,1674.2,1656.0
2021-11-18,1680.6,1703.6,1677.8,1697.4,2299.0
2021-11-19,1699.0,1699.0,1671.2,1672.8,1643.0
2021-11-22,1673.0,1676.6,1665.4,1669.2,994.0
2021-11-23,1667.8,1671.6,1659.2,1663.0,1115.0
2021-11-24,1663.0,1684.4,1663.0,1677.0,1280.0
2021-11-25,1677.2,1684.0,1665.4,1675.0,1167.0
2021-11-26,1668.2,1668.6,1647.0,1648.4,1332.0
2021-11-29,1638.8,1646.8,1628.0,1637.2,1132.0
2021-11-30,1641.6,1646.4,1626.0,1627.4,1160.0
2021-12-01,1624.4,1653.2,1624.4,1649.8,1202.0
2021-12-02,1647.8,1649.0,1633.0,1647.4,1130.0
2021-12-03,1651.6,1662.2,1649.0,1654.0,1393.0
2021-12-06,1650.2,1665.4,1642.0,1664.4,999.0
2021-12-07,1666.2,1681.2,1655.4,1680.2,1310.0
2021-12-08,1684.8,1689.8,1679.2,1687.8,1137.0
2021-12-09,1690.0,1695.8,1684.4,1689.6,1109.0
2021-12-10,1686.2,1694.4,1684.2,1689.8,1062.0
2021-12-13,1694.0,1704.2,1683.0,1686.0,1149.0
2021-12-14,1685.0,1685.0,1667.4,1673.0,1668.0
2021-12-15,1673.8,1676.6,1665.8,1669.4,827.0
2021-12-16,1673.0,1676.0,1668.0,1676.0,854.0
2021-12-17,1675.0,1686.6,1673.4,1680.6,1240.0
2021-12-20,1675.0,1678.6,1661.0,1665.6,1142.0
2021-12-21,1668.4,1681.8,1667.4,1678.0,923.0
2021-12-22,1681.0,1683.8,1673.8,1677.8,479.0
2021-12-23,1680.0,1687.6,1679.2,1684.2,793.0
2021-12-24,1686.8,1694.0,1685.0,1687.8,778.0
2021-12-27,1688.4,1694.2,1687.0,1690.8,671.0
2021-12-28,1692.0,1704.0,1692.0,1703.8,882.0
2021-12-29,1704.0,1719.6,1700.2,1719.6,1024.0
2021-12-30,1719.2,1721.8,1712.8,1713.6,725.0
2022-01-03,1717.6,1722.8,1695.2,1696.0,1688.0
2022-01-04,1698.2,1708.2,1697.6,1705.6,1171.0
2022-01-05,1708.0,1709.2,1695.0,1705.4,1186.0
2022-01-06,1699.2,1716.6,1698.0,1714.6,1719.0
2022-01-07,1717.2,1737.6,1717.2,1723.8,2013.0
2022-01-10,1720.6,1733.4,1719.8,1733.0,1046.0
2022-01-11,1732.6,1778.2,1731.4,1775.0,2916.0
2022-01-12,1775.6,1791.0,1766.0,1785.6,2110.0
2022-01-13,1786.0,1828.8,1783.4,1820.8,3802.0
2022-01-14,1817.6,1837.0,1802.4,1810.2,3508.0
2022-01-17,1814.0,1814.4,1795.0,1798.0,2790.0
2022-01-18,1800.0,1813.8,1792.8,1803.2,2233.0
2022-01-19,1801.0,1807.6,1791.6,1793.2,1116.0
2022-01-20,1787.0,1794.4,1773.4,1787.4,1599.0
2022-01-21,1773.8,1777.0,1749.0,1761.0,2143.0
2022-01-24,1750.0,1757.4,1732.0,1755.2,1749.0
2022-01-25,1748.0,1751.6,1723.4,1735.8,1806.0
2022-01-26,1737.0,1753.6,1736.6,1741.6,1319.0
2022-02-07,1753.8,1793.6,1749.2,1793.4,2118.0
2022-02-08,1794.0,1817.0,1788.4,1808.8,1881.0
2022-02-09,1816.8,1825.2,1812.0,1819.8,1392.0
2022-02-10,1819.8,1824.6,1802.8,1814.6,1904.0
2022-02-11,1803.6,1819.6,1803.0,1817.6,1511.0
2022-02-14,1802.0,1803.4,1788.0,1800.2,1755.0
2022-02-15,1799.8,1811.0,1791.2,1796.6,1734.0
2022-02-16,1807.0,1813.0,1798.0,1807.0,1242.0
2022-02-17,1812.6,1821.4,1807.6,1815.0,1711.0
2022-02-18,1805.0,1815.8,1796.0,1809.0,1056.0
2022-02-21,1800.0,1808.0,1793.8,1806.4,834.0
2022-02-22,1790.0,1793.6,1768.6,1780.6,1927.0
2022-02-23,1782.4,1790.2,1779.4,1787.2,845.0
2022-02-24,1775.0,1775.0,1746.4,1751.6,2186.0
2022-02-25,1760.8,1768.4,1733.0,1751.6,1918.0
2022-03-01,1740.0,1774.6,1740.0,1772.6,1828.0
2022-03-02,1761.0,1768.8,1754.4,1768.2,1032.0
2022-03-03,1772.8,1777.0,1767.8,1770.4,842.0
2022-03-04,1752.8,1754.0,1733.0,1745.2,1338.0
2022-03-07,1720.0,1727.8,1679.6,1695.0,2773.0
2022-03-08,1670.2,1690.0,1667.0,1670.8,1847.0
2022-03-09,1679.2,1696.6,1679.2,1687.8,1250.0
2022-03-10,1706.6,1733.4,1704.8,1733.0,1968.0
2022-03-11,1729.8,1736.2,1717.4,1723.6,1159.0
2022-03-14,1727.8,1738.4,1721.2,1738.0,1163.0
2022-03-15,1736.4,1737.0,1722.2,1732.0,1716.0
2022-03-16,1744.8,1756.2,1739.6,1755.6,1002.0
2022-03-17,1781.8,1800.0,1771.4,1789.4,2359.0
2022-03-18,1796.8,1815.8,1793.2,1801.4,2105.0
2022-03-21,1806.2,1815.8,1798.0,1804.4,1177.0
2022-03-22,1808.6,1817.8,1802.0,1817.8,1013.0
2022-03-23,1823.0,1852.0,1823.0,1852.0,1888.0
2022-03-24,1844.0,1846.4,1835.2,1845.4,1233.0
2022-03-25,1847.4,1849.2,1825.0,1829.0,1343.0
2022-03-28,1826.0,1840.6,1811.8,1836.0,1689.0
2022-03-29,1840.0,1845.0,1834.0,1837.8,898.0
2022-03-30,1843.4,1862.8,1843.4,1858.8,1809.0
2022-03-31,1858.6,1884.6,1858.6,1875.8,2120.0
2022-04-01,1867.2,1888.2,1861.6,1887.8,1974.0
2022-04-06,1882.0,1920.6,1879.8,1920.6,2903.0
2022-04-07,1914.8,1940.0,1895.0,1898.4,4995.0
2022-04-08,1903.8,1925.0,1888.8,1925.0,3097.0
2022-04-11,1924.0,1944.4,1902.8,1921.4,4445.0
2022-04-12,1918.8,1918.8,1901.0,1909.2,2906.0
2022-04-13,1908.8,1924.8,1904.2,1917.4,2584.0
2022-04-14,1919.0,1919.4,1875.0,1876.8,3694.0
2022-04-15,1869.6,1882.8,1854.2,1865.4,2639.0
2022-04-18,1861.0,1866.2,1810.6,1824.2,3892.0
2022-04-19,1834.4,1843.6,1820.8,1821.0,2514.0
2022-04-20,1828.8,1837.6,1817.6,1837.0,975.0
2022-04-21,1837.4,1842.2,1819.4,1825.0,2016.0
2022-04-22,1814.0,1849.2,1809.4,1849.0,3602.0
2022-04-25,1828.4,1831.4,1805.8,1821.0,3551.0
2022-04-26,1827.2,1846.4,1821.6,1838.4,3043.0
2022-04-27,1815.2,1822.6,1802.0,1804.8,3423.0
2022-04-28,1810.0,1812.4,1780.4,1802.8,5037.0
2022-04-29,1817.0,1830.0,1813.2,1827.2,2717.0
2022-05-03,1825.0,1827.2,1800.0,1800.4,2531.0
2022-05-04,1806.2,1812.6,1799.8,1805.6,1572.0
2022-05-05,1816.8,1826.8,1784.2,1792.4,2965.0
2022-05-06,1768.2,1769.2,1742.0,1755.0,3457.0
2022-05-09,1733.6,1735.0,1696.6,1699.8,4652.0
2022-05-10,1685.2,1706.8,1665.6,1697.6,4594.0
2022-05-11,1692.0,1692.0,1672.0,1682.2,2144.0
2022-05-12,1665.0,1675.0,1622.0,1622.4,3436.0
2022-05-13,1635.0,1640.8,1615.0,1632.2,3269.0
2022-05-16,1636.8,1644.8,1605.4,1618.0,3362.0
2022-05-17,1623.6,1630.8,1613.4,1616.4,2653.0
2022-05-18,1618.0,1665.2,1614.8,1664.8,1620.0
2022-05-19,1618.0,1627.2,1608.2,1613.6,2680.0
2022-05-20,1622.6,1638.8,1621.4,1632.4,2454.0
2022-05-23,1636.4,1642.6,1612.8,1632.2,2908.0
2022-05-24,1639.8,1647.8,1624.8,1624.8,2687.0
2022-05-25,1625.0,1632.4,1612.6,1620.6,2677.0
2022-05-26,1627.4,1635.2,1618.6,1622.4,2377.0
2022-05-27,1636.2,1658.4,1629.6,1653.4,2827.0
2022-05-30,1664.4,1690.0,1663.0,1682.4,2484.0
2022-05-31,1677.4,1691.0,1665.4,1684.4,2545.0
2022-06-01,1684.0,1688.6,1675.0,1677.0,1940.0
2022-06-02,1670.0,1675.0,1654.0,1669.0,2069.0
2022-06-06,1671.4,1688.0,1662.0,1683.6,1965.0
2022-06-07,1677.2,1677.4,1665.2,1666.4,2189.0
2022-06-08,1672.4,1679.4,1671.0,1676.2,1341.0
2022-06-09,1672.0,1673.4,1662.2,1662.4,1200.0
2022-06-10,1650.6,1661.8,1639.4,1660.0,1915.0
2022-06-13,1629.4,1634.6,1615.8,1630.2,3019.0
2022-06-14,1622.8,1649.2,1621.0,1646.2,2564.0
2022-06-15,1645.8,1649.8,1634.6,1648.0,1238.0
2022-06-16,1615.0,1631.2,1591.8,1602.0,3319.0
2022-06-17,1585.0,1594.0,1570.2,1575.2,2808.0
2022-06-20,1573.8,1595.6,1543.4,1554.8,2940.0
2022-06-21,1566.8,1612.8,1563.0,1606.2,3290.0
2022-06-22,1603.0,1615.0,1578.8,1588.4,2886.0
2022-06-23,1592.8,1609.8,1576.6,1592.2,2911.0
2022-06-24,1594.2,1616.8,1594.2,1605.8,2174.0
2022-06-27,1617.4,1622.8,1605.4,1605.8,1828.0
2022-06-28,1609.0,1610.6,1594.4,1598.8,1366.0
2022-06-29,1587.4,1595.6,1577.2,1586.8,1913.0
2022-06-30,1582.0,1583.8,1553.2,1556.6,2198.0
2022-07-01,1556.0,1569.8,1528.2,1536.6,2830.0
2022-07-04,1545.0,1551.0,1515.6,1532.4,2284.0
2022-07-05,1545.6,1561.6,1534.8,1549.0,2916.0
2022-07-06,1548.0,1552.0,1511.6,1512.6,2892.0
2022-07-07,1525.0,1530.2,1499.0,1515.6,2612.0
2022-07-08,1528.0,1536.0,1513.0,1520.8,2030.0
2022-07-11,1521.8,1527.8,1497.4,1499.2,1837.0
2022-07-12,1489.0,1495.6,1456.0,1459.4,2089.0
2022-07-13,1488.0,1511.0,1481.2,1501.6,2097.0
2022-07-14,1499.0,1505.6,1488.6,1495.4,1857.0
2022-07-15,1494.6,1496.6,1464.4,1465.6,2389.0
2022-07-18,1473.0,1498.0,1469.8,1495.4,2107.0
2022-07-19,1484.0,1501.8,1483.2,1496.0,1866.0
2022-07-20,1512.0,1524.2,1485.8,1488.6,1487.0
2022-07-21,1454.0,1472.0,1442.6,1468.2,2487.0
2022-07-22,1471.2,1485.4,1462.6,1481.6,2037.0
2022-07-25,1484.8,1497.0,1475.8,1491.6,1547.0
2022-07-26,1492.2,1503.0,1487.4,1496.6,1594.0
2022-07-27,1493.2,1500.8,1487.0,1496.8,1449.0
2022-07-28,1506.4,1522.2,1504.6,1517.2,1631.0
2022-07-29,1517.8,1532.8,1510.0,1514.0,1683.0
2022-08-01,1511.8,1525.2,1508.2,1518.8,1282.0
2022-08-02,1515.2,1515.2,1500.0,1510.0,1871.0
2022-08-03,1504.2,1511.4,1498.8,1503.4,1184.0
2022-08-04,1505.4,1511.8,1496.2,1504.4,1617.0
2022-08-05,1512.0,1536.6,1510.0,1534.4,1664.0
2022-08-08,1531.2,1549.2,1525.4,1542.4,1463.0
2022-08-09,1542.4,1566.2,1538.2,1562.8,1570.0
2022-08-10,1556.8,1575.2,1554.0,1571.2,1741.0
2022-08-11,1585.8,1610.0,1585.0,1605.6,2090.0
2022-08-12,1609.0,1612.6,1597.4,1604.4,1500.0
2022-08-15,1609.4,1612.4,1600.6,1607.8,1421.0
2022-08-16,1606.2,1612.4,1604.2,1608.8,1274.0
2022-08-17,1613.0,1619.6,1610.4,1613.6,1264.0
2022-08-18,1603.0,1612.8,1601.0,1606.4,964.0
2022-08-19,1605.6,1609.6,1591.0,1606.0,1466.0
2022-08-22,1593.0,1604.6,1591.6,1598.0,1018.0
2022-08-23,1591.0,1592.6,1580.2,1581.2,990.0
2022-08-24,1584.8,1586.6,1568.0,1575.0,1134.0
2022-08-25,1580.8,1594.4,1580.8,1587.4,1258.0
2022-08-26,1595.6,1600.0,1591.2,1591.2,602.0
2022-08-29,1557.0,1572.6,1551.4,1561.4,1768.0
2022-08-30,1564.2,1574.4,1555.2,1564.8,1470.0
2022-08-31,1559.6,1579.0,1555.8,1574.4,1329.0
2022-09-01,1563.8,1563.8,1541.2,1554.6,2527.0
2022-09-02,1556.0,1558.8,1541.2,1541.2,1217.0
2022-09-05,1539.0,1556.6,1536.0,1552.4,1365.0
2022-09-06,1559.0,1570.6,1553.2,1561.8,1251.0
2022-09-07,1550.0,1555.0,1530.8,1534.6,1846.0
2022-09-08,1546.4,1548.4,1530.8,1540.4,1428.0
2022-09-12,1554.2,1568.6,1551.8,1565.6,1185.0
2022-09-13,1570.0,1576.4,1561.6,1563.8,814.0
2022-09-14,1530.0,1544.2,1524.2,1538.4,1649.0
2022-09-15,1538.2,1551.4,1531.2,1546.0,1364.0
2022-09-16,1540.4,1548.0,1533.0,1544.0,2124.0
2022-09-19,1545.6,1553.0,1537.0,1540.4,1304.0
2022-09-20,1547.0,1547.4,1539.4,1542.4,1708.0
2022-09-21,1539.2,1542.2,1531.8,1532.0,795.0
2022-09-22,1514.8,1523.2,1500.0,1518.8,1881.0
2022-09-23,1519.0,1527.6,1513.0,1517.2,1658.0
2022-09-26,1509.4,1509.4,1492.2,1493.4,2110.0
2022-09-27,1497.0,1502.0,1479.0,1482.6,1997.0
2022-09-28,1481.2,1489.4,1449.0,1462.8,3060.0
2022-09-29,1470.2,1478.6,1451.8,1465.0,2449.0
2022-09-30,1453.0,1463.6,1443.8,1450.0,2512.0
2022-10-03,1432.2,1442.4,1421.0,1429.4,2534.0
2022-10-04,1450.2,1450.8,1428.4,1437.0,1709.0
2022-10-05,1452.0,1461.6,1445.2,1449.4,2466.0
2022-10-06,1457.4,1464.0,1448.4,1460.6,1530.0
2022-10-07,1454.0,1459.4,1449.6,1451.8,1282.0
2022-10-11,1416.2,1433.0,1414.0,1418.0,2401.0
2022-10-12,1417.6,1433.0,1412.6,1423.6,1843.0
2022-10-13,1421.0,1427.0,1382.0,1389.6,3138.0
2022-10-14,1409.0,1411.8,1393.6,1396.0,2287.0
2022-10-17,1380.2,1384.4,1362.2,1376.2,2769.0
2022-10-18,1389.6,1394.2,1376.6,1389.6,1469.0
2022-10-19,1394.8,1397.2,1375.8,1377.6,946.0
2022-10-20,1361.8,1373.8,1343.8,1370.2,2265.0
2022-10-21,1369.6,1385.8,1363.8,1373.4,1951.0
2022-10-24,1391.6,1399.4,1381.8,1384.6,1391.0
2022-10-25,1388.2,1393.6,1370.8,1382.8,2108.0
2022-10-26,1386.0,1418.0,1384.0,1405.4,2699.0
2022-10-27,1415.0,1425.6,1408.4,1410.0,2004.0
2022-10-28,1404.4,1417.6,1400.0,1401.6,1360.0
2022-10-31,1407.2,1419.0,1406.4,1407.0,1148.0
2022-11-01,1407.8,1425.6,1407.8,1422.6,1510.0
2022-11-02,1419.6,1424.4,1411.4,1415.6,1025.0
2022-11-03,1401.2,1409.2,1394.0,1403.4,1152.0
2022-11-04,1401.6,1415.8,1394.8,1415.6,1275.0
2022-11-07,1425.2,1438.0,1421.6,1437.8,1362.0
2022-11-08,1442.8,1448.6,1435.8,1444.6,1090.0
2022-11-09,1450.2,1458.2,1444.4,1455.2,964.0
2022-11-10,1448.8,1454.0,1439.8,1442.6,842.0
2022-11-11,1478.4,1495.6,1469.4,1495.4,2665.0
2022-11-14,1505.0,1505.0,1482.0,1494.4,1843.0
2022-11-15,1492.0,1509.2,1480.0,1503.2,1832.0
2022-11-16,1505.8,1510.4,1484.6,1487.2,1099.0
2022-11-17,1487.0,1488.4,1473.8,1482.8,1173.0
2022-11-18,1483.8,1492.8,1470.4,1473.4,1289.0
2022-11-21,1478.2,1483.0,1468.6,1481.4,1022.0
2022-11-22,1484.8,1489.0,1472.2,1486.4,1108.0
2022-11-23,1495.0,1518.2,1492.6,1515.8,1732.0
2022-11-24,1520.6,1524.6,1508.2,1515.4,1576.0
2022-11-25,1514.2,1522.6,1507.2,1511.8,1408.0
2022-11-28,1505.4,1514.4,1487.0,1503.4,1930.0
2022-11-29,1500.0,1536.4,1498.4,1536.4,1537.0
2022-11-30,1536.6,1558.6,1527.6,1555.8,1511.0
2022-12-01,1571.0,1573.0,1544.0,1551.2,1831.0
2022-12-02,1541.0,1544.0,1532.2,1533.2,971.0
2022-12-05,1532.6,1541.8,1529.6,1532.4,1221.0
2022-12-06,1527.0,1533.2,1513.2,1514.4,1328.0
2022-12-07,1514.0,1537.8,1511.8,1530.8,1490.0
2022-12-08,1527.8,1527.8,1508.0,1517.6,1499.0
2022-12-09,1525.0,1529.2,1518.0,1523.2,993.0
2022-12-12,1520.6,1526.8,1504.6,1525.8,1604.0
2022-12-13,1531.6,1535.2,1511.0,1514.0,1390.0
2022-12-14,1513.2,1530.6,1512.0,1522.2,1439.0
2022-12-15,1518.8,1526.0,1510.8,1521.8,1281.0
2022-12-16,1508.2,1520.0,1503.0,1508.4,1744.0
2022-12-19,1504.4,1514.6,1500.8,1508.4,1726.0
2022-12-20,1505.0,1506.8,1483.0,1490.0,1622.0
2022-12-21,1493.0,1494.6,1485.6,1487.6,613.0
2022-12-22,1496.0,1501.4,1488.2,1499.8,1048.0
2022-12-23,1488.0,1500.0,1486.2,1492.6,1272.0
2022-12-26,1492.6,1499.8,1491.2,1497.8,334.0
2022-12-27,1498.6,1513.0,1498.6,1507.6,740.0
2022-12-28,1499.0,1502.0,1493.0,1495.6,991.0
2022-12-29,1487.2,1492.0,1473.8,1482.0,1681.0
2022-12-30,1490.0,1501.8,1487.6,1494.6,1144.0
2023-01-03,1492.6,1496.4,1473.0,1495.4,1782.0
2023-01-04,1495.0,1510.0,1493.2,1499.0,699.0
2023-01-05,1506.4,1516.8,1500.8,1516.4,1149.0
2023-01-06,1514.6,1522.0,1510.8,1518.4,888.0
2023-01-09,1535.0,1551.4,1530.2,1551.0,1449.0
2023-01-10,1546.0,1550.0,1537.6,1548.0,1066.0
2023-01-11,1551.6,1552.0,1536.4,1539.8,723.0
2023-01-12,1543.0,1546.0,1534.0,1538.0,724.0
2023-01-13,1543.6,1550.6,1534.6,1536.8,1238.0
2023-01-16,1541.0,1557.0,1541.0,1549.6,1458.0
2023-01-17,1549.2,1556.0,1547.2,1550.8,853.0
2023-01-30,1574.8,1592.2,1554.0,1569.8,818.0
2023-01-31,1570.4,1573.6,1551.2,1551.2,994.0
2023-02-01,1557.6,1560.0,1545.6,1552.8,776.0
2023-02-02,1557.4,1566.6,1550.8,1562.8,1200.0
2023-02-03,1564.0,1564.2,1554.0,1556.6,609.0
2023-02-06,1551.8,1557.0,1543.0,1549.0,1104.0
2023-02-07,1544.8,1557.4,1544.8,1549.4,767.0
2023-02-08,1552.4,1554.6,1546.0,1547.2,935.0
2023-02-09,1545.0,1549.4,1541.8,1546.0,623.0
2023-02-10,1541.0,1552.0,1534.6,1547.8,1359.0
2023-02-13,1547.8,1564.6,1540.8,1563.0,1781.0
2023-02-14,1568.2,1576.8,1563.2,1569.6,1187.0
2023-02-15,1568.4,1572.2,1555.6,1556.8,781.0
2023-02-16,1562.0,1573.6,1562.0,1565.4,720.0
2023-02-17,1563.4,1581.6,1556.8,1574.4,1409.0
2023-02-20,1570.2,1593.4,1569.0,1591.2,972.0
2023-02-21,1588.8,1588.8,1571.4,1572.6,1287.0
2023-02-22,1562.0,1570.8,1554.2,1568.2,1215.0
2023-02-23,1574.6,1579.2,1567.4,1576.0,985.0
2023-02-24,1575.8,1579.0,1567.0,1570.6,564.0
2023-03-01,1562.4,1567.0,1556.8,1559.2,935.0
2023-03-02,1563.0,1565.4,1549.0,1555.0,737.0
2023-03-03,1559.0,1562.0,1556.2,1558.2,608.0
2023-03-06,1563.2,1575.0,1562.0,1570.4,800.0
2023-03-07,1572.0,1577.0,1568.6,1574.0,673.0
2023-03-08,1565.0,1578.0,1564.6,1573.2,796.0
2023-03-09,1574.6,1575.6,1561.6,1562.4,765.0
2023-03-10,1546.0,1551.4,1535.6,1539.4,1508.0
2023-03-13,1535.2,1539.0,1522.2,1526.2,1933.0
2023-03-14,1517.0,1517.8,1503.2,1506.8,1413.0
2023-03-15,1515.8,1517.8,1505.6,1505.6,707.0
2023-03-16,1489.6,1491.8,1468.6,1476.8,2186.0
2023-03-17,1480.8,1490.4,1478.8,1483.8,1554.0
2023-03-20,1486.6,1491.0,1471.4,1471.6,1376.0
2023-03-21,1479.0,1501.4,1479.0,1490.6,1645.0
2023-03-22,1498.8,1514.2,1496.0,1512.6,1372.0
2023-03-23,1505.6,1521.6,1503.2,1519.8,1280.0
2023-03-24,1522.0,1524.0,1510.6,1515.4,943.0
2023-03-27,1515.2,1519.6,1511.8,1517.8,864.0
2023-03-28,1520.8,1526.8,1517.2,1518.2,850.0
2023-03-29,1520.0,1524.4,1518.6,1524.2,620.0
2023-03-30,1529.8,1529.8,1515.8,1518.2,771.0
2023-03-31,1522.4,1537.2,1521.4,1528.2,1092.0
2023-04-06,1525.2,1530.2,1521.0,1529.0,704.0
2023-04-07,1532.2,1534.4,1525.6,1531.6,449.0
2023-04-10,1533.0,1541.0,1532.6,1539.4,501.0
2023-04-11,1539.8,1549.0,1537.4,1546.0,711.0
2023-04-12,1549.0,1551.4,1543.2,1550.2,457.0
2023-04-13,1547.6,1554.2,1543.4,1553.0,498.0
2023-04-14,1556.4,1568.8,1552.4,1566.8,926.0
2023-04-17,1568.8,1568.8,1560.0,1562.2,1098.0
2023-04-18,1563.6,1569.4,1561.0,1569.0,932.0
2023-04-19,1567.6,1568.6,1555.6,1559.2,689.0
2023-04-20,1561.8,1562.2,1551.0,1555.0,800.0
2023-04-21,1555.0,1559.2,1552.0,1557.2,815.0
2023-04-24,1555.0,1561.0,1552.8,1560.8,524.0
2023-04-25,1560.0,1568.0,1551.8,1553.2,1021.0
2023-04-26,1550.4,1557.0,1546.6,1556.4,995.0
2023-04-27,1552.4,1554.8,1548.2,1554.2,899.0
2023-04-28,1557.0,1564.8,1550.6,1564.8,1041.0
2023-05-02,1566.8,1573.6,1561.6,1567.2,828.0
2023-05-03,1558.4,1566.2,1557.0,1563.4,579.0
2023-05-04,1563.8,1570.0,1557.8,1570.0,787.0
2023-05-05,1570.0,1575.2,1566.0,1573.6,679.0
2023-05-08,1580.4,1585.4,1571.8,1581.8,846.0
2023-05-09,1579.4,1587.6,1578.6,1587.6,612.0
2023-05-10,1585.4,1589.6,1581.4,1587.0,938.0
2023-05-11,1586.8,1592.8,1584.0,1588.2,920.0
2023-05-12,1582.2,1585.4,1569.8,1571.8,1138.0
2023-05-15,1567.4,1583.2,1564.4,1583.0,1471.0
2023-05-16,1587.0,1593.8,1583.0,1593.8,1320.0
2023-05-17,1594.4,1615.8,1590.8,1612.4,941.0
2023-05-18,1625.0,1629.6,1615.4,1627.2,1280.0
2023-05-19,1632.6,1638.4,1627.8,1635.6,949.0
2023-05-22,1635.0,1643.4,1633.2,1640.6,638.0
2023-05-23,1640.4,1646.4,1636.0,1637.0,962.0
2023-05-24,1634.0,1634.0,1623.0,1629.2,1025.0
2023-05-25,1625.0,1629.0,1611.0,1613.2,1136.0
2023-05-26,1615.0,1620.0,1605.8,1611.2,1145.0
2023-05-29,1619.8,1633.4,1618.4,1627.2,1037.0
2023-05-30,1626.0,1633.2,1623.6,1625.2,598.0
2023-05-31,1624.2,1629.8,1620.0,1620.0,664.0
2023-06-01,1620.0,1621.0,1613.0,1614.8,635.0
2023-06-02,1620.6,1625.6,1617.2,1624.6,633.0
2023-06-05,1634.6,1654.2,1633.4,1647.4,1727.0
2023-06-06,1646.2,1649.6,1641.4,1645.0,602.0
2023-06-07,1648.4,1656.4,1646.0,1655.4,766.0
2023-06-08,1653.4,1655.4,1638.8,1645.8,882.0
2023-06-09,1647.6,1652.2,1645.0,1650.0,680.0
2023-06-12,1650.8,1655.4,1641.4,1644.6,872.0
2023-06-13,1648.8,1654.6,1639.0,1645.4,809.0
2023-06-14,1644.8,1652.0,1644.8,1649.2,373.0
2023-06-15,1648.8,1650.0,1640.0,1644.8,646.0
2023-06-16,1645.0,1648.0,1628.8,1630.2,809.0
2023-06-19,1627.4,1639.0,1621.8,1636.0,1589.0
2023-06-20,1636.8,1641.8,1630.4,1634.2,1063.0
2023-06-21,1635.0,1643.6,1631.4,1643.4,1000.0
2023-06-26,1628.0,1633.2,1622.8,1625.2,435.0
2023-06-27,1626.8,1629.8,1621.4,1627.2,669.0
2023-06-28,1627.0,1629.6,1622.2,1627.2,523.0
2023-06-29,1632.0,1638.8,1622.6,1624.8,899.0
2023-06-30,1626.2,1627.4,1616.8,1619.6,719.0
2023-07-03,1626.4,1635.0,1623.8,1630.6,639.0
2023-07-04,1628.2,1628.8,1621.2,1624.2,727.0
2023-07-05,1627.4,1633.0,1623.4,1624.0,617.0
2023-07-06,1620.6,1621.6,1593.2,1596.6,1391.0
2023-07-07,1590.0,1600.2,1580.8,1595.6,1110.0
2023-07-10,1598.0,1611.6,1592.0,1598.2,1027.0
2023-07-11,1610.0,1626.6,1610.0,1625.0,1045.0
2023-07-12,1623.0,1631.6,1617.8,1629.0,1332.0
2023-07-13,1640.6,1641.0,1630.0,1630.0,854.0
2023-07-14,1632.8,1649.6,1631.4,1648.2,948.0
2023-07-17,1648.2,1676.4,1646.4,1669.6,2193.0
2023-07-18,1669.2,1681.4,1664.0,1673.2,1243.0
2023-07-19,1681.0,1684.8,1659.0,1659.8,880.0
2023-07-20,1637.4,1652.4,1636.2,1652.4,765.0
2023-07-21,1647.2,1653.0,1641.0,1643.0,900.0
2023-07-24,1643.8,1643.8,1628.6,1631.8,818.0
2023-07-25,1636.0,1645.4,1634.6,1644.4,579.0
2023-07-26,1643.8,1670.4,1642.0,1670.4,926.0
2023-07-27,1672.8,1688.2,1672.6,1688.0,795.0
2023-07-28,1681.0,1684.2,1673.0,1679.4,729.0
2023-07-31,1687.0,1699.8,1680.6,1684.2,1220.0
2023-08-01,1685.0,1702.4,1683.0,1700.4,1024.0
2023-08-02,1696.0,1696.0,1665.6,1668.0,1132.0
2023-08-04,1665.2,1674.6,1662.4,1669.0,787.0
2023-08-07,1669.2,1680.2,1668.2,1677.2,598.0
2023-08-08,1680.8,1683.6,1670.2,1675.4,765.0
2023-08-09,1673.0,1680.8,1671.2,1680.0,642.0
2023-08-10,1682.0,1687.6,1676.4,1679.0,821.0
2023-08-11,1682.2,1689.2,1670.6,1673.4,927.0
2023-08-14,1668.4,1670.6,1633.6,1640.6,2257.0
2023-08-15,1639.8,1644.0,1626.2,1627.6,787.0
2023-08-16,1616.2,1616.4,1601.0,1603.4,721.0
2023-08-17,1598.4,1605.2,1582.6,1599.6,1142.0
2023-08-18,1597.0,1621.6,1595.4,1607.6,1030.0
2023-08-21,1608.4,1624.6,1608.4,1616.6,653.0
2023-08-22,1622.4,1624.0,1605.2,1606.6,770.0
2023-08-23,1607.4,1612.0,1602.0,1610.4,554.0
2023-08-24,1622.8,1622.8,1610.2,1617.8,787.0
2023-08-25,1607.8,1617.4,1603.2,1605.8,853.0
2023-08-28,1610.0,1630.6,1609.6,1623.4,1172.0
2023-08-29,1627.0,1634.4,1625.0,1634.2,583.0
2023-08-30,1640.0,1643.0,1632.6,1638.2,580.0
2023-08-31,1638.4,1639.8,1620.0,1622.0,568.0
2023-09-01,1623.0,1639.0,1622.4,1635.4,643.0
2023-09-04,1636.2,1641.4,1633.6,1638.2,532.0
2023-09-05,1636.4,1639.8,1632.6,1632.6,523.0
2023-09-06,1637.4,1637.4,1620.8,1622.6,957.0
2023-09-07,1618.0,1627.8,1613.0,1621.0,570.0
2023-09-08,1620.0,1631.2,1618.0,1630.8,838.0
2023-09-11,1631.6,1637.0,1626.4,1633.6,586.0
2023-09-12,1633.6,1640.6,1629.8,1639.4,606.0
2023-09-13,1640.2,1645.2,1639.2,1645.2,396.0
2023-09-14,1650.0,1663.8,1648.8,1663.4,983.0
2023-09-15,1666.0,1667.6,1655.0,1657.6,691.0
2023-09-18,1650.2,1657.2,1634.0,1656.6,1126.0
2023-09-19,1659.0,1660.0,1651.0,1653.0,801.0
2023-09-20,1654.0,1654.0,1642.6,1644.0,663.0
2023-09-21,1647.8,1647.8,1617.2,1624.2,1211.0
2023-09-22,1617.8,1629.0,1615.4,1623.2,804.0
2023-09-25,1622.0,1635.8,1621.0,1632.0,716.0
2023-09-26,1630.6,1630.6,1617.0,1622.2,533.0
2023-09-27,1619.2,1623.6,1614.0,1619.2,712.0
2023-09-28,1621.8,1629.6,1620.0,1624.6,697.0
2023-10-02,1634.0,1636.6,1621.2,1622.0,708.0
2023-10-03,1617.2,1617.2,1607.2,1607.4,637.0
2023-10-04,1600.0,1601.4,1585.0,1589.2,1281.0
2023-10-05,1590.2,1609.0,1589.8,1604.2,1206.0
2023-10-06,1604.4,1621.0,1604.4,1618.2,966.0
2023-10-11,1630.6,1652.2,1630.6,1652.0,982.0
2023-10-12,1650.8,1661.6,1647.6,1661.0,527.0
2023-10-13,1652.0,1652.6,1641.6,1645.0,669.0
2023-10-16,1636.8,1650.4,1630.6,1649.6,1018.0
2023-10-17,1652.0,1657.2,1642.8,1643.8,994.0
2023-10-18,1643.0,1648.6,1636.0,1642.4,554.0
2023-10-19,1642.0,1643.8,1629.4,1630.4,801.0
2023-10-20,1626.8,1626.8,1595.6,1616.8,1612.0
2023-10-23,1613.8,1614.4,1601.0,1601.8,694.0
2023-10-24,1602.4,1610.0,1595.8,1604.0,1178.0
2023-10-25,1608.6,1614.2,1604.0,1604.2,598.0
2023-10-26,1591.2,1605.0,1587.8,1593.0,1191.0
2023-10-27,1595.2,1609.8,1595.2,1606.8,692.0
2023-10-30,1606.0,1608.4,1593.0,1595.2,862.0
2023-10-31,1599.2,1599.6,1592.8,1595.0,798.0
2023-11-01,1598.0,1605.0,1596.4,1602.4,523.0
2023-11-02,1613.0,1630.2,1613.0,1622.0,989.0
2023-11-03,1630.2,1641.8,1627.0,1641.8,746.0
2023-11-06,1645.6,1654.0,1644.0,1648.6,749.0
2023-11-07,1643.4,1646.4,1633.0,1644.8,411.0
2023-11-08,1645.2,1649.0,1640.6,1644.8,398.0
2023-11-09,1644.4,1649.0,1641.0,1644.4,327.0
2023-11-10,1637.0,1645.2,1635.0,1639.4,531.0
2023-11-13,1646.2,1653.0,1644.6,1646.2,742.0
2023-11-14,1650.0,1655.4,1649.2,1652.8,923.0
2023-11-15,1670.6,1672.6,1660.0,1672.0,661.0
2023-11-16,1682.6,1685.2,1675.2,1683.2,751.0
2023-11-17,1682.0,1691.4,1679.8,1686.2,575.0
2023-11-20,1686.8,1689.2,1677.2,1684.6,542.0
2023-11-21,1688.0,1712.2,1687.6,1708.6,911.0
2023-11-22,1703.2,1704.8,1697.0,1700.2,553.0
2023-11-23,1699.4,1703.4,1688.2,1700.0,651.0
2023-11-24,1704.6,1704.6,1695.8,1700.6,373.0
2023-11-27,1695.8,1720.0,1692.0,1698.0,792.0
2023-11-28,1697.6,1716.2,1697.6,1712.0,642.0
2023-11-29,1711.8,1716.8,1697.8,1697.8,816.0
2023-11-30,1701.0,1705.0,1699.2,1704.0,664.0
2023-12-01,1702.8,1703.2,1690.0,1696.0,614.0
2023-12-04,1699.0,1706.0,1696.6,1701.8,420.0
2023-12-05,1695.6,1698.4,1689.0,1694.6,754.0
2023-12-06,1697.0,1711.8,1697.0,1705.4,641.0
2023-12-07,1701.8,1701.8,1690.2,1691.0,572.0
2023-12-08,1695.0,1703.2,1695.0,1698.0,441.0
2023-12-11,1703.0,1703.2,1692.6,1698.2,328.0
2023-12-12,1702.0,1705.4,1699.6,1704.6,322.0
2023-12-13,1705.2,1707.6,1698.4,1701.0,362.0
2023-12-14,1713.0,1733.4,1708.6,1731.2,1701.0
2023-12-15,1738.0,1740.6,1716.6,1718.2,1424.0
2023-12-18,1720.4,1720.4,1708.8,1713.6,777.0
2023-12-19,1708.6,1709.4,1696.2,1700.8,890.0
2023-12-20,1703.8,1706.0,1694.2,1695.8,515.0
2023-12-21,1682.4,1688.0,1680.2,1686.0,687.0
2023-12-22,1687.0,1691.2,1682.0,1685.4,488.0
2023-12-25,1689.8,1696.4,1689.8,1695.8,300.0
2023-12-26,1698.0,1705.8,1695.0,1704.6,481.0
2023-12-27,1705.6,1714.8,1702.8,1714.4,476.0
2023-12-28,1714.6,1723.4,1709.0,1723.4,692.0
2023-12-29,1723.0,1724.8,1713.8,1719.2,558.0
2024-01-02,1715.8,1723.0,1709.8,1716.4,686.0
2024-01-03,1711.6,1711.6,1694.0,1700.0,716.0
2024-01-04,1699.8,1707.6,1697.8,1703.4,403.0
2024-01-05,1703.4,1707.2,1700.8,1703.8,299.0
2024-01-08,1707.6,1728.8,1707.2,1717.8,734.0
2024-01-09,1727.4,1730.4,1703.2,1703.2,792.0
2024-01-10,1705.8,1706.4,1690.0,1697.4,483.0
2024-01-11,1701.0,1710.8,1698.0,1705.0,604.0
2024-01-12,1696.2,1701.6,1689.4,1692.4,619.0
2024-01-15,1699.0,1703.4,1693.2,1693.2,934.0
2024-01-16,1689.6,1689.6,1664.4,1671.4,971.0
2024-01-17,1665.0,1669.8,1647.4,1647.4,712.0
2024-01-18,1649.2,1656.8,1644.8,1656.6,867.0
2024-01-19,1662.0,1665.0,1650.0,1660.8,1377.0
2024-01-22,1668.2,1669.2,1661.6,1663.2,647.0
2024-01-23,1664.0,1670.6,1663.6,1669.2,609.0
2024-01-24,1670.6,1676.0,1667.6,1675.2,488.0
2024-01-25,1680.0,1684.8,1674.0,1675.8,518.0
2024-01-26,1675.0,1692.6,1675.0,1689.0,713.0
2024-01-29,1687.6,1694.8,1686.4,1693.0,442.0
2024-01-30,1692.6,1694.4,1677.2,1677.2,631.0
2024-01-31,1677.6,1682.8,1672.6,1681.2,636.0
2024-02-01,1681.0,1691.8,1681.0,1691.2,655.0
2024-02-02,1694.0,1697.0,1677.0,1686.4,809.0
2024-02-05,1683.2,1686.0,1669.2,1674.6,728.0
2024-02-15,1678.0,1696.6,1674.8,1682.4,1190.0
2024-02-16,1687.0,1694.2,1683.6,1690.6,497.0
2024-02-19,1694.0,1709.8,1693.2,1708.0,941.0
2024-02-20,1706.4,1710.4,1698.8,1710.4,810.0
2024-02-21,1708.0,1712.8,1702.6,1704.0,464.0
2024-02-22,1709.4,1715.4,1705.4,1713.8,694.0
2024-02-23,1718.0,1719.4,1704.6,1705.0,572.0
2024-02-26,1705.4,1711.2,1702.8,1708.4,649.0
2024-02-27,1708.4,1719.2,1708.4,1710.6,799.0
2024-02-29,1712.6,1731.4,1707.6,1729.6,723.0
2024-03-01,1731.0,1732.6,1721.0,1721.2,660.0
2024-03-04,1726.6,1726.6,1715.0,1723.0,751.0
2024-03-05,1725.4,1728.6,1722.6,1725.0,669.0
2024-03-06,1723.8,1738.6,1722.2,1733.8,772.0
2024-03-07,1737.0,1747.4,1732.0,1743.6,969.0
2024-03-08,1750.0,1759.4,1741.8,1754.4,1280.0
2024-03-11,1751.8,1775.0,1751.8,1762.6,778.0
2024-03-12,1768.0,1778.2,1765.2,1776.6,673.0
2024-03-13,1778.8,1796.2,1772.0,1795.8,1271.0
2024-03-14,1800.0,1834.2,1800.0,1834.2,1591.0
2024-03-15,1830.0,1832.8,1808.6,1813.8,1378.0
2024-03-18,1821.0,1824.8,1806.0,1810.6,1166.0
2024-03-19,1808.6,1812.0,1797.0,1804.2,1034.0
2024-03-20,1810.8,1811.2,1790.4,1792.0,668.0
2024-03-21,1809.2,1829.8,1804.4,1828.4,1211.0
2024-03-22,1830.4,1845.0,1818.6,1822.6,1262.0
2024-03-25,1822.0,1822.0,1814.2,1816.2,450.0
2024-03-26,1817.6,1837.6,1816.2,1827.8,1158.0
2024-03-27,1831.8,1839.0,1825.4,1837.8,555.0
2024-03-28,1842.2,1843.6,1826.0,1828.0,758.0
2024-03-29,1829.8,1839.2,1823.8,1839.0,672.0
2024-04-01,1842.0,1849.6,1830.2,1832.6,780.0
2024-04-02,1833.0,1833.0,1823.2,1828.4,767.0
2024-04-03,1820.6,1845.8,1808.4,1809.6,902.0
2024-04-08,1810.2,1826.4,1799.6,1820.0,596.0
2024-04-09,1823.0,1846.6,1822.4,1846.6,976.0
2024-04-10,1846.4,1848.6,1835.0,1836.0,525.0
2024-04-11,1827.4,1837.8,1821.2,1828.2,917.0
2024-04-12,1826.4,1828.6,1818.4,1822.8,921.0
2024-04-15,1813.0,1831.2,1805.4,1821.8,1167.0
2024-04-16,1805.0,1813.4,1770.6,1780.6,1394.0
2024-04-17,1781.8,1794.0,1771.2,1792.2,533.0
2024-04-18,1790.2,1811.8,1784.0,1806.8,1031.0
2024-04-19,1788.0,1802.0,1754.0,1781.8,1861.0
2024-04-22,1791.2,1816.8,1780.4,1810.6,1256.0
2024-04-23,1813.0,1828.8,1813.0,1823.4,822.0
2024-04-24,1833.8,1836.8,1817.2,1818.0,1044.0
2024-04-25,1811.8,1811.8,1792.2,1797.6,639.0
2024-04-26,1805.6,1818.6,1801.2,1810.0,752.0
2024-04-29,1815.0,1875.6,1815.0,1868.8,1697.0
2024-04-30,1869.8,1878.4,1861.2,1863.6,868.0
2024-05-02,1858.6,1879.0,1855.0,1871.2,747.0
2024-05-03,1880.2,1888.0,1871.0,1874.6,854.0
2024-05-06,1884.6,1920.8,1881.0,1916.8,1102.0
2024-05-07,1916.4,1925.8,1904.6,1912.2,866.0
2024-05-08,1909.0,1912.6,1899.2,1909.2,744.0
2024-05-09,1908.4,1919.4,1899.8,1899.8,965.0
2024-05-10,1908.8,1948.0,1908.8,1944.8,1956.0
2024-05-13,1949.6,1950.8,1929.6,1935.0,1390.0
2024-05-14,1937.0,1938.4,1920.8,1923.4,1111.0
2024-05-15,1927.2,1970.2,1927.2,1949.4,728.0
2024-05-16,1968.6,1981.8,1964.6,1968.8,1170.0
2024-05-17,1966.0,1984.6,1961.0,1979.0,902.0
2024-05-20,1988.0,1993.8,1973.2,1984.4,910.0
2024-05-21,1980.6,1981.4,1946.0,1960.2,886.0
2024-05-22,1966.0,1976.8,1962.4,1969.4,655.0
2024-05-23,1970.0,1970.0,1941.8,1952.0,810.0
2024-05-24,1951.8,1951.8,1935.8,1944.2,657.0
2024-05-27,1944.4,1961.6,1940.6,1955.0,665.0
2024-05-28,1954.2,1968.8,1946.2,1959.4,736.0
2024-05-29,1950.0,1952.8,1924.0,1924.6,907.0
2024-05-30,1914.8,1933.6,1909.6,1910.0,838.0
2024-05-31,1918.2,1942.8,1914.8,1927.0,1293.0
2024-06-03,1947.8,1950.2,1935.0,1943.4,896.0
2024-06-04,1943.0,1943.0,1915.8,1925.6,874.0
2024-06-05,1921.2,1939.6,1921.2,1930.0,737.0
2024-06-06,1942.0,1959.4,1934.2,1954.6,897.0
2024-06-07,1959.8,1977.4,1958.6,1971.6,853.0
2024-06-11,1973.0,1992.0,1968.6,1973.4,962.0
2024-06-12,1973.4,1973.6,1959.8,1966.2,768.0
2024-06-13,1974.6,1989.0,1973.8,1976.0,1152.0
2024-06-14,1974.2,1979.6,1968.0,1977.6,668.0
2024-06-17,1975.6,1983.0,1970.0,1973.0,565.0
2024-06-18,1986.0,1996.6,1979.2,1993.8,739.0
2024-06-19,1996.8,2014.2,1991.6,2014.0,598.0
2024-06-20,2008.8,2009.0,1997.4,2006.0,839.0
2024-06-21,1999.6,2017.0,1999.6,2012.2,714.0
2024-06-24,2015.2,2017.8,1994.6,2013.0,553.0
2024-06-25,2014.4,2028.0,2009.8,2017.0,570.0
2024-06-26,2020.0,2020.0,1996.0,1997.0,704.0
2024-06-27,1985.0,1992.4,1970.0,1986.4,474.0
2024-06-28,1993.6,2015.0,1989.0,1994.2,779.0
2024-07-01,1996.6,2012.8,1996.6,2004.8,500.0
2024-07-02,1999.2,2017.2,1988.2,2016.0,845.0
2024-07-03,2021.6,2075.2,2021.6,2072.2,1299.0
2024-07-04,2078.2,2091.6,2066.0,2075.0,1036.0
2024-07-05,2075.8,2091.0,2075.4,2083.6,605.0
2024-07-08,2081.4,2099.4,2078.4,2095.8,915.0
2024-07-09,2101.8,2109.0,2078.2,2093.8,861.0
2024-07-10,2093.2,2131.0,2092.0,2123.8,1298.0
2024-07-11,2125.2,2171.4,2125.2,2146.8,1536.0
2024-07-12,2140.0,2161.8,2137.0,2148.6,1200.0
2024-07-15,2157.2,2163.8,2115.0,2129.4,1489.0
2024-07-16,2129.8,2145.2,2122.0,2130.4,960.0
2024-07-17,2138.0,2142.6,2113.6,2115.8,545.0
2024-07-18,2077.0,2102.8,2071.4,2087.0,1232.0
2024-07-19,2080.0,2085.4,2036.2,2050.8,1129.0
2024-07-22,2053.0,2058.0,2005.0,2026.2,1234.0
2024-07-23,2034.0,2058.6,2034.0,2056.4,762.0
2024-07-26,2032.4,2045.6,2005.2,2033.8,591.0
2024-07-29,2054.0,2068.2,2045.2,2065.0,559.0
2024-07-30,2053.2,2065.4,2013.8,2035.6,832.0
2024-07-31,2036.4,2073.0,2016.0,2065.0,698.0
2024-08-01,2075.8,2087.8,2063.8,2070.0,680.0
2024-08-02,2040.2,2040.2,2010.6,2030.4,1104.0
2024-08-05,1995.2,1999.4,1830.2,1830.2,2775.0
2024-08-06,1914.8,1942.8,1850.0,1927.0,1226.0
2024-08-07,1944.2,1964.2,1924.6,1952.2,1177.0
2024-08-08,1929.6,1965.0,1916.0,1938.6,961.0
2024-08-09,1972.0,2021.8,1972.0,1995.6,1299.0
2024-08-12,2004.6,2030.0,2004.6,2014.8,816.0
2024-08-13,2023.6,2028.6,2001.2,2005.6,530.0
2024-08-14,2024.0,2051.4,2019.8,2037.2,872.0
2024-08-15,2041.0,2057.0,2020.4,2020.8,672.0
2024-08-16,2050.0,2070.4,2045.0,2061.0,801.0
2024-08-19,2065.0,2065.6,2037.4,2042.2,843.0
2024-08-20,2050.4,2060.2,2034.2,2041.2,683.0
2024-08-21,2040.0,2047.0,2026.0,2038.6,537.0
2024-08-22,2045.0,2046.6,2023.0,2027.0,428.0
2024-08-23,2025.8,2037.2,2011.0,2030.8,414.0
2024-08-26,2041.2,2082.0,2037.6,2067.4,797.0
2024-08-27,2068.0,2068.0,2045.8,2057.2,536.0
2024-08-28,2059.0,2062.0,2038.0,2053.2,671.0
2024-08-29,2037.4,2046.2,2030.0,2042.8,489.0
2024-08-30,2050.0,2057.0,2043.6,2048.6,541.0
2024-09-02,2060.4,2077.0,2044.0,2064.0,739.0
2024-09-03,2064.0,2065.0,2046.8,2049.0,432.0
2024-09-04,1992.4,2009.6,1970.0,1990.0,1539.0
2024-09-05,2003.0,2035.0,2001.8,2015.8,866.0
2024-09-06,2019.0,2037.8,1997.2,2028.8,514.0
2024-09-09,1996.0,2019.4,1985.0,2017.2,541.0
2024-09-10,2023.0,2039.8,2015.2,2023.6,552.0
2024-09-11,2030.4,2030.4,2011.0,2013.0,538.0
2024-09-12,2035.8,2038.8,2010.0,2023.4,791.0
2024-09-13,2025.4,2035.0,2022.2,2030.0,511.0
2024-09-16,2034.2,2035.6,2025.0,2028.6,558.0
2024-09-18,2030.0,2044.8,2030.0,2030.8,446.0
2024-09-19,2034.6,2060.8,2034.0,2057.8,810.0
2024-09-20,2066.4,2075.2,2062.2,2067.8,525.0
2024-09-23,2075.0,2092.0,2073.0,2091.6,421.0
2024-09-24,2093.6,2097.2,2083.8,2096.4,501.0
2024-09-25,2110.2,2110.2,2095.6,2103.8,390.0
2024-09-26,2112.8,2122.6,2110.2,2112.2,379.0
2024-09-27,2118.6,2122.0,2089.0,2090.4,666.0
2024-09-30,2087.0,2101.4,2082.6,2084.6,506.0
2024-10-01,2088.0,2094.8,2067.6,2077.8,436.0
2024-10-04,2067.8,2078.0,2062.0,2070.0,391.0
2024-10-07,2086.0,2104.0,2081.0,2093.4,569.0
2024-10-08,2080.6,2083.4,2058.6,2076.6,638.0
2024-10-09,2086.0,2090.4,2068.0,2069.4,483.0
2024-10-11,2078.0,2090.0,2070.0,2074.0,371.0
2024-10-14,2080.0,2084.6,2071.4,2078.6,546.0
2024-10-15,2083.4,2103.8,2079.4,2097.6,531.0
2024-10-16,2078.8,2092.8,2073.0,2087.0,469.0
2024-10-17,2098.8,2115.0,2094.0,2113.6,547.0
2024-10-18,2124.4,2145.2,2116.6,2140.2,560.0
2024-10-21,2142.2,2142.2,2100.4,2102.8,673.0
2024-10-22,2095.8,2119.2,2091.2,2117.4,454.0
2024-10-23,2111.8,2111.8,2094.6,2099.0,333.0
2024-10-24,2090.6,2098.0,2082.6,2088.8,404.0
2024-10-25,2088.2,2099.0,2088.2,2099.0,203.0
2024-10-28,2099.4,2109.8,2091.0,2096.8,437.0
2024-10-29,2089.8,2093.8,2063.0,2084.0,421.0
2024-10-30,2085.6,2088.0,2074.0,2079.4,235.0
2024-11-01,2064.8,2070.4,2038.0,2060.6,574.0
2024-11-04,2062.4,2095.8,2059.6,2092.2,515.0
2024-11-05,2084.2,2095.0,2078.6,2092.8,504.0
2024-11-06,2095.8,2097.0,2083.0,2087.0,532.0
2024-11-07,2086.4,2108.0,2084.0,2099.0,460.0
2024-11-08,2104.4,2112.8,2096.0,2101.0,283.0
2024-11-11,2100.0,2103.2,2078.8,2091.6,352.0
2024-11-12,2080.0,2092.4,2069.4,2070.0,470.0
2024-11-13,2070.0,2075.8,2055.4,2058.0,523.0
2024-11-14,2059.0,2072.2,2047.4,2047.4,659.0
2024-11-15,2051.0,2094.0,2051.0,2074.0,634.0
2024-11-18,2067.2,2085.0,2067.2,2073.2,539.0
2024-11-19,2077.0,2093.6,2072.6,2093.6,429.0
2024-11-20,2101.0,2108.4,2089.0,2091.6,317.0
2024-11-21,2108.8,2109.0,2077.0,2082.4,410.0
2024-11-22,2091.0,2101.0,2084.2,2091.0,478.0
2024-11-25,2099.0,2116.0,2099.0,2112.8,519.0
2024-11-26,2099.2,2103.8,2084.0,2093.0,401.0
2024-11-27,2095.0,2105.4,2089.0,2090.2,368.0
2024-11-28,2088.8,2099.2,2085.0,2092.8,326.0
2024-11-29,2090.6,2090.6,2059.6,2071.6,556.0
2024-12-02,2080.0,2111.4,2077.8,2106.2,472.0
2024-12-03,2117.2,2134.0,2117.2,2132.6,289.0
2024-12-04,2135.4,2138.8,2124.2,2132.4,194.0
2024-12-05,2130.0,2137.6,2130.0,2135.0,225.0
2024-12-06,2137.8,2142.4,2131.8,2139.2,357.0
2024-12-09,2138.6,2147.2,2138.6,2141.4,276.0
2024-12-10,2143.4,2153.0,2130.8,2138.0,323.0
2024-12-11,2134.4,2142.0,2127.4,2130.8,349.0
2024-12-12,2135.0,2159.6,2134.8,2159.6,521.0
2024-12-13,2152.8,2157.8,2141.0,2147.0,298.0
2024-12-16,2154.0,2169.2,2146.4,2152.4,685.0
2024-12-17,2160.0,2161.4,2127.0,2128.8,612.0
2024-12-18,2126.0,2130.0,2106.8,2122.6,248.0
2024-12-19,2109.6,2109.6,2091.4,2103.8,369.0
2024-12-20,2099.6,2100.2,2083.6,2094.8,357.0
2024-12-23,2105.6,2131.2,2105.6,2128.2,322.0
2024-12-24,2133.2,2138.8,2126.4,2132.4,317.0
2024-12-25,2140.0,2141.4,2126.4,2130.0,209.0
2024-12-26,2127.2,2135.0,2122.0,2125.4,159.0
2024-12-27,2114.0,2130.4,2113.8,2130.2,248.0
2024-12-30,2125.0,2132.8,2120.8,2121.8,210.0
2024-12-31,2115.2,2115.2,2101.6,2105.4,332.0
2025-01-02,2102.0,2105.2,2091.0,2100.8,371.0
2025-01-03,2103.4,2115.2,2103.4,2108.0,188.0
2025-01-06,2118.0,2134.6,2116.0,2132.8,392.0
2025-01-07,2142.4,2149.6,2129.2,2129.8,290.0
2025-01-08,2125.0,2133.4,2123.2,2129.6,238.0
2025-01-09,2125.6,2144.2,2117.4,2119.0,463.0
2025-01-10,2119.6,2121.8,2084.8,2088.8,647.0
2025-01-13,2090.2,2091.2,2056.0,2079.4,707.0
2025-01-14,2091.2,2102.8,2084.6,2097.0,510.0
2025-01-15,2096.8,2108.0,2092.0,2094.6,310.0
2025-01-16,2110.4,2127.6,2110.4,2115.6,503.0
2025-01-17,2119.8,2119.8,2107.8,2110.8,295.0
2025-01-20,2115.0,2116.4,2104.4,2106.0,236.0
2025-01-21,2110.0,2128.8,2098.8,2127.2,343.0
2025-01-22,2136.0,2143.4,2127.2,2135.0,353.0
2025-02-03,2090.0,2129.4,2081.0,2124.2,439.0
2025-02-04,2128.6,2139.6,2109.8,2113.2,467.0
2025-02-05,2120.0,2138.8,2120.0,2130.0,323.0
2025-02-06,2138.0,2143.8,2128.8,2141.2,223.0
2025-02-07,2143.0,2144.8,2133.8,2134.0,226.0
2025-02-10,2126.0,2150.6,2126.0,2146.0,427.0
2025-02-11,2151.0,2161.8,2148.4,2148.4,286.0
2025-02-12,2151.2,2155.6,2141.6,2154.2,350.0
2025-02-13,2160.6,2166.6,2145.2,2163.0,348.0
2025-02-14,2163.0,2163.2,2154.8,2158.0,267.0
2025-02-17,2163.0,2179.8,2161.8,2179.8,423.0
2025-02-18,2178.0,2179.6,2169.0,2179.4,410.0
2025-02-19,2176.2,2181.0,2163.4,2164.4,186.0
2025-02-20,2171.4,2174.6,2162.0,2174.2,352.0
2025-02-21,2168.8,2177.4,2168.8,2176.8,229.0
2025-02-24,2176.8,2176.8,2163.8,2169.0,240.0
2025-02-25,2151.6,2167.2,2150.6,2163.6,281.0
2025-02-26,2160.0,2192.0,2155.0,2192.0,420.0
2025-02-27,2186.6,2187.0,2172.2,2174.8,293.0
2025-03-03,2166.6,2182.2,2164.0,2181.0,335.0
2025-03-04,2166.2,2170.8,2155.4,2166.6,496.0
2025-03-05,2165.0,2169.0,2159.0,2164.0,401.0
2025-03-06,2167.0,2173.2,2163.8,2168.2,187.0
2025-03-07,2160.4,2165.0,2149.8,2149.8,343.0
2025-03-10,2144.2,2155.0,2138.8,2151.0,341.0
2025-03-11,2138.4,2139.0,2102.2,2133.8,647.0
2025-03-12,2133.4,2140.0,2127.0,2137.4,299.0
2025-03-13,2143.0,2147.6,2129.2,2132.6,360.0
2025-03-14,2135.0,2149.8,2133.8,2133.8,365.0
2025-03-17,2144.8,2150.6,2139.2,2147.4,382.0
2025-03-18,2158.0,2165.0,2144.6,2154.6,402.0
2025-03-19,2145.2,2159.0,2143.8,2144.0,200.0
2025-03-20,2154.2,2161.2,2149.0,2155.0,326.0
2025-03-21,2153.0,2153.0,2144.8,2146.0,237.0
2025-03-24,2145.4,2159.4,2145.4,2152.2,199.0
2025-03-25,2158.2,2168.0,2150.2,2150.4,417.0
2025-03-26,2152.4,2161.6,2152.2,2158.4,180.0
2025-03-27,2152.8,2156.2,2141.0,2155.6,400.0
2025-03-28,2150.6,2150.6,2122.8,2133.0,376.0
2025-03-31,2098.8,2098.8,2078.2,2086.8,483.0
2025-04-01,2092.0,2116.4,2092.0,2098.2,330.0
2025-04-02,2104.6,2111.4,2096.2,2108.0,318.0
2025-04-07,1898.4,1898.4,1898.4,1898.4,60.0
2025-04-08,1890.4,1930.0,1870.0,1907.0,1493.0
2025-04-09,1891.4,1919.2,1791.0,1793.6,916.0
2025-04-10,1972.8,1972.8,1963.0,1972.8,587.0
2025-04-11,1942.0,1955.2,1910.0,1955.2,1191.0
2025-04-14,1961.0,1965.0,1943.8,1951.4,694.0
2025-04-15,1953.2,1981.2,1953.2,1978.0,422.0
2025-04-16,1979.0,1979.0,1943.4,1969.6,227.0
2025-04-17,1950.0,1954.0,1938.0,1940.8,499.0
2025-04-18,1935.0,1942.4,1934.4,1939.4,257.0
2025-04-21,1930.8,1942.2,1923.8,1937.8,411.0
2025-04-22,1915.4,1923.0,1900.6,1905.6,420.0
2025-04-23,1927.8,1936.8,1925.4,1934.2,474.0
2025-04-24,1936.2,1939.8,1917.4,1922.8,431.0
2025-04-25,1940.0,1953.0,1940.0,1942.8,345.0
2025-04-28,1952.8,1958.6,1950.0,1950.0,134.0
2025-04-29,1950.0,1982.6,1949.4,1981.6,401.0
2025-04-30,1990.8,2025.2,1986.6,2015.6,608.0
2025-05-02,2025.0,2029.0,2014.0,2017.8,511.0
2025-05-05,2013.0,2015.8,1947.4,1975.0,839.0
2025-05-06,1965.0,1987.6,1959.0,1977.8,1106.0
2025-05-07,1982.8,1994.4,1978.0,1983.2,454.0
2025-05-08,1986.0,1999.0,1986.0,1992.6,321.0
2025-05-09,1994.6,2008.6,1984.0,2007.0,742.0
2025-05-12,2023.4,2023.4,2012.0,2019.0,244.0
2025-05-13,2035.0,2045.0,2023.6,2035.6,521.0
2025-05-14,2052.0,2059.0,2042.8,2051.2,454.0
2025-05-15,2050.8,2071.4,2050.6,2066.8,401.0
2025-05-16,2077.8,2095.8,2068.0,2095.4,368.0
2025-05-19,2080.2,2088.4,2069.0,2076.4,424.0
2025-05-20,2084.0,2090.0,2076.8,2084.4,341.0
2025-05-21,2088.0,2109.8,2081.2,2108.8,271.0
2025-05-22,2087.2,2099.0,2085.0,2097.0,663.0
2025-05-23,2104.0,2107.6,2097.8,2104.8,389.0
2025-05-26,2113.0,2113.6,2090.2,2094.6,404.0
2025-05-27,2099.0,2099.0,2070.8,2074.4,685.0
2025-05-28,2083.6,2087.8,2052.6,2057.6,527.0
2025-05-29,2074.2,2074.4,2043.4,2055.4,387.0
2025-06-02,2042.0,2055.4,2028.8,2043.0,478.0
2025-06-03,2053.0,2075.2,2046.8,2068.8,672.0
2025-06-04,2077.4,2128.0,2075.2,2110.4,770.0
2025-06-05,2118.4,2122.0,2101.0,2102.2,432.0
2025-06-06,2108.8,2129.2,2095.0,2125.8,430.0
2025-06-09,2127.4,2136.8,2122.6,2133.8,364.0
2025-06-10,2136.0,2143.0,2122.0,2128.8,573.0
2025-06-11,2130.4,2131.4,2095.8,2128.6,655.0
2025-06-12,2121.2,2136.8,2120.6,2130.6,572.0
2025-06-13,2110.4,2143.2,2106.0,2136.0,694.0
2025-06-16,2140.0,2152.8,2134.6,2143.8,779.0
2025-06-17,2144.2,2154.8,2140.6,2144.6,1385.0
2025-06-18,2143.6,2152.4,2140.6,2152.0,388.0
2025-06-19,2092.8,2092.8,2075.2,2083.0,444.0
2025-06-20,2072.0,2084.6,2068.8,2074.6,321.0
2025-06-23,2048.2,2061.4,2045.0,2057.0,367.0
2025-06-24,2054.2,2090.4,2054.2,2083.0,509.0
2025-06-25,2081.4,2095.4,2078.2,2095.2,280.0
2025-06-26,2092.8,2107.0,2090.0,2096.0,217.0
2025-06-27,2090.0,2102.0,2083.0,2102.0,234.0
2025-06-30,2096.8,2102.8,2082.6,2092.0,341.0
2025-07-01,2092.6,2119.6,2086.6,2102.0,453.0
2025-07-02,2103.2,2113.0,2098.0,2103.8,275.0
2025-07-03,2099.2,2116.6,2099.2,2115.8,227.0
2025-07-04,2117.2,2120.8,2100.4,2100.6,300.0
2025-07-07,2098.6,2123.0,2087.4,2117.4,334.0
2025-07-08,2117.4,2124.8,2113.2,2116.8,294.0
2025-07-09,2116.0,2119.0,2095.8,2103.8,408.0
2025-07-10,2105.8,2130.2,2093.4,2130.2,408.0
2025-07-11,2132.8,2157.6,2131.6,2154.4,385.0
2025-07-14,2151.0,2158.8,2143.0,2157.8,424.0
2025-07-15,2150.2,2169.0,2146.6,2159.8,438.0
2025-07-16,2161.2,2174.2,2150.6,2173.4,213.0
2025-07-17,2140.6,2145.4,2134.8,2142.4,234.0
2025-07-18,2147.4,2158.0,2128.6,2135.8,274.0
2025-07-21,2133.4,2141.4,2116.0,2120.4,327.0
2025-07-22,2122.0,2128.0,2112.4,2119.2,299.0
2025-07-23,2118.4,2138.0,2118.2,2130.0,263.0
2025-07-24,2130.2,2135.4,2115.2,2119.0,271.0
2025-07-25,2119.0,2119.0,2109.8,2113.2,163.0
2025-07-28,2111.0,2120.2,2106.2,2106.2,287.0
2025-07-29,2101.0,2108.4,2083.8,2092.0,332.0
2025-07-30,2091.4,2107.2,2091.4,2101.8,251.0
2025-07-31,2101.8,2101.8,2082.2,2092.4,328.0
2025-08-01,2097.0,2104.8,2062.2,2099.6,454.0
2025-08-04,2090.0,2128.8,2074.0,2127.0,585.0
2025-08-05,2128.2,2138.0,2124.0,2137.0,188.0
2025-08-06,2138.4,2153.8,2130.0,2153.8,277.0
2025-08-07,2152.6,2164.2,2146.4,2150.2,260.0
2025-08-08,2148.8,2155.2,2140.4,2145.6,229.0
2025-08-11,2144.0,2157.2,2140.0,2157.0,217.0
2025-08-12,2161.0,2167.8,2157.0,2160.0,226.0
2025-08-13,2161.0,2176.4,2161.0,2175.8,253.0
2025-08-14,2177.0,2206.8,2174.4,2202.8,384.0
2025-08-15,2203.6,2206.0,2191.0,2195.0,325.0
2025-08-18,2193.2,2194.6,2179.2,2193.8,366.0
2025-08-19,2194.2,2194.2,2180.2,2188.0,372.0
2025-08-20,2188.0,2189.8,2167.4,2167.4,343.0
2025-08-21,2168.0,2182.0,2162.8,2175.2,193.0
2025-08-22,2175.2,2177.2,2163.6,2166.0,251.0
2025-08-25,2167.2,2182.6,2164.0,2171.0,348.0
2025-08-26,2169.0,2169.4,2143.2,2145.4,399.0
2025-08-27,2145.6,2151.0,2140.0,2140.4,205.0
2025-08-28,2138.8,2152.0,2130.6,2136.0,280.0
2025-08-29,2140.8,2142.2,2121.4,2122.0,271.0
2025-09-01,2120.4,2146.0,2115.0,2136.4,333.0
2025-09-02,2135.4,2161.0,2135.4,2158.4,311.0
2025-09-03,2161.0,2162.4,2147.2,2156.2,248.0
2025-09-04,2157.4,2173.8,2157.4,2171.2,304.0
2025-09-05,2171.0,2182.6,2170.4,2173.8,240.0
2025-09-08,2174.4,2176.8,2166.2,2167.8,270.0
2025-09-09,2169.4,2186.4,2168.2,2179.2,245.0
2025-09-10,2180.2,2194.8,2139.4,2192.2,271.0
2025-09-11,2192.6,2202.0,2187.0,2191.4,387.0
2025-09-12,2192.8,2213.4,2192.0,2213.4,348.0
2025-09-15,2212.0,2227.8,2206.6,2207.0,400.0
2025-09-16,2207.2,2218.0,2204.8,2205.4,516.0
2025-09-17,2209.2,2220.4,2192.6,2193.0,225.0
2025-09-18,2196.0,2204.4,2182.8,2198.0,266.0
2025-09-19,2199.0,2208.6,2188.0,2200.4,333.0
2025-09-22,2202.6,2214.6,2202.0,2214.4,228.0
2025-09-23,2214.0,2219.8,2201.8,2215.4,454.0
2025-09-24,2217.0,2224.4,2210.0,2220.2,338.0
2025-09-25,2219.2,2226.4,2205.8,2207.2,265.0
2025-09-26,2203.0,2208.0,2190.4,2202.6,290.0
2025-09-30,2202.0,2227.4,2198.8,2227.0,317.0
2025-10-01,2227.6,2238.0,2222.8,2223.8,237.0
2025-10-02,2222.2,2243.6,2220.0,2227.0,225.0
2025-10-03,2230.0,2231.2,2210.6,2210.6,282.0
2025-10-07,2215.2,2227.6,2191.0,2219.0,284.0
2025-10-08,2220.6,2230.0,2210.4,2220.6,142.0
2025-10-09,2224.0,2238.0,2219.0,2233.0,321.0
2025-10-13,2233.0,2237.0,2196.0,2217.4,479.0
2025-10-14,2219.6,2250.0,2217.4,2233.6,571.0
2025-10-15,2231.2,2247.8,2221.2,2240.6,363.0
2025-10-16,2256.4,2264.4,2244.4,2252.2,455.0
2025-10-17,2247.2,2253.0,2232.8,2238.2,471.0
2025-10-20,2231.2,2253.4,2228.0,2240.0,336.0
2025-10-21,2240.4,2260.6,2239.0,2245.6,308.0
2025-10-22,2245.4,2258.4,2241.0,2257.2,226.0
2025-10-23,2253.2,2255.0,2244.4,2253.0,174.0
2025-10-27,2252.0,2290.0,2240.2,2251.6,420.0
2025-10-28,2250.6,2252.0,2223.6,2225.6,268.0
2025-10-29,2225.0,2235.2,2223.0,2228.6,170.0
2025-10-30,2232.6,2245.8,2207.8,2218.8,271.0
2025-10-31,2217.8,2220.8,2207.6,2207.6,139.0
2025-11-03,2204.6,2223.2,2202.6,2219.4,288.0
2025-11-04,2214.6,2232.0,2212.0,2223.8,233.0
2025-11-05,2223.0,2230.4,2206.2,2221.8,311.0
2025-11-06,2218.2,2239.0,2215.4,2230.8,389.0
2025-11-07,2231.4,2231.8,2212.6,2216.2,415.0
2025-11-10,2218.4,2225.8,2196.2,2217.4,503.0
2025-11-11,2203.0,2238.4,2197.0,2233.4,567.0
2025-11-12,2231.2,2254.4,2231.0,2241.0,320.0
2025-11-13,2238.8,2249.2,2233.8,2243.4,411.0
2025-11-14,2245.0,2247.0,2219.0,2238.6,629.0
2025-11-17,2234.6,2246.6,2211.2,2218.0,628.0
2025-11-18,2218.0,2220.6,2196.6,2199.8,667.0
2025-11-19,2174.4,2206.6,2161.0,2182.8,428.0
2025-11-20,2185.8,2220.4,2185.8,2217.2,588.0
2025-11-21,2216.0,2220.0,2162.8,2205.2,579.0
2025-11-24,2207.0,2248.4,2199.6,2246.4,638.0
2025-11-25,2248.0,2252.0,2226.2,2227.8,561.0
2025-11-26,2227.8,2247.0,2227.0,2235.0,583.0
2025-11-27,2234.0,2254.6,2227.8,2251.6,518.0
2025-11-28,2251.4,2251.4,2231.4,2237.2,416.0
2025-12-01,2237.4,2245.0,2221.0,2228.4,385.0
2025-12-02,2230.4,2257.0,2230.0,2254.2,478.0
2025-12-03,2254.4,2261.6,2244.0,2252.2,457.0
2025-12-04,2252.0,2283.0,2249.8,2282.4,567.0
2025-12-05,2283.0,2286.6,2274.0,2285.2,318.0
2025-12-08,2284.2,2300.6,2282.0,2290.6,282.0
2025-12-09,2295.4,2306.8,2286.8,2301.0,289.0
2025-12-10,2300.4,2309.0,2288.8,2293.6,331.0
2025-12-11,2293.2,2310.8,2292.6,2307.2,524.0
2025-12-12,2308.0,2348.8,2308.0,2338.8,617.0
2025-12-15,2337.4,2350.8,2318.4,2342.0,569.0
2025-12-16,2340.8,2352.4,2322.8,2344.0,687.0
2025-12-17,2345.4,2410.6,2342.0,2391.4,392.0
2025-12-18,2409.2,2427.2,2390.0,2411.2,823.0
2025-12-19,2411.0,2441.2,2403.0,2440.6,424.0
2025-12-22,2441.0,2457.2,2438.6,2451.4,352.0
2025-12-23,2452.0,2454.6,2425.0,2440.8,387.0
2025-12-24,2441.0,2452.6,2423.0,2427.8,369.0
2025-12-26,2428.8,2430.8,2413.0,2415.6,228.0
2025-12-29,2414.8,2433.6,2412.6,2423.4,393.0
2025-12-30,2423.8,2423.8,2411.4,2423.4,390.0
2025-12-31,2422.2,2425.2,2398.8,2403.0,453.0
2026-01-02,2401.6,2415.0,2396.2,2406.2,440.0
2026-01-05,2407.2,2435.4,2395.8,2420.6,625.0
2026-01-06,2420.6,2435.0,2416.4,2418.2,452.0
2026-01-07,2416.8,2423.6,2396.4,2403.0,359.0
2026-01-08,2402.0,2424.8,2402.0,2419.2,562.0
2026-01-09,2418.6,2424.6,2402.6,2406.6,316.0
2026-01-12,2408.8,2422.8,2396.2,2405.4,350.0
2026-01-13,2407.4,2414.8,2392.0,2410.0,449.0
2026-01-14,2410.8,2423.0,2396.0,2398.4,350.0
2026-01-15,2398.6,2430.0,2391.2,2419.4,600.0
2026-01-16,2421.4,2447.0,2415.0,2434.0,708.0
2026-01-19,2434.0,2465.6,2408.0,2448.4,699.0
2026-01-20,2449.0,2449.0,2427.0,2427.0,383.0
2026-01-21,2424.0,2431.0,2402.8,2405.4,322.0
2026-01-22,2432.0,2447.8,2423.0,2426.4,700.0
2026-01-23,2427.4,2436.0,2417.2,2423.2,466.0
2026-01-26,2424.2,2440.2,2410.8,2435.6,540.0
2026-01-27,2435.4,2446.0,2430.2,2432.2,387.0
2026-01-28,2433.2,2442.8,2417.2,2427.8,373.0
2026-01-29,2430.4,2446.8,2419.0,2445.6,597.0
2026-01-30,2444.8,2444.8,2400.4,2408.2,856.0
2026-02-02,2406.0,2410.6,2376.2,2388.8,547.0
2026-02-03,2390.6,2430.0,2389.8,2415.4,478.0
2026-02-04,2420.6,2448.4,2402.2,2432.4,830.0
2026-02-05,2437.2,2443.4,2406.0,2438.8,774.0
2026-02-06,2439.6,2440.4,2406.6,2433.4,897.0
2026-02-09,2435.4,2478.4,2435.4,2472.6,742.0
2026-02-10,2469.8,2491.6,2467.0,2491.6,544.0
2026-02-11,2488.2,2511.0,2487.6,2501.0,496.0
2026-02-23,2500.8,2579.0,2500.6,2560.0,371.0
2026-02-24,2583.0,2617.6,2561.8,2567.4,537.0
2026-02-25,2570.2,2584.0,2541.6,2560.0,583.0
2026-02-26,2561.4,2616.2,2560.8,2613.8,510.0
2026-03-02,2616.4,2617.2,2539.0,2546.8,592.0
2026-03-03,2542.4,2561.6,2532.4,2543.6,824.0
2026-03-04,2545.0,2546.0,2430.0,2438.8,807.0
2026-03-05,2440.4,2479.0,2440.4,2458.6,832.0
2026-03-06,2456.6,2465.8,2430.2,2459.6,325.0
2026-03-09,2460.0,2460.0,2340.0,2401.6,437.0
2026-03-10,2412.2,2449.6,2404.4,2412.8,374.0
2026-03-11,2418.4,2467.0,2407.0,2434.6,315.0
2026-03-12,2427.8,2430.4,2411.0,2428.8,247.0
2026-03-13,2425.8,2435.0,2395.0,2425.2,249.0
2026-03-16,2421.0,2451.4,2419.8,2430.0,349.0
2026-03-17,2442.4,2460.0,2435.8,2450.0,356.0
2026-03-18,2450.0,2461.0,2417.0,2449.8,157.0
2026-03-19,2461.8,2461.8,2410.4,2414.8,269.0
2026-03-20,2413.6,2437.2,2389.4,2428.8,345.0
2026-03-23,2420.0,2425.0,2361.2,2387.6,428.0
2026-03-24,2391.4,2423.0,2391.4,2411.6,530.0
2026-03-25,2423.2,2453.0,2413.0,2446.6,244.0
2026-03-26,2451.8,2453.8,2430.0,2434.4,200.0
2026-03-27,2434.6,2435.0,2406.4,2424.4,237.0
2026-03-30,2424.4,2424.4,2380.0,2394.8,241.0
2026-03-31,2395.0,2412.0,2380.8,2396.0,324.0
2026-04-01,2395.4,2459.2,2395.0,2453.4,343.0
2026-04-02,2461.8,2469.4,2434.4,2434.8,257.0
2026-04-07,2444.2,2472.0,2419.0,2461.2,237.0
2026-04-08,2465.0,2525.8,2455.8,2503.0,295.0
2026-04-09,2495.0,2505.2,2473.0,2485.6,247.0
2026-04-10,2489.8,2496.4,2473.4,2480.8,187.0
2026-04-13,2479.6,2489.4,2448.2,2450.2,268.0
2026-04-14,2446.6,2488.2,2446.0,2477.6,293.0
2026-04-15,2480.8,2499.0,2477.6,2478.2,160.0
2026-04-16,2533.6,2551.8,2511.0,2522.4,434.0
2026-04-17,2516.6,2522.6,2492.8,2501.6,314.0
2026-04-20,2503.8,2527.0,2502.6,2508.0,139.0
2026-04-21,2510.8,2520.0,2497.8,2501.8,258.0
2026-04-22,2502.2,2509.0,2496.4,2504.2,140.0
2026-04-23,2510.0,2516.0,2473.8,2477.2,461.0
2026-04-24,2478.0,2492.6,2464.0,2475.2,373.0
2026-04-27,2459.6,2499.4,2459.6,2478.0,375.0
2026-04-28,2468.8,2507.6,2465.2,2491.6,244.0
2026-04-29,2485.0,2534.4,2480.0,2524.4,377.0
2026-04-30,2520.0,2526.2,2484.6,2491.6,416.0
2026-05-04,2500.0,2519.4,2482.8,2493.0,290.0
2026-05-05,2485.2,2519.6,2476.2,2505.8,378.0
2026-05-06,2514.0,2561.4,2511.4,2551.2,522.0
2026-05-07,2545.6,2587.4,2545.6,2579.0,376.0
2026-05-08,2571.0,2605.4,2568.2,2596.8,286.0
2026-05-11,2592.6,2601.6,2568.0,2575.0,374.0
2026-05-12,2569.4,2576.6,2510.0,2511.4,410.0
2026-05-13,2508.6,2546.0,2478.4,2536.2,356.0
2026-05-14,2530.2,2565.0,2516.0,2517.2,261.0
2026-05-15,2520.8,2566.4,2515.0,2519.0,526.0
2026-05-18,2520.2,2527.0,2496.4,2515.0,473.0
2026-05-19,2512.2,2577.0,2512.2,2542.6,538.0
2026-05-20,2548.0,2548.0,2521.0,2545.8,191.0
2026-05-21,2583.0,2584.6,2551.4,2559.8,324.0
2026-05-22,2560.2,2568.2,2539.8,2559.4,274.0
2026-05-25,2559.4,2569.6,2548.8,2556.6,218.0
2026-05-26,2557.8,2603.6,2553.6,2596.2,487.0
2026-05-27,2595.0,2666.0,2591.0,2652.0,402.0
2026-05-28,2656.8,2675.0,2630.0,2634.4,345.0
2026-05-29,2640.0,2682.0,2637.0,2675.4,288.0
2026-06-01,2680.0,2744.8,2664.0,2729.0,385.0
2026-06-02,2730.4,2777.0,2714.4,2776.0,426.0
2026-06-03,2776.2,2910.6,2776.2,2910.6,339.0
2026-06-04,2901.0,2955.8,2889.8,2933.4,405.0
2026-06-05,2949.8,2956.2,2885.0,2938.4,359.0
2026-06-08,2928.6,2929.4,2765.2,2840.4,538.0
2026-06-09,2845.0,3038.0,2845.0,3019.8,568.0
2026-06-10,3025.0,3032.8,2953.4,2978.6,709.0
2026-06-11,2975.2,3000.0,2922.0,2973.8,478.0
2026-06-12,2975.0,3046.4,2974.2,2990.0,511.0
2026-06-15,2987.8,3100.6,2986.0,3072.8,329.0
2026-06-16,3088.8,3161.2,3085.0,3132.0,614.0
2026-06-17,3139.0,3232.4,3119.8,3187.8,165.0
2026-06-18,3190.8,3228.4,3170.0,3216.8,341.0
2026-06-22,3217.0,3226.4,3186.2,3209.4,351.0
2026-06-23,3225.4,3256.8,3190.4,3206.6,477.0
2026-06-24,3180.8,3201.6,3137.4,3152.6,819.0
2026-06-25,3135.0,3199.0,3112.4,3164.2,679.0
2026-06-26,3169.6,3169.6,3094.0,3094.0,666.0
2026-06-29,3109.8,3141.0,3078.0,3097.0,384.0
2026-06-30,3112.0,3135.6,3062.8,3126.6,431.0
2026-07-01,3131.2,3150.0,3069.8,3081.6,485.0
2026-07-02,3070.0,3101.8,3036.6,3053.0,345.0
2026-07-03,3052.0,3082.4,3035.8,3071.2,220.0
2026-07-06,3076.8,3112.0,3071.2,3103.8,180.0
2026-07-07,3115.8,3166.8,3095.2,3127.8,461.0
2026-07-08,3106.8,3170.8,3103.0,3158.2,439.0
2026-07-09,3131.4,3187.0,3111.0,3138.4,425.0
2026-07-13,3158.6,3174.4,3115.0,3130.8,506.0
2026-07-14,3147.8,3147.8,3060.0,3071.8,601.0
2026-07-15,3080.2,3123.0,3064.0,3122.2,127.0
2026-07-16,3082.8,3103.0,3055.0,3080.0,341.0
2026-07-17,3064.4,3068.2,3015.8,3028.8,546.0
2026-07-20,3023.6,3074.8,3006.6,3034.0,313.0
