Date,Open,High,Low,Close,Volume
1998-07-21,8131.0,8131.0,8036.0,8045.0,208.0
1998-07-22,7950.0,7950.0,7820.0,7870.0,360.0
1998-07-23,7830.0,7859.0,7802.0,7825.0,190.0
1998-07-24,7750.0,7835.0,7740.0,7835.0,340.0
1998-07-27,7830.0,7835.0,7780.0,7786.0,150.0
1998-07-28,7809.0,7830.0,7741.0,7742.0,264.0
1998-07-29,7710.0,7729.0,7657.0,7680.0,323.0
1998-07-30,7665.0,7678.0,7620.0,7638.0,222.0
1998-07-31,7660.0,7683.0,7600.0,7600.0,257.0
1998-08-01,7557.0,7609.0,7550.0,7609.0,378.0
1998-08-03,7640.0,7657.0,7542.0,7552.0,293.0
1998-08-04,7555.0,7600.0,7548.0,7560.0,302.0
1998-08-05,7510.0,7520.0,7470.0,7487.0,455.0
1998-08-06,7515.0,7525.0,7451.0,7462.0,270.0
1998-08-07,7480.0,7520.0,7452.0,7515.0,453.0
1998-08-10,7500.0,7500.0,7350.0,7365.0,345.0
1998-08-11,7316.0,7379.0,7316.0,7360.0,386.0
1998-08-12,7335.0,7335.0,7281.0,7330.0,384.0
1998-08-13,7360.0,7378.0,7291.0,7291.0,496.0
1998-08-14,7275.0,7326.0,7140.0,7320.0,528.0
1998-08-15,7261.0,7338.0,7261.0,7300.0,361.0
1998-08-17,7285.0,7285.0,7219.0,7219.0,308.0
1998-08-18,7250.0,7250.0,7165.0,7220.0,574.0
1998-08-19,7269.0,7300.0,7260.0,7285.0,543.0
1998-08-20,7300.0,7300.0,7253.0,7274.0,322.0
1998-08-21,7255.0,7255.0,7220.0,7225.0,301.0
1998-08-24,7172.0,7175.0,6955.0,6955.0,919.0
1998-08-25,6938.0,6970.0,6844.0,6949.0,780.0
1998-08-26,6990.0,7014.0,6790.0,6790.0,839.0
1998-08-27,6681.0,6850.0,6651.0,6835.0,1137.0
1998-08-28,6699.0,6820.0,6655.0,6695.0,1285.0
1998-08-29,6700.0,6780.0,6700.0,6728.0,698.0
1998-08-31,6750.0,6756.0,6566.0,6566.0,922.0
1998-09-01,6352.0,6410.0,6216.0,6410.0,1584.0
1998-09-02,6494.0,6495.0,6380.0,6430.0,1417.0
1998-09-03,6400.0,6400.0,6200.0,6200.0,1459.0
1998-09-04,6120.0,6400.0,6120.0,6399.0,1789.0
1998-09-05,6420.0,6710.0,6420.0,6700.0,2198.0
1998-09-07,6730.0,6769.0,6603.0,6719.0,1632.0
1998-09-08,6719.0,6870.0,6700.0,6865.0,1410.0
1998-09-09,6930.0,6931.0,6735.0,6770.0,1901.0
1998-09-10,6720.0,6798.0,6702.0,6730.0,1371.0
1998-09-11,6680.0,6769.0,6630.0,6769.0,1804.0
1998-09-14,6789.0,6849.0,6769.0,6818.0,871.0
1998-09-15,6840.0,6850.0,6780.0,6825.0,612.0
1998-09-16,6815.0,6995.0,6815.0,6995.0,732.0
1998-09-17,6945.0,6964.0,6892.0,6906.0,1979.0
1998-09-18,6840.0,6876.0,6832.0,6842.0,1470.0
1998-09-19,6859.0,7040.0,6855.0,7039.0,2339.0
1998-09-21,7035.0,7060.0,6850.0,6861.0,2307.0
1998-09-22,6930.0,6958.0,6855.0,6926.0,1715.0
1998-09-23,6900.0,6946.0,6850.0,6852.0,1773.0
1998-09-24,6940.0,6940.0,6870.0,6890.0,1403.0
1998-09-25,6856.0,6881.0,6771.0,6871.0,1928.0
1998-09-28,6860.0,6880.0,6801.0,6840.0,1132.0
1998-09-29,6870.0,6875.0,6780.0,6806.0,1389.0
1998-09-30,6806.0,6827.0,6751.0,6787.0,1239.0
1998-10-01,6738.0,6745.0,6620.0,6620.0,2073.0
1998-10-02,6530.0,6530.0,6311.0,6398.0,2532.0
1998-10-03,6398.0,6555.0,6398.0,6550.0,2383.0
1998-10-06,6490.0,6493.0,6320.0,6450.0,2007.0
1998-10-07,6469.0,6640.0,6469.0,6639.0,2348.0
1998-10-08,6600.0,7035.0,6600.0,6981.0,3281.0
1998-10-09,6980.0,7028.0,6830.0,6900.0,3290.0
1998-10-12,6980.0,6980.0,6900.0,6935.0,1613.0
1998-10-13,6950.0,6990.0,6851.0,6852.0,2387.0
1998-10-14,6830.0,6830.0,6740.0,6775.0,2224.0
1998-10-15,6775.0,6781.0,6720.0,6760.0,1188.0
1998-10-17,6950.0,6975.0,6895.0,6908.0,1592.0
1998-10-19,6920.0,6926.0,6871.0,6900.0,641.0
1998-10-20,6885.0,6898.0,6812.0,6812.0,777.0
1998-10-21,6812.0,7055.0,6789.0,7054.0,926.0
1998-10-22,7030.0,7038.0,6905.0,6955.0,2243.0
1998-10-23,6975.0,7040.0,6962.0,7015.0,2586.0
1998-10-26,7000.0,7010.0,6951.0,7010.0,1463.0
1998-10-27,7020.0,7061.0,6980.0,7014.0,2071.0
1998-10-28,7005.0,7020.0,6906.0,6914.0,2947.0
1998-10-29,6912.0,6965.0,6907.0,6965.0,1515.0
1998-10-30,7000.0,7046.0,6950.0,7035.0,2302.0
1998-10-31,7058.0,7120.0,7035.0,7118.0,2753.0
1998-11-02,7129.0,7200.0,7118.0,7181.0,2530.0
1998-11-03,7150.0,7150.0,7073.0,7080.0,2876.0
1998-11-04,7051.0,7060.0,6920.0,6958.0,3434.0
1998-11-05,6970.0,7025.0,6903.0,7015.0,2888.0
1998-11-06,7018.0,7018.0,6915.0,6921.0,3000.0
1998-11-07,6930.0,7000.0,6930.0,7000.0,2117.0
1998-11-09,7001.0,7018.0,6940.0,6965.0,1374.0
1998-11-10,6901.0,6901.0,6828.0,6831.0,2496.0
1998-11-11,6781.0,6788.0,6707.0,6710.0,2317.0
1998-11-13,6850.0,6899.0,6820.0,6894.0,2411.0
1998-11-16,6914.0,7072.0,6914.0,7070.0,1784.0
1998-11-17,7070.0,7180.0,7041.0,7165.0,1252.0
1998-11-18,7195.0,7198.0,7052.0,7110.0,940.0
1998-11-19,7160.0,7365.0,7160.0,7350.0,3567.0
1998-11-20,7360.0,7390.0,7293.0,7390.0,2989.0
1998-11-21,7425.0,7456.0,7355.0,7380.0,3385.0
1998-11-23,7326.0,7380.0,7320.0,7344.0,1636.0
1998-11-24,7425.0,7538.0,7425.0,7525.0,3250.0
1998-11-25,7250.0,7380.0,7250.0,7366.0,4222.0
1998-11-26,7385.0,7550.0,7368.0,7529.0,3485.0
1998-11-27,7550.0,7558.0,7455.0,7490.0,2598.0
1998-11-30,7480.0,7484.0,7410.0,7413.0,2194.0
1998-12-01,7360.0,7415.0,7328.0,7336.0,2815.0
1998-12-02,7400.0,7420.0,7355.0,7380.0,2268.0
1998-12-03,7365.0,7370.0,7301.0,7321.0,1844.0
1998-12-04,7320.0,7384.0,7306.0,7384.0,2017.0
1998-12-07,7534.0,7540.0,7470.0,7470.0,2958.0
1998-12-08,7500.0,7510.0,7350.0,7352.0,2678.0
1998-12-09,7328.0,7338.0,7201.0,7226.0,2646.0
1998-12-10,7200.0,7250.0,7151.0,7186.0,2171.0
1998-12-11,7110.0,7190.0,6960.0,6965.0,2886.0
1998-12-14,6965.0,7040.0,6940.0,6959.0,1576.0
1998-12-15,6901.0,7010.0,6760.0,7000.0,2067.0
1998-12-16,6975.0,6985.0,6760.0,6760.0,1701.0
1998-12-17,6761.0,6870.0,6672.0,6691.0,5263.0
1998-12-18,6750.0,6830.0,6660.0,6769.0,5258.0
1998-12-19,6759.0,6759.0,6588.0,6612.0,4491.0
1998-12-21,6660.0,6747.0,6650.0,6705.0,3869.0
1998-12-22,6749.0,6950.0,6732.0,6940.0,4617.0
1998-12-23,6920.0,6930.0,6820.0,6835.0,3868.0
1998-12-24,6920.0,6949.0,6835.0,6840.0,3801.0
1998-12-28,6789.0,6789.0,6550.0,6591.0,4403.0
1998-12-29,6530.0,6645.0,6480.0,6630.0,3876.0
1998-12-30,6649.0,6720.0,6581.0,6608.0,4600.0
1998-12-31,6669.0,6680.0,6531.0,6531.0,3173.0
1999-01-05,6430.0,6430.0,6074.0,6120.0,5058.0
1999-01-06,6011.0,6330.0,6011.0,6245.0,5903.0
1999-01-07,6385.0,6510.0,6211.0,6510.0,5515.0
1999-01-08,6442.0,6520.0,6391.0,6452.0,4385.0
1999-01-11,6478.0,6500.0,6385.0,6435.0,2558.0
1999-01-12,6435.0,6470.0,6360.0,6390.0,3195.0
1999-01-13,6332.0,6360.0,6290.0,6352.0,2693.0
1999-01-14,6318.0,6335.0,6231.0,6280.0,2775.0
1999-01-15,6220.0,6600.0,6200.0,6600.0,3923.0
1999-01-16,6599.0,6619.0,6502.0,6530.0,2442.0
1999-01-18,6530.0,6530.0,6410.0,6412.0,885.0
1999-01-19,6421.0,6486.0,6355.0,6385.0,932.0
1999-01-20,6385.0,6395.0,6309.0,6321.0,1015.0
1999-01-21,6420.0,6548.0,6415.0,6417.0,4800.0
1999-01-22,6359.0,6391.0,6271.0,6285.0,3985.0
1999-01-25,6220.0,6220.0,6031.0,6040.0,3424.0
1999-01-26,6089.0,6230.0,6026.0,6220.0,5115.0
1999-01-27,6249.0,6270.0,6141.0,6145.0,3969.0
1999-01-28,6101.0,6140.0,6052.0,6070.0,3359.0
1999-01-29,6102.0,6120.0,6020.0,6080.0,3691.0
1999-01-30,6080.0,6200.0,6050.0,6110.0,5084.0
1999-02-01,6051.0,6051.0,5952.0,5954.0,3284.0
1999-02-02,6000.0,6010.0,5860.0,5880.0,3803.0
1999-02-03,5800.0,5940.0,5711.0,5890.0,5641.0
1999-02-04,5852.0,5870.0,5550.0,5558.0,5240.0
1999-02-05,5462.0,5775.0,5462.0,5580.0,5807.0
1999-02-06,5640.0,5770.0,5590.0,5767.0,5022.0
1999-02-08,5750.0,5890.0,5750.0,5835.0,3572.0
1999-02-09,5800.0,5810.0,5751.0,5770.0,1545.0
1999-02-10,5735.0,5849.0,5720.0,5840.0,1373.0
1999-02-20,5980.0,6149.0,5950.0,6140.0,1197.0
1999-02-22,6250.0,6550.0,6250.0,6530.0,5356.0
1999-02-23,6539.0,6540.0,6315.0,6315.0,5973.0
1999-02-24,6335.0,6426.0,6275.0,6425.0,5943.0
1999-02-25,6395.0,6499.0,6350.0,6380.0,5210.0
1999-02-26,6355.0,6470.0,6285.0,6469.0,4658.0
1999-03-01,6410.0,6456.0,6368.0,6419.0,3787.0
1999-03-02,6450.0,6450.0,6312.0,6345.0,4189.0
1999-03-03,6301.0,6495.0,6298.0,6450.0,5452.0
1999-03-04,6450.0,6478.0,6380.0,6388.0,5499.0
1999-03-05,6400.0,6445.0,6340.0,6425.0,4459.0
1999-03-06,6528.0,6534.0,6435.0,6440.0,4710.0
1999-03-08,6450.0,6465.0,6390.0,6465.0,2462.0
1999-03-09,6465.0,6535.0,6445.0,6489.0,4157.0
1999-03-10,6480.0,6520.0,6460.0,6520.0,2695.0
1999-03-11,6549.0,6549.0,6451.0,6451.0,2635.0
1999-03-12,6455.0,6489.0,6431.0,6489.0,1699.0
1999-03-15,6466.0,6630.0,6450.0,6619.0,2078.0
1999-03-16,6634.0,6698.0,6619.0,6659.0,1487.0
1999-03-17,6680.0,6790.0,6675.0,6776.0,1484.0
1999-03-18,6775.0,6940.0,6775.0,6934.0,4144.0
1999-03-19,6968.0,7080.0,6915.0,7070.0,4410.0
1999-03-20,7044.0,7080.0,7011.0,7075.0,3769.0
1999-03-22,7055.0,7135.0,7025.0,7100.0,2710.0
1999-03-23,7130.0,7157.0,7005.0,7005.0,4342.0
1999-03-24,6921.0,7000.0,6920.0,6981.0,4683.0
1999-03-25,7010.0,7035.0,6980.0,7010.0,2906.0
1999-03-26,7054.0,7110.0,7030.0,7095.0,3784.0
1999-03-29,7095.0,7095.0,6947.0,6947.0,3684.0
1999-03-30,6990.0,7000.0,6920.0,6984.0,3603.0
1999-03-31,6949.0,6971.0,6888.0,6935.0,3602.0
1999-04-01,6920.0,7117.0,6916.0,7110.0,4887.0
1999-04-02,7137.0,7390.0,7130.0,7366.0,5807.0
1999-04-03,7379.0,7388.0,7280.0,7305.0,4636.0
1999-04-06,7351.0,7365.0,7280.0,7314.0,2770.0
1999-04-07,7310.0,7320.0,7235.0,7274.0,3160.0
1999-04-08,7308.0,7435.0,7302.0,7380.0,4669.0
1999-04-09,7410.0,7434.0,7330.0,7330.0,4024.0
1999-04-12,7280.0,7325.0,7236.0,7275.0,3680.0
1999-04-13,7330.0,7380.0,7310.0,7377.0,3347.0
1999-04-14,7359.0,7429.0,7356.0,7365.0,3501.0
1999-04-15,7360.0,7480.0,7320.0,7480.0,3417.0
1999-04-16,7525.0,7540.0,7410.0,7460.0,2774.0
1999-04-17,7441.0,7570.0,7427.0,7570.0,1899.0
1999-04-19,7596.0,7669.0,7551.0,7620.0,1296.0
1999-04-20,7558.0,7668.0,7551.0,7640.0,901.0
1999-04-21,7662.0,7688.0,7480.0,7490.0,1798.0
1999-04-22,7589.0,7618.0,7535.0,7590.0,4262.0
1999-04-23,7630.0,7689.0,7616.0,7653.0,4592.0
1999-04-26,7631.0,7665.0,7585.0,7630.0,3108.0
1999-04-27,7640.0,7650.0,7550.0,7575.0,3256.0
1999-04-28,7561.0,7589.0,7540.0,7559.0,2636.0
1999-04-29,7502.0,7502.0,7381.0,7381.0,5961.0
1999-04-30,7350.0,7440.0,7335.0,7440.0,4727.0
1999-05-03,7450.0,7450.0,7382.0,7436.0,2622.0
1999-05-04,7479.0,7629.0,7479.0,7625.0,5721.0
1999-05-05,7581.0,7637.0,7568.0,7599.0,3291.0
1999-05-06,7650.0,7669.0,7581.0,7603.0,3294.0
1999-05-07,7551.0,7579.0,7501.0,7519.0,3685.0
1999-05-10,7495.0,7564.0,7460.0,7560.0,2902.0
1999-05-11,7565.0,7629.0,7460.0,7470.0,4013.0
1999-05-12,7505.0,7518.0,7455.0,7518.0,2694.0
1999-05-13,7490.0,7533.0,7463.0,7469.0,2389.0
1999-05-14,7515.0,7615.0,7515.0,7610.0,3525.0
1999-05-15,7561.0,7610.0,7559.0,7610.0,1700.0
1999-05-17,7608.0,7670.0,7580.0,7600.0,1811.0
1999-05-18,7608.0,7622.0,7530.0,7600.0,1095.0
1999-05-19,7620.0,7625.0,7554.0,7609.0,1753.0
1999-05-20,7663.0,7679.0,7610.0,7610.0,3978.0
1999-05-21,7620.0,7649.0,7600.0,7625.0,2195.0
1999-05-24,7620.0,7630.0,7580.0,7628.0,2455.0
1999-05-25,7580.0,7589.0,7500.0,7509.0,4904.0
1999-05-26,7462.0,7500.0,7430.0,7500.0,4280.0
1999-05-27,7526.0,7540.0,7480.0,7480.0,2901.0
1999-05-28,7430.0,7448.0,7402.0,7418.0,3395.0
1999-05-29,7438.0,7459.0,7410.0,7439.0,2123.0
1999-05-31,7428.0,7428.0,7321.0,7321.0,2891.0
1999-06-01,7323.0,7409.0,7323.0,7408.0,2952.0
1999-06-02,7386.0,7458.0,7381.0,7452.0,3163.0
1999-06-03,7486.0,7540.0,7472.0,7510.0,3292.0
1999-06-04,7510.0,7535.0,7500.0,7535.0,1614.0
1999-06-05,7579.0,7592.0,7560.0,7584.0,2194.0
1999-06-07,7600.0,7797.0,7600.0,7795.0,4588.0
1999-06-08,7898.0,7937.0,7850.0,7894.0,2870.0
1999-06-09,7893.0,7927.0,7855.0,7925.0,2287.0
1999-06-10,7942.0,8025.0,7941.0,7960.0,2548.0
1999-06-11,7960.0,7988.0,7902.0,7960.0,1857.0
1999-06-14,7940.0,7975.0,7920.0,7975.0,1284.0
1999-06-15,8090.0,8090.0,7920.0,7943.0,1714.0
1999-06-16,7950.0,8090.0,7913.0,8090.0,2128.0
1999-06-17,8193.0,8349.0,8170.0,8349.0,4654.0
1999-06-21,8389.0,8480.0,8320.0,8439.0,3935.0
1999-06-22,8459.0,8700.0,8422.0,8690.0,4372.0
1999-06-23,8630.0,8667.0,8522.0,8527.0,5303.0
1999-06-24,8561.0,8715.0,8503.0,8697.0,4819.0
1999-06-25,8601.0,8601.0,8380.0,8434.0,5512.0
1999-06-28,8429.0,8480.0,8380.0,8447.0,2883.0
1999-06-29,8524.0,8625.0,8520.0,8618.0,3720.0
1999-06-30,8650.0,8650.0,8522.0,8559.0,2884.0
1999-07-02,8618.0,8700.0,8590.0,8631.0,3213.0
1999-07-03,8680.0,8730.0,8581.0,8616.0,2856.0
1999-07-05,8580.0,8630.0,8540.0,8608.0,2068.0
1999-07-06,8589.0,8620.0,8510.0,8526.0,2582.0
1999-07-07,8500.0,8565.0,8475.0,8560.0,2970.0
1999-07-08,8580.0,8639.0,8560.0,8615.0,2519.0
1999-07-09,8595.0,8647.0,8563.0,8565.0,1759.0
1999-07-12,8581.0,8594.0,8520.0,8550.0,1704.0
1999-07-13,8510.0,8510.0,8280.0,8280.0,4296.0
1999-07-14,8250.0,8320.0,7870.0,7985.0,4794.0
1999-07-15,8021.0,8090.0,7876.0,8030.0,3510.0
1999-07-16,8060.0,8120.0,7468.0,7468.0,3767.0
1999-07-17,7110.0,7450.0,7051.0,7418.0,3694.0
1999-07-19,7360.0,7470.0,7052.0,7395.0,1156.0
1999-07-20,7500.0,7855.0,7500.0,7815.0,1332.0
1999-07-21,7690.0,7814.0,7627.0,7790.0,608.0
1999-07-22,7700.0,7750.0,7620.0,7623.0,2847.0
1999-07-23,7620.0,7749.0,7600.0,7749.0,2902.0
1999-07-26,7650.0,7695.0,7550.0,7567.0,2455.0
1999-07-27,7548.0,7550.0,7350.0,7395.0,3713.0
1999-07-28,7500.0,7525.0,7430.0,7479.0,2685.0
1999-07-29,7451.0,7469.0,7320.0,7329.0,2787.0
1999-07-30,7200.0,7451.0,7153.0,7449.0,3284.0
1999-07-31,7380.0,7460.0,7254.0,7268.0,2716.0
1999-08-02,7285.0,7350.0,7169.0,7210.0,3083.0
1999-08-03,7152.0,7260.0,7015.0,7195.0,4199.0
1999-08-04,7195.0,7268.0,7092.0,7095.0,3077.0
1999-08-05,7030.0,7079.0,6957.0,6958.0,3977.0
1999-08-06,6999.0,7048.0,6851.0,6870.0,3809.0
1999-08-07,6880.0,7088.0,6851.0,7035.0,4337.0
1999-08-09,7080.0,7082.0,6980.0,7015.0,2494.0
1999-08-10,7015.0,7300.0,6980.0,7290.0,4111.0
1999-08-11,7290.0,7340.0,7205.0,7230.0,3604.0
1999-08-12,7315.0,7405.0,7261.0,7316.0,3264.0
1999-08-13,7814.0,7814.0,7516.0,7685.0,3592.0
1999-08-16,7730.0,8222.0,7730.0,8195.0,2938.0
1999-08-17,8103.0,8150.0,7990.0,8130.0,1503.0
1999-08-18,8196.0,8196.0,7980.0,8000.0,695.0
1999-08-19,8030.0,8074.0,7985.0,8074.0,2673.0
1999-08-20,8100.0,8255.0,8078.0,8219.0,3446.0
1999-08-21,8299.0,8388.0,8260.0,8261.0,3329.0
1999-08-23,8249.0,8265.0,8151.0,8265.0,2056.0
1999-08-24,8355.0,8379.0,8000.0,8001.0,3708.0
1999-08-25,8011.0,8245.0,7988.0,8230.0,3643.0
1999-08-26,8265.0,8300.0,8050.0,8134.0,3108.0
1999-08-27,8100.0,8152.0,8056.0,8145.0,2626.0
1999-08-30,8090.0,8230.0,8075.0,8190.0,2748.0
1999-08-31,8134.0,8264.0,8130.0,8248.0,2852.0
1999-09-01,8300.0,8475.0,8300.0,8426.0,4238.0
1999-09-02,8470.0,8495.0,8331.0,8352.0,3228.0
1999-09-03,8340.0,8340.0,8132.0,8132.0,3542.0
1999-09-04,8276.0,8280.0,8070.0,8137.0,3514.0
1999-09-06,8150.0,8215.0,8060.0,8215.0,2251.0
1999-09-07,8200.0,8238.0,7926.0,7930.0,3275.0
1999-09-08,7950.0,8045.0,7871.0,7970.0,3716.0
1999-09-09,7933.0,8037.0,7912.0,8010.0,2531.0
1999-09-10,8059.0,8218.0,8052.0,8190.0,2345.0
1999-09-13,8185.0,8245.0,8150.0,8189.0,1380.0
1999-09-14,8160.0,8166.0,8051.0,8119.0,989.0
1999-09-15,8062.0,8115.0,7981.0,7983.0,1187.0
1999-09-16,7915.0,8005.0,7905.0,7975.0,2503.0
1999-09-17,8011.0,8037.0,7877.0,7921.0,2618.0
1999-09-18,7980.0,8040.0,7960.0,8018.0,2295.0
1999-09-20,7980.0,8030.0,7933.0,7987.0,1569.0
1999-09-27,7708.0,7708.0,7708.0,7708.0,103.0
1999-09-28,7439.0,7439.0,7439.0,7439.0,1005.0
1999-09-29,7439.0,7600.0,7392.0,7589.0,3666.0
1999-09-30,7539.0,7630.0,7530.0,7540.0,2448.0
1999-10-01,7613.0,7648.0,7555.0,7648.0,2507.0
1999-10-02,7620.0,7648.0,7532.0,7599.0,2083.0
1999-10-04,7570.0,7645.0,7543.0,7618.0,1787.0
1999-10-05,7665.0,7675.0,7510.0,7510.0,1889.0
1999-10-06,7511.0,7538.0,7456.0,7535.0,1781.0
1999-10-07,7580.0,7608.0,7552.0,7580.0,1790.0
1999-10-08,7560.0,7570.0,7500.0,7520.0,1178.0
1999-10-11,7536.0,7595.0,7535.0,7586.0,1242.0
1999-10-12,7600.0,7830.0,7590.0,7826.0,2914.0
1999-10-13,7780.0,7830.0,7756.0,7828.0,1723.0
1999-10-14,7753.0,7900.0,7745.0,7900.0,1646.0
1999-10-15,7900.0,7933.0,7810.0,7810.0,1296.0
1999-10-16,7741.0,7849.0,7725.0,7812.0,1191.0
1999-10-18,7780.0,7820.0,7720.0,7735.0,728.0
1999-10-19,7751.0,7775.0,7685.0,7690.0,759.0
1999-10-20,7730.0,7730.0,7656.0,7678.0,841.0
1999-10-21,7780.0,7785.0,7680.0,7683.0,2301.0
1999-10-22,7690.0,7730.0,7500.0,7597.0,3094.0
1999-10-25,7613.0,7690.0,7575.0,7688.0,2024.0
1999-10-26,7667.0,7770.0,7650.0,7736.0,2695.0
1999-10-27,7722.0,7775.0,7682.0,7737.0,1811.0
1999-10-28,7756.0,7765.0,7710.0,7727.0,1150.0
1999-10-29,7800.0,7819.0,7735.0,7776.0,2154.0
1999-10-30,7840.0,7965.0,7830.0,7948.0,3262.0
1999-11-01,7938.0,7938.0,7890.0,7911.0,1356.0
1999-11-02,7880.0,7890.0,7781.0,7820.0,2096.0
1999-11-03,7820.0,7820.0,7669.0,7678.0,2297.0
1999-11-04,7711.0,7719.0,7533.0,7565.0,2733.0
1999-11-05,7550.0,7620.0,7481.0,7619.0,2847.0
1999-11-06,7640.0,7640.0,7400.0,7400.0,3358.0
1999-11-08,7326.0,7488.0,7320.0,7441.0,2993.0
1999-11-09,7460.0,7490.0,7382.0,7382.0,1925.0
1999-11-10,7378.0,7570.0,7370.0,7443.0,2612.0
1999-11-11,7501.0,7590.0,7501.0,7575.0,2172.0
1999-11-15,7620.0,7628.0,7506.0,7582.0,874.0
1999-11-16,7595.0,7652.0,7550.0,7629.0,1176.0
1999-11-17,7659.0,7686.0,7635.0,7669.0,1374.0
1999-11-18,7640.0,7775.0,7640.0,7741.0,2557.0
1999-11-19,7798.0,7828.0,7751.0,7800.0,2221.0
1999-11-20,7901.0,7980.0,7878.0,7980.0,2507.0
1999-11-22,8030.0,8160.0,7980.0,8139.0,2716.0
1999-11-23,8180.0,8180.0,8051.0,8130.0,2358.0
1999-11-24,8000.0,8060.0,7961.0,7965.0,2736.0
1999-11-25,7971.0,8023.0,7882.0,8016.0,2677.0
1999-11-26,8016.0,8025.0,7581.0,7700.0,4559.0
1999-11-29,7761.0,7865.0,7751.0,7855.0,2862.0
1999-11-30,7885.0,7895.0,7752.0,7764.0,2492.0
1999-12-01,7750.0,7820.0,7710.0,7820.0,1408.0
1999-12-02,7810.0,7881.0,7793.0,7848.0,2085.0
1999-12-03,7885.0,7997.0,7881.0,7974.0,2320.0
1999-12-04,8084.0,8095.0,8015.0,8022.0,2012.0
1999-12-06,8010.0,8010.0,7885.0,7929.0,1850.0
1999-12-07,7909.0,7928.0,7845.0,7870.0,1719.0
1999-12-08,7850.0,7930.0,7838.0,7840.0,1352.0
1999-12-09,7810.0,7870.0,7770.0,7770.0,1570.0
1999-12-10,7785.0,7810.0,7716.0,7800.0,1326.0
1999-12-13,7820.0,7950.0,7820.0,7950.0,1247.0
1999-12-14,7950.0,7950.0,7860.0,7872.0,765.0
1999-12-15,7854.0,7890.0,7830.0,7883.0,1011.0
1999-12-16,7925.0,7950.0,7792.0,7795.0,2224.0
1999-12-17,7820.0,7859.0,7768.0,7816.0,1533.0
1999-12-18,7826.0,7873.0,7816.0,7860.0,1496.0
1999-12-20,7860.0,7860.0,7780.0,7841.0,1010.0
1999-12-21,7841.0,7998.0,7814.0,7970.0,1884.0
1999-12-22,8039.0,8080.0,8003.0,8020.0,1763.0
1999-12-23,8018.0,8115.0,8000.0,8106.0,1721.0
1999-12-24,8170.0,8350.0,8167.0,8329.0,2207.0
1999-12-27,8349.0,8560.0,8310.0,8560.0,2234.0
1999-12-28,8560.0,8565.0,8451.0,8564.0,1990.0
2000-01-04,8688.0,8939.0,8650.0,8843.0,2800.0
2000-01-05,8718.0,8870.0,8671.0,8810.0,2854.0
2000-01-06,8840.0,9005.0,8820.0,8850.0,2501.0
2000-01-07,8781.0,8870.0,8711.0,8829.0,2409.0
2000-01-10,8949.0,9200.0,8880.0,9200.0,2638.0
2000-01-11,9340.0,9340.0,8930.0,8951.0,3367.0
2000-01-12,8951.0,9190.0,8951.0,9190.0,2028.0
2000-01-13,9190.0,9195.0,9066.0,9115.0,1796.0
2000-01-14,9161.0,9190.0,8976.0,9073.0,2198.0
2000-01-15,9175.0,9230.0,9095.0,9230.0,1556.0
2000-01-17,9230.0,9390.0,9201.0,9300.0,1264.0
2000-01-18,9290.0,9298.0,9206.0,9278.0,607.0
2000-01-19,9240.0,9299.0,9176.0,9185.0,993.0
2000-01-20,9217.0,9269.0,9173.0,9269.0,2124.0
2000-01-21,9250.0,9399.0,9245.0,9350.0,2278.0
2000-01-24,9409.0,9498.0,9370.0,9498.0,2128.0
2000-01-25,9431.0,9452.0,9370.0,9452.0,1735.0
2000-01-26,9520.0,9760.0,9520.0,9722.0,2952.0
2000-01-27,9750.0,9810.0,9690.0,9730.0,2234.0
2000-01-28,9660.0,9800.0,9657.0,9800.0,1935.0
2000-01-29,9700.0,9759.0,9685.0,9759.0,1907.0
2000-01-31,9736.0,9870.0,9710.0,9867.0,1525.0
2000-02-01,9949.0,10030.0,9930.0,10030.0,2075.0
2000-02-09,10173.0,10199.0,10081.0,10149.0,1838.0
2000-02-10,10140.0,10195.0,10099.0,10145.0,1336.0
2000-02-11,10185.0,10287.0,10160.0,10167.0,1463.0
2000-02-14,10100.0,10158.0,9962.0,9980.0,1107.0
2000-02-15,9901.0,10005.0,9881.0,9988.0,979.0
2000-02-16,9999.0,10090.0,9999.0,10090.0,636.0
2000-02-17,10140.0,10328.0,10122.0,10293.0,2132.0
2000-02-18,10373.0,10438.0,10131.0,10160.0,2899.0
2000-02-19,10103.0,10309.0,10093.0,10286.0,2357.0
2000-02-21,10219.0,10270.0,10000.0,10020.0,2472.0
2000-02-22,9961.0,10020.0,9771.0,9875.0,4247.0
2000-02-23,9820.0,9890.0,9701.0,9701.0,2429.0
2000-02-24,9780.0,9845.0,9670.0,9740.0,2448.0
2000-02-25,9750.0,9753.0,9550.0,9602.0,2380.0
2000-02-29,9652.0,9720.0,9580.0,9630.0,1910.0
2000-03-01,9701.0,9845.0,9701.0,9845.0,2459.0
2000-03-02,9839.0,9845.0,9665.0,9693.0,2159.0
2000-03-03,9700.0,9765.0,9671.0,9760.0,1589.0
2000-03-04,9840.0,9844.0,9670.0,9675.0,1682.0
2000-03-06,9630.0,9645.0,9522.0,9525.0,1956.0
2000-03-07,9480.0,9585.0,9426.0,9565.0,2067.0
2000-03-08,9530.0,9625.0,9500.0,9520.0,1853.0
2000-03-09,9575.0,9694.0,9575.0,9687.0,1936.0
2000-03-10,9710.0,9740.0,9515.0,9520.0,1837.0
2000-03-13,9430.0,9430.0,8854.0,8854.0,1938.0
2000-03-14,8550.0,8891.0,8529.0,8848.0,1870.0
2000-03-15,8735.0,8898.0,8590.0,8590.0,1152.0
2000-03-16,8650.0,8730.0,8380.0,8664.0,3350.0
2000-03-17,8701.0,8726.0,8552.0,8564.0,3625.0
2000-03-20,8265.0,8265.0,8265.0,8265.0,274.0
2000-03-21,8259.0,8843.0,8259.0,8843.0,2840.0
2000-03-22,8999.0,9198.0,8840.0,9075.0,4516.0
2000-03-23,9208.0,9694.0,9186.0,9636.0,4070.0
2000-03-24,9610.0,9610.0,9420.0,9545.0,3047.0
2000-03-27,9520.0,9897.0,9520.0,9835.0,2883.0
2000-03-28,9801.0,9945.0,9751.0,9866.0,2887.0
2000-03-29,9780.0,9910.0,9760.0,9848.0,1948.0
2000-03-30,9830.0,10130.0,9810.0,9983.0,2724.0
2000-03-31,9880.0,9983.0,9836.0,9915.0,2047.0
2000-04-01,9900.0,10149.0,9845.0,10149.0,2487.0
2000-04-05,10209.0,10390.0,10050.0,10352.0,2820.0
2000-04-06,10380.0,10387.0,9966.0,10010.0,3023.0
2000-04-07,10070.0,10130.0,9950.0,10079.0,2387.0
2000-04-08,10079.0,10126.0,9975.0,10044.0,1689.0
2000-04-10,10030.0,10270.0,9930.0,10262.0,2374.0
2000-04-11,10201.0,10260.0,10122.0,10181.0,1692.0
2000-04-12,10130.0,10175.0,9942.0,9950.0,2169.0
2000-04-13,9750.0,9798.0,9552.0,9720.0,2516.0
2000-04-14,9535.0,9690.0,9311.0,9318.0,1467.0
2000-04-15,8766.0,8980.0,8666.0,8700.0,2118.0
2000-04-17,8710.0,9003.0,8701.0,9003.0,1287.0
2000-04-18,9250.0,9410.0,9172.0,9302.0,612.0
2000-04-19,9499.0,9499.0,9090.0,9090.0,502.0
2000-04-20,9052.0,9209.0,8852.0,9209.0,4011.0
2000-04-21,9175.0,9275.0,9060.0,9132.0,3008.0
2000-04-24,9129.0,9129.0,8816.0,8816.0,2759.0
2000-04-25,8784.0,9030.0,8727.0,9000.0,4218.0
2000-04-26,9050.0,9050.0,8468.0,8480.0,4792.0
2000-04-27,8578.0,8698.0,8510.0,8629.0,3742.0
2000-04-28,8650.0,8920.0,8550.0,8850.0,4001.0
2000-04-29,8820.0,8878.0,8720.0,8828.0,3126.0
2000-05-02,8890.0,8905.0,8661.0,8684.0,2907.0
2000-05-03,8612.0,8612.0,8456.0,8518.0,3082.0
2000-05-04,8590.0,8730.0,8382.0,8509.0,4394.0
2000-05-05,8430.0,8815.0,8400.0,8800.0,4091.0
2000-05-06,8750.0,8820.0,8691.0,8760.0,3538.0
2000-05-08,8735.0,8780.0,8603.0,8710.0,3044.0
2000-05-09,8697.0,8764.0,8619.0,8758.0,2838.0
2000-05-10,8770.0,8819.0,8601.0,8601.0,4565.0
2000-05-11,8450.0,8490.0,8370.0,8447.0,3849.0
2000-05-12,8530.0,8652.0,8510.0,8600.0,3028.0
2000-05-15,8605.0,8630.0,8500.0,8520.0,1884.0
2000-05-16,8562.0,8775.0,8545.0,8775.0,1703.0
2000-05-17,8850.0,9090.0,8850.0,9090.0,1477.0
2000-05-18,9030.0,9130.0,8999.0,9105.0,3903.0
2000-05-19,9050.0,9240.0,9035.0,9235.0,3472.0
2000-05-20,9180.0,9230.0,8751.0,8842.0,5085.0
2000-05-22,8890.0,8955.0,8815.0,8828.0,3876.0
2000-05-23,8886.0,8886.0,8666.0,8748.0,4128.0
2000-05-24,8550.0,8620.0,8533.0,8577.0,3393.0
2000-05-25,8700.0,8720.0,8530.0,8565.0,4097.0
2000-05-26,8500.0,8680.0,8475.0,8628.0,4555.0
2000-05-29,8628.0,8705.0,8601.0,8636.0,3209.0
2000-05-30,8690.0,8818.0,8667.0,8815.0,4415.0
2000-05-31,8970.0,8990.0,8920.0,8970.0,3959.0
2000-06-01,8941.0,8949.0,8868.0,8915.0,2801.0
2000-06-02,9000.0,9050.0,8920.0,8920.0,3570.0
2000-06-03,9048.0,9062.0,8971.0,9033.0,3366.0
2000-06-05,8999.0,9050.0,8961.0,9041.0,2513.0
2000-06-07,9001.0,9195.0,8981.0,9175.0,3484.0
2000-06-08,9175.0,9200.0,9088.0,9114.0,2896.0
2000-06-09,9114.0,9135.0,9038.0,9088.0,2565.0
2000-06-12,9093.0,9125.0,8990.0,9008.0,2488.0
2000-06-13,8955.0,8980.0,8889.0,8889.0,3019.0
2000-06-14,8949.0,8989.0,8915.0,8965.0,2335.0
2000-06-15,8938.0,8940.0,8859.0,8880.0,2219.0
2000-06-16,8874.0,8909.0,8821.0,8904.0,1930.0
2000-06-17,8868.0,8914.0,8836.0,8849.0,1674.0
2000-06-19,8849.0,8860.0,8683.0,8814.0,2107.0
2000-06-20,8870.0,8889.0,8700.0,8700.0,1339.0
2000-06-21,8723.0,8776.0,8640.0,8670.0,1552.0
2000-06-22,8739.0,8929.0,8712.0,8920.0,4391.0
2000-06-23,8875.0,8900.0,8810.0,8820.0,2820.0
2000-06-26,8774.0,8776.0,8641.0,8660.0,3392.0
2000-06-27,8706.0,8710.0,8580.0,8595.0,3514.0
2000-06-28,8576.0,8618.0,8315.0,8539.0,5110.0
2000-06-29,8529.0,8539.0,8188.0,8190.0,5039.0
2000-06-30,8101.0,8360.0,8101.0,8250.0,5048.0
2000-07-03,8272.0,8349.0,8140.0,8300.0,4640.0
2000-07-04,8300.0,8315.0,8066.0,8066.0,4511.0
2000-07-05,8102.0,8445.0,8030.0,8389.0,5687.0
2000-07-06,8310.0,8345.0,8260.0,8270.0,3843.0
2000-07-07,8316.0,8370.0,8165.0,8181.0,4163.0
2000-07-10,8226.0,8230.0,8044.0,8173.0,3976.0
2000-07-11,8150.0,8329.0,8125.0,8190.0,4449.0
2000-07-12,8199.0,8218.0,8072.0,8120.0,3832.0
2000-07-13,8190.0,8350.0,8171.0,8318.0,4745.0
2000-07-14,8329.0,8512.0,8301.0,8479.0,4728.0
2000-07-15,8504.0,8529.0,8443.0,8490.0,2891.0
2000-07-17,8559.0,8590.0,8503.0,8530.0,1866.0
2000-07-18,8492.0,8492.0,8360.0,8360.0,1800.0
2000-07-19,8316.0,8429.0,8280.0,8425.0,1214.0
2000-07-20,8350.0,8350.0,8240.0,8255.0,3784.0
2000-07-21,8300.0,8310.0,8152.0,8260.0,4247.0
2000-07-24,8216.0,8232.0,8158.0,8158.0,2678.0
2000-07-25,8102.0,8220.0,7930.0,7930.0,4712.0
2000-07-26,7979.0,8128.0,7930.0,7997.0,4894.0
2000-07-27,7940.0,8000.0,7812.0,7998.0,4846.0
2000-07-28,7920.0,8195.0,7920.0,8148.0,5394.0
2000-07-29,8110.0,8159.0,8051.0,8103.0,4089.0
2000-07-31,8119.0,8123.0,8041.0,8072.0,2734.0
2000-08-01,8138.0,8148.0,7985.0,7992.0,3849.0
2000-08-02,8000.0,8045.0,7945.0,7983.0,3654.0
2000-08-03,7950.0,7970.0,7836.0,7915.0,4271.0
2000-08-04,7978.0,8049.0,7931.0,7970.0,4030.0
2000-08-05,7952.0,7984.0,7871.0,7879.0,3062.0
2000-08-07,7849.0,7855.0,7760.0,7805.0,3235.0
2000-08-08,7835.0,7869.0,7745.0,7857.0,4391.0
2000-08-09,7890.0,8090.0,7880.0,8090.0,5303.0
2000-08-10,8052.0,8090.0,8011.0,8067.0,3874.0
2000-08-11,8044.0,8088.0,7985.0,8000.0,3256.0
2000-08-14,7999.0,7999.0,7880.0,7881.0,2542.0
2000-08-15,7905.0,7960.0,7860.0,7900.0,1869.0
2000-08-16,7896.0,8028.0,7896.0,8020.0,1960.0
2000-08-17,8110.0,8220.0,8053.0,8215.0,4998.0
2000-08-18,8246.0,8309.0,8183.0,8183.0,4574.0
2000-08-19,8197.0,8281.0,8153.0,8281.0,3951.0
2000-08-21,8269.0,8322.0,8232.0,8275.0,3623.0
2000-08-22,8231.0,8235.0,8152.0,8180.0,3670.0
2000-08-24,8219.0,8279.0,8164.0,8190.0,3705.0
2000-08-25,8220.0,8224.0,8081.0,8117.0,3772.0
2000-08-28,8051.0,8051.0,7922.0,7926.0,3278.0
2000-08-29,7886.0,7917.0,7753.0,7913.0,5160.0
2000-08-30,7878.0,7897.0,7581.0,7600.0,5629.0
2000-08-31,7511.0,7710.0,7511.0,7660.0,5611.0
2000-09-01,7649.0,7684.0,7451.0,7475.0,5272.0
2000-09-02,7580.0,7782.0,7550.0,7750.0,5570.0
2000-09-04,7770.0,7827.0,7708.0,7825.0,4864.0
2000-09-05,7775.0,7800.0,7720.0,7800.0,3907.0
2000-09-06,7708.0,7740.0,7630.0,7630.0,4168.0
2000-09-07,7550.0,7620.0,7501.0,7515.0,4579.0
2000-09-08,7535.0,7570.0,7458.0,7483.0,4077.0
2000-09-11,7411.0,7449.0,7376.0,7425.0,3135.0
2000-09-13,7380.0,7490.0,7251.0,7465.0,5137.0
2000-09-14,7430.0,7441.0,7181.0,7181.0,4698.0
2000-09-15,7181.0,7397.0,7178.0,7230.0,6579.0
2000-09-16,7130.0,7210.0,7062.0,7096.0,4888.0
2000-09-18,7040.0,7144.0,6955.0,6955.0,2627.0
2000-09-19,6861.0,7019.0,6760.0,6779.0,2694.0
2000-09-20,6879.0,6950.0,6761.0,6890.0,1951.0
2000-09-21,6953.0,7000.0,6885.0,6951.0,6408.0
2000-09-22,6803.0,6830.0,6540.0,6540.0,6854.0
2000-09-25,6650.0,6714.0,6575.0,6684.0,5780.0
2000-09-26,6606.0,6860.0,6553.0,6831.0,7464.0
2000-09-27,6780.0,6941.0,6753.0,6798.0,6807.0
2000-09-28,6850.0,6898.0,6630.0,6639.0,6257.0
2000-09-29,6639.0,6687.0,6500.0,6500.0,6482.0
2000-09-30,6385.0,6423.0,6230.0,6250.0,6632.0
2000-10-02,6310.0,6350.0,6115.0,6149.0,5963.0
2000-10-03,6149.0,6340.0,6070.0,6262.0,7243.0
2000-10-04,6043.0,6043.0,6043.0,6043.0,839.0
2000-10-05,6050.0,6178.0,6041.0,6105.0,5727.0
2000-10-06,6102.0,6510.0,6101.0,6509.0,7781.0
2000-10-07,6450.0,6494.0,6386.0,6430.0,6343.0
2000-10-09,6435.0,6440.0,6205.0,6205.0,5777.0
2000-10-11,5988.0,6030.0,5988.0,5988.0,1488.0
2000-10-12,5900.0,5950.0,5685.0,5715.0,9062.0
2000-10-13,5355.0,5899.0,5355.0,5898.0,6578.0
2000-10-16,6163.0,6178.0,5486.0,5486.0,4687.0
2000-10-17,5510.0,5828.0,5510.0,5728.0,3094.0
2000-10-18,5647.0,5670.0,5328.0,5328.0,1633.0
2000-10-19,5419.0,5420.0,4983.0,5199.0,9086.0
2000-10-20,5500.0,5562.0,5450.0,5562.0,6484.0
2000-10-21,5600.0,5717.0,5530.0,5660.0,9111.0
2000-10-23,5631.0,5750.0,5540.0,5670.0,8971.0
2000-10-24,5670.0,5999.0,5625.0,5920.0,10886.0
2000-10-25,5840.0,6000.0,5833.0,5972.0,7669.0
2000-10-26,5861.0,5960.0,5858.0,5875.0,6700.0
2000-10-27,5960.0,5980.0,5700.0,5700.0,8535.0
2000-10-30,5501.0,5600.0,5501.0,5600.0,6715.0
2000-10-31,5600.0,5720.0,5545.0,5555.0,9419.0
2000-11-01,5645.0,5650.0,5401.0,5460.0,6892.0
2000-11-02,5475.0,5799.0,5460.0,5775.0,8871.0
2000-11-03,5800.0,5933.0,5773.0,5895.0,8650.0
2000-11-04,5930.0,5945.0,5689.0,5690.0,7629.0
2000-11-06,5755.0,5760.0,5643.0,5720.0,6951.0
2000-11-07,5794.0,5975.0,5751.0,5960.0,8310.0
2000-11-08,5960.0,6309.0,5879.0,6122.0,10561.0
2000-11-09,6060.0,6248.0,6003.0,6200.0,11481.0
2000-11-10,6160.0,6240.0,6130.0,6210.0,7020.0
2000-11-13,6040.0,6040.0,5821.0,5855.0,5988.0
2000-11-14,5905.0,5955.0,5861.0,5895.0,2578.0
2000-11-15,6043.0,6049.0,5772.0,5830.0,3272.0
2000-11-16,5573.0,5650.0,5350.0,5374.0,7263.0
2000-11-17,5290.0,5375.0,5205.0,5330.0,9578.0
2000-11-18,5280.0,5380.0,5130.0,5130.0,7375.0
2000-11-20,5053.0,5080.0,4771.0,4771.0,7002.0
2000-11-21,4730.0,5104.0,4711.0,5104.0,9702.0
2000-11-22,5110.0,5298.0,5015.0,5039.0,12896.0
2000-11-23,5000.0,5225.0,4946.0,5224.0,9434.0
2000-11-24,5252.0,5521.0,5252.0,5510.0,11318.0
2000-11-27,5549.0,5580.0,5401.0,5480.0,9851.0
2000-11-28,5399.0,5400.0,5303.0,5305.0,6808.0
2000-11-29,5210.0,5389.0,5202.0,5338.0,10183.0
2000-11-30,5338.0,5385.0,5172.0,5191.0,9217.0
2000-12-01,5236.0,5460.0,5178.0,5450.0,10597.0
2000-12-02,5401.0,5440.0,5261.0,5271.0,9165.0
2000-12-04,5250.0,5250.0,5151.0,5225.0,7515.0
2000-12-05,5250.0,5335.0,5142.0,5259.0,11687.0
2000-12-06,5398.0,5415.0,5170.0,5175.0,11206.0
2000-12-07,5160.0,5280.0,5152.0,5245.0,9257.0
2000-12-08,5260.0,5320.0,5206.0,5310.0,9282.0
2000-12-11,5354.0,5362.0,5276.0,5330.0,6389.0
2000-12-12,5335.0,5449.0,5330.0,5390.0,8519.0
2000-12-13,5380.0,5430.0,5330.0,5430.0,6673.0
2000-12-14,5365.0,5371.0,5305.0,5325.0,6133.0
2000-12-15,5250.0,5278.0,5201.0,5201.0,5532.0
2000-12-16,5190.0,5235.0,5112.0,5136.0,4951.0
2000-12-18,5160.0,5160.0,5056.0,5098.0,3548.0
2000-12-19,5062.0,5076.0,4991.0,5050.0,2737.0
2000-12-20,5001.0,5001.0,4875.0,4883.0,1954.0
2000-12-21,4762.0,4779.0,4687.0,4687.0,4357.0
2000-12-22,4733.0,4950.0,4665.0,4857.0,10453.0
2000-12-26,4877.0,4906.0,4688.0,4688.0,7223.0
2000-12-27,4658.0,4658.0,4561.0,4565.0,6420.0
2000-12-28,4608.0,4879.0,4566.0,4867.0,11954.0
2000-12-29,4800.0,4835.0,4697.0,4707.0,9409.0
2000-12-30,4650.0,4830.0,4644.0,4770.0,10126.0
2001-01-02,4702.0,4948.0,4685.0,4892.0,14824.0
2001-01-03,4822.0,4944.0,4818.0,4870.0,11137.0
2001-01-04,5149.0,5175.0,5051.0,5121.0,11684.0
2001-01-05,5150.0,5340.0,5121.0,5340.0,12317.0
2001-01-08,5290.0,5358.0,5174.0,5196.0,12391.0
2001-01-09,5221.0,5419.0,5221.0,5400.0,14564.0
2001-01-10,5380.0,5449.0,5322.0,5408.0,12587.0
2001-01-11,5422.0,5494.0,5318.0,5340.0,12990.0
2001-01-12,5385.0,5393.0,5258.0,5378.0,9240.0
2001-01-15,5320.0,5430.0,5270.0,5407.0,6109.0
2001-01-16,5424.0,5748.0,5386.0,5746.0,6858.0
2001-01-17,5824.0,5824.0,5700.0,5802.0,2909.0
2001-01-18,5830.0,5950.0,5770.0,5949.0,11801.0
2001-01-29,5922.0,5965.0,5649.0,5658.0,8619.0
2001-01-30,5668.0,5850.0,5590.0,5819.0,12512.0
2001-01-31,5850.0,6020.0,5829.0,5951.0,11771.0
2001-02-01,5940.0,5969.0,5821.0,5900.0,10269.0
2001-02-02,5950.0,6065.0,5950.0,6019.0,10699.0
2001-02-05,5969.0,5969.0,5868.0,5911.0,8344.0
2001-02-06,5881.0,5990.0,5801.0,5837.0,12783.0
2001-02-07,5795.0,5797.0,5683.0,5683.0,8696.0
2001-02-08,5680.0,5782.0,5666.0,5776.0,9623.0
2001-02-09,5748.0,5860.0,5716.0,5755.0,10982.0
2001-02-12,5745.0,5838.0,5723.0,5820.0,8648.0
2001-02-13,5878.0,6045.0,5878.0,6040.0,9951.0
2001-02-14,6040.0,6045.0,5830.0,5840.0,10090.0
2001-02-15,5891.0,6118.0,5883.0,6095.0,12299.0
2001-02-16,6140.0,6140.0,5946.0,6025.0,11266.0
2001-02-19,5925.0,5949.0,5882.0,5943.0,5479.0
2001-02-20,5955.0,6037.0,5915.0,5956.0,2906.0
2001-02-21,5885.0,5981.0,5851.0,5981.0,1913.0
2001-02-22,5851.0,5851.0,5730.0,5769.0,10047.0
2001-02-23,5745.0,5790.0,5721.0,5746.0,7119.0
2001-02-26,5746.0,5785.0,5725.0,5760.0,4901.0
2001-02-27,5805.0,5819.0,5640.0,5665.0,7503.0
2001-03-01,5581.0,5585.0,5486.0,5536.0,6112.0
2001-03-02,5541.0,5565.0,5486.0,5505.0,6384.0
2001-03-05,5510.0,5626.0,5490.0,5619.0,6094.0
2001-03-06,5650.0,5700.0,5610.0,5632.0,9225.0
2001-03-07,5689.0,5750.0,5680.0,5733.0,8713.0
2001-03-08,5749.0,5749.0,5681.0,5710.0,5521.0
2001-03-09,5649.0,5653.0,5612.0,5630.0,5131.0
2001-03-12,5499.0,5559.0,5492.0,5535.0,4661.0
2001-03-13,5480.0,5650.0,5450.0,5631.0,8597.0
2001-03-14,5686.0,5694.0,5622.0,5651.0,5461.0
2001-03-15,5608.0,5780.0,5570.0,5780.0,8840.0
2001-03-16,5750.0,5815.0,5740.0,5760.0,5089.0
2001-03-19,5727.0,5767.0,5625.0,5640.0,4032.0
2001-03-20,5659.0,5690.0,5631.0,5675.0,2164.0
2001-03-21,5555.0,5670.0,5555.0,5632.0,1913.0
2001-03-22,5631.0,5750.0,5631.0,5750.0,8533.0
2001-03-23,5830.0,5844.0,5790.0,5813.0,7092.0
2001-03-26,5833.0,5910.0,5773.0,5899.0,7244.0
2001-03-27,5909.0,5945.0,5851.0,5868.0,7309.0
2001-03-28,5900.0,5902.0,5815.0,5830.0,5935.0
2001-03-29,5806.0,5878.0,5796.0,5870.0,5366.0
2001-03-30,5858.0,5870.0,5775.0,5795.0,5774.0
2001-04-02,5775.0,5780.0,5618.0,5621.0,5925.0
2001-04-03,5595.0,5595.0,5470.0,5470.0,7816.0
2001-04-04,5406.0,5493.0,5392.0,5469.0,7103.0
2001-04-06,5581.0,5589.0,5510.0,5530.0,6445.0
2001-04-09,5490.0,5490.0,5391.0,5419.0,4960.0
2001-04-10,5419.0,5505.0,5312.0,5321.0,8005.0
2001-04-11,5401.0,5495.0,5341.0,5495.0,11170.0
2001-04-12,5515.0,5550.0,5466.0,5520.0,6825.0
2001-04-13,5561.0,5580.0,5455.0,5461.0,5827.0
2001-04-16,5425.0,5450.0,5405.0,5423.0,3169.0
2001-04-17,5425.0,5474.0,5375.0,5440.0,3150.0
2001-04-18,5480.0,5529.0,5480.0,5527.0,2374.0
2001-04-19,5653.0,5690.0,5620.0,5628.0,8593.0
2001-04-20,5643.0,5658.0,5582.0,5588.0,5301.0
2001-04-23,5588.0,5647.0,5568.0,5644.0,4994.0
2001-04-24,5621.0,5680.0,5603.0,5621.0,6945.0
2001-04-25,5609.0,5619.0,5504.0,5525.0,7221.0
2001-04-26,5541.0,5577.0,5465.0,5560.0,7604.0
2001-04-27,5519.0,5527.0,5422.0,5439.0,6664.0
2001-04-30,5425.0,5493.0,5410.0,5430.0,6616.0
2001-05-02,5476.0,5525.0,5313.0,5349.0,8831.0
2001-05-03,5360.0,5431.0,5320.0,5431.0,7757.0
2001-05-04,5419.0,5424.0,5200.0,5227.0,8663.0
2001-05-07,5243.0,5310.0,5190.0,5268.0,9984.0
2001-05-08,5255.0,5266.0,5131.0,5229.0,9282.0
2001-05-09,5229.0,5278.0,5210.0,5223.0,8393.0
2001-05-10,5201.0,5218.0,5153.0,5162.0,5719.0
2001-05-11,5142.0,5268.0,5070.0,5240.0,10167.0
2001-05-14,5174.0,5235.0,5171.0,5205.0,4409.0
2001-05-15,5181.0,5221.0,5172.0,5185.0,2832.0
2001-05-16,5155.0,5190.0,5080.0,5080.0,3977.0
2001-05-17,5150.0,5187.0,5115.0,5150.0,8972.0
2001-05-18,5168.0,5169.0,5073.0,5089.0,8860.0
2001-05-21,5089.0,5102.0,4940.0,4982.0,8173.0
2001-05-22,5017.0,5068.0,4970.0,4993.0,8301.0
2001-05-23,4982.0,5226.0,4970.0,5225.0,13619.0
2001-05-24,5210.0,5240.0,5181.0,5223.0,7561.0
2001-05-25,5190.0,5207.0,5167.0,5182.0,5605.0
2001-05-28,5154.0,5169.0,5093.0,5110.0,6652.0
2001-05-29,5075.0,5200.0,5071.0,5112.0,9207.0
2001-05-30,5085.0,5118.0,5058.0,5102.0,6981.0
2001-05-31,5072.0,5109.0,5045.0,5085.0,6268.0
2001-06-01,5110.0,5133.0,5019.0,5031.0,7559.0
2001-06-04,5045.0,5060.0,4981.0,5030.0,4319.0
2001-06-05,5029.0,5099.0,5005.0,5094.0,6625.0
2001-06-06,5142.0,5225.0,5135.0,5194.0,8866.0
2001-06-07,5170.0,5180.0,5145.0,5155.0,5343.0
2001-06-08,5206.0,5259.0,5200.0,5240.0,8605.0
2001-06-11,5211.0,5290.0,5188.0,5289.0,5595.0
2001-06-12,5260.0,5283.0,5225.0,5245.0,6312.0
2001-06-13,5245.0,5289.0,5186.0,5193.0,8148.0
2001-06-14,5165.0,5167.0,5110.0,5140.0,6542.0
2001-06-15,5109.0,5165.0,5093.0,5149.0,4086.0
2001-06-18,5141.0,5141.0,5071.0,5088.0,3352.0
2001-06-19,5069.0,5110.0,5069.0,5082.0,2393.0
2001-06-20,5079.0,5083.0,5036.0,5036.0,3533.0
2001-06-21,5080.0,5081.0,4975.0,4990.0,7865.0
2001-06-22,4990.0,5026.0,4931.0,4965.0,5636.0
2001-06-26,4965.0,4975.0,4834.0,4834.0,5601.0
2001-06-27,4830.0,4896.0,4805.0,4890.0,7552.0
2001-06-28,4856.0,4869.0,4792.0,4839.0,6273.0
2001-06-29,4870.0,4920.0,4867.0,4891.0,7092.0
2001-07-02,4892.0,4945.0,4825.0,4935.0,8089.0
2001-07-03,4901.0,4934.0,4840.0,4845.0,7356.0
2001-07-04,4815.0,4830.0,4750.0,4770.0,6614.0
2001-07-05,4749.0,4773.0,4712.0,4743.0,6802.0
2001-07-06,4712.0,4808.0,4712.0,4766.0,8329.0
2001-07-09,4726.0,4745.0,4695.0,4721.0,5954.0
2001-07-10,4737.0,4758.0,4666.0,4668.0,6315.0
2001-07-11,4630.0,4656.0,4577.0,4577.0,6365.0
2001-07-12,4607.0,4679.0,4607.0,4679.0,7551.0
2001-07-13,4709.0,4720.0,4473.0,4490.0,10719.0
2001-07-16,4482.0,4528.0,4290.0,4394.0,6252.0
2001-07-17,4335.0,4426.0,4304.0,4353.0,2901.0
2001-07-18,4343.0,4385.0,4060.0,4176.0,2970.0
2001-07-19,4175.0,4255.0,4057.0,4175.0,16640.0
2001-07-20,4150.0,4231.0,4110.0,4160.0,12515.0
2001-07-23,4202.0,4230.0,4115.0,4118.0,9226.0
2001-07-24,4100.0,4109.0,4023.0,4062.0,9491.0
2001-07-25,4038.0,4138.0,4026.0,4138.0,10670.0
2001-07-26,4138.0,4295.0,4085.0,4255.0,15667.0
2001-07-27,4271.0,4350.0,4238.0,4242.0,13902.0
2001-07-31,4261.0,4309.0,4230.0,4291.0,8451.0
2001-08-01,4295.0,4333.0,4240.0,4267.0,9995.0
2001-08-02,4301.0,4455.0,4287.0,4455.0,15925.0
2001-08-03,4480.0,4538.0,4430.0,4495.0,10484.0
2001-08-06,4481.0,4481.0,4407.0,4420.0,7225.0
2001-08-07,4390.0,4417.0,4321.0,4395.0,11081.0
2001-08-08,4372.0,4516.0,4370.0,4516.0,15466.0
2001-08-09,4466.0,4510.0,4403.0,4405.0,13186.0
2001-08-10,4410.0,4490.0,4349.0,4469.0,13585.0
2001-08-13,4469.0,4528.0,4452.0,4490.0,6211.0
2001-08-14,4525.0,4619.0,4475.0,4619.0,4329.0
2001-08-15,4639.0,4666.0,4582.0,4620.0,3633.0
2001-08-16,4580.0,4663.0,4573.0,4649.0,11838.0
2001-08-17,4655.0,4675.0,4591.0,4630.0,10522.0
2001-08-20,4550.0,4578.0,4536.0,4542.0,9508.0
2001-08-21,4551.0,4580.0,4510.0,4566.0,10098.0
2001-08-22,4521.0,4563.0,4460.0,4460.0,12233.0
2001-08-23,4460.0,4494.0,4436.0,4468.0,11043.0
2001-08-24,4454.0,4468.0,4294.0,4303.0,12146.0
2001-08-27,4330.0,4374.0,4305.0,4341.0,11706.0
2001-08-28,4340.0,4359.0,4280.0,4311.0,10190.0
2001-08-29,4282.0,4486.0,4271.0,4485.0,16524.0
2001-08-30,4483.0,4535.0,4421.0,4457.0,12555.0
2001-08-31,4410.0,4455.0,4372.0,4442.0,11832.0
2001-09-03,4452.0,4493.0,4378.0,4378.0,9974.0
2001-09-04,4378.0,4479.0,4351.0,4479.0,13366.0
2001-09-05,4433.0,4463.0,4365.0,4376.0,12011.0
2001-09-06,4376.0,4387.0,4295.0,4330.0,11239.0
2001-09-07,4286.0,4294.0,4237.0,4284.0,9213.0
2001-09-10,4254.0,4300.0,4221.0,4280.0,9007.0
2001-09-11,4290.0,4295.0,4151.0,4152.0,12075.0
2001-09-13,3862.0,3890.0,3862.0,3862.0,8221.0
2001-09-14,3888.0,3910.0,3670.0,3705.0,13085.0
2001-09-19,3611.0,3737.0,3581.0,3737.0,6457.0
2001-09-20,3649.0,3660.0,3551.0,3551.0,11743.0
2001-09-21,3460.0,3474.0,3427.0,3427.0,5129.0
2001-09-24,3402.0,3550.0,3366.0,3510.0,19229.0
2001-09-25,3648.0,3650.0,3421.0,3430.0,20387.0
2001-09-26,3450.0,3669.0,3401.0,3625.0,27493.0
2001-09-27,3594.0,3600.0,3520.0,3560.0,19145.0
2001-09-28,3599.0,3664.0,3571.0,3616.0,21736.0
2001-10-02,3611.0,3614.0,3423.0,3427.0,16367.0
2001-10-03,3450.0,3495.0,3401.0,3430.0,16320.0
2001-10-04,3620.0,3620.0,3470.0,3473.0,17518.0
2001-10-05,3496.0,3577.0,3460.0,3553.0,19351.0
2001-10-08,3540.0,3575.0,3501.0,3512.0,11818.0
2001-10-09,3549.0,3617.0,3535.0,3615.0,14637.0
2001-10-11,3698.0,3855.0,3690.0,3845.0,15502.0
2001-10-12,3945.0,3951.0,3788.0,3825.0,18317.0
2001-10-15,3799.0,3799.0,3725.0,3731.0,7961.0
2001-10-16,3720.0,3812.0,3714.0,3810.0,4642.0
2001-10-17,3831.0,3858.0,3791.0,3820.0,3523.0
2001-10-18,3720.0,3770.0,3715.0,3770.0,12810.0
2001-10-19,3760.0,3837.0,3721.0,3820.0,18513.0
2001-10-22,3830.0,3909.0,3830.0,3906.0,15013.0
2001-10-23,3946.0,3964.0,3842.0,3850.0,15964.0
2001-10-24,3840.0,3960.0,3840.0,3956.0,20573.0
2001-10-25,3975.0,3988.0,3915.0,3988.0,17294.0
2001-10-26,4001.0,4054.0,3977.0,3988.0,17898.0
2001-10-29,3983.0,4020.0,3966.0,3990.0,10957.0
2001-10-30,3920.0,3936.0,3850.0,3850.0,14943.0
2001-10-31,3826.0,3885.0,3812.0,3866.0,13964.0
2001-11-01,3878.0,3892.0,3840.0,3870.0,10495.0
2001-11-02,3919.0,3957.0,3916.0,3931.0,15183.0
2001-11-05,3945.0,4043.0,3918.0,4030.0,14282.0
2001-11-06,4050.0,4089.0,3990.0,3990.0,16440.0
2001-11-07,4065.0,4088.0,4030.0,4060.0,15674.0
2001-11-08,4065.0,4082.0,4011.0,4040.0,13753.0
2001-11-09,4022.0,4046.0,3993.0,4020.0,10665.0
2001-11-12,4031.0,4105.0,4010.0,4105.0,11415.0
2001-11-13,4100.0,4120.0,4056.0,4060.0,9986.0
2001-11-14,4128.0,4259.0,4116.0,4230.0,16826.0
2001-11-15,4240.0,4359.0,4210.0,4350.0,15520.0
2001-11-16,4375.0,4460.0,4330.0,4433.0,15235.0
2001-11-19,4444.0,4586.0,4411.0,4585.0,10122.0
2001-11-20,4595.0,4597.0,4435.0,4444.0,6987.0
2001-11-21,4444.0,4560.0,4405.0,4560.0,4576.0
2001-11-22,4475.0,4497.0,4393.0,4429.0,15738.0
2001-11-23,4435.0,4510.0,4415.0,4499.0,15000.0
2001-11-26,4530.0,4629.0,4530.0,4612.0,14532.0
2001-11-27,4670.0,4688.0,4472.0,4535.0,21840.0
2001-11-28,4536.0,4565.0,4385.0,4390.0,18062.0
2001-11-29,4370.0,4437.0,4351.0,4407.0,15103.0
2001-11-30,4431.0,4458.0,4365.0,4390.0,15659.0
2001-12-03,4459.0,4600.0,4445.0,4589.0,15554.0
2001-12-04,4578.0,4745.0,4531.0,4741.0,19985.0
2001-12-05,4819.0,4944.0,4791.0,4910.0,23573.0
2001-12-06,5039.0,5253.0,5018.0,5253.0,19182.0
2001-12-07,5240.0,5380.0,5152.0,5368.0,23852.0
2001-12-10,5312.0,5429.0,5256.0,5292.0,20885.0
2001-12-11,5240.0,5298.0,5210.0,5298.0,17907.0
2001-12-12,5293.0,5667.0,5273.0,5649.0,21496.0
2001-12-13,5650.0,5763.0,5390.0,5425.0,27507.0
2001-12-14,5340.0,5550.0,5322.0,5550.0,23316.0
2001-12-17,5490.0,5542.0,5420.0,5453.0,15351.0
2001-12-18,5520.0,5548.0,5320.0,5360.0,10630.0
2001-12-19,5360.0,5424.0,5203.0,5203.0,4716.0
2001-12-20,5200.0,5299.0,5180.0,5285.0,18097.0
2001-12-21,5231.0,5237.0,5042.0,5045.0,16309.0
2001-12-24,5075.0,5160.0,5073.0,5111.0,12684.0
2001-12-25,5129.0,5430.0,5090.0,5400.0,18227.0
2001-12-26,5430.0,5487.0,5305.0,5375.0,21540.0
2001-12-27,5410.0,5470.0,5218.0,5282.0,21482.0
2001-12-28,5302.0,5405.0,5235.0,5400.0,19487.0
2001-12-31,5430.0,5615.0,5421.0,5598.0,14945.0
2002-01-02,5559.0,5666.0,5475.0,5585.0,17435.0
2002-01-03,5650.0,5675.0,5460.0,5463.0,18526.0
2002-01-04,5682.0,5690.0,5563.0,5635.0,16709.0
2002-01-07,5635.0,5849.0,5598.0,5817.0,14454.0
2002-01-08,5816.0,5843.0,5731.0,5815.0,16170.0
2002-01-09,5815.0,5889.0,5735.0,5859.0,17683.0
2002-01-10,5825.0,5865.0,5745.0,5829.0,16821.0
2002-01-11,5811.0,5860.0,5631.0,5640.0,20219.0
2002-01-14,5580.0,5610.0,5550.0,5590.0,9126.0
2002-01-15,5550.0,5600.0,5492.0,5590.0,8890.0
2002-01-16,5542.0,5599.0,5460.0,5460.0,4463.0
2002-01-17,5350.0,5457.0,5340.0,5450.0,14222.0
2002-01-18,5452.0,5545.0,5430.0,5443.0,18983.0
2002-01-21,5440.0,5824.0,5430.0,5824.0,18490.0
2002-01-22,5834.0,5870.0,5714.0,5804.0,18058.0
2002-01-23,5751.0,6096.0,5710.0,5775.0,23471.0
2002-01-24,5819.0,5848.0,5701.0,5800.0,18275.0
2002-01-25,5850.0,5975.0,5850.0,5954.0,18584.0
2002-01-28,5979.0,6035.0,5960.0,6029.0,11702.0
2002-01-29,6008.0,6013.0,5812.0,5820.0,15328.0
2002-01-30,5735.0,5818.0,5720.0,5815.0,13052.0
2002-01-31,5828.0,5860.0,5761.0,5831.0,14614.0
2002-02-01,5895.0,5910.0,5820.0,5858.0,13574.0
2002-02-04,5811.0,5870.0,5782.0,5838.0,10370.0
2002-02-05,5762.0,5884.0,5751.0,5884.0,8991.0
2002-02-06,5899.0,5985.0,5880.0,5969.0,12373.0
2002-02-18,6022.0,6041.0,5946.0,5956.0,6555.0
2002-02-19,5966.0,5980.0,5823.0,5825.0,5563.0
2002-02-20,5798.0,5815.0,5679.0,5685.0,3461.0
2002-02-21,5725.0,5725.0,5596.0,5656.0,12795.0
2002-02-22,5585.0,5643.0,5542.0,5620.0,11520.0
2002-02-25,5632.0,5650.0,5503.0,5522.0,10776.0
2002-02-26,5581.0,5618.0,5483.0,5529.0,13586.0
2002-02-27,5529.0,5705.0,5529.0,5700.0,15385.0
2002-03-01,5679.0,5700.0,5625.0,5650.0,13275.0
2002-03-04,5773.0,5940.0,5773.0,5910.0,17472.0
2002-03-05,5999.0,6028.0,5882.0,5964.0,15421.0
2002-03-06,5958.0,6126.0,5923.0,6120.0,17052.0
2002-03-07,6138.0,6149.0,6052.0,6080.0,14191.0
2002-03-08,6060.0,6145.0,5974.0,6041.0,16795.0
2002-03-11,6071.0,6215.0,6051.0,6190.0,17026.0
2002-03-12,6180.0,6180.0,6072.0,6120.0,13902.0
2002-03-13,6082.0,6196.0,6044.0,6080.0,19541.0
2002-03-14,6040.0,6105.0,5985.0,6105.0,14467.0
2002-03-15,6072.0,6119.0,5900.0,5904.0,17941.0
2002-03-18,5930.0,5955.0,5883.0,5948.0,9746.0
2002-03-19,5941.0,5970.0,5858.0,5902.0,5843.0
2002-03-20,5905.0,6089.0,5891.0,6074.0,4264.0
2002-03-21,6002.0,6086.0,5980.0,6049.0,16203.0
2002-03-22,6138.0,6185.0,6108.0,6155.0,14993.0
2002-03-25,6151.0,6209.0,6105.0,6170.0,14498.0
2002-03-26,6141.0,6220.0,6125.0,6208.0,13230.0
2002-03-27,6220.0,6243.0,6081.0,6085.0,19066.0
2002-03-28,6099.0,6140.0,6063.0,6130.0,15698.0
2002-03-29,6170.0,6179.0,6085.0,6145.0,14768.0
2002-04-01,6103.0,6161.0,6095.0,6105.0,9355.0
2002-04-02,6155.0,6272.0,6154.0,6223.0,16303.0
2002-04-03,6181.0,6261.0,6161.0,6261.0,13517.0
2002-04-04,6231.0,6237.0,6115.0,6152.0,15779.0
2002-04-08,6132.0,6160.0,6095.0,6119.0,10674.0
2002-04-09,6167.0,6177.0,6033.0,6041.0,16217.0
2002-04-10,5999.0,6025.0,5972.0,6025.0,10820.0
2002-04-11,6047.0,6069.0,6015.0,6032.0,10377.0
2002-04-12,5990.0,6172.0,5975.0,6158.0,14989.0
2002-04-15,6164.0,6220.0,6147.0,6179.0,8364.0
2002-04-16,6190.0,6249.0,6180.0,6231.0,5304.0
2002-04-17,6385.0,6450.0,6328.0,6450.0,4979.0
2002-04-18,6360.0,6375.0,6330.0,6360.0,9143.0
2002-04-19,6341.0,6407.0,6331.0,6398.0,10000.0
2002-04-22,6408.0,6410.0,6356.0,6410.0,7571.0
2002-04-23,6379.0,6389.0,6315.0,6345.0,9960.0
2002-04-24,6318.0,6423.0,6318.0,6420.0,12285.0
2002-04-25,6387.0,6387.0,6302.0,6318.0,13900.0
2002-04-26,6309.0,6328.0,6262.0,6308.0,9162.0
2002-04-29,6251.0,6258.0,6172.0,6172.0,11462.0
2002-04-30,6172.0,6196.0,6056.0,6100.0,10990.0
2002-05-02,6117.0,6134.0,5860.0,5883.0,14670.0
2002-05-03,5841.0,5944.0,5775.0,5916.0,15333.0
2002-05-06,5827.0,5827.0,5535.0,5615.0,14821.0
2002-05-07,5541.0,5710.0,5520.0,5662.0,14862.0
2002-05-08,5749.0,5760.0,5650.0,5750.0,14136.0
2002-05-09,5880.0,5889.0,5741.0,5758.0,15933.0
2002-05-10,5740.0,5858.0,5653.0,5855.0,17718.0
2002-05-13,5758.0,5807.0,5738.0,5796.0,9311.0
2002-05-14,5820.0,5842.0,5750.0,5774.0,6048.0
2002-05-15,5820.0,5950.0,5810.0,5891.0,6527.0
2002-05-16,5876.0,5888.0,5742.0,5742.0,14373.0
2002-05-17,5795.0,5847.0,5762.0,5805.0,16087.0
2002-05-20,5751.0,5753.0,5511.0,5518.0,17176.0
2002-05-21,5501.0,5530.0,5382.0,5410.0,16996.0
2002-05-22,5411.0,5524.0,5375.0,5503.0,17880.0
2002-05-23,5525.0,5550.0,5480.0,5504.0,14536.0
2002-05-24,5525.0,5705.0,5525.0,5698.0,16556.0
2002-05-27,5621.0,5719.0,5621.0,5716.0,9903.0
2002-05-28,5750.0,5754.0,5593.0,5650.0,16936.0
2002-05-29,5603.0,5603.0,5508.0,5555.0,13443.0
2002-05-30,5549.0,5730.0,5538.0,5675.0,20349.0
2002-05-31,5684.0,5684.0,5580.0,5632.0,13003.0
2002-06-03,5612.0,5614.0,5470.0,5520.0,13742.0
2002-06-04,5410.0,5539.0,5391.0,5500.0,12014.0
2002-06-05,5533.0,5627.0,5533.0,5615.0,13733.0
2002-06-06,5633.0,5633.0,5543.0,5561.0,13815.0
2002-06-07,5460.0,5478.0,5203.0,5358.0,15341.0
2002-06-10,5471.0,5493.0,5410.0,5470.0,10938.0
2002-06-11,5463.0,5530.0,5351.0,5390.0,16118.0
2002-06-12,5368.0,5434.0,5356.0,5431.0,12031.0
2002-06-13,5475.0,5595.0,5465.0,5580.0,16029.0
2002-06-14,5546.0,5600.0,5532.0,5600.0,9387.0
2002-06-17,5615.0,5632.0,5540.0,5560.0,8093.0
2002-06-18,5650.0,5663.0,5551.0,5600.0,5768.0
2002-06-19,5545.0,5575.0,5360.0,5370.0,5469.0
2002-06-20,5336.0,5440.0,5280.0,5410.0,15062.0
2002-06-21,5341.0,5508.0,5321.0,5440.0,21121.0
2002-06-24,5402.0,5449.0,5330.0,5415.0,17214.0
2002-06-25,5440.0,5465.0,5320.0,5341.0,20902.0
2002-06-26,5256.0,5260.0,5082.0,5083.0,19106.0
2002-06-27,5163.0,5165.0,5060.0,5095.0,18222.0
2002-06-28,5155.0,5187.0,5129.0,5147.0,13262.0
2002-07-01,5120.0,5120.0,4922.0,4926.0,12779.0
2002-07-02,4876.0,4985.0,4860.0,4950.0,14198.0
2002-07-03,4890.0,5059.0,4789.0,5058.0,22802.0
2002-07-04,5038.0,5097.0,5006.0,5080.0,15766.0
2002-07-05,5080.0,5199.0,5064.0,5170.0,18970.0
2002-07-08,5250.0,5336.0,5235.0,5270.0,16577.0
2002-07-09,5271.0,5315.0,5240.0,5307.0,11773.0
2002-07-10,5257.0,5265.0,5183.0,5200.0,13867.0
2002-07-11,5110.0,5210.0,5102.0,5130.0,16549.0
2002-07-12,5220.0,5415.0,5205.0,5415.0,18070.0
2002-07-15,5381.0,5415.0,5353.0,5370.0,9956.0
2002-07-16,5399.0,5459.0,5283.0,5318.0,8263.0
2002-07-17,5261.0,5288.0,5171.0,5240.0,4881.0
2002-07-18,5213.0,5268.0,5148.0,5199.0,19780.0
2002-07-19,5107.0,5136.0,5092.0,5124.0,14418.0
2002-07-22,5050.0,5071.0,5007.0,5025.0,11457.0
2002-07-23,5006.0,5190.0,4970.0,5190.0,20121.0
2002-07-24,5100.0,5100.0,4970.0,5042.0,19132.0
2002-07-25,5196.0,5196.0,5031.0,5057.0,19257.0
2002-07-26,4912.0,4912.0,4732.0,4745.0,18810.0
2002-07-29,4800.0,4930.0,4762.0,4833.0,16069.0
2002-07-30,4965.0,5013.0,4903.0,4946.0,19243.0
2002-07-31,4976.0,4984.0,4884.0,4895.0,14840.0
2002-08-01,4905.0,4947.0,4860.0,4892.0,14453.0
2002-08-02,4798.0,4928.0,4775.0,4920.0,15189.0
2002-08-05,4747.0,4770.0,4576.0,4576.0,17328.0
2002-08-06,4482.0,4625.0,4471.0,4530.0,19542.0
2002-08-07,4650.0,4698.0,4635.0,4669.0,15984.0
2002-08-08,4668.0,4710.0,4596.0,4632.0,20687.0
2002-08-09,4737.0,4795.0,4720.0,4769.0,18914.0
2002-08-12,4775.0,4813.0,4744.0,4773.0,10567.0
2002-08-13,4769.0,4790.0,4741.0,4771.0,7608.0
2002-08-14,4730.0,4858.0,4710.0,4847.0,17841.0
2002-08-15,4934.0,4969.0,4888.0,4907.0,15322.0
2002-08-16,4927.0,4939.0,4865.0,4882.0,11910.0
2002-08-19,4882.0,4920.0,4850.0,4854.0,7634.0
2002-08-20,4925.0,4938.0,4882.0,4900.0,7410.0
2002-08-21,4873.0,4894.0,4842.0,4894.0,5949.0
2002-08-22,4893.0,4975.0,4887.0,4946.0,17868.0
2002-08-23,4980.0,5020.0,4930.0,4935.0,13185.0
2002-08-26,4920.0,4948.0,4877.0,4948.0,11617.0
2002-08-27,4939.0,4946.0,4851.0,4851.0,13651.0
2002-08-28,4801.0,4840.0,4761.0,4785.0,13650.0
2002-08-29,4758.0,4819.0,4732.0,4785.0,14247.0
2002-08-30,4777.0,4798.0,4737.0,4746.0,12073.0
2002-09-02,4730.0,4735.0,4613.0,4617.0,12654.0
2002-09-03,4611.0,4658.0,4541.0,4600.0,16800.0
2002-09-04,4524.0,4604.0,4503.0,4557.0,19471.0
2002-09-05,4588.0,4594.0,4442.0,4442.0,15890.0
2002-09-09,4480.0,4514.0,4415.0,4501.0,15222.0
2002-09-10,4526.0,4651.0,4486.0,4648.0,22962.0
2002-09-11,4660.0,4675.0,4626.0,4660.0,13512.0
2002-09-12,4636.0,4668.0,4575.0,4631.0,16918.0
2002-09-13,4556.0,4576.0,4534.0,4540.0,12761.0
2002-09-16,4550.0,4558.0,4410.0,4422.0,12862.0
2002-09-17,4490.0,4660.0,4432.0,4640.0,11185.0
2002-09-18,4545.0,4550.0,4445.0,4475.0,4821.0
2002-09-19,4460.0,4540.0,4436.0,4441.0,23713.0
2002-09-20,4305.0,4393.0,4300.0,4365.0,17765.0
2002-09-23,4351.0,4386.0,4280.0,4314.0,16838.0
2002-09-24,4300.0,4363.0,4262.0,4291.0,21309.0
2002-09-25,4270.0,4297.0,4100.0,4175.0,20813.0
2002-09-26,4239.0,4274.0,4201.0,4205.0,19621.0
2002-09-27,4219.0,4263.0,4145.0,4190.0,21991.0
2002-09-30,4118.0,4180.0,4045.0,4123.0,17725.0
2002-10-01,4111.0,4200.0,4080.0,4120.0,23445.0
2002-10-02,4225.0,4236.0,4110.0,4113.0,22807.0
2002-10-03,4081.0,4094.0,4024.0,4044.0,16284.0
2002-10-04,4035.0,4099.0,4006.0,4049.0,21704.0
2002-10-07,4000.0,4000.0,3887.0,3896.0,17828.0
2002-10-08,3911.0,3965.0,3872.0,3965.0,20347.0
2002-10-09,3939.0,3994.0,3872.0,3872.0,22206.0
2002-10-11,3927.0,3949.0,3783.0,3818.0,22001.0
2002-10-14,3869.0,3914.0,3850.0,3880.0,18598.0
2002-10-15,3930.0,4151.0,3925.0,4151.0,12044.0
2002-10-16,4244.0,4245.0,4144.0,4198.0,6178.0
2002-10-17,4165.0,4286.0,4144.0,4266.0,28328.0
2002-10-18,4310.0,4436.0,4297.0,4400.0,27901.0
2002-10-21,4350.0,4418.0,4350.0,4360.0,17426.0
2002-10-22,4410.0,4438.0,4287.0,4292.0,26720.0
2002-10-23,4314.0,4592.0,4275.0,4592.0,34992.0
2002-10-24,4563.0,4594.0,4484.0,4543.0,27494.0
2002-10-25,4500.0,4576.0,4461.0,4520.0,25386.0
2002-10-28,4570.0,4631.0,4536.0,4539.0,23648.0
2002-10-29,4510.0,4550.0,4492.0,4521.0,16395.0
2002-10-30,4501.0,4568.0,4405.0,4440.0,26769.0
2002-10-31,4484.0,4580.0,4469.0,4549.0,24793.0
2002-11-01,4558.0,4559.0,4425.0,4466.0,22457.0
2002-11-04,4586.0,4640.0,4516.0,4595.0,22066.0
2002-11-05,4605.0,4608.0,4512.0,4548.0,19679.0
2002-11-06,4568.0,4750.0,4532.0,4720.0,32593.0
2002-11-07,4717.0,4773.0,4693.0,4748.0,21177.0
2002-11-08,4699.0,4794.0,4688.0,4783.0,21916.0
2002-11-11,4735.0,4749.0,4656.0,4680.0,18773.0
2002-11-12,4626.0,4693.0,4608.0,4673.0,18946.0
2002-11-13,4670.0,4691.0,4613.0,4657.0,18427.0
2002-11-14,4668.0,4729.0,4650.0,4662.0,20954.0
2002-11-15,4765.0,4825.0,4742.0,4815.0,19786.0
2002-11-18,4810.0,4828.0,4784.0,4790.0,9950.0
2002-11-19,4788.0,4799.0,4722.0,4740.0,7152.0
2002-11-20,4711.0,4739.0,4640.0,4661.0,5248.0
2002-11-21,4730.0,4743.0,4591.0,4631.0,22223.0
2002-11-22,4725.0,4760.0,4701.0,4710.0,20197.0
2002-11-25,4731.0,4748.0,4651.0,4748.0,16619.0
2002-11-26,4722.0,4745.0,4672.0,4681.0,16031.0
2002-11-27,4640.0,4659.0,4604.0,4655.0,17410.0
2002-11-28,4720.0,4742.0,4621.0,4640.0,21260.0
2002-11-29,4644.0,4685.0,4628.0,4670.0,14076.0
2002-12-02,4660.0,4715.0,4616.0,4713.0,13998.0
2002-12-03,4702.0,4805.0,4680.0,4776.0,22769.0
2002-12-04,4741.0,4769.0,4735.0,4745.0,10322.0
2002-12-05,4751.0,4769.0,4723.0,4763.0,11363.0
2002-12-06,4738.0,4762.0,4731.0,4744.0,7694.0
2002-12-09,4780.0,4848.0,4780.0,4790.0,17733.0
2002-12-10,4750.0,4755.0,4717.0,4755.0,14054.0
2002-12-11,4730.0,4783.0,4681.0,4686.0,18523.0
2002-12-12,4690.0,4710.0,4638.0,4687.0,14773.0
2002-12-13,4669.0,4673.0,4615.0,4623.0,13890.0
2002-12-16,4582.0,4609.0,4566.0,4600.0,10435.0
2002-12-17,4639.0,4644.0,4568.0,4576.0,7423.0
2002-12-18,4551.0,4595.0,4542.0,4550.0,6121.0
2002-12-19,4509.0,4575.0,4491.0,4550.0,16366.0
2002-12-20,4550.0,4593.0,4504.0,4573.0,18771.0
2002-12-23,4569.0,4580.0,4536.0,4536.0,8241.0
2002-12-24,4550.0,4565.0,4521.0,4530.0,9859.0
2002-12-25,4520.0,4528.0,4481.0,4488.0,12247.0
2002-12-26,4488.0,4535.0,4458.0,4531.0,12472.0
2002-12-27,4527.0,4534.0,4495.0,4501.0,9300.0
2002-12-30,4452.0,4469.0,4408.0,4416.0,11333.0
2002-12-31,4416.0,4437.0,4400.0,4405.0,8319.0
2003-01-02,4411.0,4485.0,4381.0,4452.0,15261.0
2003-01-03,4551.0,4594.0,4536.0,4571.0,17261.0
2003-01-06,4573.0,4646.0,4563.0,4635.0,14621.0
2003-01-07,4687.0,4700.0,4639.0,4641.0,14614.0
2003-01-08,4650.0,4822.0,4642.0,4771.0,21966.0
2003-01-09,4765.0,4810.0,4752.0,4785.0,14067.0
2003-01-10,4845.0,4847.0,4792.0,4828.0,14899.0
2003-01-13,4868.0,5025.0,4851.0,5025.0,15346.0
2003-01-14,5025.0,5075.0,4993.0,5009.0,7170.0
2003-01-15,5088.0,5088.0,4960.0,5044.0,5639.0
2003-01-16,4990.0,5027.0,4932.0,4940.0,15161.0
2003-01-17,4930.0,4959.0,4903.0,4925.0,15063.0
2003-01-20,4892.0,4976.0,4882.0,4968.0,11749.0
2003-01-21,4968.0,5035.0,4931.0,4939.0,19910.0
2003-01-22,4910.0,5006.0,4910.0,5002.0,15667.0
2003-01-23,4998.0,5087.0,4996.0,5085.0,19929.0
2003-01-24,5085.0,5110.0,5053.0,5063.0,14151.0
2003-01-27,5014.0,5036.0,4941.0,4956.0,14373.0
2003-01-28,4957.0,5026.0,4941.0,5022.0,11264.0
2003-02-06,5007.0,5007.0,4766.0,4775.0,14078.0
2003-02-07,4781.0,4819.0,4622.0,4699.0,18975.0
2003-02-10,4679.0,4705.0,4620.0,4640.0,12415.0
2003-02-11,4669.0,4690.0,4622.0,4635.0,13808.0
2003-02-12,4619.0,4676.0,4530.0,4637.0,15989.0
2003-02-13,4610.0,4625.0,4485.0,4485.0,17777.0
2003-02-14,4512.0,4560.0,4472.0,4489.0,14580.0
2003-02-17,4580.0,4699.0,4580.0,4690.0,15292.0
2003-02-18,4682.0,4682.0,4610.0,4636.0,6717.0
2003-02-19,4680.0,4683.0,4541.0,4545.0,5247.0
2003-02-20,4536.0,4575.0,4507.0,4560.0,16371.0
2003-02-21,4566.0,4584.0,4512.0,4540.0,11619.0
2003-02-24,4575.0,4625.0,4514.0,4601.0,15680.0
2003-02-25,4540.0,4548.0,4434.0,4450.0,18875.0
2003-02-26,4480.0,4485.0,4442.0,4451.0,14991.0
2003-02-27,4410.0,4470.0,4362.0,4408.0,18702.0
2003-03-03,4453.0,4525.0,4435.0,4515.0,15329.0
2003-03-04,4461.0,4484.0,4430.0,4469.0,12700.0
2003-03-05,4400.0,4438.0,4380.0,4389.0,13660.0
2003-03-06,4410.0,4423.0,4385.0,4397.0,10631.0
2003-03-07,4348.0,4385.0,4321.0,4355.0,16370.0
2003-03-10,4380.0,4390.0,4314.0,4335.0,11452.0
2003-03-11,4275.0,4307.0,4231.0,4250.0,18339.0
2003-03-12,4260.0,4309.0,4251.0,4305.0,14060.0
2003-03-13,4273.0,4380.0,4267.0,4353.0,21864.0
2003-03-14,4520.0,4548.0,4476.0,4479.0,18010.0
2003-03-17,4420.0,4444.0,4316.0,4318.0,11793.0
2003-03-18,4451.0,4613.0,4451.0,4538.0,10169.0
2003-03-19,4531.0,4552.0,4491.0,4520.0,3633.0
2003-03-20,4560.0,4608.0,4483.0,4588.0,29044.0
2003-03-21,4574.0,4583.0,4547.0,4580.0,10606.0
2003-03-24,4630.0,4639.0,4540.0,4541.0,12321.0
2003-03-25,4453.0,4496.0,4453.0,4475.0,14577.0
2003-03-26,4500.0,4514.0,4462.0,4470.0,10055.0
2003-03-27,4456.0,4497.0,4442.0,4496.0,13049.0
2003-03-28,4496.0,4496.0,4441.0,4453.0,13304.0
2003-03-31,4410.0,4413.0,4264.0,4286.0,20548.0
2003-04-01,4261.0,4303.0,4261.0,4301.0,11775.0
2003-04-02,4285.0,4332.0,4250.0,4295.0,19249.0
2003-04-03,4383.0,4388.0,4322.0,4338.0,16437.0
2003-04-04,4308.0,4481.0,4297.0,4469.0,29045.0
2003-04-07,4501.0,4582.0,4465.0,4572.0,24867.0
2003-04-08,4483.0,4605.0,4472.0,4547.0,23023.0
2003-04-09,4515.0,4525.0,4491.0,4505.0,13516.0
2003-04-10,4492.0,4585.0,4481.0,4511.0,23910.0
2003-04-11,4525.0,4555.0,4493.0,4516.0,15063.0
2003-04-14,4521.0,4549.0,4426.0,4449.0,17140.0
2003-04-15,4479.0,4488.0,4445.0,4475.0,6617.0
2003-04-16,4510.0,4628.0,4510.0,4625.0,9014.0
2003-04-17,4553.0,4579.0,4540.0,4557.0,15212.0
2003-04-18,4639.0,4675.0,4620.0,4660.0,19087.0
2003-04-21,4650.0,4657.0,4612.0,4657.0,14028.0
2003-04-22,4620.0,4628.0,4559.0,4571.0,18082.0
2003-04-23,4600.0,4619.0,4552.0,4570.0,18575.0
2003-04-24,4580.0,4580.0,4322.0,4356.0,33455.0
2003-04-25,4300.0,4346.0,4211.0,4211.0,29308.0
2003-04-28,4171.0,4180.0,4060.0,4125.0,29743.0
2003-04-29,4183.0,4208.0,4110.0,4195.0,27083.0
2003-04-30,4235.0,4255.0,4105.0,4135.0,30524.0
2003-05-02,4105.0,4215.0,4103.0,4189.0,23191.0
2003-05-05,4200.0,4207.0,4133.0,4190.0,21100.0
2003-05-06,4205.0,4243.0,4180.0,4185.0,19165.0
2003-05-07,4205.0,4252.0,4193.0,4245.0,21544.0
2003-05-08,4232.0,4234.0,4156.0,4165.0,19440.0
2003-05-09,4157.0,4259.0,4157.0,4224.0,26441.0
2003-05-12,4225.0,4287.0,4206.0,4245.0,20059.0
2003-05-13,4298.0,4342.0,4292.0,4316.0,22869.0
2003-05-14,4317.0,4338.0,4292.0,4338.0,15351.0
2003-05-15,4314.0,4325.0,4270.0,4324.0,22175.0
2003-05-16,4335.0,4366.0,4260.0,4260.0,20307.0
2003-05-19,4235.0,4254.0,4212.0,4239.0,14174.0
2003-05-20,4193.0,4243.0,4169.0,4226.0,8411.0
2003-05-21,4231.0,4247.0,4213.0,4240.0,7374.0
2003-05-22,4195.0,4245.0,4165.0,4241.0,26811.0
2003-05-23,4275.0,4344.0,4261.0,4340.0,28441.0
2003-05-26,4358.0,4447.0,4342.0,4444.0,24793.0
2003-05-27,4452.0,4460.0,4415.0,4434.0,16470.0
2003-05-28,4590.0,4591.0,4465.0,4485.0,29381.0
2003-05-29,4470.0,4498.0,4445.0,4453.0,19267.0
2003-05-30,4469.0,4602.0,4456.0,4510.0,46576.0
2003-06-02,4559.0,4670.0,4557.0,4665.0,35509.0
2003-06-03,4650.0,4664.0,4616.0,4658.0,19168.0
2003-06-05,4706.0,4748.0,4691.0,4725.0,25384.0
2003-06-06,4735.0,4736.0,4677.0,4732.0,23064.0
2003-06-09,4683.0,4810.0,4675.0,4800.0,34328.0
2003-06-10,4766.0,4832.0,4765.0,4821.0,21787.0
2003-06-11,4821.0,4845.0,4781.0,4795.0,25452.0
2003-06-12,4820.0,4905.0,4811.0,4881.0,28640.0
2003-06-13,4870.0,4900.0,4853.0,4890.0,18023.0
2003-06-16,4869.0,4938.0,4866.0,4903.0,17057.0
2003-06-17,4989.0,5037.0,4961.0,5037.0,14696.0
2003-06-18,5020.0,5123.0,5001.0,5015.0,11388.0
2003-06-19,5030.0,5069.0,4965.0,5069.0,30375.0
2003-06-20,5025.0,5055.0,4993.0,5019.0,26260.0
2003-06-23,4995.0,5025.0,4925.0,4925.0,23320.0
2003-06-24,4885.0,4908.0,4855.0,4906.0,25968.0
2003-06-25,4886.0,4949.0,4875.0,4940.0,22986.0
2003-06-26,4911.0,4925.0,4876.0,4885.0,20537.0
2003-06-27,4925.0,4942.0,4825.0,4861.0,28394.0
2003-06-30,4840.0,4890.0,4833.0,4885.0,21109.0
2003-07-01,4875.0,5044.0,4872.0,5038.0,36268.0
2003-07-02,5072.0,5156.0,5060.0,5140.0,33444.0
2003-07-03,5194.0,5210.0,5111.0,5122.0,38945.0
2003-07-04,5139.0,5196.0,5100.0,5191.0,30814.0
2003-07-07,5218.0,5370.0,5211.0,5370.0,37537.0
2003-07-08,5410.0,5432.0,5344.0,5382.0,39375.0
2003-07-09,5359.0,5403.0,5352.0,5375.0,29772.0
2003-07-10,5365.0,5393.0,5250.0,5250.0,39431.0
2003-07-11,5206.0,5267.0,5174.0,5265.0,30216.0
2003-07-14,5265.0,5433.0,5265.0,5412.0,34274.0
2003-07-15,5422.0,5435.0,5320.0,5328.0,18194.0
2003-07-16,5356.0,5443.0,5333.0,5429.0,12426.0
2003-07-17,5360.0,5388.0,5245.0,5251.0,46382.0
2003-07-18,5251.0,5298.0,5221.0,5255.0,35944.0
2003-07-21,5282.0,5315.0,5196.0,5239.0,33340.0
2003-07-22,5239.0,5297.0,5215.0,5293.0,38330.0
2003-07-23,5310.0,5344.0,5283.0,5307.0,37156.0
2003-07-24,5325.0,5415.0,5315.0,5415.0,40588.0
2003-07-25,5380.0,5415.0,5365.0,5384.0,24846.0
2003-07-28,5454.0,5497.0,5451.0,5475.0,26930.0
2003-07-29,5467.0,5469.0,5333.0,5355.0,39263.0
2003-07-30,5345.0,5374.0,5280.0,5308.0,30831.0
2003-07-31,5312.0,5339.0,5265.0,5330.0,32566.0
2003-08-01,5359.0,5410.0,5352.0,5390.0,32894.0
2003-08-04,5360.0,5378.0,5337.0,5370.0,21245.0
2003-08-05,5389.0,5410.0,5258.0,5269.0,37518.0
2003-08-06,5210.0,5242.0,5205.0,5242.0,20192.0
2003-08-07,5235.0,5298.0,5186.0,5281.0,40112.0
2003-08-08,5281.0,5294.0,5206.0,5206.0,28657.0
2003-08-11,5200.0,5251.0,5164.0,5251.0,23654.0
2003-08-12,5260.0,5275.0,5240.0,5265.0,25446.0
2003-08-13,5315.0,5480.0,5301.0,5471.0,45988.0
2003-08-14,5464.0,5493.0,5420.0,5466.0,33203.0
2003-08-15,5490.0,5560.0,5475.0,5490.0,35813.0
2003-08-18,5531.0,5543.0,5470.0,5539.0,22042.0
2003-08-19,5640.0,5648.0,5521.0,5555.0,17228.0
2003-08-20,5543.0,5567.0,5520.0,5520.0,8073.0
2003-08-21,5545.0,5636.0,5503.0,5611.0,45103.0
2003-08-22,5624.0,5688.0,5612.0,5613.0,35146.0
2003-08-25,5609.0,5674.0,5593.0,5665.0,34143.0
2003-08-26,5630.0,5638.0,5542.0,5580.0,38891.0
2003-08-27,5580.0,5606.0,5547.0,5548.0,28153.0
2003-08-28,5559.0,5595.0,5520.0,5548.0,30378.0
2003-08-29,5590.0,5678.0,5573.0,5668.0,45483.0
2003-09-01,5690.0,5732.0,5668.0,5717.0,29607.0
2003-09-02,5735.0,5755.0,5681.0,5755.0,29132.0
2003-09-03,5780.0,5785.0,5670.0,5675.0,34696.0
2003-09-04,5675.0,5699.0,5633.0,5654.0,33084.0
2003-09-05,5680.0,5718.0,5635.0,5683.0,41855.0
2003-09-08,5669.0,5775.0,5636.0,5753.0,46555.0
2003-09-09,5788.0,5808.0,5680.0,5709.0,39280.0
2003-09-10,5678.0,5685.0,5617.0,5652.0,36115.0
2003-09-12,5644.0,5686.0,5622.0,5666.0,27882.0
2003-09-15,5670.0,5684.0,5635.0,5652.0,20867.0
2003-09-16,5635.0,5723.0,5633.0,5716.0,26867.0
2003-09-17,5758.0,5769.0,5737.0,5761.0,12218.0
2003-09-18,5750.0,5765.0,5691.0,5759.0,38489.0
2003-09-19,5782.0,5797.0,5723.0,5749.0,36541.0
2003-09-22,5717.0,5729.0,5688.0,5695.0,31598.0
2003-09-23,5681.0,5720.0,5675.0,5714.0,24963.0
2003-09-24,5723.0,5745.0,5682.0,5745.0,33699.0
2003-09-25,5660.0,5703.0,5644.0,5688.0,29744.0
2003-09-26,5668.0,5715.0,5665.0,5687.0,29079.0
2003-09-29,5670.0,5689.0,5660.0,5665.0,18730.0
2003-09-30,5681.0,5689.0,5641.0,5641.0,21027.0
2003-10-01,5625.0,5643.0,5596.0,5630.0,25554.0
2003-10-02,5663.0,5730.0,5656.0,5720.0,37651.0
2003-10-03,5710.0,5747.0,5708.0,5742.0,26731.0
2003-10-06,5775.0,5850.0,5772.0,5829.0,36776.0
2003-10-07,5843.0,5855.0,5826.0,5855.0,20644.0
2003-10-08,5850.0,5859.0,5815.0,5834.0,23988.0
2003-10-09,5830.0,5894.0,5826.0,5894.0,25171.0
2003-10-13,5940.0,6028.0,5901.0,6028.0,25046.0
2003-10-14,6032.0,6040.0,5955.0,5979.0,18614.0
2003-10-15,6000.0,6000.0,5944.0,5950.0,11557.0
2003-10-16,5965.0,6084.0,5952.0,6060.0,34726.0
2003-10-17,6074.0,6088.0,6051.0,6080.0,16856.0
2003-10-20,6060.0,6115.0,6042.0,6072.0,23732.0
2003-10-21,6098.0,6109.0,6001.0,6074.0,33613.0
2003-10-22,6055.0,6080.0,6021.0,6051.0,23581.0
2003-10-23,5980.0,5998.0,5945.0,5945.0,31507.0
2003-10-24,5965.0,5975.0,5936.0,5958.0,17701.0
2003-10-27,5975.0,6004.0,5963.0,6000.0,16969.0
2003-10-28,6004.0,6137.0,5991.0,6130.0,40875.0
2003-10-29,6168.0,6194.0,6134.0,6160.0,27984.0
2003-10-30,6150.0,6165.0,6105.0,6134.0,26265.0
2003-10-31,6125.0,6139.0,6052.0,6068.0,32532.0
2003-11-03,6068.0,6150.0,6054.0,6150.0,31714.0
2003-11-04,6170.0,6188.0,6124.0,6144.0,26749.0
2003-11-05,6129.0,6190.0,6112.0,6165.0,29556.0
2003-11-06,6181.0,6185.0,5734.0,5975.0,45340.0
2003-11-07,6035.0,6064.0,5992.0,6059.0,30177.0
2003-11-10,6032.0,6087.0,6010.0,6049.0,28387.0
2003-11-11,6021.0,6046.0,5993.0,6040.0,30237.0
2003-11-12,6030.0,6060.0,6005.0,6009.0,23476.0
2003-11-13,6070.0,6088.0,6047.0,6072.0,25553.0
2003-11-14,6068.0,6078.0,6033.0,6058.0,22455.0
2003-11-17,6018.0,6018.0,5960.0,5978.0,24092.0
2003-11-18,5978.0,5994.0,5944.0,5985.0,19621.0
2003-11-19,5900.0,5929.0,5841.0,5865.0,19592.0
2003-11-20,5915.0,5932.0,5883.0,5898.0,28598.0
2003-11-21,5852.0,5875.0,5811.0,5862.0,28997.0
2003-11-24,5845.0,5869.0,5835.0,5850.0,15635.0
2003-11-25,5924.0,5934.0,5882.0,5888.0,26658.0
2003-11-26,5897.0,5915.0,5885.0,5904.0,14552.0
2003-11-27,5895.0,5896.0,5800.0,5818.0,31806.0
2003-11-28,5828.0,5858.0,5793.0,5808.0,23855.0
2003-12-01,5781.0,5916.0,5775.0,5914.0,35120.0
2003-12-02,5938.0,5948.0,5904.0,5930.0,22367.0
2003-12-03,5922.0,5940.0,5890.0,5908.0,19160.0
2003-12-04,5900.0,5935.0,5887.0,5934.0,24327.0
2003-12-05,5928.0,5932.0,5892.0,5904.0,20587.0
2003-12-08,5864.0,5870.0,5836.0,5847.0,17369.0
2003-12-09,5867.0,5884.0,5840.0,5873.0,18817.0
2003-12-10,5820.0,5835.0,5800.0,5830.0,19837.0
2003-12-11,5840.0,5890.0,5833.0,5890.0,19516.0
2003-12-12,5938.0,5938.0,5881.0,5885.0,23749.0
2003-12-15,5930.0,5968.0,5902.0,5968.0,22083.0
2003-12-16,5892.0,5920.0,5884.0,5901.0,15626.0
2003-12-17,5905.0,5920.0,5735.0,5750.0,18191.0
2003-12-18,5785.0,5810.0,5761.0,5780.0,19273.0
2003-12-19,5811.0,5827.0,5752.0,5800.0,24275.0
2003-12-22,5810.0,5864.0,5796.0,5838.0,28628.0
2003-12-23,5850.0,5854.0,5825.0,5838.0,14754.0
2003-12-24,5845.0,5900.0,5841.0,5864.0,28125.0
2003-12-25,5860.0,5891.0,5845.0,5860.0,17483.0
2003-12-26,5870.0,5882.0,5836.0,5867.0,17939.0
2003-12-29,5870.0,5888.0,5827.0,5836.0,19041.0
2003-12-30,5870.0,5909.0,5847.0,5890.0,31899.0
2003-12-31,5899.0,5917.0,5883.0,5903.0,16173.0
2004-01-02,5900.0,6072.0,5897.0,6056.0,40341.0
2004-01-05,6074.0,6154.0,6060.0,6144.0,32441.0
2004-01-06,6172.0,6178.0,6128.0,6160.0,27231.0
2004-01-07,6163.0,6252.0,6160.0,6174.0,44226.0
2004-01-08,6188.0,6225.0,6175.0,6211.0,26881.0
2004-01-09,6278.0,6299.0,6242.0,6270.0,32733.0
2004-01-12,6258.0,6280.0,6241.0,6275.0,16269.0
2004-01-13,6288.0,6289.0,6221.0,6254.0,24588.0
2004-01-14,6240.0,6345.0,6225.0,6325.0,33201.0
2004-01-15,6312.0,6334.0,6288.0,6300.0,18597.0
2004-01-16,6329.0,6344.0,6285.0,6285.0,17175.0
2004-01-27,6325.0,6387.0,6325.0,6370.0,15780.0
2004-01-28,6370.0,6398.0,6351.0,6367.0,24206.0
2004-01-29,6332.0,6344.0,6302.0,6331.0,29565.0
2004-01-30,6330.0,6387.0,6325.0,6381.0,24340.0
2004-02-02,6375.0,6381.0,6323.0,6330.0,24702.0
2004-02-03,6300.0,6300.0,6230.0,6259.0,28982.0
2004-02-04,6245.0,6280.0,6235.0,6235.0,20372.0
2004-02-05,6212.0,6313.0,6212.0,6285.0,33174.0
2004-02-06,6280.0,6384.0,6273.0,6365.0,38274.0
2004-02-09,6408.0,6472.0,6402.0,6470.0,28973.0
2004-02-10,6466.0,6488.0,6435.0,6475.0,27112.0
2004-02-11,6487.0,6488.0,6437.0,6458.0,29140.0
2004-02-12,6488.0,6596.0,6372.0,6440.0,70687.0
2004-02-13,6435.0,6569.0,6420.0,6565.0,41895.0
2004-02-16,6550.0,6590.0,6510.0,6571.0,22088.0
2004-02-17,6580.0,6620.0,6551.0,6615.0,18516.0
2004-02-18,6618.0,6654.0,6590.0,6615.0,12416.0
2004-02-19,6650.0,6719.0,6636.0,6716.0,33803.0
2004-02-20,6685.0,6713.0,6672.0,6696.0,20909.0
2004-02-23,6698.0,6708.0,6631.0,6703.0,28061.0
2004-02-24,6675.0,6693.0,6635.0,6643.0,30466.0
2004-02-25,6645.0,6708.0,6645.0,6685.0,25952.0
2004-02-26,6707.0,6746.0,6701.0,6735.0,29217.0
2004-02-27,6749.0,6805.0,6727.0,6802.0,27525.0
2004-03-01,6830.0,6978.0,6822.0,6968.0,38023.0
2004-03-02,6999.0,7073.0,6973.0,7055.0,40357.0
2004-03-03,7043.0,7060.0,7011.0,7012.0,31199.0
2004-03-04,7020.0,7312.0,7020.0,7150.0,43307.0
2004-03-05,7185.0,7245.0,7051.0,7075.0,61841.0
2004-03-08,7110.0,7135.0,6956.0,6979.0,42972.0
2004-03-09,6940.0,7056.0,6915.0,7051.0,35888.0
2004-03-10,7020.0,7049.0,6904.0,6930.0,45940.0
2004-03-11,6883.0,6967.0,6835.0,6922.0,37322.0
2004-03-12,6800.0,6862.0,6768.0,6807.0,32126.0
2004-03-15,6865.0,6917.0,6560.0,6563.0,43871.0
2004-03-16,6506.0,6637.0,6506.0,6555.0,39641.0
2004-03-17,6565.0,6640.0,6562.0,6565.0,17802.0
2004-03-18,6676.0,6845.0,6652.0,6845.0,55474.0
2004-03-19,6828.0,6865.0,6786.0,6830.0,39241.0
2004-03-22,6352.0,6352.0,6352.0,6352.0,4625.0
2004-03-23,5908.0,6220.0,5908.0,6055.0,87984.0
2004-03-24,6127.0,6215.0,6067.0,6180.0,52641.0
2004-03-25,6180.0,6202.0,6110.0,6135.0,36784.0
2004-03-26,6200.0,6214.0,6071.0,6125.0,43009.0
2004-03-29,6399.0,6488.0,6275.0,6471.0,42481.0
2004-03-30,6435.0,6498.0,6435.0,6487.0,33745.0
2004-03-31,6507.0,6539.0,6422.0,6480.0,42089.0
2004-04-01,6473.0,6485.0,6410.0,6471.0,30174.0
2004-04-02,6481.0,6525.0,6472.0,6493.0,28722.0
2004-04-05,6560.0,6703.0,6533.0,6692.0,49188.0
2004-04-06,6728.0,6730.0,6651.0,6660.0,35139.0
2004-04-07,6651.0,6674.0,6632.0,6665.0,21235.0
2004-04-08,6669.0,6690.0,6653.0,6681.0,19851.0
2004-04-09,6661.0,6662.0,6582.0,6625.0,27819.0
2004-04-12,6648.0,6817.0,6641.0,6800.0,39532.0
2004-04-13,6810.0,6833.0,6772.0,6823.0,27464.0
2004-04-14,6771.0,6925.0,6771.0,6920.0,41317.0
2004-04-15,6897.0,6924.0,6723.0,6749.0,50877.0
2004-04-16,6736.0,6865.0,6736.0,6828.0,38826.0
2004-04-19,6828.0,6854.0,6750.0,6809.0,27262.0
2004-04-20,6824.0,6899.0,6806.0,6839.0,21650.0
2004-04-21,6815.0,6848.0,6806.0,6824.0,10577.0
2004-04-22,6860.0,6920.0,6661.0,6718.0,65604.0
2004-04-23,6775.0,6784.0,6706.0,6750.0,30451.0
2004-04-26,6751.0,6768.0,6712.0,6720.0,21922.0
2004-04-27,6712.0,6730.0,6608.0,6680.0,40628.0
2004-04-28,6659.0,6684.0,6594.0,6605.0,33440.0
2004-04-29,6555.0,6560.0,6327.0,6399.0,55098.0
2004-04-30,6361.0,6362.0,5961.0,6020.0,73743.0
2004-05-03,6050.0,6120.0,5970.0,6017.0,40742.0
2004-05-04,6081.0,6168.0,6053.0,6133.0,39031.0
2004-05-05,6135.0,6149.0,5725.0,5725.0,64666.0
2004-05-06,5797.0,5965.0,5750.0,5849.0,61689.0
2004-05-07,5800.0,5995.0,5791.0,5979.0,43348.0
2004-05-10,5927.0,5927.0,5701.0,5751.0,40211.0
2004-05-11,5816.0,5878.0,5656.0,5858.0,55208.0
2004-05-12,5928.0,6004.0,5910.0,5942.0,38234.0
2004-05-13,5920.0,5950.0,5850.0,5890.0,38907.0
2004-05-14,5908.0,5945.0,5720.0,5745.0,45489.0
2004-05-17,5695.0,5698.0,5343.0,5358.0,45298.0
2004-05-18,5429.0,5560.0,5386.0,5523.0,31290.0
2004-05-19,5592.0,5909.0,5560.0,5891.0,17440.0
2004-05-20,5775.0,5875.0,5588.0,5685.0,64609.0
2004-05-21,5734.0,5915.0,5670.0,5840.0,53127.0
2004-05-24,5878.0,5965.0,5756.0,5871.0,46743.0
2004-05-25,5790.0,5925.0,5771.0,5841.0,38556.0
2004-05-26,6000.0,6070.0,5971.0,5990.0,39341.0
2004-05-27,6010.0,6025.0,5945.0,6001.0,26676.0
2004-05-28,6053.0,6066.0,5990.0,6043.0,29754.0
2004-05-31,6037.0,6038.0,5885.0,5928.0,35231.0
2004-06-01,5930.0,5952.0,5810.0,5906.0,41623.0
2004-06-02,5851.0,5855.0,5750.0,5790.0,32455.0
2004-06-03,5814.0,5845.0,5554.0,5580.0,47982.0
2004-06-04,5615.0,5640.0,5530.0,5607.0,39913.0
2004-06-07,5687.0,5909.0,5682.0,5890.0,45734.0
2004-06-08,5950.0,5989.0,5864.0,5981.0,39146.0
2004-06-09,5959.0,5995.0,5922.0,5960.0,25188.0
2004-06-10,5906.0,5919.0,5763.0,5840.0,43557.0
2004-06-11,5780.0,5780.0,5668.0,5715.0,33329.0
2004-06-14,5692.0,5795.0,5515.0,5540.0,38014.0
2004-06-15,5540.0,5646.0,5454.0,5604.0,30121.0
2004-06-16,5660.0,5740.0,5500.0,5560.0,17950.0
2004-06-17,5450.0,5668.0,5422.0,5607.0,62878.0
2004-06-18,5572.0,5575.0,5430.0,5463.0,45800.0
2004-06-21,5600.0,5639.0,5452.0,5538.0,43530.0
2004-06-23,5575.0,5714.0,5552.0,5660.0,46538.0
2004-06-24,5720.0,5735.0,5660.0,5712.0,33947.0
2004-06-25,5688.0,5773.0,5672.0,5735.0,35556.0
2004-06-28,5734.0,5746.0,5589.0,5615.0,35960.0
2004-06-29,5592.0,5654.0,5555.0,5644.0,29181.0
2004-06-30,5667.0,5796.0,5667.0,5750.0,40247.0
2004-07-01,5794.0,5795.0,5720.0,5765.0,26725.0
2004-07-02,5620.0,5658.0,5561.0,5655.0,25931.0
2004-07-05,5582.0,5610.0,5542.0,5597.0,24339.0
2004-07-06,5622.0,5676.0,5568.0,5667.0,27542.0
2004-07-07,5550.0,5688.0,5520.0,5650.0,37028.0
2004-07-08,5639.0,5804.0,5596.0,5634.0,26283.0
2004-07-09,5641.0,5724.0,5586.0,5707.0,38772.0
2004-07-12,5733.0,5761.0,5693.0,5707.0,22358.0
2004-07-13,5686.0,5698.0,5654.0,5661.0,19661.0
2004-07-14,5643.0,5682.0,5597.0,5608.0,32520.0
2004-07-15,5602.0,5620.0,5482.0,5550.0,33895.0
2004-07-16,5501.0,5582.0,5496.0,5505.0,28871.0
2004-07-19,5491.0,5545.0,5422.0,5511.0,27613.0
2004-07-20,5460.0,5488.0,5281.0,5300.0,25758.0
2004-07-21,5357.0,5430.0,5353.0,5418.0,13849.0
2004-07-22,5249.0,5308.0,5207.0,5291.0,34720.0
2004-07-23,5291.0,5339.0,5273.0,5285.0,29972.0
2004-07-26,5230.0,5279.0,5225.0,5275.0,19390.0
2004-07-27,5270.0,5394.0,5219.0,5353.0,44806.0
2004-07-28,5398.0,5400.0,5340.0,5360.0,27778.0
2004-07-29,5355.0,5355.0,5281.0,5297.0,29294.0
2004-07-30,5337.0,5407.0,5336.0,5356.0,33673.0
2004-08-02,5323.0,5323.0,5255.0,5280.0,25760.0
2004-08-03,5305.0,5319.0,5265.0,5282.0,23697.0
2004-08-04,5250.0,5266.0,5212.0,5254.0,25644.0
2004-08-05,5259.0,5410.0,5214.0,5399.0,51427.0
2004-08-06,5335.0,5408.0,5332.0,5369.0,30009.0
2004-08-09,5300.0,5390.0,5271.0,5380.0,27565.0
2004-08-10,5385.0,5390.0,5342.0,5364.0,23213.0
2004-08-11,5400.0,5409.0,5292.0,5325.0,33885.0
2004-08-12,5310.0,5348.0,5303.0,5348.0,19967.0
2004-08-13,5300.0,5396.0,5293.0,5356.0,34742.0
2004-08-16,5339.0,5350.0,5314.0,5331.0,14680.0
2004-08-17,5362.0,5375.0,5316.0,5339.0,18196.0
2004-08-18,5328.0,5423.0,5295.0,5423.0,18011.0
2004-08-19,5427.0,5548.0,5421.0,5528.0,40525.0
2004-08-20,5542.0,5625.0,5526.0,5583.0,36137.0
2004-08-23,5613.0,5628.0,5576.0,5606.0,23079.0
2004-08-26,5722.0,5813.0,5700.0,5783.0,35392.0
2004-08-27,5800.0,5818.0,5758.0,5810.0,23284.0
2004-08-30,5810.0,5819.0,5777.0,5785.0,18023.0
2004-08-31,5766.0,5875.0,5734.0,5763.0,52609.0
2004-09-01,5800.0,5867.0,5785.0,5856.0,34567.0
2004-09-02,5850.0,5860.0,5794.0,5840.0,26755.0
2004-09-03,5850.0,5870.0,5746.0,5762.0,45361.0
2004-09-06,5753.0,5788.0,5715.0,5780.0,28759.0
2004-09-07,5771.0,5842.0,5763.0,5840.0,33963.0
2004-09-08,5850.0,5879.0,5810.0,5828.0,31458.0
2004-09-09,5812.0,5854.0,5785.0,5843.0,23185.0
2004-09-10,5845.0,5875.0,5815.0,5841.0,28530.0
2004-09-13,5900.0,5939.0,5892.0,5930.0,24950.0
2004-09-14,5949.0,5956.0,5921.0,5935.0,19073.0
2004-09-15,5923.0,5933.0,5870.0,5879.0,13081.0
2004-09-16,5850.0,5888.0,5814.0,5868.0,27198.0
2004-09-17,5860.0,5871.0,5797.0,5797.0,26662.0
2004-09-20,5813.0,5875.0,5812.0,5840.0,27601.0
2004-09-21,5866.0,5945.0,5856.0,5945.0,37292.0
2004-09-22,5955.0,5959.0,5918.0,5936.0,19250.0
2004-09-23,5890.0,5933.0,5886.0,5917.0,19885.0
2004-09-24,5915.0,5930.0,5862.0,5888.0,27518.0
2004-09-27,5879.0,5884.0,5843.0,5870.0,16317.0
2004-09-29,5875.0,5900.0,5845.0,5857.0,21886.0
2004-09-30,5888.0,5918.0,5861.0,5889.0,27124.0
2004-10-01,5901.0,5957.0,5871.0,5947.0,33218.0
2004-10-04,6040.0,6115.0,6030.0,6105.0,31836.0
2004-10-05,6103.0,6124.0,6088.0,6123.0,15690.0
2004-10-06,6110.0,6180.0,6072.0,6088.0,39947.0
2004-10-07,6123.0,6144.0,6093.0,6134.0,25574.0
2004-10-08,6110.0,6139.0,6101.0,6135.0,18294.0
2004-10-11,6108.0,6135.0,6062.0,6118.0,25498.0
2004-10-12,6080.0,6094.0,5982.0,5991.0,32982.0
2004-10-13,6020.0,6036.0,5985.0,5994.0,23959.0
2004-10-14,5950.0,5950.0,5832.0,5850.0,40855.0
2004-10-15,5806.0,5868.0,5789.0,5816.0,29951.0
2004-10-18,5810.0,5855.0,5779.0,5779.0,18174.0
2004-10-19,5855.0,5862.0,5791.0,5837.0,23608.0
2004-10-20,5792.0,5810.0,5756.0,5775.0,15247.0
2004-10-21,5810.0,5843.0,5774.0,5779.0,34435.0
2004-10-22,5820.0,5831.0,5776.0,5796.0,25199.0
2004-10-26,5708.0,5719.0,5635.0,5660.0,26563.0
2004-10-27,5682.0,5692.0,5598.0,5616.0,30301.0
2004-10-28,5700.0,5734.0,5677.0,5729.0,31206.0
2004-10-29,5689.0,5727.0,5683.0,5691.0,21774.0
2004-11-01,5701.0,5726.0,5610.0,5617.0,24525.0
2004-11-02,5657.0,5764.0,5633.0,5751.0,31618.0
2004-11-03,5736.0,5855.0,5732.0,5830.0,43060.0
2004-11-04,5828.0,5865.0,5815.0,5836.0,26726.0
2004-11-05,5901.0,5967.0,5901.0,5920.0,30446.0
2004-11-08,5925.0,5934.0,5902.0,5909.0,17358.0
2004-11-09,5921.0,5960.0,5886.0,5943.0,27268.0
2004-11-10,5970.0,5991.0,5903.0,5960.0,31408.0
2004-11-11,5948.0,5955.0,5868.0,5868.0,29323.0
2004-11-12,5920.0,5968.0,5902.0,5935.0,29339.0
2004-11-15,5978.0,6006.0,5927.0,5941.0,24579.0
2004-11-16,5945.0,5960.0,5911.0,5929.0,19583.0
2004-11-17,5900.0,6043.0,5898.0,6040.0,18339.0
2004-11-18,6080.0,6107.0,6060.0,6072.0,29707.0
2004-11-19,6086.0,6093.0,6044.0,6056.0,22611.0
2004-11-22,5986.0,5990.0,5833.0,5835.0,44598.0
2004-11-23,5849.0,5872.0,5790.0,5842.0,33263.0
2004-11-24,5836.0,5919.0,5836.0,5905.0,31576.0
2004-11-25,5914.0,5923.0,5847.0,5870.0,28150.0
2004-11-26,5895.0,5964.0,5740.0,5740.0,53585.0
2004-11-29,5784.0,5813.0,5760.0,5810.0,25406.0
2004-11-30,5773.0,5825.0,5702.0,5809.0,44352.0
2004-12-01,5723.0,5802.0,5659.0,5770.0,32051.0
2004-12-02,5858.0,5878.0,5822.0,5855.0,28912.0
2004-12-03,5885.0,5905.0,5841.0,5880.0,26316.0
2004-12-06,5835.0,5909.0,5830.0,5883.0,25694.0
2004-12-07,5880.0,5908.0,5866.0,5890.0,15602.0
2004-12-08,5865.0,5902.0,5861.0,5880.0,17107.0
2004-12-09,5884.0,5907.0,5870.0,5880.0,17047.0
2004-12-10,5900.0,5900.0,5833.0,5850.0,16740.0
2004-12-13,5890.0,6019.0,5787.0,5871.0,51128.0
2004-12-14,5898.0,5916.0,5868.0,5901.0,14177.0
2004-12-15,5951.0,6030.0,5921.0,6017.0,14600.0
2004-12-16,6005.0,6030.0,5996.0,6020.0,21458.0
2004-12-17,6011.0,6029.0,6001.0,6019.0,13086.0
2004-12-20,5921.0,5992.0,5911.0,5962.0,25321.0
2004-12-21,5976.0,5989.0,5961.0,5978.0,13598.0
2004-12-22,6015.0,6069.0,6006.0,6025.0,30431.0
2004-12-23,6034.0,6036.0,5968.0,6002.0,23284.0
2004-12-24,6008.0,6058.0,5987.0,6032.0,23814.0
2004-12-27,6035.0,6042.0,5992.0,6016.0,16581.0
2004-12-28,6008.0,6045.0,6008.0,6020.0,13824.0
2004-12-29,6055.0,6120.0,6050.0,6118.0,29184.0
2004-12-30,6126.0,6130.0,6108.0,6115.0,12968.0
2004-12-31,6120.0,6188.0,6105.0,6188.0,29454.0
2005-01-03,6185.0,6193.0,6154.0,6174.0,20319.0
2005-01-04,6145.0,6152.0,6062.0,6080.0,38182.0
2005-01-05,6011.0,6027.0,5996.0,6013.0,25857.0
2005-01-06,6008.0,6023.0,5995.0,6017.0,14673.0
2005-01-07,6018.0,6035.0,5951.0,5965.0,37209.0
2005-01-10,5970.0,5992.0,5961.0,5987.0,14801.0
2005-01-11,5986.0,6026.0,5965.0,6003.0,22853.0
2005-01-12,5980.0,5995.0,5875.0,5901.0,38093.0
2005-01-13,5920.0,5930.0,5830.0,5880.0,33987.0
2005-01-14,5846.0,5920.0,5821.0,5893.0,31644.0
2005-01-17,5933.0,5985.0,5933.0,5954.0,25354.0
2005-01-18,5955.0,5967.0,5935.0,5945.0,16502.0
2005-01-19,5965.0,5977.0,5885.0,5885.0,19517.0
2005-01-20,5869.0,5925.0,5853.0,5879.0,39970.0
2005-01-21,5871.0,5897.0,5833.0,5869.0,28331.0
2005-01-24,5869.0,5874.0,5769.0,5805.0,31954.0
2005-01-25,5783.0,5815.0,5746.0,5810.0,33540.0
2005-01-26,5838.0,5857.0,5813.0,5840.0,25518.0
2005-01-27,5850.0,5850.0,5818.0,5834.0,18149.0
2005-01-28,5822.0,5893.0,5816.0,5874.0,32141.0
2005-01-31,5893.0,6004.0,5884.0,5982.0,41876.0
2005-02-01,5981.0,6006.0,5975.0,5980.0,18624.0
2005-02-02,6000.0,6070.0,5995.0,6023.0,35326.0
2005-02-03,6048.0,6050.0,6017.0,6045.0,14887.0
2005-02-14,6210.0,6220.0,6115.0,6129.0,22508.0
2005-02-15,6111.0,6149.0,6111.0,6123.0,11655.0
2005-02-16,6140.0,6150.0,6042.0,6128.0,14578.0
2005-02-17,6115.0,6135.0,6062.0,6078.0,31930.0
2005-02-18,6072.0,6127.0,6058.0,6120.0,24824.0
2005-02-21,6127.0,6170.0,6127.0,6144.0,21839.0
2005-02-22,6139.0,6149.0,6090.0,6097.0,23003.0
2005-02-23,6054.0,6128.0,6039.0,6114.0,30573.0
2005-02-24,6114.0,6164.0,6093.0,6120.0,31205.0
2005-02-25,6162.0,6227.0,6162.0,6219.0,34658.0
2005-03-01,6233.0,6250.0,6209.0,6250.0,21190.0
2005-03-02,6259.0,6259.0,6191.0,6200.0,27486.0
2005-03-03,6200.0,6223.0,6156.0,6204.0,32997.0
2005-03-04,6191.0,6219.0,6175.0,6198.0,21080.0
2005-03-07,6245.0,6257.0,6220.0,6231.0,22438.0
2005-03-08,6240.0,6253.0,6138.0,6155.0,37801.0
2005-03-09,6149.0,6203.0,6145.0,6198.0,21598.0
2005-03-10,6180.0,6188.0,6141.0,6167.0,26861.0
2005-03-11,6195.0,6235.0,6173.0,6207.0,26378.0
2005-03-14,6176.0,6203.0,6150.0,6160.0,21332.0
2005-03-15,6159.0,6168.0,6036.0,6076.0,30887.0
2005-03-16,6059.0,6088.0,6044.0,6068.0,8474.0
2005-03-17,6008.0,6035.0,5995.0,6015.0,27887.0
2005-03-18,6030.0,6043.0,6004.0,6027.0,23502.0
2005-03-21,6018.0,6053.0,6015.0,6040.0,20102.0
2005-03-22,6032.0,6034.0,5976.0,6008.0,32667.0
2005-03-23,5981.0,6010.0,5967.0,6010.0,30170.0
2005-03-24,6010.0,6037.0,5997.0,6012.0,23312.0
2005-03-25,6012.0,6052.0,6008.0,6050.0,18475.0
2005-03-28,6069.0,6077.0,6033.0,6054.0,17906.0
2005-03-29,6031.0,6040.0,5967.0,5973.0,34733.0
2005-03-30,5957.0,5982.0,5950.0,5975.0,19723.0
2005-03-31,6009.0,6019.0,5998.0,6010.0,17500.0
2005-04-01,6008.0,6045.0,5972.0,6045.0,31130.0
2005-04-04,6021.0,6045.0,6016.0,6025.0,14928.0
2005-04-06,6031.0,6040.0,5997.0,6011.0,19640.0
2005-04-07,6013.0,6030.0,5975.0,5985.0,25693.0
2005-04-08,6008.0,6017.0,5997.0,6010.0,13226.0
2005-04-11,5985.0,6003.0,5966.0,5980.0,13780.0
2005-04-12,5976.0,6003.0,5969.0,5990.0,14469.0
2005-04-13,6005.0,6012.0,5987.0,6007.0,11354.0
2005-04-14,5971.0,5985.0,5958.0,5975.0,16115.0
2005-04-15,5925.0,5935.0,5876.0,5892.0,23431.0
2005-04-18,5819.0,5822.0,5663.0,5707.0,30992.0
2005-04-19,5727.0,5785.0,5721.0,5754.0,14912.0
2005-04-20,5781.0,5802.0,5687.0,5701.0,12443.0
2005-04-21,5620.0,5707.0,5602.0,5688.0,44013.0
2005-04-22,5748.0,5769.0,5708.0,5725.0,28450.0
2005-04-25,5711.0,5736.0,5704.0,5728.0,13763.0
2005-04-26,5738.0,5778.0,5718.0,5765.0,26541.0
2005-04-27,5748.0,5767.0,5738.0,5745.0,15266.0
2005-04-28,5740.0,5794.0,5710.0,5780.0,29571.0
2005-04-29,5755.0,5770.0,5742.0,5770.0,18029.0
2005-05-03,5800.0,5845.0,5797.0,5800.0,22478.0
2005-05-04,5820.0,5828.0,5785.0,5806.0,19001.0
2005-05-05,5860.0,5943.0,5841.0,5902.0,45967.0
2005-05-06,5910.0,5949.0,5895.0,5948.0,21016.0
2005-05-09,5936.0,5951.0,5923.0,5947.0,16570.0
2005-05-10,5949.0,5957.0,5920.0,5925.0,17027.0
2005-05-11,5890.0,5912.0,5880.0,5898.0,19109.0
2005-05-12,5905.0,5929.0,5887.0,5929.0,15760.0
2005-05-13,5918.0,6007.0,5916.0,5986.0,32107.0
2005-05-16,5997.0,6015.0,5924.0,5931.0,21380.0
2005-05-17,5963.0,5964.0,5858.0,5877.0,20846.0
2005-05-18,5909.0,5915.0,5880.0,5880.0,11369.0
2005-05-19,5941.0,5975.0,5930.0,5947.0,31786.0
2005-05-20,5954.0,5964.0,5920.0,5920.0,18680.0
2005-05-23,5926.0,5926.0,5855.0,5878.0,26949.0
2005-05-24,5878.0,5895.0,5871.0,5875.0,13417.0
2005-05-25,5880.0,5930.0,5822.0,5849.0,38079.0
2005-05-26,5861.0,5902.0,5842.0,5899.0,21920.0
2005-05-27,5930.0,5965.0,5923.0,5950.0,30254.0
2005-05-30,5958.0,5969.0,5930.0,5952.0,17054.0
2005-05-31,5940.0,5965.0,5912.0,5943.0,29235.0
2005-06-01,5943.0,5956.0,5905.0,5935.0,26542.0
2005-06-02,5963.0,6005.0,5962.0,5973.0,30796.0
2005-06-03,5988.0,6058.0,5978.0,6038.0,35747.0
2005-06-06,6015.0,6072.0,6012.0,6069.0,21953.0
2005-06-07,6071.0,6073.0,6037.0,6060.0,17739.0
2005-06-08,6052.0,6143.0,6051.0,6131.0,29611.0
2005-06-09,6119.0,6162.0,6113.0,6125.0,18592.0
2005-06-10,6141.0,6189.0,6115.0,6175.0,23085.0
2005-06-13,6175.0,6245.0,6156.0,6240.0,21861.0
2005-06-14,6239.0,6271.0,6217.0,6221.0,21001.0
2005-06-15,6234.0,6270.0,6220.0,6266.0,13629.0
2005-06-16,6150.0,6194.0,6132.0,6180.0,33246.0
2005-06-17,6188.0,6256.0,6173.0,6189.0,39792.0
2005-06-20,6190.0,6208.0,6168.0,6188.0,15910.0
2005-06-21,6191.0,6205.0,6166.0,6197.0,18478.0
2005-06-22,6199.0,6343.0,6199.0,6330.0,43369.0
2005-06-23,6325.0,6356.0,6325.0,6350.0,24590.0
2005-06-24,6311.0,6325.0,6272.0,6297.0,30307.0
2005-06-27,6246.0,6272.0,6230.0,6257.0,25588.0
2005-06-28,6261.0,6288.0,6253.0,6284.0,18132.0
2005-06-29,6325.0,6353.0,6165.0,6199.0,54328.0
2005-06-30,6215.0,6228.0,6186.0,6199.0,20191.0
2005-07-01,6190.0,6230.0,6125.0,6227.0,36513.0
2005-07-04,6248.0,6248.0,6181.0,6211.0,19030.0
2005-07-05,6210.0,6218.0,6160.0,6163.0,26316.0
2005-07-06,6185.0,6208.0,6155.0,6182.0,25189.0
2005-07-07,6166.0,6180.0,6136.0,6166.0,25910.0
2005-07-08,6170.0,6205.0,6157.0,6181.0,23599.0
2005-07-11,6248.0,6306.0,6233.0,6302.0,29881.0
2005-07-12,6325.0,6353.0,6320.0,6340.0,25968.0
2005-07-13,6341.0,6407.0,6332.0,6376.0,30454.0
2005-07-14,6400.0,6438.0,6379.0,6435.0,28388.0
2005-07-15,6446.0,6449.0,6411.0,6411.0,17808.0
2005-07-19,6419.0,6433.0,6385.0,6430.0,16251.0
2005-07-20,6430.0,6479.0,6401.0,6413.0,20687.0
2005-07-21,6426.0,6452.0,6330.0,6365.0,49551.0
2005-07-22,6354.0,6366.0,6325.0,6342.0,25061.0
2005-07-25,6359.0,6406.0,6356.0,6406.0,19120.0
2005-07-26,6395.0,6408.0,6319.0,6330.0,27117.0
2005-07-27,6328.0,6342.0,6286.0,6310.0,25424.0
2005-07-28,6325.0,6350.0,6304.0,6350.0,20253.0
2005-07-29,6361.0,6395.0,6277.0,6277.0,38776.0
2005-08-01,6281.0,6297.0,6264.0,6297.0,13495.0
2005-08-02,6298.0,6340.0,6271.0,6340.0,27076.0
2005-08-03,6375.0,6455.0,6370.0,6431.0,38357.0
2005-08-04,6446.0,6464.0,6419.0,6445.0,23870.0
2005-08-08,6360.0,6383.0,6349.0,6370.0,21271.0
2005-08-09,6361.0,6394.0,6352.0,6394.0,16014.0
2005-08-10,6413.0,6428.0,6338.0,6345.0,33301.0
2005-08-11,6360.0,6389.0,6340.0,6389.0,20506.0
2005-08-12,6394.0,6412.0,6351.0,6352.0,22653.0
2005-08-15,6337.0,6342.0,6224.0,6240.0,32474.0
2005-08-16,6245.0,6257.0,6198.0,6235.0,22290.0
2005-08-17,6185.0,6255.0,6185.0,6220.0,16042.0
2005-08-18,6238.0,6247.0,6182.0,6190.0,29121.0
2005-08-19,6179.0,6181.0,6135.0,6164.0,25114.0
2005-08-22,6189.0,6218.0,6175.0,6215.0,16456.0
2005-08-23,6209.0,6214.0,6182.0,6185.0,14278.0
2005-08-24,6161.0,6178.0,6139.0,6147.0,21670.0
2005-08-25,6118.0,6168.0,6101.0,6126.0,23469.0
2005-08-26,6147.0,6159.0,6130.0,6150.0,16495.0
2005-08-29,6116.0,6130.0,6032.0,6046.0,26818.0
2005-08-30,6080.0,6092.0,6043.0,6055.0,16584.0
2005-08-31,6045.0,6085.0,5985.0,6050.0,29590.0
2005-09-02,6101.0,6122.0,6083.0,6119.0,20860.0
2005-09-05,6115.0,6120.0,6100.0,6108.0,9383.0
2005-09-06,6130.0,6159.0,6128.0,6150.0,17250.0
2005-09-07,6188.0,6190.0,6132.0,6164.0,21421.0
2005-09-08,6158.0,6169.0,6138.0,6154.0,11634.0
2005-09-09,6152.0,6158.0,6093.0,6114.0,22338.0
2005-09-12,6158.0,6168.0,6122.0,6165.0,18912.0
2005-09-13,6158.0,6189.0,6148.0,6164.0,18755.0
2005-09-14,6150.0,6166.0,6129.0,6155.0,15568.0
2005-09-15,6130.0,6137.0,6080.0,6080.0,23987.0
2005-09-16,6085.0,6089.0,6013.0,6045.0,25257.0
2005-09-19,6050.0,6065.0,6026.0,6030.0,9602.0
2005-09-20,6031.0,6124.0,5987.0,6106.0,26876.0
2005-09-21,6082.0,6116.0,6056.0,6059.0,11493.0
2005-09-22,6031.0,6047.0,5965.0,5979.0,40394.0
2005-09-23,5966.0,5978.0,5893.0,5931.0,29486.0
2005-09-26,5961.0,5974.0,5888.0,5950.0,25371.0
2005-09-27,5931.0,5980.0,5893.0,5935.0,29561.0
2005-09-28,5941.0,5973.0,5906.0,5933.0,25048.0
2005-09-29,5930.0,6022.0,5925.0,6022.0,31786.0
2005-09-30,6039.0,6115.0,6034.0,6095.0,38775.0
2005-10-03,6106.0,6132.0,6088.0,6118.0,21930.0
2005-10-04,6130.0,6166.0,6117.0,6142.0,27085.0
2005-10-05,6132.0,6157.0,6118.0,6130.0,24357.0
2005-10-06,6080.0,6100.0,6061.0,6100.0,20362.0
2005-10-07,6083.0,6109.0,6083.0,6095.0,14818.0
2005-10-11,6078.0,6126.0,6074.0,6099.0,17179.0
2005-10-12,6078.0,6083.0,5997.0,6004.0,34386.0
2005-10-13,5981.0,5986.0,5936.0,5985.0,22831.0
2005-10-14,5982.0,5998.0,5965.0,5968.0,14179.0
2005-10-17,5985.0,5988.0,5813.0,5815.0,26245.0
2005-10-18,5826.0,5860.0,5818.0,5839.0,15703.0
2005-10-19,5786.0,5795.0,5678.0,5678.0,16491.0
2005-10-20,5732.0,5779.0,5633.0,5772.0,51040.0
2005-10-21,5725.0,5755.0,5672.0,5735.0,30574.0
2005-10-24,5745.0,5755.0,5692.0,5712.0,20445.0
2005-10-25,5780.0,5807.0,5718.0,5718.0,31195.0
2005-10-26,5732.0,5747.0,5683.0,5704.0,30395.0
2005-10-27,5681.0,5726.0,5645.0,5675.0,28506.0
2005-10-28,5615.0,5687.0,5611.0,5660.0,23730.0
2005-10-31,5700.0,5782.0,5685.0,5775.0,27380.0
2005-11-01,5806.0,5822.0,5786.0,5798.0,25676.0
2005-11-02,5808.0,5858.0,5801.0,5853.0,25541.0
2005-11-03,5880.0,5888.0,5838.0,5842.0,20397.0
2005-11-04,5875.0,5916.0,5863.0,5885.0,27723.0
2005-11-07,5891.0,5893.0,5826.0,5832.0,21955.0
2005-11-08,5850.0,5851.0,5827.0,5840.0,15963.0
2005-11-09,5833.0,5980.0,5828.0,5973.0,38918.0
2005-11-10,5968.0,6038.0,5968.0,6000.0,33364.0
2005-11-11,6050.0,6096.0,6031.0,6096.0,29255.0
2005-11-14,6094.0,6107.0,6071.0,6090.0,16172.0
2005-11-15,6087.0,6098.0,6002.0,6030.0,26802.0
2005-11-16,6025.0,6088.0,5980.0,6039.0,14372.0
2005-11-17,6049.0,6069.0,5985.0,6023.0,30170.0
2005-11-18,6099.0,6127.0,6075.0,6110.0,30861.0
2005-11-21,6119.0,6145.0,6090.0,6117.0,22464.0
2005-11-22,6110.0,6110.0,6063.0,6075.0,19036.0
2005-11-23,6084.0,6124.0,6072.0,6123.0,26318.0
2005-11-24,6125.0,6133.0,6082.0,6096.0,22624.0
2005-11-25,6096.0,6128.0,6084.0,6110.0,17155.0
2005-11-28,6119.0,6215.0,6116.0,6213.0,26737.0
2005-11-29,6195.0,6205.0,6142.0,6145.0,20972.0
2005-11-30,6160.0,6205.0,6145.0,6187.0,22364.0
2005-12-01,6175.0,6178.0,6145.0,6174.0,14516.0
2005-12-02,6248.0,6258.0,6206.0,6223.0,21991.0
2005-12-05,6250.0,6363.0,6231.0,6363.0,35180.0
2005-12-06,6342.0,6369.0,6325.0,6369.0,20727.0
2005-12-07,6379.0,6381.0,6316.0,6347.0,27086.0
2005-12-08,6325.0,6335.0,6214.0,6240.0,34819.0
2005-12-09,6257.0,6265.0,6200.0,6240.0,27932.0
2005-12-12,6265.0,6285.0,6182.0,6273.0,27904.0
2005-12-13,6255.0,6285.0,6227.0,6241.0,21926.0
2005-12-14,6262.0,6272.0,6206.0,6215.0,23297.0
2005-12-15,6210.0,6270.0,6206.0,6270.0,21871.0
2005-12-16,6257.0,6385.0,6256.0,6356.0,32188.0
2005-12-19,6360.0,6452.0,6358.0,6450.0,24030.0
2005-12-20,6435.0,6445.0,6413.0,6433.0,16630.0
2005-12-21,6438.0,6480.0,6426.0,6469.0,10999.0
2005-12-22,6482.0,6489.0,6425.0,6430.0,21977.0
2005-12-23,6445.0,6549.0,6432.0,6544.0,32155.0
2005-12-26,6559.0,6594.0,6538.0,6578.0,15889.0
2005-12-27,6558.0,6603.0,6530.0,6567.0,23749.0
2005-12-28,6519.0,6563.0,6506.0,6550.0,19686.0
2005-12-29,6555.0,6645.0,6555.0,6605.0,29221.0
2005-12-30,6600.0,6615.0,6566.0,6595.0,19675.0
2006-01-02,6451.0,6507.0,6411.0,6478.0,27202.0
2006-01-03,6488.0,6641.0,6460.0,6641.0,41424.0
2006-01-04,6675.0,6688.0,6603.0,6655.0,33521.0
2006-01-05,6665.0,6740.0,6652.0,6723.0,37557.0
2006-01-06,6743.0,6745.0,6692.0,6717.0,26989.0
2006-01-09,6747.0,6789.0,6744.0,6760.0,27074.0
2006-01-10,6781.0,6784.0,6705.0,6739.0,29761.0
2006-01-11,6723.0,6774.0,6686.0,6760.0,38793.0
2006-01-12,6772.0,6800.0,6701.0,6705.0,33809.0
2006-01-13,6701.0,6747.0,6677.0,6712.0,32377.0
2006-01-16,6682.0,6744.0,6660.0,6729.0,34214.0
2006-01-17,6730.0,6767.0,6688.0,6689.0,28043.0
2006-01-18,6612.0,6624.0,6461.0,6490.0,27815.0
2006-01-19,6527.0,6539.0,6460.0,6513.0,41758.0
2006-01-20,6527.0,6549.0,6451.0,6472.0,36292.0
2006-01-23,6400.0,6415.0,6378.0,6380.0,28242.0
2006-01-24,6417.0,6460.0,6405.0,6450.0,24722.0
2006-01-25,6471.0,6532.0,6453.0,6532.0,30132.0
2006-02-03,6568.0,6614.0,6545.0,6585.0,31029.0
2006-02-06,6555.0,6722.0,6500.0,6700.0,39983.0
2006-02-07,6700.0,6742.0,6678.0,6705.0,35636.0
2006-02-08,6702.0,6703.0,6607.0,6619.0,32331.0
2006-02-09,6679.0,6699.0,6572.0,6593.0,38601.0
2006-02-10,6596.0,6620.0,6542.0,6563.0,36182.0
2006-02-13,6551.0,6607.0,6522.0,6541.0,28680.0
2006-02-14,6528.0,6620.0,6512.0,6610.0,31792.0
2006-02-15,6600.0,6643.0,6574.0,6590.0,15038.0
2006-02-16,6590.0,6685.0,6582.0,6669.0,48942.0
2006-02-17,6701.0,6719.0,6640.0,6682.0,39693.0
2006-02-20,6660.0,6700.0,6620.0,6677.0,36121.0
2006-02-21,6699.0,6710.0,6626.0,6628.0,35794.0
2006-02-22,6631.0,6650.0,6495.0,6528.0,55797.0
2006-02-23,6545.0,6548.0,6464.0,6493.0,41063.0
2006-02-24,6495.0,6533.0,6477.0,6527.0,33242.0
2006-02-27,6514.0,6548.0,6473.0,6530.0,31587.0
2006-03-01,6512.0,6618.0,6483.0,6582.0,44348.0
2006-03-02,6614.0,6647.0,6598.0,6617.0,35536.0
2006-03-03,6610.0,6622.0,6495.0,6503.0,43846.0
2006-03-06,6500.0,6550.0,6485.0,6548.0,30517.0
2006-03-07,6510.0,6513.0,6455.0,6475.0,37478.0
2006-03-08,6460.0,6505.0,6405.0,6455.0,48943.0
2006-03-09,6460.0,6500.0,6451.0,6477.0,30782.0
2006-03-10,6477.0,6513.0,6442.0,6467.0,40901.0
2006-03-13,6510.0,6535.0,6485.0,6535.0,26800.0
2006-03-14,6522.0,6525.0,6416.0,6454.0,36681.0
2006-03-15,6479.0,6535.0,6464.0,6510.0,19982.0
2006-03-16,6492.0,6554.0,6448.0,6448.0,55910.0
2006-03-17,6450.0,6483.0,6422.0,6478.0,32944.0
2006-03-20,6498.0,6525.0,6457.0,6496.0,37693.0
2006-03-21,6488.0,6513.0,6443.0,6450.0,40546.0
2006-03-22,6415.0,6417.0,6357.0,6361.0,46240.0
2006-03-23,6373.0,6387.0,6323.0,6358.0,36717.0
2006-03-24,6344.0,6375.0,6338.0,6366.0,24238.0
2006-03-27,6386.0,6396.0,6364.0,6390.0,18537.0
2006-03-28,6379.0,6425.0,6375.0,6405.0,27770.0
2006-03-29,6385.0,6451.0,6375.0,6440.0,35201.0
2006-03-30,6463.0,6518.0,6454.0,6487.0,43072.0
2006-03-31,6501.0,6590.0,6492.0,6561.0,41291.0
2006-04-03,6583.0,6638.0,6564.0,6638.0,30043.0
2006-04-04,6629.0,6643.0,6613.0,6630.0,21774.0
2006-04-06,6677.0,6733.0,6668.0,6727.0,29681.0
2006-04-07,6728.0,6791.0,6701.0,6751.0,34751.0
2006-04-10,6722.0,6828.0,6713.0,6779.0,48184.0
2006-04-11,6752.0,6768.0,6709.0,6755.0,33134.0
2006-04-12,6711.0,6809.0,6695.0,6808.0,53379.0
2006-04-13,6819.0,6867.0,6812.0,6866.0,37579.0
2006-04-14,6880.0,6986.0,6860.0,6984.0,42551.0
2006-04-17,6971.0,7035.0,6963.0,6986.0,40534.0
2006-04-18,7008.0,7008.0,6911.0,6983.0,38280.0
2006-04-19,7114.0,7126.0,7030.0,7042.0,22187.0
2006-04-20,7047.0,7125.0,7031.0,7121.0,52886.0
2006-04-21,7131.0,7159.0,7082.0,7105.0,38249.0
2006-04-24,7053.0,7133.0,7033.0,7081.0,41657.0
2006-04-25,7085.0,7153.0,7028.0,7053.0,49974.0
2006-04-26,7071.0,7208.0,7045.0,7208.0,43395.0
2006-04-27,7233.0,7234.0,7157.0,7176.0,45862.0
2006-04-28,7153.0,7215.0,7093.0,7180.0,46131.0
2006-05-02,7172.0,7222.0,7135.0,7219.0,40395.0
2006-05-03,7250.0,7289.0,7245.0,7267.0,35619.0
2006-05-04,7267.0,7375.0,7251.0,7375.0,42418.0
2006-05-05,7378.0,7498.0,7362.0,7421.0,51836.0
2006-05-08,7470.0,7518.0,7436.0,7518.0,30678.0
2006-05-09,7493.0,7514.0,7392.0,7392.0,56421.0
2006-05-10,7401.0,7446.0,7280.0,7318.0,65982.0
2006-05-11,7300.0,7377.0,7273.0,7369.0,43606.0
2006-05-12,7273.0,7312.0,7252.0,7257.0,42212.0
2006-05-15,7189.0,7214.0,7150.0,7153.0,33060.0
2006-05-16,7156.0,7178.0,7022.0,7022.0,40184.0
2006-05-17,7036.0,7145.0,7035.0,7111.0,24239.0
2006-05-18,6977.0,7005.0,6943.0,7000.0,41162.0
2006-05-19,6980.0,7066.0,6971.0,7042.0,35174.0
2006-05-22,7054.0,7081.0,6865.0,6868.0,46371.0
2006-05-23,6829.0,6901.0,6806.0,6844.0,49188.0
2006-05-24,6836.0,6919.0,6767.0,6890.0,70600.0
2006-05-25,6863.0,6897.0,6814.0,6855.0,39864.0
2006-05-26,6927.0,6960.0,6843.0,6872.0,43097.0
2006-05-29,6905.0,6923.0,6857.0,6891.0,27085.0
2006-05-30,6904.0,6913.0,6805.0,6844.0,49838.0
2006-06-01,6864.0,6897.0,6830.0,6854.0,30427.0
2006-06-02,6915.0,6968.0,6845.0,6967.0,44918.0
2006-06-05,6947.0,6964.0,6645.0,6678.0,56135.0
2006-06-06,6622.0,6712.0,6592.0,6689.0,52334.0
2006-06-07,6656.0,6668.0,6576.0,6576.0,46653.0
2006-06-08,6525.0,6547.0,6211.0,6216.0,74759.0
2006-06-09,6294.0,6415.0,6220.0,6375.0,70824.0
2006-06-12,6332.0,6409.0,6266.0,6379.0,50729.0
2006-06-13,6282.0,6344.0,6230.0,6270.0,52290.0
2006-06-14,6253.0,6470.0,6253.0,6465.0,57589.0
2006-06-15,6488.0,6505.0,6356.0,6409.0,51995.0
2006-06-16,6650.0,6667.0,6521.0,6580.0,44190.0
2006-06-19,6566.0,6595.0,6536.0,6575.0,28420.0
2006-06-20,6565.0,6565.0,6261.0,6359.0,53447.0
2006-06-21,6362.0,6415.0,6302.0,6316.0,20587.0
2006-06-22,6339.0,6451.0,6330.0,6430.0,43047.0
2006-06-23,6390.0,6405.0,6270.0,6377.0,52097.0
2006-06-26,6405.0,6513.0,6375.0,6481.0,36611.0
2006-06-27,6475.0,6575.0,6445.0,6515.0,53268.0
2006-06-28,6435.0,6466.0,6396.0,6455.0,36982.0
2006-06-29,6488.0,6553.0,6487.0,6535.0,42461.0
2006-06-30,6672.0,6685.0,6626.0,6655.0,31052.0
2006-07-03,6665.0,6675.0,6637.0,6666.0,18313.0
2006-07-04,6690.0,6730.0,6639.0,6668.0,38372.0
2006-07-05,6646.0,6668.0,6570.0,6570.0,39808.0
2006-07-06,6551.0,6585.0,6525.0,6579.0,38115.0
2006-07-07,6578.0,6588.0,6545.0,6558.0,24849.0
2006-07-10,6511.0,6659.0,6485.0,6659.0,37308.0
2006-07-11,6610.0,6650.0,6592.0,6598.0,29751.0
2006-07-12,6603.0,6690.0,6530.0,6579.0,53264.0
2006-07-13,6538.0,6576.0,6506.0,6516.0,35590.0
2006-07-14,6426.0,6430.0,6333.0,6368.0,43041.0
2006-07-17,6342.0,6362.0,6153.0,6221.0,42713.0
2006-07-18,6202.0,6277.0,6202.0,6266.0,28311.0
2006-07-19,6280.0,6340.0,6253.0,6266.0,20676.0
2006-07-20,6259.0,6339.0,6257.0,6339.0,39806.0
2006-07-21,6272.0,6300.0,6235.0,6292.0,30885.0
2006-07-24,6185.0,6247.0,6163.0,6238.0,30122.0
2006-07-25,6348.0,6367.0,6295.0,6315.0,29392.0
2006-07-26,6308.0,6348.0,6266.0,6292.0,36527.0
2006-07-27,6292.0,6408.0,6283.0,6401.0,42213.0
2006-07-28,6381.0,6425.0,6346.0,6396.0,34105.0
2006-07-31,6456.0,6468.0,6326.0,6361.0,42815.0
2006-08-01,6371.0,6415.0,6345.0,6379.0,33712.0
2006-08-02,6349.0,6454.0,6339.0,6439.0,35217.0
2006-08-03,6459.0,6469.0,6396.0,6408.0,35058.0
2006-08-04,6440.0,6444.0,6348.0,6366.0,36034.0
2006-08-07,6352.0,6402.0,6336.0,6350.0,31285.0
2006-08-08,6370.0,6501.0,6368.0,6501.0,37968.0
2006-08-09,6471.0,6580.0,6449.0,6580.0,39843.0
2006-08-10,6543.0,6598.0,6517.0,6555.0,42468.0
2006-08-11,6556.0,6585.0,6528.0,6538.0,26788.0
2006-08-14,6557.0,6638.0,6550.0,6595.0,33840.0
2006-08-15,6585.0,6612.0,6571.0,6607.0,22235.0
2006-08-16,6659.0,6702.0,6657.0,6692.0,15698.0
2006-08-17,6722.0,6734.0,6685.0,6695.0,31341.0
2006-08-18,6709.0,6716.0,6691.0,6698.0,16755.0
2006-08-21,6688.0,6694.0,6443.0,6460.0,51454.0
2006-08-22,6500.0,6546.0,6467.0,6539.0,30828.0
2006-08-23,6525.0,6545.0,6375.0,6515.0,54678.0
2006-08-24,6482.0,6529.0,6465.0,6515.0,31298.0
2006-08-25,6515.0,6585.0,6476.0,6489.0,35082.0
2006-08-28,6501.0,6509.0,6382.0,6402.0,38685.0
2006-08-29,6450.0,6462.0,6421.0,6439.0,20856.0
2006-08-30,6454.0,6585.0,6433.0,6563.0,42254.0
2006-08-31,6585.0,6648.0,6580.0,6621.0,37036.0
2006-09-01,6620.0,6648.0,6606.0,6646.0,19448.0
2006-09-04,6691.0,6755.0,6688.0,6738.0,30208.0
2006-09-05,6738.0,6749.0,6712.0,6738.0,18901.0
2006-09-06,6727.0,6736.0,6603.0,6653.0,42708.0
2006-09-07,6615.0,6680.0,6582.0,6640.0,37185.0
2006-09-08,6620.0,6699.0,6603.0,6696.0,36646.0
2006-09-11,6684.0,6810.0,6622.0,6648.0,53917.0
2006-09-12,6631.0,6678.0,6588.0,6588.0,36788.0
2006-09-13,6651.0,6670.0,6606.0,6644.0,31146.0
2006-09-14,6650.0,6689.0,6504.0,6579.0,57041.0
2006-09-15,6597.0,6675.0,6554.0,6669.0,40687.0
2006-09-18,6789.0,6900.0,6730.0,6895.0,44150.0
2006-09-19,6901.0,6923.0,6862.0,6876.0,28810.0
2006-09-20,6850.0,6895.0,6820.0,6880.0,19392.0
2006-09-21,6900.0,6920.0,6816.0,6880.0,46723.0
2006-09-22,6846.0,6872.0,6830.0,6858.0,28471.0
2006-09-25,6843.0,6925.0,6821.0,6925.0,43446.0
2006-09-26,6915.0,6955.0,6887.0,6900.0,32795.0
2006-09-27,6954.0,6965.0,6917.0,6955.0,32825.0
2006-09-28,6960.0,6983.0,6843.0,6864.0,45437.0
2006-09-29,6880.0,6894.0,6847.0,6877.0,25305.0
2006-10-02,6870.0,6975.0,6860.0,6959.0,38959.0
2006-10-03,6947.0,6963.0,6925.0,6940.0,21877.0
2006-10-04,6948.0,6970.0,6856.0,6867.0,38041.0
2006-10-05,6934.0,7015.0,6920.0,7012.0,39715.0
2006-10-11,7043.0,7058.0,6987.0,7009.0,19733.0
2006-10-12,7012.0,7038.0,6965.0,6981.0,28286.0
2006-10-13,7066.0,7109.0,7039.0,7080.0,32782.0
2006-10-14,7089.0,7102.0,7070.0,7102.0,14484.0
2006-10-16,7111.0,7164.0,7093.0,7143.0,29394.0
2006-10-17,7140.0,7140.0,7076.0,7076.0,29787.0
2006-10-18,7051.0,7057.0,6976.0,7025.0,22247.0
2006-10-19,7004.0,7033.0,6961.0,6981.0,32306.0
2006-10-20,7007.0,7026.0,6997.0,7017.0,19252.0
2006-10-23,7028.0,7050.0,6977.0,7049.0,25923.0
2006-10-24,7074.0,7120.0,7058.0,7097.0,31856.0
2006-10-25,7085.0,7105.0,7060.0,7060.0,24986.0
2006-10-26,7080.0,7125.0,7072.0,7093.0,29245.0
2006-10-27,7110.0,7130.0,7077.0,7093.0,25496.0
2006-10-30,7035.0,7035.0,6976.0,6981.0,35126.0
2006-10-31,6981.0,7009.0,6966.0,7002.0,19002.0
2006-11-01,6999.0,7025.0,6992.0,7003.0,17726.0
2006-11-02,6963.0,7072.0,6956.0,7063.0,35289.0
2006-11-03,7077.0,7179.0,7055.0,7141.0,38694.0
2006-11-06,7100.0,7156.0,7045.0,7115.0,34569.0
2006-11-07,7164.0,7211.0,7163.0,7183.0,29299.0
2006-11-08,7185.0,7190.0,7154.0,7156.0,17501.0
2006-11-09,7196.0,7232.0,7110.0,7128.0,41875.0
2006-11-10,7131.0,7164.0,7102.0,7162.0,24567.0
2006-11-13,7162.0,7178.0,7110.0,7132.0,25746.0
2006-11-14,7179.0,7212.0,7162.0,7206.0,26040.0
2006-11-15,7250.0,7266.0,7216.0,7247.0,19349.0
2006-11-16,7253.0,7270.0,7231.0,7248.0,27623.0
2006-11-17,7261.0,7274.0,7238.0,7257.0,20089.0
2006-11-20,7245.0,7248.0,7205.0,7220.0,25021.0
2006-11-21,7238.0,7311.0,7226.0,7306.0,32372.0
2006-11-22,7320.0,7345.0,7297.0,7343.0,22689.0
2006-11-23,7350.0,7427.0,7337.0,7394.0,40116.0
2006-11-24,7378.0,7437.0,7363.0,7433.0,24044.0
2006-11-27,7487.0,7515.0,7451.0,7510.0,32533.0
2006-11-28,7446.0,7475.0,7435.0,7454.0,22049.0
2006-11-29,7477.0,7498.0,7395.0,7465.0,39880.0
2006-11-30,7498.0,7553.0,7475.0,7542.0,34317.0
2006-12-01,7551.0,7626.0,7537.0,7612.0,37466.0
2006-12-04,7612.0,7674.0,7585.0,7658.0,32018.0
2006-12-05,7688.0,7704.0,7565.0,7610.0,42122.0
2006-12-06,7610.0,7714.0,7610.0,7714.0,35769.0
2006-12-07,7738.0,7738.0,7672.0,7698.0,32712.0
2006-12-08,7675.0,7679.0,7598.0,7633.0,35681.0
2006-12-11,7600.0,7639.0,7575.0,7614.0,30621.0
2006-12-12,7600.0,7608.0,7454.0,7467.0,51804.0
2006-12-13,7477.0,7500.0,7375.0,7450.0,49738.0
2006-12-14,7450.0,7491.0,7427.0,7478.0,30195.0
2006-12-15,7544.0,7568.0,7525.0,7540.0,24152.0
2006-12-18,7550.0,7668.0,7540.0,7634.0,36449.0
2006-12-19,7613.0,7675.0,7583.0,7593.0,36552.0
2006-12-20,7610.0,7678.0,7602.0,7662.0,15925.0
2006-12-21,7674.0,7710.0,7617.0,7642.0,44642.0
2006-12-22,7636.0,7692.0,7625.0,7692.0,30690.0
2006-12-25,7664.0,7698.0,7656.0,7679.0,17995.0
2006-12-26,7680.0,7802.0,7674.0,7789.0,34596.0
2006-12-27,7798.0,7845.0,7778.0,7795.0,29812.0
2006-12-28,7822.0,7840.0,7746.0,7800.0,34566.0
2006-12-29,7810.0,7888.0,7793.0,7880.0,34940.0
2007-01-02,7880.0,7992.0,7880.0,7988.0,31340.0
2007-01-03,8008.0,8035.0,7953.0,7989.0,37179.0
2007-01-04,7973.0,7996.0,7936.0,7976.0,32038.0
2007-01-05,7975.0,7989.0,7828.0,7830.0,48656.0
2007-01-08,7799.0,7808.0,7726.0,7736.0,36132.0
2007-01-09,7750.0,7835.0,7750.0,7822.0,36861.0
2007-01-10,7739.0,7761.0,7670.0,7693.0,42190.0
2007-01-11,7725.0,7738.0,7594.0,7626.0,46898.0
2007-01-12,7689.0,7795.0,7687.0,7786.0,43724.0
2007-01-15,7816.0,7833.0,7746.0,7804.0,32962.0
2007-01-16,7824.0,7847.0,7785.0,7815.0,31978.0
2007-01-17,7756.0,7856.0,7711.0,7835.0,23325.0
2007-01-18,7864.0,7930.0,7840.0,7922.0,41441.0
2007-01-19,7880.0,7921.0,7856.0,7862.0,34809.0
2007-01-22,7866.0,7903.0,7780.0,7885.0,44400.0
2007-01-23,7849.0,7892.0,7826.0,7885.0,28102.0
2007-01-24,7960.0,7996.0,7954.0,7993.0,25656.0
2007-01-25,8030.0,8033.0,7960.0,7975.0,26050.0
2007-01-26,7900.0,7915.0,7811.0,7837.0,40760.0
2007-01-29,7825.0,7857.0,7756.0,7787.0,28290.0
2007-01-30,7798.0,7807.0,7752.0,7769.0,29544.0
2007-01-31,7769.0,7793.0,7638.0,7734.0,46446.0
2007-02-01,7774.0,7786.0,7692.0,7740.0,35069.0
2007-02-02,7785.0,7839.0,7781.0,7810.0,34328.0
2007-02-05,7770.0,7836.0,7760.0,7779.0,27962.0
2007-02-06,7791.0,7896.0,7791.0,7889.0,35426.0
2007-02-07,7886.0,7899.0,7860.0,7868.0,20412.0
2007-02-08,7890.0,7907.0,7803.0,7870.0,42625.0
2007-02-09,7875.0,7925.0,7845.0,7884.0,32858.0
2007-02-12,7840.0,7844.0,7784.0,7792.0,31133.0
2007-02-13,7785.0,7830.0,7742.0,7743.0,35858.0
2007-02-14,7809.0,7841.0,7776.0,7833.0,27208.0
2007-02-26,7901.0,7945.0,7899.0,7899.0,14654.0
2007-02-27,7925.0,7970.0,7911.0,7925.0,32570.0
2007-03-01,7746.0,7771.0,7652.0,7660.0,50519.0
2007-03-02,7621.0,7694.0,7611.0,7668.0,30154.0
2007-03-03,7615.0,7640.0,7556.0,7589.0,35595.0
2007-03-05,7545.0,7548.0,7270.0,7285.0,61878.0
2007-03-06,7335.0,7425.0,7320.0,7409.0,37007.0
2007-03-07,7443.0,7469.0,7383.0,7427.0,44177.0
2007-03-08,7431.0,7534.0,7417.0,7523.0,39855.0
2007-03-09,7532.0,7566.0,7492.0,7517.0,32239.0
2007-03-12,7560.0,7595.0,7541.0,7595.0,26540.0
2007-03-13,7600.0,7643.0,7581.0,7624.0,26140.0
2007-03-14,7518.0,7518.0,7435.0,7469.0,42852.0
2007-03-15,7532.0,7677.0,7530.0,7652.0,39038.0
2007-03-16,7597.0,7724.0,7580.0,7666.0,38393.0
2007-03-19,7698.0,7733.0,7660.0,7710.0,29624.0
2007-03-20,7750.0,7772.0,7703.0,7721.0,25915.0
2007-03-21,7750.0,7761.0,7715.0,7753.0,15264.0
2007-03-22,7826.0,7856.0,7812.0,7829.0,32326.0
2007-03-23,7840.0,7894.0,7803.0,7855.0,35621.0
2007-03-26,7874.0,7891.0,7844.0,7883.0,18563.0
2007-03-27,7858.0,7940.0,7812.0,7824.0,44457.0
2007-03-28,7816.0,7833.0,7736.0,7750.0,38366.0
2007-03-29,7735.0,7855.0,7704.0,7838.0,42427.0
2007-03-30,7850.0,7878.0,7794.0,7834.0,33221.0
2007-04-02,7863.0,7915.0,7812.0,7849.0,38270.0
2007-04-03,7867.0,7921.0,7825.0,7919.0,33861.0
2007-04-04,7980.0,8012.0,7956.0,7999.0,38073.0
2007-04-09,8039.0,8072.0,8026.0,8072.0,27923.0
2007-04-10,8054.0,8066.0,8005.0,8053.0,30335.0
2007-04-11,8075.0,8106.0,8045.0,8095.0,32416.0
2007-04-12,8038.0,8094.0,8036.0,8077.0,27047.0
2007-04-13,8096.0,8098.0,7973.0,7990.0,46821.0
2007-04-14,8020.0,8067.0,8009.0,8067.0,17797.0
2007-04-16,8078.0,8095.0,8022.0,8057.0,35553.0
2007-04-17,8100.0,8110.0,7954.0,7964.0,44842.0
2007-04-18,7992.0,8010.0,7943.0,8010.0,18882.0
2007-04-19,7967.0,7981.0,7827.0,7839.0,53798.0
2007-04-20,7895.0,7911.0,7869.0,7887.0,25520.0
2007-04-23,7980.0,8059.0,7977.0,8016.0,41605.0
2007-04-24,8000.0,8045.0,7968.0,8038.0,37592.0
2007-04-25,8001.0,8009.0,7951.0,7960.0,38631.0
2007-04-26,8037.0,8040.0,7973.0,8002.0,30959.0
2007-04-27,8001.0,8017.0,7920.0,7946.0,38300.0
2007-04-30,7926.0,7935.0,7825.0,7850.0,38588.0
2007-05-02,7854.0,7924.0,7850.0,7896.0,31632.0
2007-05-03,7943.0,7959.0,7843.0,7936.0,46485.0
2007-05-04,7973.0,8080.0,7960.0,8057.0,42442.0
2007-05-07,8101.0,8133.0,8082.0,8114.0,30749.0
2007-05-08,8114.0,8123.0,8063.0,8072.0,34102.0
2007-05-09,8080.0,8094.0,8040.0,8068.0,34187.0
2007-05-10,8098.0,8115.0,8072.0,8109.0,26439.0
2007-05-11,8029.0,8045.0,8003.0,8021.0,34106.0
2007-05-14,8063.0,8088.0,8021.0,8044.0,31220.0
2007-05-15,8024.0,8039.0,7950.0,7969.0,40725.0
2007-05-16,7932.0,7995.0,7932.0,7991.0,15997.0
2007-05-17,8000.0,8058.0,8000.0,8015.0,37732.0
2007-05-18,8015.0,8036.0,7971.0,8030.0,30649.0
2007-05-21,8050.0,8135.0,8016.0,8122.0,47037.0
2007-05-22,8132.0,8178.0,8119.0,8176.0,34802.0
2007-05-23,8199.0,8221.0,8178.0,8204.0,29667.0
2007-05-24,8188.0,8213.0,8162.0,8170.0,30996.0
2007-05-25,8115.0,8142.0,8095.0,8134.0,29357.0
2007-05-28,8151.0,8173.0,8140.0,8154.0,20495.0
2007-05-29,8153.0,8208.0,8125.0,8168.0,36991.0
2007-05-30,8163.0,8166.0,8073.0,8111.0,45902.0
2007-05-31,8199.0,8200.0,8145.0,8171.0,33935.0
2007-06-01,8201.0,8252.0,8201.0,8232.0,30878.0
2007-06-04,8265.0,8287.0,8240.0,8257.0,24926.0
2007-06-05,8247.0,8271.0,8216.0,8254.0,33482.0
2007-06-06,8253.0,8333.0,8237.0,8285.0,43403.0
2007-06-07,8222.0,8338.0,8211.0,8336.0,40731.0
2007-06-08,8236.0,8284.0,8226.0,8276.0,37950.0
2007-06-11,8301.0,8325.0,8292.0,8313.0,23889.0
2007-06-12,8330.0,8350.0,8304.0,8338.0,32051.0
2007-06-13,8311.0,8353.0,8305.0,8331.0,27311.0
2007-06-14,8397.0,8453.0,8383.0,8443.0,37951.0
2007-06-15,8491.0,8595.0,8471.0,8595.0,41472.0
2007-06-20,8643.0,8816.0,8631.0,8770.0,39099.0
2007-06-21,8768.0,8897.0,8693.0,8862.0,73073.0
2007-06-22,8880.0,8885.0,8782.0,8825.0,45593.0
2007-06-23,8762.0,8797.0,8760.0,8770.0,19549.0
2007-06-25,8790.0,8965.0,8785.0,8913.0,50431.0
2007-06-26,8901.0,8935.0,8808.0,8840.0,43813.0
2007-06-27,8792.0,8857.0,8752.0,8776.0,45178.0
2007-06-28,8830.0,8860.0,8792.0,8838.0,41259.0
2007-06-29,8868.0,8888.0,8778.0,8808.0,41445.0
2007-07-02,8800.0,8896.0,8755.0,8895.0,42687.0
2007-07-03,8941.0,8994.0,8940.0,8972.0,40061.0
2007-07-04,9028.0,9089.0,9005.0,9053.0,53666.0
2007-07-05,9123.0,9124.0,9048.0,9123.0,40206.0
2007-07-06,9100.0,9149.0,9065.0,9142.0,48518.0
2007-07-09,9180.0,9385.0,9176.0,9376.0,53212.0
2007-07-10,9388.0,9390.0,9304.0,9336.0,53062.0
2007-07-11,9275.0,9303.0,9219.0,9226.0,43586.0
2007-07-12,9275.0,9376.0,9271.0,9323.0,53576.0
2007-07-13,9488.0,9505.0,9415.0,9458.0,55472.0
2007-07-16,9465.0,9510.0,9370.0,9372.0,52746.0
2007-07-17,9390.0,9533.0,9323.0,9524.0,57891.0
2007-07-18,9480.0,9550.0,9444.0,9480.0,35817.0
2007-07-19,9425.0,9460.0,9363.0,9419.0,64275.0
2007-07-20,9460.0,9545.0,9433.0,9545.0,54337.0
2007-07-23,9505.0,9568.0,9489.0,9549.0,44963.0
2007-07-24,9550.0,9698.0,9538.0,9674.0,64366.0
2007-07-25,9606.0,9755.0,9594.0,9739.0,61436.0
2007-07-26,9739.0,9829.0,9525.0,9546.0,98191.0
2007-07-27,9320.0,9346.0,8961.0,8981.0,107872.0
2007-07-30,8942.0,9033.0,8860.0,8990.0,90159.0
2007-07-31,9010.0,9203.0,9008.0,9176.0,71135.0
2007-08-01,9065.0,9129.0,8640.0,8695.0,116430.0
2007-08-02,8882.0,8939.0,8566.0,8880.0,116485.0
2007-08-03,8968.0,9039.0,8900.0,8985.0,67768.0
2007-08-06,8700.0,8900.0,8682.0,8860.0,52686.0
2007-08-07,8999.0,9008.0,8767.0,8767.0,58867.0
2007-08-08,8850.0,9088.0,8843.0,9078.0,52580.0
2007-08-09,9160.0,9188.0,9078.0,9136.0,53202.0
2007-08-10,8860.0,8897.0,8733.0,8800.0,64613.0
2007-08-13,8896.0,8960.0,8842.0,8925.0,47528.0
2007-08-14,8860.0,9075.0,8825.0,8885.0,55688.0
2007-08-15,8710.0,8774.0,8551.0,8570.0,28708.0
2007-08-16,8300.0,8333.0,7990.0,8154.0,86225.0
2007-08-17,8101.0,8219.0,7810.0,7885.0,79117.0
2007-08-20,8215.0,8435.0,8211.0,8428.0,55861.0
2007-08-21,8420.0,8515.0,8312.0,8365.0,67565.0
2007-08-22,8366.0,8450.0,8347.0,8437.0,41609.0
2007-08-23,8700.0,8730.0,8635.0,8687.0,36469.0
2007-08-24,8660.0,8661.0,8582.0,8600.0,30079.0
2007-08-27,8750.0,8778.0,8620.0,8637.0,29878.0
2007-08-28,8643.0,8710.0,8595.0,8680.0,36694.0
2007-08-29,8470.0,8568.0,8437.0,8549.0,37086.0
2007-08-30,8697.0,8762.0,8668.0,8700.0,36585.0
2007-08-31,8760.0,8982.0,8728.0,8976.0,43967.0
2007-09-03,8976.0,8998.0,8921.0,8956.0,26681.0
2007-09-04,8962.0,9008.0,8866.0,8890.0,41278.0
2007-09-05,9000.0,9005.0,8808.0,8821.0,34174.0
2007-09-06,8792.0,9017.0,8752.0,9017.0,48008.0
2007-09-07,9000.0,9055.0,8943.0,8982.0,34938.0
2007-09-10,8750.0,8935.0,8731.0,8890.0,40589.0
2007-09-11,8869.0,9005.0,8860.0,9002.0,32391.0
2007-09-12,9012.0,9062.0,8936.0,8936.0,38628.0
2007-09-13,8998.0,9013.0,8880.0,8921.0,35159.0
2007-09-14,8991.0,9064.0,8950.0,9030.0,37575.0
2007-09-17,9043.0,9053.0,8824.0,8888.0,41479.0
2007-09-19,9110.0,9147.0,8893.0,8923.0,41268.0
2007-09-20,9022.0,9139.0,8965.0,9016.0,50212.0
2007-09-21,9021.0,9137.0,9010.0,9132.0,37301.0
2007-09-26,9181.0,9300.0,9171.0,9275.0,29579.0
2007-09-27,9338.0,9427.0,9301.0,9410.0,33940.0
2007-09-28,9420.0,9472.0,9372.0,9380.0,35106.0
2007-09-29,9420.0,9492.0,9401.0,9492.0,28355.0
2007-10-01,9527.0,9551.0,9473.0,9501.0,30668.0
2007-10-02,9621.0,9684.0,9580.0,9669.0,38781.0
2007-10-03,9661.0,9835.0,9647.0,9771.0,51611.0
2007-10-04,9712.0,9717.0,9634.0,9678.0,42259.0
2007-10-05,9651.0,9708.0,9588.0,9617.0,37296.0
2007-10-08,9702.0,9775.0,9701.0,9739.0,27198.0
2007-10-09,9755.0,9768.0,9591.0,9654.0,38169.0
2007-10-11,9682.0,9750.0,9663.0,9749.0,32380.0
2007-10-12,9688.0,9728.0,9447.0,9450.0,56332.0
2007-10-15,9548.0,9550.0,9408.0,9502.0,38356.0
2007-10-16,9436.0,9631.0,9420.0,9563.0,43561.0
2007-10-17,9505.0,9625.0,9471.0,9556.0,23703.0
2007-10-18,9600.0,9696.0,9600.0,9677.0,44778.0
2007-10-19,9620.0,9675.0,9605.0,9613.0,30317.0
2007-10-22,9358.0,9368.0,9234.0,9327.0,47846.0
2007-10-23,9389.0,9542.0,9371.0,9513.0,37836.0
2007-10-24,9580.0,9654.0,9412.0,9455.0,49167.0
2007-10-25,9568.0,9600.0,9496.0,9598.0,42192.0
2007-10-26,9644.0,9685.0,9602.0,9677.0,36849.0
2007-10-29,9780.0,9864.0,9755.0,9860.0,37243.0
2007-10-30,9835.0,9853.0,9766.0,9786.0,35700.0
2007-10-31,9789.0,9814.0,9714.0,9780.0,41545.0
2007-11-01,9815.0,9835.0,9562.0,9657.0,62539.0
2007-11-02,9457.0,9490.0,9203.0,9230.0,63487.0
2007-11-05,9210.0,9320.0,9090.0,9275.0,53640.0
2007-11-06,9320.0,9353.0,9256.0,9305.0,41027.0
2007-11-07,9363.0,9403.0,9265.0,9268.0,42965.0
2007-11-08,9063.0,9090.0,8820.0,8925.0,62070.0
2007-11-09,8971.0,9024.0,8856.0,8969.0,56249.0
2007-11-12,8715.0,8740.0,8573.0,8683.0,58576.0
2007-11-13,8675.0,8764.0,8560.0,8749.0,57468.0
2007-11-14,8960.0,8980.0,8910.0,8941.0,37713.0
2007-11-15,8922.0,8937.0,8863.0,8869.0,30295.0
2007-11-16,8663.0,8779.0,8623.0,8756.0,44668.0
2007-11-19,8780.0,8825.0,8616.0,8620.0,41913.0
2007-11-20,8420.0,8721.0,8342.0,8721.0,62113.0
2007-11-21,8647.0,8692.0,8424.0,8438.0,33404.0
2007-11-22,8488.0,8592.0,8321.0,8471.0,74399.0
2007-11-23,8498.0,8517.0,8315.0,8325.0,64396.0
2007-11-26,8430.0,8560.0,8410.0,8524.0,50371.0
2007-11-27,8303.0,8492.0,8188.0,8397.0,83553.0
2007-11-28,8442.0,8445.0,8240.0,8244.0,65310.0
2007-11-29,8476.0,8485.0,8385.0,8425.0,49198.0
2007-11-30,8499.0,8623.0,8493.0,8605.0,50961.0
2007-12-03,8608.0,8637.0,8553.0,8596.0,36221.0
2007-12-04,8580.0,8649.0,8531.0,8621.0,42369.0
2007-12-05,8600.0,8713.0,8558.0,8709.0,58853.0
2007-12-06,8789.0,8808.0,8670.0,8739.0,43111.0
2007-12-07,8778.0,8820.0,8697.0,8706.0,48003.0
2007-12-10,8695.0,8727.0,8548.0,8561.0,46878.0
2007-12-11,8609.0,8660.0,8568.0,8640.0,45102.0
2007-12-12,8480.0,8550.0,8432.0,8501.0,52980.0
2007-12-13,8450.0,8505.0,8103.0,8105.0,75792.0
2007-12-14,8150.0,8172.0,7860.0,8060.0,93751.0
2007-12-17,8017.0,8079.0,7746.0,7748.0,71995.0
2007-12-18,7680.0,7935.0,7677.0,7814.0,76912.0
2007-12-19,7848.0,8027.0,7809.0,8013.0,31677.0
2007-12-20,7997.0,8024.0,7790.0,7844.0,63510.0
2007-12-21,7813.0,8030.0,7806.0,7972.0,77603.0
2007-12-24,8105.0,8137.0,8065.0,8131.0,37275.0
2007-12-25,8159.0,8168.0,8105.0,8143.0,30619.0
2007-12-26,8120.0,8194.0,8050.0,8187.0,42692.0
2007-12-27,8160.0,8355.0,8147.0,8322.0,55404.0
2007-12-28,8279.0,8437.0,8235.0,8396.0,65929.0
2007-12-31,8400.0,8503.0,8382.0,8481.0,32943.0
2008-01-02,8450.0,8506.0,8271.0,8282.0,61525.0
2008-01-03,8200.0,8229.0,8083.0,8143.0,80492.0
2008-01-04,8100.0,8245.0,8030.0,8209.0,72552.0
2008-01-07,7951.0,7999.0,7800.0,7833.0,72476.0
2008-01-08,7840.0,7964.0,7815.0,7916.0,55646.0
2008-01-09,7751.0,8104.0,7735.0,8092.0,80583.0
2008-01-10,8090.0,8155.0,8051.0,8070.0,64976.0
2008-01-11,8121.0,8158.0,7964.0,7965.0,71601.0
2008-01-14,8104.0,8257.0,8044.0,8240.0,96124.0
2008-01-15,8263.0,8636.0,8263.0,8505.0,94553.0
2008-01-16,8250.0,8409.0,8125.0,8149.0,45503.0
2008-01-17,8250.0,8283.0,7952.0,8098.0,92836.0
2008-01-18,7901.0,8237.0,7854.0,8216.0,77879.0
2008-01-21,8113.0,8204.0,8070.0,8115.0,59160.0
2008-01-22,7693.0,7700.0,7543.0,7543.0,46130.0
2008-01-23,7728.0,7750.0,7321.0,7331.0,94655.0
2008-01-24,7600.0,7647.0,7388.0,7540.0,86298.0
2008-01-25,7650.0,7777.0,7630.0,7777.0,61697.0
2008-01-28,7686.0,7710.0,7405.0,7445.0,63484.0
2008-01-29,7595.0,7598.0,7418.0,7533.0,70620.0
2008-01-30,7500.0,7655.0,7451.0,7511.0,77131.0
2008-01-31,7465.0,7565.0,7336.0,7463.0,81244.0
2008-02-01,7553.0,7678.0,7541.0,7669.0,57817.0
2008-02-12,7550.0,7588.0,7463.0,7508.0,50394.0
2008-02-13,7589.0,7607.0,7483.0,7485.0,43089.0
2008-02-14,7700.0,7910.0,7682.0,7897.0,53718.0
2008-02-15,7796.0,7895.0,7760.0,7891.0,55764.0
2008-02-18,7999.0,7999.0,7839.0,7916.0,56399.0
2008-02-19,7960.0,8033.0,7938.0,8020.0,50742.0
2008-02-20,7950.0,8005.0,7824.0,7877.0,30928.0
2008-02-21,7918.0,8056.0,7916.0,8032.0,59056.0
2008-02-22,7950.0,8054.0,7927.0,8036.0,52384.0
2008-02-25,8163.0,8273.0,8160.0,8226.0,45763.0
2008-02-26,8289.0,8316.0,8203.0,8277.0,47730.0
2008-02-27,8367.0,8415.0,8310.0,8376.0,49946.0
2008-02-29,8322.0,8450.0,8293.0,8340.0,50020.0
2008-03-03,8160.0,8255.0,8105.0,8246.0,57420.0
2008-03-04,8270.0,8492.0,8233.0,8492.0,73926.0
2008-03-05,8512.0,8558.0,8416.0,8509.0,68568.0
2008-03-06,8520.0,8689.0,8516.0,8688.0,69477.0
2008-03-07,8550.0,8646.0,8515.0,8526.0,70844.0
2008-03-10,8490.0,8547.0,8253.0,8310.0,73338.0
2008-03-11,8243.0,8390.0,8183.0,8369.0,67259.0
2008-03-12,8597.0,8610.0,8405.0,8468.0,68590.0
2008-03-13,8426.0,8450.0,8161.0,8189.0,70064.0
2008-03-14,8260.0,8297.0,8083.0,8117.0,76049.0
2008-03-17,7962.0,8055.0,7852.0,7977.0,84117.0
2008-03-18,8028.0,8068.0,7914.0,8059.0,69653.0
2008-03-19,8250.0,8280.0,8122.0,8169.0,37508.0
2008-03-20,8063.0,8360.0,8050.0,8340.0,83186.0
2008-03-21,8398.0,8632.0,8375.0,8613.0,77309.0
2008-03-24,8998.0,9113.0,8802.0,8878.0,108244.0
2008-03-25,8951.0,8971.0,8715.0,8760.0,87588.0
2008-03-26,8771.0,8837.0,8685.0,8720.0,71776.0
2008-03-27,8685.0,8710.0,8520.0,8558.0,82045.0
2008-03-28,8513.0,8674.0,8511.0,8621.0,67509.0
2008-03-31,8579.0,8605.0,8451.0,8519.0,60141.0
2008-04-01,8560.0,8595.0,8320.0,8330.0,61754.0
2008-04-02,8530.0,8618.0,8464.0,8570.0,65578.0
2008-04-03,8603.0,8615.0,8527.0,8575.0,52347.0
2008-04-07,8600.0,8743.0,8595.0,8709.0,45697.0
2008-04-08,8645.0,8705.0,8630.0,8635.0,43626.0
2008-04-09,8662.0,8780.0,8588.0,8677.0,72873.0
2008-04-10,8647.0,8827.0,8643.0,8819.0,70113.0
2008-04-11,8830.0,8934.0,8802.0,8912.0,65842.0
2008-04-14,8828.0,8910.0,8802.0,8871.0,58867.0
2008-04-15,8874.0,8945.0,8852.0,8918.0,57742.0
2008-04-16,9000.0,9086.0,8971.0,9086.0,35202.0
2008-04-17,9134.0,9144.0,9038.0,9060.0,65275.0
2008-04-18,9083.0,9099.0,8999.0,9081.0,50482.0
2008-04-21,9168.0,9174.0,9044.0,9082.0,49855.0
2008-04-22,9056.0,9076.0,8977.0,9030.0,49137.0
2008-04-23,9055.0,9093.0,8945.0,8984.0,68333.0
2008-04-24,8966.0,9045.0,8955.0,8978.0,50961.0
2008-04-25,9052.0,9068.0,8950.0,8988.0,54703.0
2008-04-28,8998.0,9092.0,8973.0,9090.0,54693.0
2008-04-29,9090.0,9100.0,8872.0,8920.0,62994.0
2008-04-30,8910.0,8986.0,8895.0,8937.0,48508.0
2008-05-02,9021.0,9040.0,8936.0,9009.0,45415.0
2008-05-05,9020.0,9025.0,8822.0,8847.0,56697.0
2008-05-06,8860.0,8888.0,8780.0,8870.0,53812.0
2008-05-07,8903.0,8976.0,8881.0,8918.0,54074.0
2008-05-08,8855.0,8903.0,8800.0,8894.0,52607.0
2008-05-09,8850.0,8877.0,8766.0,8773.0,57824.0
2008-05-12,8776.0,8868.0,8756.0,8864.0,46950.0
2008-05-13,8862.0,9044.0,8851.0,9030.0,62520.0
2008-05-14,9030.0,9088.0,9002.0,9058.0,53252.0
2008-05-15,9088.0,9209.0,9088.0,9182.0,53937.0
2008-05-16,9220.0,9286.0,9191.0,9248.0,55311.0
2008-05-19,9269.0,9379.0,9243.0,9370.0,50694.0
2008-05-20,9356.0,9388.0,9059.0,9074.0,82888.0
2008-05-21,9035.0,9089.0,8959.0,8998.0,31585.0
2008-05-22,8875.0,9019.0,8865.0,9018.0,56927.0
2008-05-23,9000.0,9027.0,8778.0,8786.0,70602.0
2008-05-26,8736.0,8790.0,8689.0,8699.0,55991.0
2008-05-27,8701.0,8785.0,8700.0,8776.0,44115.0
2008-05-28,8790.0,8795.0,8625.0,8646.0,65710.0
2008-05-29,8729.0,8771.0,8650.0,8720.0,56724.0
2008-05-30,8765.0,8780.0,8536.0,8648.0,75944.0
2008-06-02,8635.0,8709.0,8603.0,8700.0,49486.0
2008-06-03,8644.0,8657.0,8510.0,8540.0,55854.0
2008-06-04,8540.0,8619.0,8526.0,8592.0,44304.0
2008-06-05,8571.0,8765.0,8472.0,8725.0,78823.0
2008-06-06,8788.0,8798.0,8712.0,8756.0,49247.0
2008-06-09,8520.0,8555.0,8492.0,8529.0,44700.0
2008-06-10,8529.0,8565.0,8321.0,8340.0,75224.0
2008-06-11,8365.0,8404.0,8291.0,8316.0,58833.0
2008-06-12,8199.0,8204.0,7999.0,8043.0,75487.0
2008-06-13,8068.0,8140.0,8002.0,8043.0,62933.0
2008-06-16,8121.0,8191.0,8100.0,8133.0,53114.0
2008-06-17,8133.0,8177.0,8017.0,8147.0,70641.0
2008-06-18,8140.0,8259.0,8122.0,8219.0,36474.0
2008-06-19,7980.0,7980.0,7886.0,7890.0,53348.0
2008-06-20,7910.0,7937.0,7723.0,7778.0,70635.0
2008-06-23,7660.0,7805.0,7630.0,7754.0,63155.0
2008-06-24,7715.0,7782.0,7645.0,7693.0,64047.0
2008-06-25,7671.0,7759.0,7605.0,7753.0,69319.0
2008-06-26,7753.0,7798.0,7690.0,7693.0,60885.0
2008-06-27,7381.0,7460.0,7341.0,7416.0,67637.0
2008-06-30,7470.0,7490.0,7382.0,7416.0,51421.0
2008-07-01,7410.0,7477.0,7291.0,7291.0,62874.0
2008-07-02,7308.0,7394.0,7245.0,7245.0,74253.0
2008-07-03,7140.0,7377.0,7055.0,7299.0,88271.0
2008-07-04,7282.0,7323.0,7099.0,7100.0,68358.0
2008-07-07,7096.0,7279.0,7075.0,7258.0,62222.0
2008-07-08,7199.0,7200.0,6892.0,6988.0,86146.0
2008-07-09,7095.0,7185.0,6950.0,7011.0,95748.0
2008-07-10,6958.0,7116.0,6893.0,7010.0,94113.0
2008-07-11,6973.0,7206.0,6963.0,7181.0,97960.0
2008-07-14,7200.0,7238.0,7088.0,7152.0,76318.0
2008-07-15,7050.0,7065.0,6744.0,6790.0,94598.0
2008-07-16,6820.0,6866.0,6677.0,6678.0,60578.0
2008-07-17,6700.0,6848.0,6689.0,6797.0,74717.0
2008-07-18,6860.0,6888.0,6599.0,6681.0,87374.0
2008-07-21,6845.0,7020.0,6840.0,7007.0,71813.0
2008-07-22,6943.0,7010.0,6886.0,6967.0,75341.0
2008-07-23,7100.0,7250.0,7075.0,7186.0,80107.0
2008-07-24,7262.0,7306.0,7208.0,7304.0,64281.0
2008-07-25,7188.0,7190.0,7082.0,7170.0,62134.0
2008-07-29,6950.0,6980.0,6866.0,6916.0,57777.0
2008-07-30,7070.0,7085.0,6966.0,7022.0,66831.0
2008-07-31,7098.0,7147.0,6890.0,6998.0,84825.0
2008-08-01,6901.0,6969.0,6851.0,6914.0,66509.0
2008-08-04,6852.0,6964.0,6850.0,6934.0,53143.0
2008-08-05,6973.0,6993.0,6756.0,6778.0,81580.0
2008-08-06,6970.0,7030.0,6910.0,7017.0,63636.0
2008-08-07,7002.0,7055.0,6960.0,7006.0,64802.0
2008-08-08,6941.0,7234.0,6936.0,7189.0,87708.0
2008-08-11,7268.0,7339.0,7250.0,7289.0,59555.0
2008-08-12,7288.0,7333.0,7255.0,7270.0,56265.0
2008-08-13,7258.0,7308.0,7190.0,7299.0,73849.0
2008-08-14,7280.0,7364.0,7230.0,7363.0,64327.0
2008-08-15,7362.0,7382.0,7155.0,7216.0,73474.0
2008-08-18,7180.0,7222.0,6956.0,6980.0,78395.0
2008-08-19,6856.0,6978.0,6813.0,6936.0,75511.0
2008-08-20,6904.0,7052.0,6873.0,7041.0,45006.0
2008-08-21,6938.0,6958.0,6855.0,6878.0,62073.0
2008-08-22,6845.0,6975.0,6766.0,6865.0,85588.0
2008-08-25,6956.0,7037.0,6896.0,6988.0,58898.0
2008-08-26,6909.0,6962.0,6885.0,6946.0,47895.0
2008-08-27,6929.0,7120.0,6897.0,7082.0,65994.0
2008-08-28,7080.0,7138.0,7034.0,7041.0,55653.0
2008-08-29,7100.0,7138.0,7011.0,7054.0,59255.0
2008-09-01,6980.0,6986.0,6740.0,6756.0,70445.0
2008-09-02,6790.0,6797.0,6652.0,6698.0,75022.0
2008-09-03,6714.0,6756.0,6560.0,6588.0,80450.0
2008-09-04,6561.0,6630.0,6345.0,6397.0,85061.0
2008-09-05,6235.0,6330.0,6203.0,6244.0,69240.0
2008-09-08,6487.0,6677.0,6481.0,6677.0,59253.0
2008-09-09,6594.0,6618.0,6390.0,6466.0,74031.0
2008-09-10,6351.0,6516.0,6345.0,6453.0,85603.0
2008-09-11,6437.0,6438.0,6203.0,6230.0,82819.0
2008-09-12,6354.0,6369.0,6153.0,6288.0,86443.0
2008-09-15,6130.0,6190.0,5863.0,5967.0,81846.0
2008-09-16,5849.0,5858.0,5679.0,5685.0,90493.0
2008-09-17,5916.0,5999.0,5719.0,5767.0,68589.0
2008-09-18,5551.0,5590.0,5416.0,5522.0,104745.0
2008-09-19,5806.0,5908.0,5785.0,5908.0,42344.0
2008-09-22,6120.0,6122.0,5956.0,6089.0,79569.0
2008-09-23,6030.0,6150.0,5995.0,6135.0,72431.0
2008-09-24,6117.0,6195.0,6075.0,6155.0,78510.0
2008-09-25,6000.0,6159.0,5961.0,6058.0,77760.0
2008-09-26,6050.0,6061.0,5819.0,5866.0,83525.0
2008-09-30,5459.0,5587.0,5459.0,5549.0,51459.0
2008-10-01,5599.0,5718.0,5598.0,5676.0,70474.0
2008-10-02,5721.0,5739.0,5555.0,5618.0,81005.0
2008-10-03,5550.0,5685.0,5490.0,5645.0,78624.0
2008-10-06,5488.0,5500.0,5382.0,5387.0,72911.0
2008-10-07,5250.0,5485.0,5222.0,5445.0,91706.0
2008-10-08,5249.0,5345.0,5065.0,5112.0,106404.0
2008-10-09,5186.0,5254.0,5058.0,5062.0,113227.0
2008-10-13,4885.0,4978.0,4885.0,4945.0,65331.0
2008-10-14,5286.0,5287.0,5236.0,5287.0,47432.0
2008-10-15,5297.0,5297.0,5153.0,5245.0,60484.0
2008-10-16,4978.0,4978.0,4978.0,4978.0,3373.0
2008-10-17,4894.0,4968.0,4804.0,4804.0,72243.0
2008-10-20,4804.0,4836.0,4636.0,4823.0,86475.0
2008-10-21,4930.0,4950.0,4735.0,4817.0,117280.0
2008-10-22,4738.0,4855.0,4650.0,4656.0,114002.0
2008-10-23,4494.0,4528.0,4494.0,4494.0,28538.0
2008-10-24,4395.0,4439.0,4337.0,4337.0,31793.0
2008-10-27,4126.0,4226.0,4034.0,4034.0,89165.0
2008-10-28,3921.0,4316.0,3811.0,4316.0,162434.0
2008-10-29,4618.0,4618.0,4212.0,4288.0,170198.0
2008-10-30,4376.0,4594.0,4361.0,4594.0,71800.0
2008-10-31,4594.0,4910.0,4530.0,4844.0,172208.0
2008-11-03,4910.0,4994.0,4784.0,4992.0,146465.0
2008-11-04,4965.0,5007.0,4836.0,4978.0,130831.0
2008-11-05,5080.0,5100.0,4893.0,4900.0,134188.0
2008-11-06,4680.0,4700.0,4557.0,4557.0,61117.0
2008-11-07,4310.0,4662.0,4272.0,4633.0,168009.0
2008-11-10,4658.0,4692.0,4551.0,4632.0,118580.0
2008-11-11,4477.0,4645.0,4465.0,4474.0,121380.0
2008-11-12,4488.0,4596.0,4420.0,4521.0,127683.0
2008-11-13,4305.0,4331.0,4206.0,4285.0,95728.0
2008-11-14,4499.0,4514.0,4345.0,4380.0,117202.0
2008-11-17,4280.0,4432.0,4263.0,4357.0,107475.0
2008-11-18,4351.0,4351.0,4207.0,4244.0,105169.0
2008-11-19,4238.0,4289.0,4183.0,4261.0,66464.0
2008-11-20,3953.0,4027.0,3866.0,3903.0,90822.0
2008-11-21,3880.0,4129.0,3815.0,4121.0,125186.0
2008-11-24,4081.0,4108.0,3972.0,4045.0,100411.0
2008-11-25,4222.0,4285.0,4112.0,4199.0,123548.0
2008-11-26,4237.0,4268.0,4176.0,4209.0,107767.0
2008-11-27,4330.0,4488.0,4292.0,4430.0,105400.0
2008-11-28,4435.0,4465.0,4388.0,4460.0,84216.0
2008-12-01,4420.0,4580.0,4389.0,4501.0,106527.0
2008-12-02,4299.0,4324.0,4206.0,4240.0,89986.0
2008-12-03,4268.0,4306.0,4186.0,4188.0,94480.0
2008-12-04,4246.0,4284.0,4100.0,4139.0,101106.0
2008-12-05,4170.0,4202.0,4103.0,4179.0,91707.0
2008-12-08,4245.0,4471.0,4231.0,4471.0,92419.0
2008-12-09,4495.0,4546.0,4432.0,4460.0,108417.0
2008-12-10,4486.0,4724.0,4471.0,4691.0,115226.0
2008-12-11,4651.0,4704.0,4625.0,4666.0,96047.0
2008-12-12,4570.0,4643.0,4343.0,4425.0,120190.0
2008-12-15,4615.0,4718.0,4553.0,4610.0,111291.0
2008-12-16,4549.0,4614.0,4521.0,4585.0,84148.0
2008-12-17,4688.0,4734.0,4622.0,4666.0,56705.0
2008-12-18,4680.0,4705.0,4596.0,4699.0,87280.0
2008-12-19,4662.0,4724.0,4582.0,4680.0,108938.0
2008-12-22,4720.0,4755.0,4498.0,4529.0,100137.0
2008-12-23,4507.0,4524.0,4290.0,4349.0,104885.0
2008-12-24,4310.0,4399.0,4241.0,4379.0,103168.0
2008-12-25,4380.0,4405.0,4330.0,4405.0,43403.0
2008-12-26,4372.0,4445.0,4339.0,4378.0,68149.0
2008-12-29,4366.0,4399.0,4316.0,4386.0,47088.0
2008-12-30,4429.0,4605.0,4422.0,4565.0,71724.0
2008-12-31,4605.0,4614.0,4485.0,4540.0,68222.0
2009-01-05,4722.0,4797.0,4634.0,4670.0,97901.0
2009-01-06,4699.0,4735.0,4638.0,4706.0,90329.0
2009-01-07,4758.0,4802.0,4711.0,4752.0,90885.0
2009-01-08,4650.0,4650.0,4434.0,4452.0,95701.0
2009-01-09,4447.0,4495.0,4405.0,4421.0,90308.0
2009-01-10,4362.0,4425.0,4344.0,4374.0,56215.0
2009-01-12,4386.0,4472.0,4350.0,4429.0,93281.0
2009-01-13,4361.0,4524.0,4360.0,4518.0,93835.0
2009-01-14,4490.0,4552.0,4478.0,4510.0,82268.0
2009-01-15,4222.0,4300.0,4222.0,4239.0,75818.0
2009-01-16,4277.0,4329.0,4250.0,4323.0,78421.0
2009-01-17,4330.0,4358.0,4306.0,4349.0,38490.0
2009-01-19,4378.0,4394.0,4325.0,4357.0,58908.0
2009-01-20,4266.0,4269.0,4205.0,4240.0,52093.0
2009-01-21,4114.0,4265.0,4113.0,4254.0,36615.0
2009-02-02,4199.0,4199.0,4106.0,4161.0,50727.0
2009-02-03,4168.0,4328.0,4161.0,4275.0,77684.0
2009-02-04,4327.0,4375.0,4285.0,4351.0,68432.0
2009-02-05,4315.0,4389.0,4269.0,4270.0,82511.0
2009-02-06,4362.0,4479.0,4356.0,4443.0,94693.0
2009-02-09,4500.0,4522.0,4425.0,4456.0,71256.0
2009-02-10,4456.0,4499.0,4435.0,4497.0,60664.0
2009-02-11,4385.0,4578.0,4372.0,4558.0,91929.0
2009-02-12,4520.0,4564.0,4398.0,4445.0,112991.0
2009-02-13,4459.0,4590.0,4451.0,4571.0,109267.0
2009-02-16,4569.0,4588.0,4534.0,4575.0,69481.0
2009-02-17,4521.0,4559.0,4437.0,4494.0,91320.0
2009-02-18,4455.0,4519.0,4426.0,4517.0,45601.0
2009-02-19,4411.0,4524.0,4334.0,4468.0,118698.0
2009-02-20,4405.0,4453.0,4345.0,4363.0,105149.0
2009-02-23,4332.0,4433.0,4296.0,4426.0,102528.0
2009-02-24,4327.0,4395.0,4313.0,4381.0,83737.0
2009-02-25,4435.0,4520.0,4408.0,4466.0,105000.0
2009-02-26,4520.0,4538.0,4440.0,4477.0,89516.0
2009-02-27,4472.0,4528.0,4452.0,4510.0,73633.0
2009-03-02,4422.0,4459.0,4303.0,4331.0,101313.0
2009-03-03,4270.0,4377.0,4238.0,4367.0,104158.0
2009-03-04,4336.0,4516.0,4322.0,4511.0,109861.0
2009-03-05,4541.0,4646.0,4539.0,4595.0,120308.0
2009-03-06,4550.0,4638.0,4540.0,4628.0,109500.0
2009-03-09,4672.0,4675.0,4543.0,4624.0,93692.0
2009-03-10,4601.0,4669.0,4567.0,4656.0,91653.0
2009-03-11,4775.0,4785.0,4715.0,4758.0,77516.0
2009-03-12,4752.0,4779.0,4724.0,4748.0,66848.0
2009-03-13,4820.0,4942.0,4813.0,4900.0,98336.0
2009-03-16,4938.0,4985.0,4907.0,4962.0,79029.0
2009-03-17,4966.0,5070.0,4946.0,5057.0,94430.0
2009-03-18,5082.0,5096.0,5024.0,5067.0,59723.0
2009-03-19,5045.0,5105.0,4975.0,4980.0,105836.0
2009-03-20,5006.0,5040.0,4922.0,4950.0,106431.0
2009-03-23,5032.0,5132.0,4991.0,5131.0,95403.0
2009-03-24,5201.0,5270.0,5188.0,5262.0,99502.0
2009-03-25,5254.0,5389.0,5232.0,5360.0,114172.0
2009-03-26,5349.0,5434.0,5317.0,5385.0,130922.0
2009-03-27,5434.0,5454.0,5336.0,5353.0,110172.0
2009-03-30,5346.0,5360.0,5143.0,5175.0,111500.0
2009-03-31,5225.0,5295.0,5175.0,5201.0,105649.0
2009-04-01,5228.0,5344.0,5222.0,5314.0,135958.0
2009-04-02,5400.0,5517.0,5400.0,5511.0,115854.0
2009-04-03,5562.0,5567.0,5475.0,5509.0,103180.0
2009-04-06,5560.0,5619.0,5493.0,5525.0,105000.0
2009-04-07,5503.0,5587.0,5464.0,5583.0,97735.0
2009-04-08,5501.0,5583.0,5416.0,5456.0,134387.0
2009-04-09,5538.0,5718.0,5525.0,5712.0,113141.0
2009-04-10,5762.0,5830.0,5696.0,5827.0,127509.0
2009-04-13,5835.0,5876.0,5786.0,5846.0,108378.0
2009-04-14,5825.0,5901.0,5785.0,5858.0,106808.0
2009-04-15,5858.0,5895.0,5782.0,5861.0,57688.0
2009-04-16,5999.0,6047.0,5950.0,5994.0,112966.0
2009-04-17,6046.0,6060.0,5684.0,5775.0,150477.0
2009-04-20,5772.0,5815.0,5668.0,5765.0,128665.0
2009-04-21,5667.0,5899.0,5654.0,5896.0,132016.0
2009-04-22,5865.0,5928.0,5833.0,5847.0,115857.0
2009-04-23,5870.0,5906.0,5755.0,5901.0,138442.0
2009-04-24,5915.0,5998.0,5791.0,5904.0,146131.0
2009-04-27,5930.0,5950.0,5676.0,5710.0,147704.0
2009-04-28,5766.0,5784.0,5576.0,5580.0,159423.0
2009-04-29,5648.0,5664.0,5584.0,5623.0,109869.0
2009-04-30,6015.0,6015.0,5995.0,6015.0,29390.0
2009-05-04,6363.0,6436.0,6301.0,6436.0,39803.0
2009-05-05,6637.0,6720.0,6426.0,6542.0,156581.0
2009-05-06,6510.0,6585.0,6412.0,6536.0,119763.0
2009-05-07,6606.0,6630.0,6446.0,6613.0,109284.0
2009-05-08,6570.0,6598.0,6506.0,6572.0,93346.0
2009-05-11,6549.0,6697.0,6522.0,6597.0,100933.0
2009-05-12,6562.0,6586.0,6385.0,6447.0,125471.0
2009-05-13,6454.0,6499.0,6420.0,6469.0,81965.0
2009-05-14,6355.0,6419.0,6315.0,6321.0,90653.0
2009-05-15,6372.0,6509.0,6356.0,6476.0,99721.0
2009-05-18,6424.0,6573.0,6402.0,6561.0,110397.0
2009-05-19,6715.0,6804.0,6623.0,6693.0,106087.0
2009-05-20,6710.0,6745.0,6585.0,6697.0,77508.0
2009-05-21,6629.0,6695.0,6605.0,6671.0,91060.0
2009-05-22,6605.0,6732.0,6595.0,6692.0,90309.0
2009-05-25,6751.0,6837.0,6647.0,6724.0,109555.0
2009-05-26,6700.0,6761.0,6633.0,6646.0,94266.0
2009-05-27,6720.0,6997.0,6699.0,6932.0,115397.0
2009-06-01,6980.0,7010.0,6900.0,6954.0,76133.0
2009-06-02,7037.0,7050.0,6864.0,6916.0,92552.0
2009-06-03,6928.0,6933.0,6842.0,6898.0,80200.0
2009-06-04,6860.0,6897.0,6696.0,6784.0,112986.0
2009-06-05,6811.0,6827.0,6735.0,6790.0,74537.0
2009-06-06,6777.0,6853.0,6775.0,6833.0,39231.0
2009-06-08,6865.0,6884.0,6612.0,6643.0,98861.0
2009-06-09,6668.0,6668.0,6390.0,6413.0,120988.0
2009-06-10,6458.0,6504.0,6385.0,6459.0,91519.0
2009-06-11,6490.0,6545.0,6335.0,6516.0,122673.0
2009-06-12,6530.0,6558.0,6411.0,6437.0,105325.0
2009-06-15,6390.0,6390.0,6174.0,6208.0,122373.0
2009-06-16,6173.0,6251.0,6133.0,6208.0,103392.0
2009-06-17,6218.0,6294.0,6195.0,6204.0,63998.0
2009-06-18,6130.0,6205.0,5994.0,6090.0,124107.0
2009-06-19,6090.0,6150.0,6045.0,6138.0,91433.0
2009-06-22,6137.0,6264.0,6075.0,6206.0,96819.0
2009-06-23,6088.0,6150.0,6059.0,6072.0,83089.0
2009-06-24,6089.0,6494.0,6073.0,6311.0,143068.0
2009-06-25,6306.0,6427.0,6295.0,6389.0,101790.0
2009-06-26,6405.0,6432.0,6361.0,6391.0,76262.0
2009-06-29,6415.0,6436.0,6305.0,6345.0,92895.0
2009-06-30,6421.0,6450.0,6301.0,6383.0,97666.0
2009-07-01,6414.0,6546.0,6361.0,6517.0,108225.0
2009-07-02,6525.0,6626.0,6517.0,6590.0,96176.0
2009-07-03,6547.0,6633.0,6520.0,6602.0,91953.0
2009-07-06,6619.0,6631.0,6527.0,6588.0,90788.0
2009-07-07,6588.0,6710.0,6578.0,6665.0,97969.0
2009-07-08,6621.0,6637.0,6558.0,6627.0,92894.0
2009-07-09,6627.0,6778.0,6625.0,6724.0,101563.0
2009-07-10,6735.0,6755.0,6676.0,6755.0,74365.0
2009-07-13,6739.0,6765.0,6443.0,6469.0,122838.0
2009-07-14,6540.0,6609.0,6507.0,6580.0,79254.0
2009-07-15,6630.0,6782.0,6625.0,6763.0,66513.0
2009-07-16,6748.0,6785.0,6661.0,6709.0,90133.0
2009-07-17,6736.0,6802.0,6700.0,6756.0,79837.0
2009-07-20,6839.0,6884.0,6758.0,6859.0,86232.0
2009-07-21,6900.0,6912.0,6795.0,6874.0,91337.0
2009-07-22,6870.0,6959.0,6847.0,6885.0,93603.0
2009-07-23,6873.0,6955.0,6818.0,6881.0,94592.0
2009-07-24,6950.0,6963.0,6875.0,6897.0,75387.0
2009-07-27,6950.0,7010.0,6896.0,6967.0,79395.0
2009-07-28,6962.0,7088.0,6951.0,7080.0,82604.0
2009-07-29,7099.0,7132.0,7021.0,7037.0,86739.0
2009-07-30,7025.0,7043.0,6870.0,6963.0,103156.0
2009-07-31,7009.0,7083.0,6955.0,7028.0,94020.0
2009-08-03,7024.0,7028.0,6907.0,6982.0,92249.0
2009-08-04,7056.0,7070.0,6821.0,6881.0,121427.0
2009-08-05,6882.0,6948.0,6749.0,6772.0,115725.0
2009-08-06,6799.0,6833.0,6702.0,6803.0,116213.0
2009-08-10,6820.0,6854.0,6733.0,6814.0,87325.0
2009-08-11,6818.0,6895.0,6755.0,6895.0,88944.0
2009-08-12,6849.0,6898.0,6815.0,6839.0,83658.0
2009-08-13,6865.0,7031.0,6862.0,7013.0,102013.0
2009-08-14,7049.0,7112.0,7020.0,7063.0,79285.0
2009-08-17,7010.0,7034.0,6899.0,6914.0,98803.0
2009-08-18,6900.0,6908.0,6723.0,6817.0,118179.0
2009-08-19,6824.0,6844.0,6786.0,6795.0,47901.0
2009-08-20,6722.0,6733.0,6590.0,6693.0,107256.0
2009-08-21,6700.0,6770.0,6553.0,6592.0,121651.0
2009-08-24,6754.0,6835.0,6711.0,6808.0,96127.0
2009-08-25,6798.0,6827.0,6742.0,6760.0,92967.0
2009-08-26,6785.0,6802.0,6616.0,6703.0,129062.0
2009-08-27,6673.0,6727.0,6610.0,6645.0,108007.0
2009-08-28,6677.0,6810.0,6656.0,6754.0,108868.0
2009-08-31,6765.0,6808.0,6701.0,6756.0,95992.0
2009-09-01,6757.0,7034.0,6736.0,7027.0,126480.0
2009-09-02,6951.0,7049.0,6937.0,7026.0,107506.0
2009-09-03,7020.0,7123.0,6979.0,7094.0,112518.0
2009-09-04,7121.0,7169.0,7071.0,7155.0,97250.0
2009-09-07,7186.0,7227.0,7145.0,7221.0,81702.0
2009-09-08,7250.0,7367.0,7181.0,7316.0,124697.0
2009-09-09,7316.0,7344.0,7248.0,7257.0,86455.0
2009-09-10,7334.0,7758.0,7285.0,7360.0,161712.0
2009-09-11,7329.0,7370.0,7291.0,7353.0,68490.0
2009-09-14,7307.0,7344.0,7204.0,7252.0,101737.0
2009-09-15,7289.0,7385.0,7253.0,7357.0,85200.0
2009-09-16,7428.0,7460.0,7375.0,7444.0,58879.0
2009-09-17,7500.0,7517.0,7436.0,7466.0,98899.0
2009-09-18,7441.0,7502.0,7408.0,7467.0,73594.0
2009-09-21,7481.0,7556.0,7398.0,7466.0,93350.0
2009-09-22,7484.0,7506.0,7425.0,7454.0,67476.0
2009-09-23,7460.0,7520.0,7311.0,7347.0,122587.0
2009-09-24,7364.0,7375.0,7235.0,7295.0,99619.0
2009-09-25,7250.0,7340.0,7235.0,7338.0,79576.0
2009-09-28,7276.0,7327.0,7215.0,7280.0,81690.0
2009-09-29,7330.0,7431.0,7328.0,7405.0,88224.0
2009-09-30,7427.0,7515.0,7411.0,7493.0,86999.0
2009-10-01,7538.0,7614.0,7455.0,7538.0,98150.0
2009-10-02,7418.0,7450.0,7344.0,7352.0,89168.0
2009-10-05,7358.0,7398.0,7326.0,7392.0,68734.0
2009-10-06,7428.0,7538.0,7395.0,7506.0,104990.0
2009-10-07,7587.0,7609.0,7530.0,7589.0,79201.0
2009-10-08,7590.0,7627.0,7448.0,7481.0,100041.0
2009-10-09,7508.0,7565.0,7464.0,7552.0,86628.0
2009-10-12,7565.0,7594.0,7492.0,7576.0,84394.0
2009-10-13,7509.0,7596.0,7276.0,7561.0,114719.0
2009-10-14,7599.0,7701.0,7591.0,7699.0,80060.0
2009-10-15,7774.0,7786.0,7690.0,7710.0,97453.0
2009-10-16,7710.0,7732.0,7667.0,7694.0,75741.0
2009-10-19,7649.0,7762.0,7625.0,7753.0,73626.0
2009-10-20,7792.0,7800.0,7731.0,7752.0,69904.0
2009-10-21,7743.0,7758.0,7660.0,7706.0,60536.0
2009-10-22,7609.0,7669.0,7524.0,7573.0,110014.0
2009-10-23,7594.0,7632.0,7571.0,7596.0,62746.0
2009-10-26,7619.0,7765.0,7611.0,7643.0,83612.0
2009-10-27,7609.0,7647.0,7537.0,7644.0,90053.0
2009-10-28,7602.0,7650.0,7502.0,7508.0,115957.0
2009-10-29,7360.0,7404.0,7205.0,7322.0,127331.0
2009-10-30,7375.0,7392.0,7278.0,7285.0,83450.0
2009-11-02,7150.0,7295.0,7135.0,7278.0,91237.0
2009-11-03,7278.0,7320.0,7253.0,7274.0,72941.0
2009-11-04,7315.0,7443.0,7308.0,7439.0,88160.0
2009-11-05,7409.0,7460.0,7375.0,7409.0,84857.0
2009-11-06,7502.0,7524.0,7440.0,7478.0,75178.0
2009-11-09,7540.0,7576.0,7505.0,7549.0,73533.0
2009-11-10,7630.0,7639.0,7572.0,7589.0,63116.0
2009-11-11,7615.0,7683.0,7551.0,7681.0,101971.0
2009-11-12,7695.0,7711.0,7665.0,7686.0,65745.0
2009-11-13,7660.0,7719.0,7627.0,7672.0,75594.0
2009-11-16,7688.0,7808.0,7676.0,7806.0,83204.0
2009-11-17,7989.0,7997.0,7730.0,7735.0,120252.0
2009-11-18,7788.0,7803.0,7750.0,7787.0,42101.0
2009-11-19,7756.0,7788.0,7700.0,7700.0,78989.0
2009-11-20,7672.0,7709.0,7606.0,7672.0,92058.0
2009-11-23,7660.0,7694.0,7636.0,7691.0,49686.0
2009-11-24,7693.0,7719.0,7677.0,7700.0,50194.0
2009-11-25,7695.0,7785.0,7686.0,7776.0,81022.0
2009-11-26,7774.0,7825.0,7732.0,7743.0,75629.0
2009-11-27,7625.0,7630.0,7436.0,7440.0,109681.0
2009-11-30,7558.0,7592.0,7540.0,7557.0,59762.0
2009-12-01,7570.0,7670.0,7512.0,7639.0,90333.0
2009-12-02,7675.0,7721.0,7655.0,7689.0,73228.0
2009-12-03,7740.0,7757.0,7640.0,7697.0,80219.0
2009-12-04,7677.0,7710.0,7590.0,7592.0,69102.0
2009-12-07,7649.0,7782.0,7616.0,7754.0,88669.0
2009-12-08,7750.0,7774.0,7710.0,7757.0,72028.0
2009-12-09,7719.0,7794.0,7706.0,7793.0,65111.0
2009-12-10,7799.0,7807.0,7590.0,7639.0,128000.0
2009-12-11,7657.0,7793.0,7642.0,7792.0,94856.0
2009-12-14,7789.0,7845.0,7735.0,7831.0,97062.0
2009-12-15,7840.0,7849.0,7781.0,7799.0,70162.0
2009-12-16,7809.0,7817.0,7706.0,7753.0,64166.0
2009-12-17,7713.0,7798.0,7666.0,7691.0,106265.0
2009-12-18,7662.0,7713.0,7611.0,7701.0,77636.0
2009-12-21,7701.0,7790.0,7701.0,7753.0,74447.0
2009-12-22,7788.0,7834.0,7773.0,7831.0,67618.0
2009-12-23,7844.0,7879.0,7818.0,7867.0,62343.0
2009-12-24,7888.0,7974.0,7871.0,7953.0,79018.0
2009-12-25,7960.0,7987.0,7945.0,7983.0,40328.0
2009-12-28,7995.0,8078.0,7976.0,8045.0,73145.0
2009-12-29,8033.0,8063.0,8022.0,8059.0,53930.0
2009-12-30,8050.0,8115.0,8043.0,8091.0,59359.0
2009-12-31,8106.0,8205.0,8105.0,8205.0,67209.0
2010-01-04,8203.0,8211.0,8101.0,8166.0,84131.0
2010-01-05,8212.0,8260.0,8125.0,8178.0,108012.0
2010-01-06,8197.0,8336.0,8179.0,8320.0,120081.0
2010-01-07,8335.0,8355.0,8230.0,8259.0,120555.0
2010-01-08,8287.0,8297.0,8183.0,8278.0,104771.0
2010-01-11,8278.0,8353.0,8251.0,8325.0,88096.0
2010-01-12,8318.0,8337.0,8246.0,8308.0,99739.0
2010-01-13,8259.0,8275.0,8191.0,8215.0,108932.0
2010-01-14,8246.0,8328.0,8236.0,8301.0,81125.0
2010-01-15,8310.0,8385.0,8307.0,8369.0,96104.0
2010-01-18,8300.0,8383.0,8286.0,8353.0,78516.0
2010-01-19,8370.0,8382.0,8230.0,8270.0,121248.0
2010-01-20,8306.0,8312.0,8198.0,8215.0,67857.0
2010-01-21,8185.0,8213.0,8112.0,8134.0,117077.0
2010-01-22,8019.0,8023.0,7884.0,7897.0,126740.0
2010-01-25,7822.0,7912.0,7802.0,7852.0,87477.0
2010-01-26,7832.0,7886.0,7520.0,7556.0,182130.0
2010-01-27,7574.0,7633.0,7509.0,7534.0,116963.0
2010-01-28,7579.0,7745.0,7555.0,7699.0,117356.0
2010-01-29,7552.0,7633.0,7442.0,7580.0,148605.0
2010-02-01,7569.0,7634.0,7442.0,7513.0,133007.0
2010-02-02,7580.0,7603.0,7346.0,7371.0,143485.0
2010-02-03,7456.0,7528.0,7390.0,7501.0,139624.0
2010-02-04,7503.0,7538.0,7460.0,7507.0,90229.0
2010-02-05,7300.0,7321.0,7130.0,7201.0,127511.0
2010-02-06,7229.0,7236.0,7056.0,7155.0,102594.0
2010-02-08,7155.0,7235.0,7125.0,7160.0,99368.0
2010-02-09,7171.0,7344.0,7151.0,7316.0,115841.0
2010-02-10,7350.0,7479.0,7345.0,7419.0,117786.0
2010-02-22,7708.0,7708.0,7553.0,7558.0,49687.0
2010-02-23,7534.0,7552.0,7451.0,7535.0,90651.0
2010-02-24,7468.0,7545.0,7458.0,7480.0,83099.0
2010-02-25,7505.0,7522.0,7335.0,7368.0,124223.0
2010-02-26,7378.0,7434.0,7341.0,7383.0,91371.0
2010-03-01,7413.0,7605.0,7395.0,7575.0,118336.0
2010-03-02,7595.0,7649.0,7569.0,7601.0,85761.0
2010-03-03,7596.0,7664.0,7578.0,7611.0,90229.0
2010-03-04,7622.0,7639.0,7463.0,7526.0,117200.0
2010-03-05,7603.0,7692.0,7558.0,7659.0,117270.0
2010-03-08,7729.0,7758.0,7686.0,7755.0,78128.0
2010-03-09,7771.0,7774.0,7724.0,7764.0,57308.0
2010-03-10,7771.0,7792.0,7703.0,7769.0,80818.0
2010-03-11,7800.0,7808.0,7731.0,7757.0,84883.0
2010-03-12,7785.0,7788.0,7711.0,7754.0,66469.0
2010-03-15,7756.0,7758.0,7631.0,7655.0,111429.0
2010-03-16,7651.0,7707.0,7642.0,7703.0,61394.0
2010-03-17,7750.0,7844.0,7745.0,7842.0,63598.0
2010-03-18,7837.0,7922.0,7818.0,7850.0,93097.0
2010-03-19,7850.0,7884.0,7826.0,7867.0,66434.0
2010-03-22,7830.0,7840.0,7745.0,7802.0,92460.0
2010-03-23,7850.0,7863.0,7756.0,7804.0,90596.0
2010-03-24,7865.0,7876.0,7804.0,7815.0,84035.0
2010-03-25,7792.0,7858.0,7716.0,7803.0,129037.0
2010-03-26,7809.0,7917.0,7724.0,7886.0,138132.0
2010-03-29,7912.0,7966.0,7885.0,7957.0,80247.0
2010-03-30,7977.0,7991.0,7940.0,7961.0,62687.0
2010-03-31,7946.0,7970.0,7895.0,7906.0,74622.0
2010-04-01,7940.0,8041.0,7926.0,8025.0,95385.0
2010-04-02,8024.0,8047.0,8015.0,8039.0,40155.0
2010-04-06,8071.0,8142.0,8062.0,8096.0,87309.0
2010-04-07,8125.0,8140.0,8095.0,8126.0,62123.0
2010-04-08,8110.0,8170.0,8045.0,8081.0,127263.0
2010-04-09,8077.0,8105.0,8046.0,8101.0,71514.0
2010-04-12,8158.0,8168.0,8086.0,8126.0,79826.0
2010-04-13,8086.0,8119.0,8013.0,8019.0,118213.0
2010-04-14,8065.0,8114.0,8038.0,8112.0,79410.0
2010-04-15,8153.0,8196.0,8130.0,8158.0,82591.0
2010-04-16,8147.0,8155.0,8070.0,8102.0,97706.0
2010-04-19,8002.0,8033.0,7821.0,7822.0,132915.0
2010-04-20,7880.0,7911.0,7825.0,7876.0,90356.0
2010-04-21,7950.0,7998.0,7923.0,7980.0,75433.0
2010-04-22,7905.0,7953.0,7843.0,7925.0,116094.0
2010-04-23,7951.0,7983.0,7937.0,7958.0,79346.0
2010-04-26,8077.0,8162.0,8070.0,8148.0,87141.0
2010-04-27,8148.0,8152.0,8109.0,8130.0,60876.0
2010-04-28,7961.0,8059.0,7920.0,8035.0,116469.0
2010-04-29,8036.0,8065.0,8011.0,8043.0,70064.0
2010-04-30,8128.0,8152.0,7966.0,7989.0,131598.0
2010-05-03,7925.0,8001.0,7876.0,7931.0,116275.0
2010-05-04,7968.0,7982.0,7848.0,7880.0,129308.0
2010-05-05,7690.0,7750.0,7649.0,7657.0,139679.0
2010-05-06,7643.0,7669.0,7512.0,7579.0,128579.0
2010-05-07,7352.0,7547.0,7351.0,7502.0,157944.0
2010-05-10,7564.0,7638.0,7531.0,7637.0,104819.0
2010-05-11,7570.0,7697.0,7555.0,7568.0,137129.0
2010-05-12,7630.0,7658.0,7541.0,7587.0,125000.0
2010-05-13,7698.0,7777.0,7660.0,7761.0,118535.0
2010-05-14,7712.0,7766.0,7702.0,7760.0,83064.0
2010-05-17,7680.0,7682.0,7555.0,7602.0,132831.0
2010-05-18,7610.0,7640.0,7576.0,7619.0,92214.0
2010-05-19,7518.0,7587.0,7468.0,7576.0,80404.0
2010-05-20,7509.0,7514.0,7356.0,7357.0,129922.0
2010-05-21,7164.0,7247.0,7112.0,7209.0,121989.0
2010-05-24,7224.0,7319.0,7214.0,7274.0,100810.0
2010-05-25,7188.0,7189.0,7006.0,7052.0,149343.0
2010-05-26,7122.0,7154.0,7045.0,7122.0,128300.0
2010-05-27,7103.0,7234.0,7056.0,7202.0,133780.0
2010-05-28,7289.0,7328.0,7221.0,7280.0,127565.0
2010-05-31,7302.0,7333.0,7255.0,7325.0,81072.0
2010-06-01,7283.0,7321.0,7220.0,7244.0,131341.0
2010-06-02,7193.0,7282.0,7101.0,7140.0,146272.0
2010-06-03,7253.0,7341.0,7252.0,7338.0,110634.0
2010-06-04,7338.0,7348.0,7305.0,7321.0,62707.0
2010-06-07,7100.0,7128.0,7035.0,7097.0,128756.0
2010-06-08,7097.0,7139.0,7075.0,7129.0,86675.0
2010-06-09,7080.0,7139.0,6990.0,7038.0,125232.0
2010-06-10,7068.0,7164.0,7038.0,7163.0,109141.0
2010-06-11,7316.0,7317.0,7244.0,7293.0,84575.0
2010-06-14,7356.0,7395.0,7336.0,7382.0,76580.0
2010-06-15,7378.0,7498.0,7364.0,7459.0,93703.0
2010-06-17,7518.0,7537.0,7479.0,7519.0,57082.0
2010-06-18,7364.0,7387.0,7297.0,7352.0,96166.0
2010-06-21,7440.0,7525.0,7408.0,7523.0,114904.0
2010-06-22,7480.0,7506.0,7468.0,7480.0,61354.0
2010-06-23,7430.0,7478.0,7388.0,7437.0,98541.0
2010-06-24,7431.0,7456.0,7398.0,7427.0,69407.0
2010-06-25,7341.0,7385.0,7302.0,7324.0,101937.0
2010-06-28,7334.0,7375.0,7326.0,7362.0,57111.0
2010-06-29,7393.0,7453.0,7251.0,7252.0,136712.0
2010-06-30,7126.0,7168.0,7092.0,7153.0,88601.0
2010-07-01,7123.0,7147.0,7061.0,7101.0,113002.0
2010-07-02,7135.0,7216.0,7116.0,7165.0,105182.0
2010-07-05,7185.0,7325.0,7168.0,7324.0,108042.0
2010-07-06,7262.0,7458.0,7246.0,7456.0,124317.0
2010-07-07,7436.0,7455.0,7406.0,7447.0,79243.0
2010-07-08,7568.0,7571.0,7500.0,7532.0,96454.0
2010-07-09,7540.0,7582.0,7522.0,7566.0,70477.0
2010-07-12,7590.0,7654.0,7528.0,7533.0,97622.0
2010-07-13,7589.0,7603.0,7517.0,7560.0,92650.0
2010-07-14,7660.0,7703.0,7645.0,7703.0,82523.0
2010-07-15,7677.0,7728.0,7668.0,7707.0,76060.0
2010-07-16,7701.0,7715.0,7635.0,7669.0,106135.0
2010-07-19,7601.0,7673.0,7591.0,7659.0,77670.0
2010-07-20,7647.0,7746.0,7635.0,7709.0,100166.0
2010-07-21,7758.0,7758.0,7683.0,7687.0,51616.0
2010-07-22,7585.0,7614.0,7536.0,7563.0,91546.0
2010-07-23,7647.0,7703.0,7635.0,7680.0,83773.0
2010-07-26,7715.0,7728.0,7682.0,7709.0,61705.0
2010-07-27,7730.0,7733.0,7642.0,7657.0,84227.0
2010-07-28,7679.0,7732.0,7635.0,7723.0,80898.0
2010-07-29,7720.0,7731.0,7668.0,7707.0,80324.0
2010-07-30,7685.0,7699.0,7638.0,7682.0,83628.0
2010-08-02,7748.0,7878.0,7746.0,7870.0,88137.0
2010-08-03,7911.0,7916.0,7868.0,7914.0,58141.0
2010-08-04,7886.0,7928.0,7872.0,7911.0,79056.0
2010-08-05,7960.0,7960.0,7875.0,7913.0,88965.0
2010-08-06,7890.0,7932.0,7880.0,7929.0,65549.0
2010-08-09,7911.0,8001.0,7911.0,7987.0,71723.0
2010-08-10,7998.0,7998.0,7933.0,7936.0,70375.0
2010-08-11,7886.0,7930.0,7833.0,7856.0,114453.0
2010-08-12,7778.0,7824.0,7764.0,7800.0,85123.0
2010-08-13,7816.0,7925.0,7803.0,7911.0,95376.0
2010-08-16,7843.0,7957.0,7830.0,7946.0,85244.0
2010-08-17,7935.0,7965.0,7925.0,7941.0,66398.0
2010-08-18,7969.0,7971.0,7900.0,7919.0,59966.0
2010-08-19,7899.0,7922.0,7847.0,7918.0,88915.0
2010-08-20,7883.0,7900.0,7860.0,7886.0,65098.0
2010-08-23,7880.0,8003.0,7874.0,7952.0,88947.0
2010-08-24,7920.0,7956.0,7884.0,7887.0,90103.0
2010-08-25,7843.0,7844.0,7673.0,7679.0,136835.0
2010-08-26,7672.0,7696.0,7621.0,7621.0,90562.0
2010-08-27,7611.0,7676.0,7605.0,7659.0,89168.0
2010-08-30,7742.0,7793.0,7688.0,7718.0,106064.0
2010-08-31,7653.0,7658.0,7536.0,7557.0,119636.0
2010-09-01,7569.0,7638.0,7569.0,7630.0,77257.0
2010-09-02,7695.0,7744.0,7665.0,7692.0,102840.0
2010-09-03,7714.0,7786.0,7713.0,7777.0,94555.0
2010-09-06,7838.0,7878.0,7819.0,7865.0,77831.0
2010-09-07,7860.0,7874.0,7843.0,7853.0,60520.0
2010-09-08,7823.0,7868.0,7790.0,7848.0,116025.0
2010-09-09,7885.0,7890.0,7806.0,7834.0,100524.0
2010-09-10,7889.0,7908.0,7849.0,7900.0,88648.0
2010-09-13,7943.0,8110.0,7934.0,8109.0,127838.0
2010-09-14,8117.0,8135.0,8088.0,8122.0,67460.0
2010-09-15,8142.0,8158.0,8113.0,8154.0,51515.0
2010-09-16,8145.0,8163.0,8062.0,8070.0,94098.0
2010-09-17,8100.0,8209.0,8097.0,8171.0,111718.0
2010-09-20,8155.0,8195.0,8135.0,8178.0,72390.0
2010-09-21,8237.0,8247.0,8156.0,8192.0,89176.0
2010-09-23,8178.0,8233.0,8148.0,8202.0,84525.0
2010-09-24,8185.0,8197.0,8121.0,8147.0,126534.0
2010-09-27,8200.0,8230.0,8176.0,8185.0,77297.0
2010-09-28,8162.0,8199.0,8150.0,8180.0,68963.0
2010-09-29,8220.0,8295.0,8203.0,8210.0,117733.0
2010-09-30,8218.0,8232.0,8186.0,8219.0,81016.0
2010-10-01,8246.0,8256.0,8201.0,8238.0,75235.0
2010-10-04,8238.0,8285.0,8214.0,8217.0,90840.0
2010-10-05,8207.0,8214.0,8127.0,8192.0,115261.0
2010-10-06,8268.0,8293.0,8254.0,8273.0,79300.0
2010-10-07,8271.0,8282.0,8255.0,8272.0,50519.0
2010-10-08,8266.0,8300.0,8213.0,8214.0,102711.0
2010-10-11,8241.0,8246.0,8130.0,8135.0,98905.0
2010-10-12,8150.0,8153.0,8021.0,8056.0,122291.0
2010-10-13,8090.0,8110.0,8041.0,8108.0,96903.0
2010-10-14,8177.0,8251.0,8165.0,8229.0,119656.0
2010-10-15,8212.0,8246.0,8190.0,8190.0,81159.0
2010-10-18,8189.0,8193.0,8024.0,8033.0,141294.0
2010-10-19,8035.0,8053.0,7995.0,8020.0,85879.0
2010-10-20,7950.0,8121.0,7947.0,8120.0,82275.0
2010-10-21,8080.0,8144.0,8063.0,8088.0,111011.0
2010-10-22,8122.0,8142.0,8097.0,8142.0,67964.0
2010-10-25,8173.0,8306.0,8158.0,8303.0,109281.0
2010-10-26,8299.0,8340.0,8296.0,8313.0,70560.0
2010-10-27,8329.0,8368.0,8264.0,8281.0,117085.0
2010-10-28,8310.0,8355.0,8282.0,8341.0,91823.0
2010-10-29,8320.0,8327.0,8257.0,8302.0,99968.0
2010-11-01,8325.0,8429.0,8325.0,8393.0,107257.0
2010-11-02,8405.0,8405.0,8361.0,8367.0,58662.0
2010-11-03,8411.0,8423.0,8283.0,8324.0,136324.0
2010-11-04,8342.0,8388.0,8325.0,8368.0,77018.0
2010-11-05,8478.0,8500.0,8443.0,8463.0,79141.0
2010-11-08,8482.0,8488.0,8431.0,8453.0,75622.0
2010-11-09,8440.0,8471.0,8433.0,8467.0,58677.0
2010-11-10,8488.0,8492.0,8435.0,8485.0,76611.0
2010-11-11,8465.0,8480.0,8446.0,8451.0,58177.0
2010-11-12,8435.0,8438.0,8301.0,8314.0,130015.0
2010-11-15,8296.0,8310.0,8229.0,8270.0,101630.0
2010-11-16,8230.0,8342.0,8220.0,8290.0,101891.0
2010-11-17,8246.0,8299.0,8227.0,8246.0,61629.0
2010-11-18,8255.0,8294.0,8239.0,8292.0,78768.0
2010-11-19,8337.0,8361.0,8257.0,8286.0,117715.0
2010-11-22,8323.0,8396.0,8312.0,8373.0,90490.0
2010-11-23,8374.0,8375.0,8306.0,8330.0,74225.0
2010-11-24,8281.0,8353.0,8271.0,8305.0,94334.0
2010-11-25,8309.0,8362.0,8308.0,8341.0,70220.0
2010-11-26,8354.0,8358.0,8294.0,8300.0,82714.0
2010-11-29,8350.0,8395.0,8312.0,8382.0,123857.0
2010-11-30,8400.0,8450.0,8371.0,8401.0,119667.0
2010-12-01,8423.0,8550.0,8411.0,8550.0,108687.0
2010-12-02,8600.0,8642.0,8591.0,8619.0,88977.0
2010-12-03,8639.0,8645.0,8609.0,8630.0,70423.0
2010-12-06,8640.0,8714.0,8632.0,8697.0,80691.0
2010-12-07,8698.0,8716.0,8652.0,8716.0,69626.0
2010-12-08,8718.0,8721.0,8675.0,8701.0,61331.0
2010-12-09,8722.0,8797.0,8722.0,8789.0,95653.0
2010-12-10,8761.0,8761.0,8698.0,8742.0,91693.0
2010-12-13,8728.0,8764.0,8725.0,8737.0,60110.0
2010-12-14,8752.0,8792.0,8712.0,8738.0,98988.0
2010-12-15,8740.0,8747.0,8704.0,8726.0,49981.0
2010-12-16,8764.0,8794.0,8754.0,8773.0,68086.0
2010-12-17,8777.0,8840.0,8775.0,8809.0,83266.0
2010-12-20,8817.0,8832.0,8728.0,8762.0,101924.0
2010-12-21,8783.0,8847.0,8763.0,8846.0,76748.0
2010-12-22,8858.0,8872.0,8834.0,8850.0,66539.0
2010-12-23,8856.0,8908.0,8846.0,8898.0,72427.0
2010-12-24,8898.0,8898.0,8867.0,8880.0,49958.0
2010-12-27,8866.0,8918.0,8832.0,8884.0,82851.0
2010-12-28,8900.0,8906.0,8830.0,8878.0,82968.0
2010-12-29,8860.0,8895.0,8842.0,8872.0,81948.0
2010-12-30,8879.0,8918.0,8865.0,8906.0,82893.0
2010-12-31,8892.0,8997.0,8892.0,8988.0,88956.0
2011-01-03,9000.0,9030.0,8995.0,9020.0,61494.0
2011-01-04,9030.0,9030.0,8974.0,8978.0,62547.0
2011-01-05,8967.0,9005.0,8791.0,8838.0,165903.0
2011-01-06,8859.0,8876.0,8815.0,8869.0,82566.0
2011-01-07,8866.0,8883.0,8727.0,8753.0,128865.0
2011-01-10,8753.0,8799.0,8735.0,8786.0,68409.0
2011-01-11,8779.0,8950.0,8760.0,8942.0,131239.0
2011-01-12,8960.0,9003.0,8945.0,8967.0,82550.0
2011-01-13,8998.0,9017.0,8916.0,8969.0,107360.0
2011-01-14,8965.0,8981.0,8931.0,8970.0,67802.0
2011-01-17,8993.0,9002.0,8914.0,8922.0,97047.0
2011-01-18,8920.0,9012.0,8871.0,8972.0,107216.0
2011-01-19,8988.0,9085.0,8984.0,9083.0,62356.0
2011-01-20,9018.0,9032.0,8996.0,9009.0,64889.0
2011-01-21,8970.0,8975.0,8858.0,8907.0,139586.0
2011-01-24,8923.0,8956.0,8910.0,8947.0,72357.0
2011-01-25,8994.0,9029.0,8965.0,8966.0,80982.0
2011-01-26,8970.0,9073.0,8970.0,9052.0,94345.0
2011-01-27,9086.0,9126.0,9068.0,9105.0,83534.0
2011-01-28,9112.0,9140.0,9094.0,9138.0,64992.0
2011-02-08,9186.0,9196.0,9062.0,9099.0,98816.0
2011-02-09,9071.0,9109.0,8975.0,9016.0,129231.0
2011-02-10,8971.0,8983.0,8817.0,8824.0,139801.0
2011-02-11,8818.0,8827.0,8523.0,8563.0,194208.0
2011-02-14,8625.0,8693.0,8601.0,8641.0,98497.0
2011-02-15,8625.0,8733.0,8531.0,8696.0,131734.0
2011-02-16,8718.0,8757.0,8695.0,8719.0,58640.0
2011-02-17,8651.0,8675.0,8589.0,8629.0,119834.0
2011-02-18,8678.0,8845.0,8675.0,8808.0,119179.0
2011-02-21,8814.0,8815.0,8732.0,8809.0,83876.0
2011-02-22,8713.0,8722.0,8562.0,8616.0,145288.0
2011-02-23,8588.0,8637.0,8480.0,8522.0,139848.0
2011-02-24,8502.0,8610.0,8502.0,8531.0,118991.0
2011-02-25,8560.0,8630.0,8433.0,8615.0,185991.0
2011-03-01,8695.0,8710.0,8634.0,8691.0,84843.0
2011-03-02,8610.0,8674.0,8582.0,8602.0,126612.0
2011-03-03,8660.0,8755.0,8630.0,8748.0,122404.0
2011-03-04,8796.0,8800.0,8753.0,8758.0,83715.0
2011-03-07,8743.0,8762.0,8677.0,8723.0,108312.0
2011-03-08,8704.0,8758.0,8701.0,8740.0,77993.0
2011-03-09,8793.0,8798.0,8698.0,8757.0,101352.0
2011-03-10,8763.0,8763.0,8608.0,8622.0,140984.0
2011-03-11,8550.0,8574.0,8480.0,8562.0,129690.0
2011-03-14,8531.0,8568.0,8366.0,8500.0,172522.0
2011-03-15,8531.0,8532.0,8026.0,8257.0,281996.0
2011-03-16,8410.0,8411.0,8264.0,8306.0,98122.0
2011-03-17,8151.0,8274.0,8129.0,8255.0,148030.0
2011-03-18,8292.0,8345.0,8270.0,8319.0,104790.0
2011-03-21,8359.0,8445.0,8328.0,8390.0,110694.0
2011-03-22,8431.0,8479.0,8414.0,8415.0,91071.0
2011-03-23,8400.0,8510.0,8393.0,8448.0,116480.0
2011-03-24,8502.0,8548.0,8480.0,8527.0,97401.0
2011-03-25,8588.0,8626.0,8548.0,8579.0,98085.0
2011-03-28,8585.0,8585.0,8495.0,8520.0,95878.0
2011-03-29,8507.0,8575.0,8474.0,8575.0,99788.0
2011-03-30,8607.0,8650.0,8582.0,8590.0,94925.0
2011-03-31,8604.0,8645.0,8557.0,8642.0,110985.0
2011-04-01,8640.0,8689.0,8630.0,8686.0,77932.0
2011-04-06,8743.0,8863.0,8727.0,8838.0,117188.0
2011-04-07,8864.0,8901.0,8823.0,8897.0,87447.0
2011-04-08,8939.0,8939.0,8850.0,8866.0,112662.0
2011-04-11,8868.0,8882.0,8820.0,8859.0,86849.0
2011-04-12,8820.0,8822.0,8703.0,8705.0,144977.0
2011-04-13,8728.0,8810.0,8696.0,8806.0,102232.0
2011-04-14,8780.0,8852.0,8750.0,8799.0,124710.0
2011-04-15,8786.0,8820.0,8680.0,8704.0,113500.0
2011-04-18,8692.0,8760.0,8674.0,8710.0,101713.0
2011-04-19,8657.0,8671.0,8585.0,8627.0,125140.0
2011-04-20,8701.0,8800.0,8695.0,8791.0,67546.0
2011-04-21,8882.0,9004.0,8879.0,8993.0,119477.0
2011-04-22,8989.0,9008.0,8973.0,8992.0,55335.0
2011-04-25,9003.0,9050.0,8942.0,8975.0,106758.0
2011-04-26,8914.0,8982.0,8870.0,8970.0,139109.0
2011-04-27,9051.0,9078.0,9032.0,9060.0,94874.0
2011-04-28,9098.0,9099.0,9005.0,9010.0,107208.0
2011-04-29,9014.0,9049.0,8930.0,9027.0,142920.0
2011-05-03,9036.0,9069.0,8896.0,8926.0,126976.0
2011-05-04,8908.0,8959.0,8860.0,8937.0,118011.0
2011-05-05,8903.0,9058.0,8885.0,9050.0,132287.0
2011-05-06,8971.0,9022.0,8956.0,9018.0,102895.0
2011-05-09,9001.0,9111.0,9001.0,9063.0,106384.0
2011-05-10,9063.0,9071.0,9026.0,9046.0,72713.0
2011-05-11,9109.0,9116.0,9013.0,9020.0,112317.0
2011-05-12,8960.0,9068.0,8942.0,9030.0,118600.0
2011-05-13,9017.0,9063.0,9000.0,9034.0,93101.0
2011-05-16,8995.0,9026.0,8914.0,8922.0,122700.0
2011-05-17,8900.0,8936.0,8847.0,8914.0,121128.0
2011-05-18,8915.0,8948.0,8896.0,8933.0,52086.0
2011-05-19,8960.0,9043.0,8838.0,8840.0,166077.0
2011-05-20,8900.0,8915.0,8806.0,8817.0,121117.0
2011-05-23,8747.0,8771.0,8668.0,8738.0,114374.0
2011-05-24,8723.0,8767.0,8660.0,8762.0,118444.0
2011-05-25,8745.0,8746.0,8650.0,8678.0,127832.0
2011-05-26,8764.0,8796.0,8719.0,8787.0,93892.0
2011-05-27,8773.0,8855.0,8768.0,8782.0,112213.0
2011-05-30,8760.0,8827.0,8708.0,8820.0,109526.0
2011-05-31,8857.0,9034.0,8856.0,9021.0,125480.0
2011-06-01,9023.0,9106.0,9008.0,9092.0,107908.0
2011-06-02,8980.0,9057.0,8976.0,9027.0,94010.0
2011-06-03,9048.0,9078.0,8998.0,9070.0,101815.0
2011-06-07,9032.0,9095.0,8973.0,9095.0,115032.0
2011-06-08,9076.0,9087.0,9002.0,9031.0,117902.0
2011-06-09,9011.0,9050.0,8994.0,9031.0,93200.0
2011-06-10,9068.0,9069.0,8811.0,8829.0,181810.0
2011-06-13,8780.0,8805.0,8683.0,8744.0,130403.0
2011-06-14,8743.0,8848.0,8734.0,8846.0,115004.0
2011-06-15,8846.0,8877.0,8730.0,8839.0,94369.0
2011-06-16,8559.0,8559.0,8481.0,8493.0,122413.0
2011-06-17,8492.0,8543.0,8436.0,8461.0,130186.0
2011-06-20,8501.0,8525.0,8365.0,8401.0,130515.0
2011-06-21,8470.0,8485.0,8400.0,8465.0,122002.0
2011-06-22,8518.0,8524.0,8416.0,8441.0,126014.0
2011-06-23,8424.0,8475.0,8389.0,8395.0,113345.0
2011-06-24,8420.0,8432.0,8365.0,8411.0,99044.0
2011-06-27,8310.0,8373.0,8260.0,8337.0,111310.0
2011-06-28,8385.0,8396.0,8304.0,8308.0,102017.0
2011-06-29,8377.0,8486.0,8353.0,8471.0,131303.0
2011-06-30,8475.0,8528.0,8456.0,8503.0,101928.0
2011-07-01,8560.0,8615.0,8543.0,8566.0,97691.0
2011-07-04,8631.0,8657.0,8598.0,8603.0,81889.0
2011-07-05,8611.0,8631.0,8585.0,8628.0,71709.0
2011-07-06,8628.0,8713.0,8623.0,8692.0,97278.0
2011-07-07,8690.0,8712.0,8665.0,8690.0,75472.0
2011-07-08,8696.0,8768.0,8635.0,8638.0,126547.0
2011-07-11,8603.0,8630.0,8573.0,8599.0,80847.0
2011-07-12,8511.0,8538.0,8412.0,8419.0,118304.0
2011-07-13,8431.0,8483.0,8410.0,8463.0,102488.0
2011-07-14,8448.0,8506.0,8360.0,8482.0,141329.0
2011-07-15,8472.0,8570.0,8451.0,8562.0,123355.0
2011-07-18,8507.0,8590.0,8469.0,8487.0,123707.0
2011-07-19,8500.0,8546.0,8487.0,8535.0,100795.0
2011-07-20,8620.0,8708.0,8611.0,8698.0,68793.0
2011-07-21,8637.0,8654.0,8615.0,8652.0,63011.0
2011-07-22,8703.0,8740.0,8682.0,8691.0,87424.0
2011-07-25,8650.0,8689.0,8586.0,8608.0,106117.0
2011-07-26,8636.0,8744.0,8628.0,8738.0,111221.0
2011-07-27,8714.0,8772.0,8707.0,8762.0,84296.0
2011-07-28,8695.0,8735.0,8660.0,8728.0,107534.0
2011-07-29,8698.0,8726.0,8592.0,8613.0,143010.0
2011-08-01,8713.0,8728.0,8655.0,8681.0,80934.0
2011-08-02,8600.0,8607.0,8535.0,8574.0,103383.0
2011-08-03,8420.0,8455.0,8367.0,8439.0,114328.0
2011-08-04,8430.0,8488.0,8278.0,8294.0,144711.0
2011-08-05,7820.0,7988.0,7736.0,7766.0,206321.0
2011-08-08,7742.0,7769.0,7260.0,7555.0,267551.0
2011-08-09,7230.0,7607.0,7091.0,7533.0,279725.0
2011-08-10,7597.0,7698.0,7581.0,7662.0,172778.0
2011-08-11,7554.0,7748.0,7461.0,7699.0,221701.0
2011-08-12,7740.0,7794.0,7564.0,7589.0,176888.0
2011-08-15,7723.0,7831.0,7712.0,7817.0,105030.0
2011-08-16,7858.0,7877.0,7735.0,7773.0,140095.0
2011-08-17,7758.0,7824.0,7718.0,7753.0,76314.0
2011-08-18,7580.0,7584.0,7447.0,7500.0,152050.0
2011-08-19,7298.0,7355.0,7191.0,7195.0,161405.0
2011-08-22,7197.0,7433.0,7160.0,7252.0,205725.0
2011-08-23,7301.0,7543.0,7297.0,7509.0,167759.0
2011-08-24,7530.0,7550.0,7340.0,7423.0,194977.0
2011-08-25,7543.0,7559.0,7346.0,7366.0,150577.0
2011-08-26,7399.0,7491.0,7354.0,7447.0,156129.0
2011-08-29,7470.0,7610.0,7440.0,7525.0,135929.0
2011-08-30,7600.0,7632.0,7548.0,7603.0,119955.0
2011-08-31,7617.0,7714.0,7556.0,7707.0,130197.0
2011-09-01,7750.0,7849.0,7681.0,7700.0,155568.0
2011-09-02,7725.0,7745.0,7651.0,7710.0,121605.0
2011-09-05,7550.0,7560.0,7467.0,7480.0,122204.0
2011-09-06,7404.0,7488.0,7313.0,7340.0,171382.0
2011-09-07,7460.0,7538.0,7412.0,7536.0,120616.0
2011-09-08,7565.0,7598.0,7477.0,7550.0,140152.0
2011-09-09,7553.0,7654.0,7510.0,7602.0,153577.0
2011-09-13,7502.0,7538.0,7335.0,7370.0,131651.0
2011-09-14,7398.0,7462.0,7160.0,7193.0,182468.0
2011-09-15,7360.0,7450.0,7324.0,7407.0,156249.0
2011-09-16,7514.0,7628.0,7507.0,7617.0,139098.0
2011-09-19,7580.0,7583.0,7455.0,7478.0,116020.0
2011-09-20,7444.0,7566.0,7369.0,7484.0,180541.0
2011-09-21,7508.0,7591.0,7453.0,7537.0,76416.0
2011-09-22,7362.0,7370.0,7250.0,7276.0,125732.0
2011-09-23,7037.0,7104.0,6972.0,7054.0,153498.0
2011-09-26,7036.0,7048.0,6855.0,6881.0,156941.0
2011-09-27,7038.0,7135.0,7030.0,7135.0,122963.0
2011-09-28,7187.0,7196.0,7067.0,7100.0,126297.0
2011-09-29,7041.0,7208.0,7023.0,7182.0,134437.0
2011-09-30,7182.0,7230.0,7131.0,7182.0,124704.0
2011-10-03,7029.0,7085.0,6959.0,7015.0,115048.0
2011-10-04,6871.0,7098.0,6871.0,7094.0,147003.0
2011-10-05,7058.0,7087.0,6973.0,6990.0,110636.0
2011-10-06,7115.0,7190.0,7100.0,7122.0,120600.0
2011-10-07,7250.0,7260.0,7183.0,7191.0,112034.0
2011-10-11,7353.0,7408.0,7336.0,7407.0,83352.0
2011-10-12,7370.0,7424.0,7340.0,7388.0,96807.0
2011-10-13,7454.0,7460.0,7375.0,7390.0,100698.0
2011-10-14,7400.0,7401.0,7353.0,7377.0,80809.0
2011-10-17,7470.0,7495.0,7408.0,7453.0,105086.0
2011-10-18,7361.0,7389.0,7313.0,7337.0,103316.0
2011-10-19,7342.0,7382.0,7320.0,7330.0,48083.0
2011-10-20,7356.0,7358.0,7213.0,7213.0,98691.0
2011-10-21,7227.0,7272.0,7193.0,7258.0,87535.0
2011-10-24,7394.0,7503.0,7381.0,7494.0,95663.0
2011-10-25,7499.0,7519.0,7463.0,7470.0,75563.0
2011-10-26,7425.0,7573.0,7408.0,7547.0,108104.0
2011-10-27,7549.0,7603.0,7502.0,7590.0,109266.0
2011-10-28,7725.0,7777.0,7611.0,7628.0,132787.0
2011-10-31,7649.0,7682.0,7546.0,7561.0,109659.0
2011-11-01,7570.0,7685.0,7522.0,7637.0,137794.0
2011-11-02,7488.0,7634.0,7451.0,7609.0,134837.0
2011-11-03,7565.0,7580.0,7438.0,7445.0,145531.0
2011-11-04,7605.0,7665.0,7573.0,7630.0,114452.0
2011-11-07,7617.0,7655.0,7591.0,7635.0,76533.0
2011-11-08,7631.0,7709.0,7579.0,7590.0,123361.0
2011-11-09,7655.0,7672.0,7576.0,7614.0,94938.0
2011-11-10,7430.0,7454.0,7275.0,7318.0,147157.0
2011-11-11,7317.0,7384.0,7288.0,7356.0,108018.0
2011-11-14,7493.0,7563.0,7488.0,7541.0,95577.0
2011-11-15,7528.0,7549.0,7481.0,7501.0,84264.0
2011-11-16,7534.0,7562.0,7384.0,7397.0,78514.0
2011-11-17,7333.0,7409.0,7283.0,7404.0,119950.0
2011-11-18,7278.0,7330.0,7234.0,7252.0,127241.0
2011-11-21,7186.0,7188.0,7016.0,7050.0,127792.0
2011-11-22,7050.0,7102.0,6970.0,7023.0,135843.0
2011-11-23,6970.0,6987.0,6798.0,6818.0,147518.0
2011-11-24,6828.0,6903.0,6765.0,6832.0,130321.0
2011-11-25,6870.0,6956.0,6725.0,6757.0,172063.0
2011-11-28,6909.0,6925.0,6850.0,6920.0,115248.0
2011-11-29,6965.0,6996.0,6912.0,6975.0,108654.0
2011-11-30,6943.0,6957.0,6826.0,6903.0,133349.0
2011-12-01,7194.0,7251.0,7140.0,7210.0,117187.0
2011-12-02,7202.0,7214.0,7116.0,7155.0,98794.0
2011-12-05,7165.0,7168.0,7052.0,7133.0,112080.0
2011-12-06,7086.0,7090.0,6953.0,6985.0,106833.0
2011-12-07,7012.0,7063.0,7005.0,7054.0,101832.0
2011-12-08,7015.0,7027.0,6907.0,6961.0,120584.0
2011-12-09,6801.0,6933.0,6790.0,6884.0,144562.0
2011-12-12,6975.0,7016.0,6932.0,6943.0,93960.0
2011-12-13,6855.0,6930.0,6837.0,6897.0,94876.0
2011-12-14,6883.0,6925.0,6857.0,6919.0,77078.0
2011-12-15,6845.0,6858.0,6751.0,6751.0,100907.0
2011-12-16,6772.0,6803.0,6746.0,6775.0,77149.0
2011-12-19,6670.0,6741.0,6613.0,6637.0,122210.0
2011-12-20,6674.0,6704.0,6665.0,6671.0,76742.0
2011-12-21,6831.0,6960.0,6830.0,6952.0,57954.0
2011-12-22,6950.0,6979.0,6936.0,6954.0,58656.0
2011-12-23,7048.0,7124.0,7031.0,7107.0,71134.0
2011-12-26,7108.0,7116.0,7074.0,7103.0,44558.0
2011-12-27,7095.0,7112.0,7035.0,7088.0,74041.0
2011-12-28,7062.0,7088.0,7037.0,7052.0,56327.0
2011-12-29,7012.0,7077.0,7000.0,7073.0,67828.0
2011-12-30,7098.0,7148.0,7036.0,7040.0,88497.0
2012-01-02,7022.0,7051.0,6928.0,6949.0,88560.0
2012-01-03,7020.0,7087.0,7002.0,7049.0,86632.0
2012-01-04,7084.0,7109.0,7043.0,7073.0,87283.0
2012-01-05,7088.0,7124.0,7061.0,7119.0,81932.0
2012-01-06,7100.0,7117.0,7060.0,7085.0,90256.0
2012-01-09,7047.0,7082.0,7026.0,7055.0,76575.0
2012-01-10,7120.0,7180.0,7111.0,7172.0,80808.0
2012-01-11,7185.0,7196.0,7167.0,7179.0,58991.0
2012-01-12,7185.0,7194.0,7161.0,7185.0,53064.0
2012-01-13,7235.0,7263.0,7147.0,7165.0,95431.0
2012-01-16,7236.0,7280.0,7071.0,7093.0,136731.0
2012-01-17,7152.0,7228.0,7118.0,7227.0,108548.0
2012-01-18,7224.0,7248.0,7192.0,7207.0,54107.0
2012-01-30,7352.0,7448.0,7351.0,7390.0,88011.0
2012-01-31,7444.0,7503.0,7422.0,7467.0,107138.0
2012-02-01,7492.0,7548.0,7476.0,7522.0,98775.0
2012-02-02,7620.0,7650.0,7566.0,7642.0,96092.0
2012-02-03,7620.0,7650.0,7602.0,7642.0,79813.0
2012-02-04,7720.0,7758.0,7693.0,7735.0,75806.0
2012-02-06,7706.0,7724.0,7668.0,7685.0,87973.0
2012-02-07,7706.0,7750.0,7675.0,7722.0,107371.0
2012-02-08,7766.0,7895.0,7760.0,7890.0,113980.0
2012-02-09,7860.0,7933.0,7829.0,7923.0,109956.0
2012-02-10,7876.0,7928.0,7850.0,7866.0,102524.0
2012-02-13,7875.0,7937.0,7841.0,7907.0,105798.0
2012-02-14,7905.0,7914.0,7807.0,7874.0,118000.0
2012-02-15,7924.0,8010.0,7890.0,8006.0,66187.0
2012-02-16,7968.0,7994.0,7867.0,7906.0,111267.0
2012-02-17,7982.0,8021.0,7880.0,7932.0,141830.0
2012-02-20,7989.0,8004.0,7927.0,7956.0,91101.0
2012-02-21,7954.0,7975.0,7854.0,7947.0,138398.0
2012-02-22,7918.0,8036.0,7889.0,8004.0,129636.0
2012-02-23,7960.0,7991.0,7941.0,7963.0,83248.0
2012-02-24,7945.0,7975.0,7883.0,7941.0,115253.0
2012-02-29,8006.0,8126.0,8002.0,8114.0,100542.0
2012-03-01,8143.0,8177.0,8114.0,8138.0,91701.0
2012-03-02,8180.0,8187.0,8112.0,8152.0,85994.0
2012-03-03,8130.0,8130.0,8086.0,8120.0,50421.0
2012-03-05,8101.0,8107.0,8003.0,8040.0,106909.0
2012-03-06,8020.0,8034.0,7871.0,7946.0,137557.0
2012-03-07,7854.0,7929.0,7840.0,7895.0,104775.0
2012-03-08,7938.0,8000.0,7883.0,7976.0,109999.0
2012-03-09,7990.0,8030.0,7942.0,8005.0,107445.0
2012-03-12,7998.0,8008.0,7908.0,7921.0,91819.0
2012-03-13,7967.0,8065.0,7965.0,8033.0,114304.0
2012-03-14,8154.0,8188.0,8132.0,8142.0,86162.0
2012-03-15,8140.0,8158.0,8090.0,8134.0,85516.0
2012-03-16,8130.0,8143.0,8058.0,8064.0,85853.0
2012-03-19,8113.0,8116.0,7972.0,8053.0,130033.0
2012-03-20,8077.0,8078.0,7952.0,7984.0,107278.0
2012-03-21,7966.0,8016.0,7951.0,7980.0,64741.0
2012-03-22,8009.0,8095.0,7986.0,8084.0,105507.0
2012-03-23,8101.0,8101.0,8051.0,8080.0,69157.0
2012-03-26,8081.0,8096.0,7938.0,7958.0,120901.0
2012-03-27,8000.0,8022.0,7973.0,8010.0,82263.0
2012-03-28,8015.0,8079.0,7996.0,8030.0,92823.0
2012-03-29,7998.0,8006.0,7820.0,7845.0,137007.0
2012-03-30,7810.0,7907.0,7786.0,7883.0,107110.0
2012-04-02,7888.0,7904.0,7835.0,7866.0,83322.0
2012-04-03,7889.0,7919.0,7736.0,7780.0,138985.0
2012-04-05,7651.0,7663.0,7523.0,7618.0,138350.0
2012-04-06,7640.0,7688.0,7613.0,7673.0,92586.0
2012-04-09,7572.0,7633.0,7503.0,7577.0,107628.0
2012-04-10,7633.0,7683.0,7579.0,7609.0,111434.0
2012-04-11,7511.0,7650.0,7507.0,7641.0,114869.0
2012-04-12,7610.0,7648.0,7568.0,7636.0,111410.0
2012-04-13,7701.0,7766.0,7685.0,7756.0,114567.0
2012-04-16,7700.0,7734.0,7681.0,7712.0,71070.0
2012-04-17,7708.0,7739.0,7585.0,7592.0,128889.0
2012-04-18,7690.0,7692.0,7599.0,7620.0,62080.0
2012-04-19,7591.0,7626.0,7510.0,7614.0,112215.0
2012-04-20,7581.0,7599.0,7489.0,7515.0,109626.0
2012-04-23,7499.0,7510.0,7416.0,7479.0,109398.0
2012-04-24,7451.0,7534.0,7434.0,7488.0,130651.0
2012-04-25,7544.0,7573.0,7510.0,7539.0,90160.0
2012-04-26,7577.0,7585.0,7480.0,7493.0,116655.0
2012-04-27,7546.0,7561.0,7435.0,7446.0,127455.0
2012-04-30,7444.0,7469.0,7395.0,7464.0,84782.0
2012-05-02,7496.0,7683.0,7491.0,7678.0,124081.0
2012-05-03,7676.0,7676.0,7635.0,7657.0,65044.0
2012-05-04,7615.0,7685.0,7583.0,7662.0,104609.0
2012-05-07,7557.0,7578.0,7491.0,7500.0,105959.0
2012-05-08,7520.0,7545.0,7493.0,7523.0,70997.0
2012-05-09,7468.0,7490.0,7417.0,7460.0,111427.0
2012-05-10,7425.0,7516.0,7425.0,7482.0,105113.0
2012-05-11,7458.0,7464.0,7356.0,7367.0,116762.0
2012-05-14,7376.0,7398.0,7327.0,7369.0,91396.0
2012-05-15,7305.0,7406.0,7290.0,7385.0,113623.0
2012-05-16,7356.0,7386.0,7250.0,7255.0,79053.0
2012-05-17,7266.0,7333.0,7251.0,7316.0,107382.0
2012-05-18,7164.0,7230.0,7128.0,7131.0,137508.0
2012-05-21,7179.0,7209.0,7156.0,7188.0,90002.0
2012-05-22,7250.0,7260.0,7202.0,7237.0,84457.0
2012-05-23,7151.0,7170.0,7090.0,7137.0,104162.0
2012-05-24,7156.0,7178.0,7082.0,7131.0,110432.0
2012-05-25,7155.0,7159.0,7048.0,7056.0,112160.0
2012-05-28,7072.0,7133.0,7025.0,7116.0,88137.0
2012-05-29,7124.0,7336.0,7105.0,7292.0,133522.0
2012-05-30,7270.0,7273.0,7196.0,7234.0,106158.0
2012-05-31,7142.0,7255.0,7085.0,7216.0,133197.0
2012-06-01,7200.0,7210.0,7075.0,7100.0,148958.0
2012-06-04,6927.0,6930.0,6832.0,6866.0,136278.0
2012-06-05,6949.0,7005.0,6925.0,6973.0,119982.0
2012-06-06,6989.0,7055.0,6958.0,7013.0,119994.0
2012-06-07,7135.0,7146.0,7020.0,7045.0,109350.0
2012-06-08,7007.0,7040.0,6946.0,6953.0,113544.0
2012-06-11,7090.0,7136.0,7059.0,7093.0,104743.0
2012-06-12,6976.0,7038.0,6962.0,7019.0,91231.0
2012-06-13,7049.0,7070.0,7002.0,7050.0,92489.0
2012-06-14,7042.0,7107.0,7033.0,7067.0,92161.0
2012-06-15,7050.0,7160.0,7042.0,7158.0,105833.0
2012-06-18,7300.0,7323.0,7244.0,7264.0,92004.0
2012-06-19,7266.0,7270.0,7234.0,7267.0,80407.0
2012-06-20,7293.0,7320.0,7281.0,7311.0,50941.0
2012-06-21,7160.0,7163.0,7093.0,7116.0,87665.0
2012-06-22,7002.0,7047.0,6995.0,7038.0,86796.0
2012-06-25,6952.0,6978.0,6938.0,6948.0,79925.0
2012-06-26,6944.0,6960.0,6923.0,6939.0,61535.0
2012-06-27,6918.0,7005.0,6898.0,6986.0,89541.0
2012-06-28,7021.0,7037.0,6962.0,6999.0,93508.0
2012-06-29,6982.0,7128.0,6981.0,7114.0,125080.0
2012-07-02,7133.0,7152.0,7107.0,7135.0,61181.0
2012-07-03,7177.0,7280.0,7161.0,7228.0,100095.0
2012-07-04,7268.0,7327.0,7251.0,7290.0,83106.0
2012-07-05,7303.0,7321.0,7277.0,7298.0,61592.0
2012-07-06,7288.0,7319.0,7237.0,7273.0,88904.0
2012-07-09,7204.0,7272.0,7202.0,7236.0,78681.0
2012-07-10,7251.0,7270.0,7162.0,7179.0,111304.0
2012-07-11,7138.0,7204.0,7133.0,7186.0,84861.0
2012-07-12,7186.0,7188.0,7067.0,7076.0,120546.0
2012-07-13,7070.0,7108.0,7045.0,7071.0,96058.0
2012-07-16,7089.0,7110.0,7020.0,7056.0,98746.0
2012-07-17,7048.0,7136.0,7030.0,7110.0,123931.0
2012-07-18,7110.0,7117.0,7056.0,7059.0,52519.0
2012-07-19,6974.0,7032.0,6945.0,7025.0,105346.0
2012-07-20,7022.0,7039.0,6996.0,7012.0,72895.0
2012-07-23,6915.0,6932.0,6845.0,6874.0,89331.0
2012-07-24,6862.0,6889.0,6850.0,6873.0,70435.0
2012-07-25,6782.0,6912.0,6775.0,6844.0,109485.0
2012-07-26,6856.0,6905.0,6832.0,6876.0,89439.0
2012-07-27,6969.0,7031.0,6946.0,7031.0,101947.0
2012-07-30,7082.0,7102.0,7055.0,7077.0,73940.0
2012-07-31,7102.0,7179.0,7061.0,7156.0,111301.0
2012-08-01,7139.0,7212.0,7135.0,7194.0,91583.0
2012-08-03,7140.0,7164.0,7116.0,7140.0,77401.0
2012-08-06,7278.0,7314.0,7236.0,7239.0,87031.0
2012-08-07,7233.0,7263.0,7223.0,7235.0,62956.0
2012-08-08,7306.0,7336.0,7277.0,7299.0,103055.0
2012-08-09,7371.0,7452.0,7346.0,7441.0,125910.0
2012-08-10,7453.0,7465.0,7425.0,7444.0,68582.0
2012-08-13,7444.0,7475.0,7430.0,7454.0,67806.0
2012-08-14,7484.0,7545.0,7451.0,7498.0,113777.0
2012-08-15,7489.0,7497.0,7433.0,7468.0,43962.0
2012-08-16,7460.0,7520.0,7441.0,7493.0,91628.0
2012-08-17,7503.0,7511.0,7467.0,7472.0,66804.0
2012-08-20,7464.0,7475.0,7398.0,7441.0,85890.0
2012-08-21,7465.0,7553.0,7458.0,7516.0,104595.0
2012-08-22,7494.0,7508.0,7453.0,7491.0,73832.0
2012-08-23,7476.0,7534.0,7468.0,7514.0,92576.0
2012-08-24,7450.0,7490.0,7442.0,7488.0,63615.0
2012-08-27,7535.0,7551.0,7452.0,7454.0,85683.0
2012-08-28,7435.0,7443.0,7375.0,7400.0,90608.0
2012-08-29,7404.0,7413.0,7381.0,7403.0,48276.0
2012-08-30,7360.0,7395.0,7341.0,7367.0,84738.0
2012-08-31,7375.0,7420.0,7363.0,7383.0,75810.0
2012-09-03,7370.0,7465.0,7352.0,7443.0,95691.0
2012-09-04,7443.0,7470.0,7430.0,7449.0,49798.0
2012-09-05,7401.0,7411.0,7341.0,7341.0,89655.0
2012-09-06,7332.0,7368.0,7286.0,7332.0,88818.0
2012-09-07,7471.0,7479.0,7404.0,7420.0,86302.0
2012-09-10,7421.0,7469.0,7414.0,7455.0,67675.0
2012-09-11,7437.0,7490.0,7436.0,7466.0,59702.0
2012-09-12,7525.0,7586.0,7510.0,7586.0,92821.0
2012-09-13,7592.0,7609.0,7571.0,7576.0,65782.0
2012-09-14,7698.0,7758.0,7671.0,7739.0,103221.0
2012-09-17,7739.0,7767.0,7726.0,7753.0,70895.0
2012-09-18,7742.0,7768.0,7713.0,7750.0,76925.0
2012-09-19,7757.0,7795.0,7739.0,7767.0,46387.0
2012-09-20,7782.0,7786.0,7716.0,7749.0,81485.0
2012-09-21,7765.0,7783.0,7748.0,7762.0,61018.0
2012-09-24,7747.0,7805.0,7685.0,7776.0,98891.0
2012-09-25,7792.0,7810.0,7744.0,7755.0,68390.0
2012-09-26,7691.0,7725.0,7670.0,7703.0,74746.0
2012-09-27,7683.0,7730.0,7679.0,7727.0,67769.0
2012-09-28,7726.0,7748.0,7666.0,7720.0,88739.0
2012-10-01,7690.0,7706.0,7666.0,7685.0,50167.0
2012-10-02,7716.0,7748.0,7693.0,7730.0,67005.0
2012-10-03,7740.0,7742.0,7687.0,7705.0,58958.0
2012-10-04,7707.0,7715.0,7633.0,7706.0,103623.0
2012-10-05,7711.0,7733.0,7680.0,7700.0,74558.0
2012-10-08,7677.0,7692.0,7612.0,7625.0,84411.0
2012-10-09,7629.0,7647.0,7596.0,7597.0,86468.0
2012-10-11,7483.0,7506.0,7442.0,7443.0,95582.0
2012-10-12,7434.0,7463.0,7385.0,7414.0,92390.0
2012-10-15,7396.0,7434.0,7385.0,7423.0,74135.0
2012-10-16,7460.0,7462.0,7435.0,7458.0,62568.0
2012-10-17,7510.0,7525.0,7451.0,7460.0,50723.0
2012-10-18,7467.0,7479.0,7444.0,7452.0,57034.0
2012-10-19,7468.0,7469.0,7385.0,7385.0,78020.0
2012-10-22,7300.0,7360.0,7289.0,7346.0,71985.0
2012-10-23,7342.0,7350.0,7293.0,7297.0,65177.0
2012-10-24,7230.0,7347.0,7225.0,7302.0,100109.0
2012-10-25,7303.0,7319.0,7251.0,7258.0,75504.0
2012-10-26,7226.0,7287.0,7090.0,7092.0,124395.0
2012-10-29,7110.0,7153.0,7091.0,7122.0,86593.0
2012-10-30,7170.0,7220.0,7141.0,7161.0,104953.0
2012-10-31,7192.0,7212.0,7125.0,7140.0,89170.0
2012-11-01,7098.0,7192.0,7029.0,7172.0,140249.0
2012-11-02,7214.0,7225.0,7182.0,7201.0,74949.0
2012-11-05,7190.0,7222.0,7146.0,7180.0,85380.0
2012-11-06,7180.0,7259.0,7163.0,7259.0,78730.0
2012-11-07,7205.0,7293.0,7192.0,7257.0,138988.0
2012-11-08,7168.0,7220.0,7160.0,7200.0,87322.0
2012-11-09,7136.0,7301.0,7126.0,7285.0,125251.0
2012-11-12,7265.0,7304.0,7238.0,7241.0,73703.0
2012-11-13,7227.0,7239.0,7092.0,7096.0,116093.0
2012-11-14,7081.0,7150.0,7077.0,7128.0,85707.0
2012-11-15,7095.0,7156.0,7036.0,7121.0,110846.0
2012-11-16,7116.0,7179.0,7082.0,7107.0,106108.0
2012-11-19,7147.0,7168.0,7120.0,7123.0,85220.0
2012-11-20,7174.0,7181.0,7131.0,7160.0,73796.0
2012-11-21,7176.0,7178.0,7051.0,7084.0,63354.0
2012-11-22,7096.0,7115.0,7081.0,7089.0,64895.0
2012-11-23,7123.0,7327.0,7120.0,7322.0,120286.0
2012-11-26,7362.0,7409.0,7357.0,7388.0,66389.0
2012-11-27,7410.0,7435.0,7380.0,7424.0,76309.0
2012-11-28,7407.0,7439.0,7390.0,7428.0,62717.0
2012-11-29,7470.0,7539.0,7465.0,7525.0,98874.0
2012-11-30,7535.0,7605.0,7524.0,7593.0,97251.0
2012-12-03,7596.0,7647.0,7560.0,7599.0,94211.0
2012-12-04,7560.0,7603.0,7548.0,7594.0,76536.0
2012-12-05,7593.0,7678.0,7576.0,7653.0,96482.0
2012-12-06,7654.0,7673.0,7623.0,7640.0,68952.0
2012-12-07,7658.0,7691.0,7642.0,7660.0,73118.0
2012-12-10,7680.0,7686.0,7600.0,7623.0,76659.0
2012-12-11,7639.0,7645.0,7579.0,7638.0,78461.0
2012-12-12,7657.0,7725.0,7652.0,7698.0,89122.0
2012-12-13,7718.0,7778.0,7708.0,7772.0,82175.0
2012-12-14,7738.0,7747.0,7701.0,7703.0,84818.0
2012-12-17,7690.0,7707.0,7615.0,7652.0,100268.0
2012-12-18,7660.0,7665.0,7621.0,7655.0,70612.0
2012-12-19,7698.0,7709.0,7655.0,7659.0,46969.0
2012-12-20,7631.0,7633.0,7556.0,7560.0,79058.0
2012-12-21,7565.0,7578.0,7472.0,7491.0,107770.0
2012-12-22,7556.0,7558.0,7523.0,7525.0,30095.0
2012-12-24,7500.0,7564.0,7491.0,7518.0,51155.0
2012-12-25,7555.0,7688.0,7538.0,7674.0,85986.0
2012-12-26,7651.0,7685.0,7623.0,7634.0,65775.0
2012-12-27,7602.0,7666.0,7584.0,7629.0,80035.0
2012-12-28,7650.0,7708.0,7647.0,7675.0,69670.0
2013-01-02,7720.0,7804.0,7702.0,7772.0,89092.0
2013-01-03,7811.0,7836.0,7803.0,7823.0,63225.0
2013-01-04,7800.0,7809.0,7751.0,7774.0,71943.0
2013-01-07,7743.0,7774.0,7700.0,7742.0,81337.0
2013-01-08,7732.0,7747.0,7673.0,7705.0,90290.0
2013-01-09,7686.0,7774.0,7682.0,7740.0,88574.0
2013-01-10,7762.0,7846.0,7759.0,7836.0,122619.0
2013-01-11,7863.0,7867.0,7796.0,7799.0,90984.0
2013-01-14,7730.0,7828.0,7705.0,7827.0,111839.0
2013-01-15,7800.0,7812.0,7728.0,7741.0,99174.0
2013-01-16,7750.0,7769.0,7698.0,7717.0,58511.0
2013-01-17,7702.0,7767.0,7582.0,7612.0,146042.0
2013-01-18,7692.0,7723.0,7666.0,7711.0,86279.0
2013-01-21,7683.0,7736.0,7645.0,7703.0,94447.0
2013-01-22,7722.0,7765.0,7672.0,7751.0,106112.0
2013-01-23,7777.0,7788.0,7714.0,7723.0,77820.0
2013-01-24,7688.0,7728.0,7625.0,7682.0,121098.0
2013-01-25,7662.0,7688.0,7612.0,7649.0,98883.0
2013-01-28,7620.0,7731.0,7620.0,7730.0,92771.0
2013-01-29,7759.0,7822.0,7736.0,7819.0,99284.0
2013-01-30,7846.0,7859.0,7791.0,7800.0,100596.0
2013-01-31,7815.0,7850.0,7778.0,7848.0,84766.0
2013-02-01,7859.0,7901.0,7825.0,7858.0,87506.0
2013-02-04,7878.0,7952.0,7872.0,7940.0,87092.0
2013-02-05,7885.0,7913.0,7868.0,7905.0,74233.0
2013-02-06,7916.0,7952.0,7891.0,7900.0,72671.0
2013-02-18,7967.0,7978.0,7913.0,7935.0,77582.0
2013-02-19,7950.0,7970.0,7941.0,7959.0,60019.0
2013-02-20,8008.0,8027.0,7983.0,8023.0,52976.0
2013-02-21,7987.0,7998.0,7948.0,7949.0,63895.0
2013-02-22,7939.0,7976.0,7903.0,7951.0,85371.0
2013-02-23,7974.0,7994.0,7970.0,7993.0,27144.0
2013-02-25,7985.0,7992.0,7935.0,7941.0,72527.0
2013-02-26,7893.0,7920.0,7862.0,7885.0,82377.0
2013-02-27,7907.0,7909.0,7862.0,7879.0,53936.0
2013-03-01,7945.0,7950.0,7920.0,7936.0,44461.0
2013-03-04,7935.0,7937.0,7827.0,7845.0,94448.0
2013-03-05,7867.0,7931.0,7862.0,7913.0,74896.0
2013-03-06,7980.0,7998.0,7935.0,7947.0,83576.0
2013-03-07,7933.0,7982.0,7921.0,7938.0,72539.0
2013-03-08,7968.0,8032.0,7965.0,8008.0,81964.0
2013-03-11,8010.0,8068.0,7993.0,8043.0,79351.0
2013-03-12,8040.0,8058.0,7983.0,7999.0,75116.0
2013-03-13,8000.0,8035.0,7951.0,7990.0,106264.0
2013-03-14,7997.0,7997.0,7941.0,7953.0,80451.0
2013-03-15,7969.0,7986.0,7906.0,7910.0,108975.0
2013-03-18,7857.0,7868.0,7790.0,7792.0,102089.0
2013-03-19,7838.0,7852.0,7816.0,7833.0,76505.0
2013-03-20,7780.0,7842.0,7775.0,7796.0,52532.0
2013-03-21,7803.0,7816.0,7781.0,7797.0,68584.0
2013-03-22,7780.0,7814.0,7764.0,7776.0,63792.0
2013-03-25,7842.0,7865.0,7826.0,7851.0,60627.0
2013-03-26,7845.0,7848.0,7822.0,7836.0,52993.0
2013-03-27,7841.0,7876.0,7827.0,7860.0,74979.0
2013-03-28,7859.0,7875.0,7820.0,7842.0,64977.0
2013-03-29,7884.0,7935.0,7871.0,7923.0,73177.0
2013-04-01,7938.0,7942.0,7907.0,7920.0,45554.0
2013-04-02,7907.0,7927.0,7875.0,7905.0,80431.0
2013-04-03,7944.0,7953.0,7910.0,7934.0,67602.0
2013-04-08,7859.0,7870.0,7733.0,7739.0,128621.0
2013-04-09,7717.0,7750.0,7697.0,7709.0,84475.0
2013-04-10,7737.0,7745.0,7713.0,7728.0,59229.0
2013-04-11,7776.0,7825.0,7759.0,7818.0,84730.0
2013-04-12,7822.0,7832.0,7783.0,7784.0,64379.0
2013-04-15,7763.0,7816.0,7729.0,7763.0,109119.0
2013-04-16,7710.0,7786.0,7693.0,7780.0,118952.0
2013-04-17,7783.0,7809.0,7772.0,7809.0,57751.0
2013-04-18,7715.0,7775.0,7700.0,7751.0,104794.0
2013-04-19,7784.0,7945.0,7782.0,7944.0,139916.0
2013-04-22,7952.0,7976.0,7938.0,7953.0,64238.0
2013-04-23,7942.0,7951.0,7896.0,7928.0,79418.0
2013-04-24,7967.0,8015.0,7949.0,7991.0,110367.0
2013-04-25,7976.0,8009.0,7970.0,8004.0,71490.0
2013-04-26,8010.0,8066.0,7996.0,7998.0,94160.0
2013-04-29,8010.0,8042.0,8001.0,8023.0,62673.0
2013-04-30,8067.0,8122.0,8062.0,8098.0,79288.0
2013-05-02,8083.0,8127.0,8083.0,8120.0,63345.0
2013-05-03,8139.0,8174.0,8119.0,8140.0,82194.0
2013-05-06,8200.0,8209.0,8154.0,8169.0,67723.0
2013-05-07,8180.0,8187.0,8150.0,8173.0,61199.0
2013-05-08,8188.0,8302.0,8186.0,8268.0,130480.0
2013-05-09,8301.0,8330.0,8290.0,8313.0,83971.0
2013-05-10,8294.0,8312.0,8280.0,8312.0,65770.0
2013-05-13,8311.0,8314.0,8229.0,8260.0,100298.0
2013-05-14,8280.0,8307.0,8244.0,8274.0,98400.0
2013-05-15,8299.0,8311.0,8260.0,8304.0,61581.0
2013-05-16,8325.0,8440.0,8320.0,8423.0,122633.0
2013-05-17,8405.0,8423.0,8386.0,8403.0,60464.0
2013-05-20,8398.0,8401.0,8341.0,8386.0,74722.0
2013-05-21,8380.0,8441.0,8357.0,8390.0,102289.0
2013-05-22,8435.0,8449.0,8392.0,8394.0,82669.0
2013-05-23,8337.0,8355.0,8210.0,8213.0,140140.0
2013-05-24,8238.0,8248.0,8146.0,8222.0,102660.0
2013-05-27,8184.0,8268.0,8184.0,8256.0,86472.0
2013-05-28,8268.0,8283.0,8245.0,8258.0,69512.0
2013-05-29,8257.0,8345.0,8246.0,8312.0,106194.0
2013-05-30,8304.0,8304.0,8204.0,8231.0,121294.0
2013-05-31,8277.0,8342.0,8226.0,8242.0,125054.0
2013-06-03,8100.0,8205.0,8092.0,8193.0,107007.0
2013-06-04,8223.0,8228.0,8150.0,8162.0,92115.0
2013-06-05,8130.0,8196.0,8124.0,8145.0,90608.0
2013-06-06,8098.0,8129.0,8061.0,8103.0,116805.0
2013-06-07,8081.0,8110.0,8049.0,8087.0,99118.0
2013-06-10,8142.0,8185.0,8128.0,8147.0,88305.0
2013-06-11,8135.0,8157.0,8107.0,8128.0,78773.0
2013-06-13,8050.0,8055.0,7931.0,7933.0,127540.0
2013-06-14,7983.0,7985.0,7905.0,7920.0,91743.0
2013-06-17,7923.0,7982.0,7920.0,7973.0,80161.0
2013-06-18,7971.0,8011.0,7937.0,7994.0,108806.0
2013-06-19,8005.0,8038.0,7987.0,8019.0,60936.0
2013-06-20,7795.0,7819.0,7739.0,7748.0,107714.0
2013-06-21,7600.0,7680.0,7589.0,7658.0,124153.0
2013-06-24,7628.0,7663.0,7602.0,7630.0,91483.0
2013-06-25,7613.0,7683.0,7580.0,7606.0,158891.0
2013-06-26,7650.0,7689.0,7609.0,7637.0,121002.0
2013-06-27,7735.0,7746.0,7700.0,7713.0,92515.0
2013-06-28,7755.0,7860.0,7729.0,7828.0,121780.0
2013-07-01,7818.0,7916.0,7811.0,7903.0,101184.0
2013-07-02,7905.0,7920.0,7880.0,7906.0,69586.0
2013-07-03,7884.0,7894.0,7806.0,7811.0,99164.0
2013-07-04,7839.0,7864.0,7802.0,7844.0,90570.0
2013-07-05,7885.0,7979.0,7871.0,7965.0,109225.0
2013-07-08,7955.0,7964.0,7820.0,7830.0,117123.0
2013-07-09,7830.0,7931.0,7823.0,7924.0,116183.0
2013-07-10,7938.0,8017.0,7921.0,7961.0,133445.0
2013-07-11,8107.0,8166.0,8061.0,8163.0,117871.0
2013-07-12,8164.0,8188.0,8138.0,8176.0,64591.0
2013-07-15,8141.0,8238.0,8135.0,8216.0,110657.0
2013-07-16,8230.0,8233.0,8193.0,8230.0,77162.0
2013-07-17,8209.0,8257.0,8202.0,8242.0,49919.0
2013-07-18,8158.0,8169.0,8088.0,8096.0,99742.0
2013-07-19,8059.0,8073.0,7953.0,7955.0,130696.0
2013-07-22,7974.0,8053.0,7970.0,8022.0,85680.0
2013-07-23,8068.0,8156.0,8060.0,8134.0,115683.0
2013-07-24,8142.0,8148.0,8100.0,8126.0,77552.0
2013-07-25,8100.0,8158.0,8056.0,8107.0,101640.0
2013-07-26,8109.0,8183.0,8088.0,8100.0,107217.0
2013-07-29,8082.0,8108.0,8017.0,8035.0,99697.0
2013-07-30,8060.0,8145.0,8057.0,8130.0,97473.0
2013-07-31,8120.0,8133.0,8046.0,8049.0,89142.0
2013-08-01,8049.0,8080.0,8000.0,8045.0,96228.0
2013-08-02,8098.0,8146.0,8048.0,8060.0,115177.0
2013-08-05,8072.0,8108.0,8022.0,8098.0,88505.0
2013-08-06,8059.0,8075.0,7972.0,7991.0,106562.0
2013-08-07,7912.0,7939.0,7845.0,7845.0,98256.0
2013-08-08,7875.0,7893.0,7844.0,7846.0,77382.0
2013-08-09,7848.0,7882.0,7802.0,7825.0,118651.0
2013-08-12,7848.0,7882.0,7820.0,7860.0,75573.0
2013-08-13,7894.0,7959.0,7887.0,7954.0,88013.0
2013-08-14,7959.0,7960.0,7888.0,7928.0,86574.0
2013-08-15,7843.0,7878.0,7805.0,7861.0,90020.0
2013-08-16,7809.0,7944.0,7800.0,7916.0,135604.0
2013-08-19,7878.0,7903.0,7855.0,7887.0,76711.0
2013-08-20,7850.0,7920.0,7800.0,7805.0,122385.0
2013-08-22,7700.0,7823.0,7695.0,7813.0,60397.0
2013-08-23,7760.0,7816.0,7753.0,7786.0,87872.0
2013-08-26,7818.0,7844.0,7787.0,7824.0,77414.0
2013-08-27,7802.0,7818.0,7747.0,7757.0,84175.0
2013-08-28,7699.0,7781.0,7678.0,7780.0,108500.0
2013-08-29,7798.0,7900.0,7788.0,7896.0,106632.0
2013-08-30,7898.0,7983.0,7880.0,7969.0,101116.0
2013-09-02,7964.0,8025.0,7956.0,8018.0,87835.0
2013-09-03,8038.0,8079.0,8025.0,8052.0,83489.0
2013-09-04,8028.0,8074.0,8005.0,8071.0,88373.0
2013-09-05,8091.0,8141.0,8071.0,8130.0,98558.0
2013-09-06,8129.0,8153.0,8120.0,8139.0,61960.0
2013-09-09,8150.0,8184.0,8095.0,8159.0,100993.0
2013-09-10,8189.0,8220.0,8136.0,8171.0,101742.0
2013-09-11,8199.0,8200.0,8131.0,8191.0,110597.0
2013-09-12,8187.0,8217.0,8164.0,8194.0,90528.0
2013-09-13,8198.0,8215.0,8146.0,8146.0,71727.0
2013-09-14,8178.0,8179.0,8148.0,8162.0,32151.0
2013-09-16,8214.0,8259.0,8197.0,8249.0,81309.0
2013-09-17,8217.0,8242.0,8209.0,8240.0,61438.0
2013-09-18,8255.0,8268.0,8223.0,8238.0,44188.0
2013-09-23,8185.0,8269.0,8180.0,8256.0,72601.0
2013-09-24,8251.0,8273.0,8221.0,8268.0,72399.0
2013-09-25,8250.0,8258.0,8222.0,8233.0,69047.0
2013-09-26,8220.0,8241.0,8156.0,8183.0,89062.0
2013-09-27,8190.0,8207.0,8176.0,8183.0,53228.0
2013-09-30,8114.0,8156.0,8083.0,8120.0,96072.0
2013-10-01,8153.0,8175.0,8138.0,8150.0,72550.0
2013-10-02,8185.0,8192.0,8157.0,8157.0,66374.0
2013-10-03,8172.0,8385.0,8171.0,8378.0,121376.0
2013-10-04,8357.0,8393.0,8345.0,8366.0,76363.0
2013-10-07,8367.0,8370.0,8296.0,8326.0,68526.0
2013-10-08,8302.0,8383.0,8291.0,8374.0,86038.0
2013-10-09,8324.0,8377.0,8319.0,8335.0,72882.0
2013-10-11,8439.0,8450.0,8355.0,8361.0,95865.0
2013-10-14,8345.0,8348.0,8273.0,8294.0,94880.0
2013-10-15,8359.0,8385.0,8338.0,8354.0,86777.0
2013-10-16,8372.0,8377.0,8340.0,8345.0,36523.0
2013-10-17,8380.0,8422.0,8356.0,8363.0,76826.0
2013-10-18,8382.0,8429.0,8373.0,8416.0,71072.0
2013-10-21,8441.0,8445.0,8393.0,8401.0,59834.0
2013-10-22,8377.0,8423.0,8352.0,8414.0,75663.0
2013-10-23,8436.0,8440.0,8340.0,8361.0,95797.0
2013-10-24,8348.0,8400.0,8326.0,8391.0,78189.0
2013-10-25,8353.0,8366.0,8291.0,8322.0,98615.0
2013-10-28,8320.0,8410.0,8320.0,8388.0,73935.0
2013-10-29,8362.0,8435.0,8359.0,8410.0,98283.0
2013-10-30,8424.0,8460.0,8405.0,8441.0,75193.0
2013-10-31,8422.0,8465.0,8408.0,8427.0,77387.0
2013-11-01,8457.0,8476.0,8372.0,8393.0,101517.0
2013-11-04,8360.0,8369.0,8313.0,8339.0,81711.0
2013-11-05,8326.0,8353.0,8255.0,8268.0,99344.0
2013-11-06,8281.0,8288.0,8231.0,8269.0,86347.0
2013-11-07,8266.0,8279.0,8224.0,8257.0,74161.0
2013-11-08,8230.0,8269.0,8211.0,8224.0,77595.0
2013-11-11,8230.0,8236.0,8179.0,8195.0,74493.0
2013-11-12,8225.0,8247.0,8172.0,8216.0,83476.0
2013-11-13,8186.0,8193.0,8101.0,8107.0,90870.0
2013-11-14,8143.0,8157.0,8085.0,8124.0,85513.0
2013-11-15,8177.0,8214.0,8148.0,8159.0,93361.0
2013-11-18,8194.0,8223.0,8178.0,8189.0,76515.0
2013-11-19,8224.0,8256.0,8208.0,8249.0,81106.0
2013-11-20,8230.0,8258.0,8216.0,8219.0,36809.0
2013-11-21,8166.0,8170.0,8062.0,8078.0,96488.0
2013-11-22,8078.0,8110.0,8076.0,8086.0,55847.0
2013-11-25,8145.0,8218.0,8142.0,8195.0,77378.0
2013-11-26,8166.0,8277.0,8154.0,8249.0,100277.0
2013-11-27,8236.0,8300.0,8232.0,8299.0,73671.0
2013-11-28,8350.0,8392.0,8338.0,8378.0,73050.0
2013-11-29,8375.0,8428.0,8372.0,8427.0,65787.0
2013-12-02,8431.0,8447.0,8391.0,8413.0,73323.0
2013-12-03,8392.0,8424.0,8378.0,8409.0,65908.0
2013-12-04,8375.0,8449.0,8372.0,8436.0,93441.0
2013-12-05,8423.0,8443.0,8352.0,8379.0,100533.0
2013-12-06,8377.0,8409.0,8354.0,8384.0,77433.0
2013-12-09,8455.0,8495.0,8445.0,8456.0,76944.0
2013-12-10,8431.0,8458.0,8427.0,8455.0,55279.0
2013-12-11,8458.0,8510.0,8422.0,8432.0,110731.0
2013-12-12,8390.0,8406.0,8358.0,8392.0,85000.0
2013-12-13,8359.0,8404.0,8352.0,8397.0,78852.0
2013-12-16,8375.0,8385.0,8325.0,8336.0,95020.0
2013-12-17,8383.0,8385.0,8358.0,8362.0,57370.0
2013-12-18,8380.0,8380.0,8338.0,8338.0,31195.0
2013-12-19,8392.0,8431.0,8371.0,8392.0,83798.0
2013-12-20,8391.0,8428.0,8382.0,8415.0,63180.0
2013-12-23,8449.0,8495.0,8445.0,8475.0,53452.0
2013-12-24,8480.0,8487.0,8462.0,8483.0,34318.0
2013-12-25,8500.0,8504.0,8488.0,8500.0,28150.0
2013-12-26,8510.0,8514.0,8483.0,8501.0,30200.0
2013-12-27,8496.0,8550.0,8490.0,8543.0,56418.0
2013-12-30,8549.0,8637.0,8546.0,8625.0,70122.0
2013-12-31,8650.0,8664.0,8622.0,8633.0,51329.0
2014-01-02,8644.0,8649.0,8585.0,8618.0,70152.0
2014-01-03,8595.0,8597.0,8530.0,8541.0,82686.0
2014-01-06,8539.0,8561.0,8503.0,8528.0,81494.0
2014-01-07,8528.0,8575.0,8525.0,8551.0,76176.0
2014-01-08,8556.0,8599.0,8550.0,8586.0,69802.0
2014-01-09,8565.0,8573.0,8514.0,8528.0,99558.0
2014-01-10,8523.0,8548.0,8516.0,8539.0,63745.0
2014-01-13,8598.0,8629.0,8566.0,8572.0,95870.0
2014-01-14,8530.0,8559.0,8514.0,8547.0,73027.0
2014-01-15,8570.0,8613.0,8563.0,8610.0,52535.0
2014-01-16,8650.0,8662.0,8610.0,8618.0,65354.0
2014-01-17,8610.0,8625.0,8577.0,8606.0,76169.0
2014-01-20,8585.0,8634.0,8571.0,8622.0,69809.0
2014-01-21,8642.0,8647.0,8611.0,8623.0,65389.0
2014-01-22,8595.0,8636.0,8585.0,8635.0,61473.0
2014-01-23,8646.0,8650.0,8587.0,8596.0,77610.0
2014-01-24,8570.0,8629.0,8551.0,8619.0,76250.0
2014-01-27,8510.0,8547.0,8445.0,8446.0,124091.0
2014-02-05,8302.0,8328.0,8196.0,8243.0,123024.0
2014-02-06,8278.0,8292.0,8247.0,8275.0,81137.0
2014-02-07,8327.0,8373.0,8315.0,8339.0,84636.0
2014-02-10,8375.0,8403.0,8353.0,8355.0,75690.0
2014-02-11,8354.0,8415.0,8346.0,8414.0,69071.0
2014-02-12,8447.0,8496.0,8437.0,8481.0,84727.0
2014-02-13,8495.0,8495.0,8443.0,8443.0,60328.0
2014-02-14,8496.0,8568.0,8488.0,8508.0,108056.0
2014-02-17,8547.0,8557.0,8514.0,8528.0,68133.0
2014-02-18,8530.0,8564.0,8506.0,8562.0,74608.0
2014-02-19,8535.0,8569.0,8535.0,8557.0,33192.0
2014-02-20,8530.0,8548.0,8483.0,8483.0,104153.0
2014-02-21,8555.0,8598.0,8555.0,8587.0,70932.0
2014-02-24,8591.0,8605.0,8534.0,8549.0,73629.0
2014-02-25,8603.0,8608.0,8565.0,8573.0,59959.0
2014-02-26,8565.0,8627.0,8553.0,8608.0,78863.0
2014-02-27,8609.0,8631.0,8602.0,8624.0,62426.0
2014-03-03,8559.0,8580.0,8510.0,8566.0,102233.0
2014-03-04,8560.0,8582.0,8539.0,8553.0,68908.0
2014-03-05,8640.0,8647.0,8610.0,8619.0,59854.0
2014-03-06,8623.0,8709.0,8619.0,8695.0,87968.0
2014-03-07,8730.0,8772.0,8676.0,8705.0,104339.0
2014-03-10,8673.0,8694.0,8654.0,8677.0,69919.0
2014-03-11,8690.0,8723.0,8678.0,8715.0,67391.0
2014-03-12,8666.0,8673.0,8645.0,8662.0,73277.0
2014-03-13,8702.0,8756.0,8694.0,8740.0,84582.0
2014-03-14,8673.0,8701.0,8671.0,8693.0,58515.0
2014-03-17,8703.0,8715.0,8655.0,8701.0,77365.0
2014-03-18,8745.0,8751.0,8712.0,8727.0,65644.0
2014-03-19,8734.0,8742.0,8684.0,8696.0,47587.0
2014-03-20,8638.0,8639.0,8561.0,8568.0,95027.0
2014-03-21,8586.0,8598.0,8558.0,8575.0,66251.0
2014-03-24,8550.0,8605.0,8523.0,8601.0,99699.0
2014-03-25,8589.0,8660.0,8576.0,8659.0,91751.0
2014-03-26,8708.0,8722.0,8682.0,8711.0,77869.0
2014-03-27,8705.0,8756.0,8695.0,8754.0,86325.0
2014-03-28,8754.0,8776.0,8729.0,8735.0,78831.0
2014-03-31,8779.0,8794.0,8734.0,8789.0,76765.0
2014-04-01,8780.0,8833.0,8773.0,8829.0,77021.0
2014-04-02,8850.0,8888.0,8841.0,8855.0,73667.0
2014-04-03,8858.0,8878.0,8845.0,8868.0,58189.0
2014-04-07,8811.0,8861.0,8803.0,8858.0,63927.0
2014-04-08,8853.0,8887.0,8837.0,8879.0,79196.0
2014-04-09,8886.0,8903.0,8878.0,8896.0,52603.0
2014-04-10,8929.0,8939.0,8866.0,8907.0,86825.0
2014-04-11,8850.0,8891.0,8840.0,8870.0,95782.0
2014-04-14,8870.0,8885.0,8853.0,8858.0,65746.0
2014-04-15,8861.0,8902.0,8859.0,8896.0,72126.0
2014-04-16,8910.0,8956.0,8887.0,8955.0,49182.0
2014-04-17,8884.0,8910.0,8872.0,8897.0,77255.0
2014-04-18,8961.0,8972.0,8916.0,8918.0,63285.0
2014-04-21,8917.0,8926.0,8903.0,8923.0,36842.0
2014-04-22,8925.0,8962.0,8917.0,8950.0,60169.0
2014-04-23,8970.0,8980.0,8910.0,8922.0,80288.0
2014-04-24,8928.0,8942.0,8915.0,8937.0,54152.0
2014-04-25,8925.0,8928.0,8743.0,8750.0,174633.0
2014-04-28,8698.0,8835.0,8690.0,8819.0,129874.0
2014-04-29,8828.0,8855.0,8809.0,8840.0,91179.0
2014-04-30,8850.0,8857.0,8750.0,8758.0,122688.0
2014-05-02,8768.0,8843.0,8761.0,8841.0,90635.0
2014-05-05,8864.0,8888.0,8802.0,8827.0,94208.0
2014-05-06,8849.0,8889.0,8813.0,8885.0,97864.0
2014-05-07,8845.0,8861.0,8809.0,8840.0,104464.0
2014-05-08,8860.0,8887.0,8836.0,8881.0,88751.0
2014-05-09,8888.0,8889.0,8833.0,8842.0,77008.0
2014-05-12,8842.0,8850.0,8790.0,8821.0,88270.0
2014-05-13,8855.0,8875.0,8821.0,8830.0,83445.0
2014-05-14,8855.0,8885.0,8830.0,8882.0,85759.0
2014-05-15,8868.0,8887.0,8857.0,8877.0,59657.0
2014-05-16,8842.0,8883.0,8816.0,8876.0,88877.0
2014-05-19,8876.0,8901.0,8869.0,8888.0,70962.0
2014-05-20,8902.0,8926.0,8890.0,8897.0,74046.0
2014-05-21,8892.0,8909.0,8850.0,8860.0,54036.0
2014-05-22,8873.0,8960.0,8866.0,8959.0,100620.0
2014-05-23,8971.0,9014.0,8966.0,9013.0,75182.0
2014-05-26,9020.0,9049.0,9009.0,9041.0,51900.0
2014-05-27,9047.0,9058.0,9025.0,9056.0,52031.0
2014-05-28,9062.0,9144.0,9055.0,9136.0,94218.0
2014-05-29,9132.0,9149.0,9111.0,9116.0,69424.0
2014-05-30,9121.0,9130.0,9086.0,9091.0,76393.0
2014-06-03,9112.0,9133.0,9061.0,9104.0,83254.0
2014-06-04,9118.0,9124.0,9097.0,9102.0,53898.0
2014-06-05,9117.0,9118.0,9074.0,9118.0,67500.0
2014-06-06,9138.0,9158.0,9120.0,9125.0,59766.0
2014-06-09,9140.0,9155.0,9129.0,9146.0,45298.0
2014-06-10,9159.0,9202.0,9155.0,9185.0,72200.0
2014-06-11,9194.0,9212.0,9183.0,9211.0,43499.0
2014-06-12,9195.0,9215.0,9181.0,9204.0,46433.0
2014-06-13,9170.0,9199.0,9156.0,9198.0,69155.0
2014-06-16,9180.0,9214.0,9175.0,9200.0,54947.0
2014-06-17,9207.0,9248.0,9203.0,9241.0,66123.0
2014-06-18,9241.0,9307.0,9208.0,9302.0,64896.0
2014-06-19,9187.0,9237.0,9181.0,9225.0,74612.0
2014-06-20,9227.0,9230.0,9178.0,9180.0,74727.0
2014-06-23,9179.0,9206.0,9151.0,9166.0,82798.0
2014-06-24,9174.0,9198.0,9165.0,9172.0,65966.0
2014-06-25,9146.0,9170.0,9137.0,9157.0,63400.0
2014-06-26,9181.0,9237.0,9176.0,9233.0,75765.0
2014-06-27,9231.0,9244.0,9205.0,9207.0,58349.0
2014-06-30,9220.0,9307.0,9218.0,9290.0,77543.0
2014-07-01,9299.0,9401.0,9289.0,9384.0,101041.0
2014-07-02,9404.0,9488.0,9310.0,9402.0,178185.0
2014-07-03,9396.0,9463.0,9367.0,9455.0,111701.0
2014-07-04,9488.0,9494.0,9411.0,9453.0,105559.0
2014-07-07,9452.0,9453.0,9398.0,9451.0,86345.0
2014-07-08,9452.0,9492.0,9440.0,9477.0,82334.0
2014-07-09,9450.0,9477.0,9436.0,9465.0,77026.0
2014-07-10,9466.0,9556.0,9462.0,9553.0,100623.0
2014-07-11,9540.0,9566.0,9450.0,9487.0,157882.0
2014-07-14,9479.0,9529.0,9478.0,9525.0,85979.0
2014-07-15,9575.0,9581.0,9534.0,9561.0,92920.0
2014-07-16,9547.0,9564.0,9475.0,9483.0,67424.0
2014-07-17,9392.0,9402.0,9326.0,9356.0,123718.0
2014-07-18,9285.0,9372.0,9281.0,9339.0,107971.0
2014-07-21,9380.0,9406.0,9356.0,9364.0,78887.0
2014-07-22,9384.0,9434.0,9352.0,9433.0,100000.0
2014-07-24,9456.0,9470.0,9432.0,9469.0,86204.0
2014-07-25,9460.0,9465.0,9357.0,9390.0,118354.0
2014-07-28,9370.0,9422.0,9342.0,9387.0,113816.0
2014-07-29,9425.0,9446.0,9343.0,9361.0,128049.0
2014-07-30,9367.0,9429.0,9366.0,9416.0,99330.0
2014-07-31,9433.0,9438.0,9265.0,9290.0,134333.0
2014-08-01,9236.0,9264.0,9209.0,9253.0,104509.0
2014-08-04,9260.0,9297.0,9233.0,9286.0,81817.0
2014-08-05,9249.0,9256.0,9083.0,9095.0,149588.0
2014-08-06,9079.0,9129.0,9059.0,9098.0,121642.0
2014-08-07,9111.0,9134.0,9065.0,9092.0,84268.0
2014-08-08,9052.0,9093.0,8991.0,9090.0,123219.0
2014-08-11,9132.0,9162.0,9110.0,9141.0,80134.0
2014-08-12,9152.0,9158.0,9103.0,9121.0,87612.0
2014-08-13,9132.0,9204.0,9120.0,9199.0,94649.0
2014-08-14,9228.0,9253.0,9203.0,9218.0,85033.0
2014-08-15,9210.0,9218.0,9154.0,9203.0,90406.0
2014-08-18,9212.0,9223.0,9126.0,9141.0,111283.0
2014-08-19,9161.0,9249.0,9161.0,9239.0,91282.0
2014-08-20,9253.0,9285.0,9244.0,9275.0,61787.0
2014-08-21,9260.0,9266.0,9200.0,9231.0,103529.0
2014-08-22,9249.0,9388.0,9247.0,9378.0,116443.0
2014-08-25,9386.0,9399.0,9365.0,9391.0,61977.0
2014-08-26,9386.0,9408.0,9375.0,9390.0,57561.0
2014-08-27,9421.0,9498.0,9420.0,9477.0,96315.0
2014-08-28,9492.0,9500.0,9469.0,9479.0,60649.0
2014-08-29,9456.0,9485.0,9432.0,9473.0,77443.0
2014-09-01,9473.0,9550.0,9470.0,9528.0,68798.0
2014-09-02,9512.0,9514.0,9388.0,9410.0,125697.0
2014-09-03,9415.0,9482.0,9399.0,9451.0,101507.0
2014-09-04,9447.0,9448.0,9380.0,9425.0,96821.0
2014-09-05,9444.0,9463.0,9370.0,9407.0,104786.0
2014-09-09,9426.0,9530.0,9425.0,9428.0,78139.0
2014-09-10,9380.0,9402.0,9310.0,9347.0,106510.0
2014-09-11,9376.0,9385.0,9300.0,9302.0,75048.0
2014-09-12,9325.0,9328.0,9229.0,9245.0,121575.0
2014-09-15,9206.0,9244.0,9172.0,9218.0,119266.0
2014-09-16,9219.0,9233.0,9141.0,9154.0,98071.0
2014-09-17,9195.0,9248.0,9148.0,9172.0,72499.0
2014-09-18,9234.0,9265.0,9213.0,9243.0,90173.0
2014-09-19,9281.0,9304.0,9240.0,9265.0,101134.0
2014-09-22,9202.0,9205.0,9100.0,9128.0,120832.0
2014-09-23,9106.0,9152.0,9102.0,9117.0,87165.0
2014-09-24,9095.0,9142.0,9081.0,9127.0,87035.0
2014-09-25,9158.0,9168.0,8995.0,9028.0,138558.0
2014-09-26,8958.0,9022.0,8937.0,8980.0,115750.0
2014-09-29,8991.0,9008.0,8943.0,8982.0,101474.0
2014-09-30,8961.0,9021.0,8871.0,8991.0,150107.0
2014-10-01,8943.0,9015.0,8911.0,8980.0,114235.0
2014-10-02,8920.0,9020.0,8905.0,8993.0,126762.0
2014-10-03,9004.0,9107.0,8994.0,9101.0,124812.0
2014-10-06,9098.0,9110.0,9056.0,9084.0,95157.0
2014-10-07,9034.0,9048.0,8976.0,9017.0,127569.0
2014-10-08,8986.0,9029.0,8928.0,8933.0,103779.0
2014-10-09,8997.0,9039.0,8948.0,8981.0,139674.0
2014-10-13,8798.0,8818.0,8712.0,8712.0,157956.0
2014-10-14,8730.0,8759.0,8702.0,8745.0,104866.0
2014-10-15,8743.0,8763.0,8641.0,8646.0,82391.0
2014-10-16,8583.0,8683.0,8506.0,8632.0,177584.0
2014-10-17,8658.0,8673.0,8497.0,8500.0,174947.0
2014-10-20,8599.0,8681.0,8588.0,8661.0,121860.0
2014-10-21,8655.0,8663.0,8616.0,8636.0,90638.0
2014-10-22,8748.0,8764.0,8714.0,8744.0,96753.0
2014-10-23,8732.0,8740.0,8702.0,8721.0,79233.0
2014-10-24,8742.0,8746.0,8609.0,8642.0,133051.0
2014-10-27,8675.0,8686.0,8592.0,8642.0,108102.0
2014-10-28,8666.0,8805.0,8663.0,8793.0,127091.0
2014-10-29,8833.0,8905.0,8818.0,8879.0,106490.0
2014-10-30,8878.0,8889.0,8838.0,8881.0,95556.0
2014-10-31,8887.0,8978.0,8867.0,8978.0,137623.0
2014-11-03,8978.0,9027.0,8942.0,8982.0,117415.0
2014-11-04,8984.0,9055.0,8968.0,8992.0,140218.0
2014-11-05,9030.0,9039.0,8960.0,8984.0,111110.0
2014-11-06,8976.0,9005.0,8890.0,8902.0,129127.0
2014-11-07,8924.0,8943.0,8862.0,8939.0,117608.0
2014-11-10,8965.0,9092.0,8952.0,9074.0,120952.0
2014-11-11,9088.0,9105.0,9048.0,9063.0,91460.0
2014-11-12,9028.0,9034.0,8901.0,8905.0,141490.0
2014-11-13,8920.0,8978.0,8903.0,8959.0,112842.0
2014-11-14,8980.0,8996.0,8933.0,8962.0,109824.0
2014-11-17,8959.0,9043.0,8872.0,8900.0,156670.0
2014-11-18,8951.0,8958.0,8839.0,8872.0,124772.0
2014-11-19,8905.0,8985.0,8877.0,8953.0,73761.0
2014-11-20,9031.0,9104.0,9012.0,9093.0,113333.0
2014-11-21,9119.0,9125.0,9081.0,9103.0,83395.0
2014-11-24,9135.0,9170.0,9109.0,9130.0,77972.0
2014-11-25,9116.0,9150.0,9069.0,9107.0,101177.0
2014-11-26,9126.0,9143.0,9102.0,9123.0,73155.0
2014-11-27,9136.0,9235.0,9136.0,9176.0,109702.0
2014-11-28,9202.0,9208.0,9174.0,9181.0,57835.0
2014-12-01,9036.0,9182.0,8991.0,9119.0,158276.0
2014-12-02,9092.0,9098.0,9001.0,9031.0,145718.0
2014-12-03,9051.0,9215.0,9035.0,9211.0,149036.0
2014-12-04,9213.0,9266.0,9201.0,9220.0,97499.0
2014-12-05,9203.0,9231.0,9182.0,9216.0,87093.0
2014-12-08,9264.0,9265.0,9168.0,9185.0,105218.0
2014-12-09,9142.0,9174.0,9121.0,9132.0,92634.0
2014-12-10,9092.0,9136.0,9003.0,9046.0,165103.0
2014-12-11,8976.0,9048.0,8958.0,9010.0,116039.0
2014-12-12,9023.0,9069.0,9003.0,9006.0,98839.0
2014-12-15,8958.0,9038.0,8925.0,9036.0,125072.0
2014-12-16,8971.0,9041.0,8963.0,8981.0,122633.0
2014-12-17,8970.0,8985.0,8834.0,8844.0,81915.0
2014-12-18,8902.0,8927.0,8857.0,8857.0,101962.0
2014-12-19,8962.0,9040.0,8958.0,9019.0,148633.0
2014-12-22,9031.0,9100.0,9023.0,9096.0,102111.0
2014-12-23,9134.0,9140.0,9097.0,9115.0,69691.0
2014-12-24,9120.0,9183.0,9103.0,9176.0,93125.0
2014-12-25,9171.0,9195.0,9162.0,9183.0,44950.0
2014-12-26,9178.0,9230.0,9173.0,9226.0,73031.0
2014-12-27,9235.0,9257.0,9226.0,9256.0,27720.0
2014-12-29,9245.0,9336.0,9241.0,9314.0,98576.0
2014-12-30,9320.0,9343.0,9268.0,9286.0,92786.0
2014-12-31,9286.0,9303.0,9252.0,9283.0,75117.0
2015-01-05,9238.0,9276.0,9155.0,9252.0,120487.0
2015-01-06,9144.0,9153.0,9017.0,9058.0,148125.0
2015-01-07,9042.0,9092.0,9033.0,9045.0,93314.0
2015-01-08,9116.0,9259.0,9115.0,9257.0,131883.0
2015-01-09,9328.0,9335.0,9217.0,9230.0,117874.0
2015-01-12,9190.0,9238.0,9157.0,9185.0,97827.0
2015-01-13,9194.0,9275.0,9159.0,9249.0,127705.0
2015-01-14,9235.0,9247.0,9151.0,9171.0,122662.0
2015-01-15,9187.0,9230.0,9130.0,9195.0,116348.0
2015-01-16,9175.0,9229.0,9082.0,9115.0,160290.0
2015-01-19,9211.0,9260.0,9142.0,9181.0,134142.0
2015-01-20,9220.0,9269.0,9183.0,9268.0,121592.0
2015-01-21,9282.0,9316.0,9274.0,9308.0,64253.0
2015-01-22,9360.0,9404.0,9342.0,9388.0,108180.0
2015-01-23,9455.0,9488.0,9443.0,9461.0,92808.0
2015-01-26,9448.0,9478.0,9433.0,9466.0,68310.0
2015-01-27,9522.0,9539.0,9480.0,9523.0,90397.0
2015-01-28,9478.0,9534.0,9474.0,9526.0,75013.0
2015-01-29,9497.0,9502.0,9426.0,9428.0,116368.0
2015-01-30,9460.0,9472.0,9385.0,9400.0,97244.0
2015-02-02,9389.0,9433.0,9370.0,9419.0,85483.0
2015-02-03,9434.0,9485.0,9407.0,9464.0,95115.0
2015-02-04,9526.0,9556.0,9512.0,9521.0,86781.0
2015-02-05,9521.0,9521.0,9470.0,9514.0,79030.0
2015-02-06,9536.0,9543.0,9459.0,9469.0,96048.0
2015-02-09,9439.0,9466.0,9416.0,9450.0,78599.0
2015-02-10,9468.0,9473.0,9419.0,9432.0,86724.0
2015-02-11,9462.0,9509.0,9457.0,9480.0,88756.0
2015-02-12,9499.0,9500.0,9461.0,9480.0,80128.0
2015-02-13,9510.0,9548.0,9505.0,9514.0,85659.0
2015-02-24,9582.0,9640.0,9582.0,9622.0,46780.0
2015-02-25,9694.0,9696.0,9660.0,9684.0,66977.0
2015-02-26,9691.0,9692.0,9633.0,9649.0,72451.0
2015-03-02,9658.0,9683.0,9615.0,9631.0,77036.0
2015-03-03,9645.0,9658.0,9580.0,9614.0,88385.0
2015-03-04,9580.0,9638.0,9571.0,9622.0,73997.0
2015-03-05,9622.0,9632.0,9551.0,9589.0,94585.0
2015-03-06,9591.0,9644.0,9566.0,9638.0,87662.0
2015-03-09,9580.0,9595.0,9547.0,9576.0,89409.0
2015-03-10,9574.0,9585.0,9514.0,9528.0,103983.0
2015-03-11,9466.0,9544.0,9450.0,9519.0,103946.0
2015-03-12,9529.0,9609.0,9508.0,9607.0,101568.0
2015-03-13,9616.0,9634.0,9584.0,9598.0,82971.0
2015-03-16,9585.0,9594.0,9535.0,9546.0,100282.0
2015-03-17,9580.0,9644.0,9547.0,9554.0,123433.0
2015-03-18,9558.0,9649.0,9558.0,9633.0,67737.0
2015-03-19,9734.0,9769.0,9708.0,9766.0,100024.0
2015-03-20,9742.0,9770.0,9733.0,9757.0,66890.0
2015-03-23,9761.0,9769.0,9726.0,9749.0,75804.0
2015-03-24,9728.0,9755.0,9696.0,9721.0,89879.0
2015-03-25,9721.0,9731.0,9673.0,9689.0,95109.0
2015-03-26,9580.0,9635.0,9567.0,9609.0,110206.0
2015-03-27,9609.0,9628.0,9525.0,9541.0,126327.0
2015-03-30,9511.0,9562.0,9511.0,9552.0,83437.0
2015-03-31,9600.0,9610.0,9545.0,9582.0,98624.0
2015-04-01,9540.0,9552.0,9487.0,9507.0,111444.0
2015-04-02,9538.0,9630.0,9535.0,9613.0,114119.0
2015-04-07,9653.0,9660.0,9612.0,9629.0,72558.0
2015-04-08,9633.0,9635.0,9558.0,9570.0,93175.0
2015-04-09,9579.0,9676.0,9564.0,9572.0,149624.0
2015-04-10,9628.0,9665.0,9592.0,9631.0,120457.0
2015-04-13,9673.0,9683.0,9633.0,9658.0,93462.0
2015-04-14,9641.0,9672.0,9626.0,9645.0,84520.0
2015-04-15,9626.0,9654.0,9507.0,9519.0,83539.0
2015-04-16,9561.0,9649.0,9548.0,9647.0,125788.0
2015-04-17,9619.0,9629.0,9569.0,9584.0,105924.0
2015-04-20,9530.0,9583.0,9506.0,9561.0,124844.0
2015-04-21,9585.0,9613.0,9535.0,9556.0,109112.0
2015-04-22,9561.0,9636.0,9561.0,9613.0,140112.0
2015-04-23,9656.0,9854.0,9652.0,9838.0,186347.0
2015-04-24,9880.0,10000.0,9860.0,9920.0,206172.0
2015-04-27,9958.0,10031.0,9945.0,10019.0,147811.0
2015-04-28,10022.0,10033.0,9963.0,9990.0,105272.0
2015-04-29,9978.0,10022.0,9882.0,9909.0,173931.0
2015-04-30,9902.0,9930.0,9858.0,9874.0,130960.0
2015-05-04,9897.0,9911.0,9824.0,9886.0,112699.0
2015-05-05,9866.0,9878.0,9814.0,9849.0,102568.0
2015-05-06,9802.0,9865.0,9763.0,9847.0,117999.0
2015-05-07,9786.0,9808.0,9745.0,9753.0,130534.0
2015-05-08,9769.0,9783.0,9713.0,9721.0,92550.0
2015-05-11,9800.0,9814.0,9657.0,9723.0,155184.0
2015-05-12,9707.0,9748.0,9673.0,9706.0,115207.0
2015-05-13,9712.0,9776.0,9697.0,9739.0,114681.0
2015-05-14,9737.0,9741.0,9599.0,9604.0,138661.0
2015-05-15,9635.0,9642.0,9541.0,9575.0,129471.0
2015-05-18,9612.0,9614.0,9552.0,9598.0,102650.0
2015-05-19,9616.0,9723.0,9602.0,9702.0,131463.0
2015-05-20,9704.0,9725.0,9657.0,9668.0,73133.0
2015-05-21,9645.0,9648.0,9512.0,9541.0,128659.0
2015-05-22,9562.0,9649.0,9546.0,9625.0,110540.0
2015-05-25,9603.0,9640.0,9550.0,9630.0,94010.0
2015-05-26,9613.0,9725.0,9606.0,9659.0,113898.0
2015-05-27,9607.0,9698.0,9601.0,9661.0,109490.0
2015-05-28,9711.0,9750.0,9683.0,9731.0,113114.0
2015-05-29,9741.0,9765.0,9688.0,9703.0,105530.0
2015-06-01,9668.0,9713.0,9601.0,9630.0,117845.0
2015-06-02,9586.0,9639.0,9565.0,9607.0,103681.0
2015-06-03,9640.0,9648.0,9535.0,9547.0,124180.0
2015-06-04,9531.0,9553.0,9301.0,9310.0,202135.0
2015-06-05,9324.0,9347.0,9269.0,9308.0,125037.0
2015-06-08,9312.0,9404.0,9235.0,9348.0,134575.0
2015-06-09,9303.0,9346.0,9201.0,9237.0,142752.0
2015-06-10,9256.0,9328.0,9252.0,9284.0,122486.0
2015-06-11,9328.0,9333.0,9224.0,9288.0,119493.0
2015-06-12,9272.0,9314.0,9230.0,9267.0,106398.0
2015-06-15,9272.0,9318.0,9220.0,9244.0,119565.0
2015-06-16,9244.0,9258.0,9164.0,9215.0,119914.0
2015-06-17,9215.0,9237.0,9177.0,9182.0,61706.0
2015-06-18,9044.0,9078.0,9011.0,9049.0,101634.0
2015-06-22,9108.0,9203.0,9105.0,9182.0,103562.0
2015-06-23,9221.0,9268.0,9208.0,9231.0,106239.0
2015-06-24,9215.0,9248.0,9193.0,9247.0,80540.0
2015-06-25,9268.0,9370.0,9263.0,9340.0,134204.0
2015-06-26,9348.0,9348.0,9300.0,9321.0,72218.0
2015-06-29,9195.0,9222.0,9109.0,9138.0,128844.0
2015-06-30,9146.0,9217.0,9124.0,9212.0,103641.0
2015-07-01,9185.0,9319.0,9184.0,9294.0,124416.0
2015-07-02,9300.0,9325.0,9260.0,9277.0,91473.0
2015-07-03,9258.0,9305.0,9171.0,9304.0,133033.0
2015-07-06,9235.0,9297.0,9182.0,9197.0,124973.0
2015-07-07,9260.0,9303.0,9210.0,9242.0,131787.0
2015-07-08,9205.0,9210.0,8912.0,8943.0,208496.0
2015-07-09,8801.0,8939.0,8724.0,8873.0,193187.0
2015-07-13,8935.0,9005.0,8902.0,8994.0,156806.0
2015-07-14,9040.0,9084.0,8982.0,8984.0,136144.0
2015-07-15,9040.0,9078.0,8989.0,9030.0,88463.0
2015-07-16,8935.0,8983.0,8900.0,8918.0,132945.0
2015-07-17,8906.0,8935.0,8871.0,8912.0,112382.0
2015-07-20,8970.0,9027.0,8804.0,8851.0,155272.0
2015-07-21,8887.0,8940.0,8815.0,8936.0,130287.0
2015-07-22,8882.0,8883.0,8795.0,8815.0,141837.0
2015-07-23,8778.0,8822.0,8670.0,8755.0,172952.0
2015-07-24,8720.0,8740.0,8653.0,8684.0,119108.0
2015-07-27,8637.0,8670.0,8493.0,8522.0,166804.0
2015-07-28,8500.0,8591.0,8480.0,8541.0,144721.0
2015-07-29,8533.0,8548.0,8440.0,8484.0,163354.0
2015-07-30,8520.0,8632.0,8509.0,8610.0,145799.0
2015-07-31,8593.0,8606.0,8508.0,8570.0,134719.0
2015-08-03,8546.0,8548.0,8400.0,8452.0,136785.0
2015-08-04,8487.0,8552.0,8416.0,8465.0,167590.0
2015-08-05,8504.0,8547.0,8448.0,8523.0,145106.0
2015-08-06,8541.0,8579.0,8366.0,8390.0,179725.0
2015-08-07,8360.0,8423.0,8312.0,8389.0,148962.0
2015-08-10,8405.0,8461.0,8345.0,8445.0,143249.0
2015-08-11,8505.0,8556.0,8358.0,8360.0,185332.0
2015-08-12,8365.0,8390.0,8243.0,8299.0,184836.0
2015-08-13,8348.0,8363.0,8275.0,8306.0,151639.0
2015-08-14,8262.0,8334.0,8262.0,8325.0,112509.0
2015-08-17,8321.0,8330.0,8223.0,8238.0,125957.0
2015-08-18,8241.0,8276.0,8161.0,8171.0,130582.0
2015-08-19,8178.0,8179.0,7993.0,8002.0,101864.0
2015-08-20,7949.0,8040.0,7898.0,7976.0,187942.0
2015-08-21,7858.0,7887.0,7740.0,7746.0,174438.0
2015-08-24,7609.0,7676.0,7010.0,7340.0,364785.0
2015-08-25,7400.0,7606.0,7318.0,7577.0,233175.0
2015-08-26,7525.0,7678.0,7432.0,7607.0,238178.0
2015-08-27,7656.0,7729.0,7631.0,7680.0,169791.0
2015-08-28,7812.0,7902.0,7791.0,7876.0,167248.0
2015-08-31,7831.0,8034.0,7802.0,7969.0,144165.0
2015-09-01,7901.0,7964.0,7802.0,7834.0,174196.0
2015-09-02,7768.0,7997.0,7761.0,7945.0,197665.0
2015-09-03,7961.0,8003.0,7874.0,7977.0,151197.0
2015-09-04,7931.0,8039.0,7872.0,7890.0,176043.0
2015-09-07,7850.0,8008.0,7843.0,7932.0,169579.0
2015-09-08,7930.0,7979.0,7880.0,7976.0,137093.0
2015-09-09,8114.0,8340.0,8104.0,8332.0,194442.0
2015-09-10,8226.0,8292.0,8192.0,8262.0,146244.0
2015-09-11,8221.0,8295.0,8202.0,8263.0,120481.0
2015-09-14,8319.0,8340.0,8210.0,8273.0,149956.0
2015-09-15,8300.0,8333.0,8230.0,8237.0,137170.0
2015-09-16,8310.0,8358.0,8270.0,8318.0,80906.0
2015-09-17,8368.0,8478.0,8364.0,8437.0,141074.0
2015-09-18,8418.0,8459.0,8383.0,8437.0,122478.0
2015-09-21,8328.0,8335.0,8233.0,8270.0,126365.0
2015-09-22,8295.0,8340.0,8276.0,8330.0,99115.0
2015-09-23,8234.0,8250.0,8135.0,8140.0,138538.0
2015-09-24,8188.0,8219.0,8047.0,8091.0,163890.0
2015-09-25,8142.0,8152.0,8033.0,8120.0,161413.0
2015-09-30,8015.0,8178.0,7983.0,8135.0,165188.0
2015-10-01,8174.0,8330.0,8116.0,8309.0,178858.0
2015-10-02,8283.0,8319.0,8254.0,8277.0,104901.0
2015-10-05,8358.0,8377.0,8275.0,8335.0,131099.0
2015-10-06,8431.0,8478.0,8365.0,8370.0,147140.0
2015-10-07,8377.0,8497.0,8357.0,8492.0,140147.0
2015-10-08,8534.0,8544.0,8422.0,8441.0,142571.0
2015-10-12,8494.0,8580.0,8464.0,8552.0,125543.0
2015-10-13,8554.0,8575.0,8511.0,8553.0,99975.0
2015-10-14,8521.0,8554.0,8492.0,8519.0,108262.0
2015-10-15,8565.0,8668.0,8565.0,8608.0,138824.0
2015-10-16,8588.0,8627.0,8571.0,8607.0,98558.0
2015-10-19,8627.0,8670.0,8588.0,8624.0,117062.0
2015-10-20,8644.0,8663.0,8629.0,8659.0,83770.0
2015-10-21,8690.0,8704.0,8593.0,8617.0,71803.0
2015-10-22,8588.0,8633.0,8566.0,8595.0,97736.0
2015-10-23,8742.0,8752.0,8669.0,8692.0,108905.0
2015-10-26,8730.0,8765.0,8716.0,8736.0,79592.0
2015-10-27,8722.0,8728.0,8655.0,8691.0,99136.0
2015-10-28,8685.0,8710.0,8613.0,8638.0,115433.0
2015-10-29,8681.0,8685.0,8545.0,8550.0,142670.0
2015-10-30,8560.0,8600.0,8484.0,8568.0,155466.0
2015-11-02,8535.0,8598.0,8502.0,8583.0,114793.0
2015-11-03,8665.0,8740.0,8645.0,8721.0,123033.0
2015-11-04,8765.0,8900.0,8751.0,8882.0,160402.0
2015-11-05,8879.0,8899.0,8832.0,8870.0,96100.0
2015-11-06,8850.0,8858.0,8650.0,8689.0,185282.0
2015-11-09,8677.0,8748.0,8597.0,8631.0,165493.0
2015-11-10,8581.0,8592.0,8512.0,8532.0,131070.0
2015-11-11,8507.0,8549.0,8372.0,8380.0,179202.0
2015-11-12,8404.0,8461.0,8354.0,8461.0,148495.0
2015-11-13,8380.0,8472.0,8318.0,8356.0,178126.0
2015-11-16,8245.0,8307.0,8212.0,8290.0,139331.0
2015-11-17,8370.0,8490.0,8369.0,8440.0,152201.0
2015-11-18,8440.0,8450.0,8326.0,8336.0,81613.0
2015-11-19,8371.0,8460.0,8323.0,8447.0,155548.0
2015-11-20,8430.0,8475.0,8396.0,8444.0,114281.0
2015-11-23,8488.0,8511.0,8407.0,8478.0,124827.0
2015-11-24,8461.0,8494.0,8362.0,8402.0,159334.0
2015-11-25,8412.0,8418.0,8320.0,8388.0,137748.0
2015-11-26,8412.0,8525.0,8410.0,8502.0,134327.0
2015-11-27,8520.0,8534.0,8377.0,8393.0,137736.0
2015-11-30,8311.0,8345.0,8202.0,8300.0,167237.0
2015-12-01,8360.0,8463.0,8317.0,8456.0,158141.0
2015-12-02,8433.0,8510.0,8415.0,8452.0,146804.0
2015-12-03,8388.0,8490.0,8363.0,8476.0,147876.0
2015-12-04,8361.0,8410.0,8326.0,8397.0,142112.0
2015-12-07,8495.0,8550.0,8455.0,8468.0,140025.0
2015-12-08,8438.0,8451.0,8318.0,8334.0,148126.0
2015-12-09,8311.0,8328.0,8212.0,8221.0,155405.0
2015-12-10,8182.0,8208.0,8101.0,8188.0,173415.0
2015-12-11,8200.0,8220.0,8068.0,8071.0,164753.0
2015-12-14,7976.0,8065.0,7949.0,8058.0,144310.0
2015-12-15,8077.0,8137.0,8048.0,8066.0,139344.0
2015-12-16,8180.0,8209.0,8112.0,8198.0,87705.0
2015-12-17,8202.0,8303.0,8176.0,8281.0,144410.0
2015-12-18,8248.0,8319.0,8206.0,8231.0,145205.0
2015-12-21,8173.0,8283.0,8133.0,8280.0,137963.0
2015-12-22,8257.0,8297.0,8220.0,8277.0,126517.0
2015-12-23,8301.0,8347.0,8267.0,8290.0,134900.0
2015-12-24,8346.0,8388.0,8293.0,8317.0,114489.0
2015-12-25,8335.0,8378.0,8306.0,8376.0,69641.0
2015-12-28,8370.0,8394.0,8349.0,8356.0,74401.0
2015-12-29,8321.0,8347.0,8263.0,8287.0,110566.0
2015-12-30,8313.0,8329.0,8226.0,8260.0,115891.0
2015-12-31,8240.0,8300.0,8234.0,8272.0,103781.0
2016-01-04,8262.0,8294.0,8036.0,8075.0,191331.0
2016-01-05,8099.0,8130.0,8011.0,8025.0,164756.0
2016-01-06,8038.0,8048.0,7901.0,7971.0,200598.0
2016-01-07,7956.0,7971.0,7731.0,7799.0,246399.0
2016-01-08,7755.0,7884.0,7734.0,7868.0,182333.0
2016-01-11,7730.0,7793.0,7672.0,7740.0,184748.0
2016-01-12,7800.0,7808.0,7680.0,7709.0,176648.0
2016-01-13,7784.0,7849.0,7736.0,7806.0,188268.0
2016-01-14,7647.0,7724.0,7607.0,7716.0,171850.0
2016-01-15,7801.0,7809.0,7636.0,7665.0,183418.0
2016-01-18,7513.0,7828.0,7503.0,7814.0,241486.0
2016-01-19,7786.0,7868.0,7750.0,7867.0,165954.0
2016-01-20,7797.0,7804.0,7673.0,7705.0,116624.0
2016-01-21,7659.0,7706.0,7601.0,7613.0,202230.0
2016-01-22,7730.0,7752.0,7641.0,7748.0,183045.0
2016-01-25,7768.0,7881.0,7766.0,7833.0,145944.0
2016-01-26,7784.0,7810.0,7745.0,7779.0,145032.0
2016-01-27,7850.0,7859.0,7778.0,7839.0,145619.0
2016-01-28,7800.0,7903.0,7793.0,7855.0,153244.0
2016-01-29,7841.0,8073.0,7820.0,8053.0,236477.0
2016-01-30,8103.0,8167.0,8091.0,8163.0,68665.0
2016-02-01,8131.0,8150.0,8067.0,8124.0,152839.0
2016-02-02,8079.0,8149.0,8061.0,8105.0,133729.0
2016-02-03,8026.0,8085.0,7993.0,8034.0,158007.0
2016-02-15,7920.0,8068.0,7907.0,8049.0,132682.0
2016-02-16,8080.0,8232.0,8077.0,8205.0,153558.0
2016-02-17,8232.0,8251.0,8193.0,8212.0,73251.0
2016-02-18,8290.0,8332.0,8233.0,8284.0,123075.0
2016-02-19,8278.0,8318.0,8253.0,8304.0,93479.0
2016-02-22,8289.0,8404.0,8261.0,8302.0,140771.0
2016-02-23,8321.0,8331.0,8271.0,8318.0,109053.0
2016-02-24,8300.0,8382.0,8216.0,8248.0,163799.0
2016-02-25,8287.0,8375.0,8271.0,8337.0,146795.0
2016-02-26,8390.0,8416.0,8311.0,8391.0,139525.0
2016-03-01,8372.0,8484.0,8360.0,8448.0,136259.0
2016-03-02,8540.0,8575.0,8500.0,8517.0,130846.0
2016-03-03,8530.0,8606.0,8517.0,8566.0,133529.0
2016-03-04,8570.0,8618.0,8548.0,8602.0,124749.0
2016-03-07,8605.0,8685.0,8573.0,8605.0,128900.0
2016-03-08,8611.0,8620.0,8525.0,8614.0,136044.0
2016-03-09,8613.0,8632.0,8555.0,8620.0,117377.0
2016-03-10,8629.0,8676.0,8601.0,8641.0,120396.0
2016-03-11,8618.0,8707.0,8608.0,8707.0,132707.0
2016-03-14,8727.0,8778.0,8725.0,8741.0,112139.0
2016-03-15,8739.0,8750.0,8578.0,8603.0,167109.0
2016-03-16,8636.0,8705.0,8633.0,8691.0,64232.0
2016-03-17,8754.0,8819.0,8681.0,8698.0,165522.0
2016-03-18,8725.0,8779.0,8703.0,8763.0,124958.0
2016-03-21,8798.0,8810.0,8690.0,8745.0,118631.0
2016-03-22,8775.0,8776.0,8660.0,8752.0,145545.0
2016-03-23,8761.0,8787.0,8698.0,8721.0,137212.0
2016-03-24,8685.0,8751.0,8627.0,8714.0,151791.0
2016-03-25,8727.0,8759.0,8671.0,8702.0,106496.0
2016-03-28,8720.0,8733.0,8653.0,8683.0,108424.0
2016-03-29,8682.0,8697.0,8564.0,8600.0,158070.0
2016-03-30,8645.0,8747.0,8626.0,8740.0,148145.0
2016-03-31,8784.0,8815.0,8691.0,8715.0,166161.0
2016-04-01,8670.0,8694.0,8598.0,8629.0,156482.0
2016-04-06,8591.0,8599.0,8453.0,8460.0,156407.0
2016-04-07,8470.0,8493.0,8381.0,8438.0,152741.0
2016-04-08,8388.0,8500.0,8375.0,8484.0,141629.0
2016-04-11,8456.0,8530.0,8415.0,8514.0,130911.0
2016-04-12,8541.0,8584.0,8468.0,8495.0,148275.0
2016-04-13,8542.0,8644.0,8529.0,8638.0,147192.0
2016-04-14,8705.0,8724.0,8645.0,8661.0,119974.0
2016-04-15,8620.0,8719.0,8591.0,8716.0,136854.0
2016-04-18,8651.0,8684.0,8630.0,8645.0,111226.0
2016-04-19,8700.0,8748.0,8598.0,8636.0,158491.0
2016-04-20,8657.0,8684.0,8498.0,8519.0,105896.0
2016-04-21,8513.0,8535.0,8455.0,8530.0,121720.0
2016-04-22,8513.0,8560.0,8461.0,8498.0,150062.0
2016-04-25,8519.0,8540.0,8477.0,8527.0,98787.0
2016-04-26,8533.0,8619.0,8523.0,8573.0,135704.0
2016-04-27,8560.0,8590.0,8506.0,8557.0,116757.0
2016-04-28,8586.0,8599.0,8408.0,8417.0,190019.0
2016-04-29,8375.0,8400.0,8303.0,8309.0,132260.0
2016-05-03,8319.0,8330.0,8220.0,8259.0,123157.0
2016-05-04,8238.0,8257.0,8105.0,8177.0,176592.0
2016-05-05,8160.0,8181.0,8095.0,8142.0,137990.0
2016-05-06,8118.0,8140.0,8061.0,8102.0,132563.0
2016-05-09,8141.0,8160.0,8065.0,8114.0,122435.0
2016-05-10,8116.0,8180.0,8057.0,8153.0,151146.0
2016-05-11,8177.0,8192.0,8081.0,8125.0,152178.0
2016-05-12,8096.0,8155.0,8066.0,8084.0,138711.0
2016-05-13,8067.0,8075.0,7953.0,8019.0,170540.0
2016-05-16,8021.0,8085.0,7988.0,8062.0,132897.0
2016-05-17,8076.0,8152.0,8020.0,8150.0,164654.0
2016-05-18,8093.0,8153.0,8056.0,8148.0,77042.0
2016-05-19,8118.0,8130.0,8006.0,8034.0,142629.0
2016-05-20,8035.0,8125.0,8023.0,8104.0,161767.0
2016-05-23,8121.0,8355.0,8051.0,8346.0,210720.0
2016-05-24,8329.0,8345.0,8276.0,8283.0,101231.0
2016-05-25,8341.0,8412.0,8332.0,8385.0,130270.0
2016-05-26,8401.0,8408.0,8352.0,8385.0,89102.0
2016-05-27,8416.0,8468.0,8390.0,8462.0,107120.0
2016-05-30,8481.0,8533.0,8433.0,8508.0,118598.0
2016-05-31,8499.0,8545.0,8455.0,8515.0,126395.0
2016-06-01,8490.0,8590.0,8486.0,8563.0,127418.0
2016-06-02,8568.0,8610.0,8518.0,8552.0,131250.0
2016-06-03,8561.0,8585.0,8537.0,8566.0,89927.0
2016-06-04,8566.0,8590.0,8560.0,8576.0,29951.0
2016-06-06,8575.0,8655.0,8507.0,8575.0,135249.0
2016-06-07,8614.0,8684.0,8606.0,8666.0,127819.0
2016-06-08,8673.0,8742.0,8671.0,8718.0,135065.0
2016-06-13,8635.0,8636.0,8502.0,8525.0,156484.0
2016-06-14,8495.0,8578.0,8483.0,8575.0,113683.0
2016-06-15,8552.0,8607.0,8508.0,8601.0,86838.0
2016-06-16,8410.0,8410.0,8247.0,8283.0,161494.0
2016-06-17,8348.0,8431.0,8345.0,8395.0,135050.0
2016-06-20,8503.0,8520.0,8428.0,8469.0,116528.0
2016-06-21,8459.0,8525.0,8435.0,8510.0,106832.0
2016-06-22,8510.0,8530.0,8460.0,8509.0,113230.0
2016-06-23,8515.0,8526.0,8467.0,8510.0,80671.0
2016-06-24,8500.0,8553.0,8140.0,8237.0,350484.0
2016-06-27,8250.0,8339.0,8239.0,8325.0,123131.0
2016-06-28,8274.0,8387.0,8260.0,8376.0,128666.0
2016-06-29,8392.0,8493.0,8391.0,8436.0,136847.0
2016-06-30,8492.0,8542.0,8440.0,8518.0,149910.0
2016-07-01,8568.0,8638.0,8551.0,8626.0,125937.0
2016-07-04,8636.0,8679.0,8598.0,8630.0,117023.0
2016-07-05,8600.0,8635.0,8567.0,8609.0,99016.0
2016-07-06,8552.0,8559.0,8443.0,8468.0,166638.0
2016-07-07,8508.0,8571.0,8505.0,8562.0,99013.0
2016-07-11,8683.0,8748.0,8677.0,8736.0,120241.0
2016-07-12,8751.0,8795.0,8736.0,8777.0,108508.0
2016-07-13,8825.0,8837.0,8726.0,8793.0,149460.0
2016-07-14,8800.0,8841.0,8769.0,8813.0,115361.0
2016-07-15,8846.0,8925.0,8823.0,8911.0,135980.0
2016-07-18,8918.0,9001.0,8912.0,8998.0,121872.0
2016-07-19,9020.0,9035.0,8962.0,9033.0,135725.0
2016-07-20,9010.0,9042.0,8972.0,9003.0,94642.0
2016-07-21,8922.0,9009.0,8916.0,8984.0,120520.0
2016-07-22,8965.0,8984.0,8925.0,8925.0,108745.0
2016-07-25,8967.0,9027.0,8803.0,8891.0,175723.0
2016-07-26,8871.0,8970.0,8862.0,8965.0,121917.0
2016-07-27,9016.0,9049.0,8952.0,8976.0,150067.0
2016-07-28,8982.0,9027.0,8926.0,8981.0,124950.0
2016-07-29,9003.0,9014.0,8889.0,8893.0,153817.0
2016-08-01,8940.0,9043.0,8936.0,9041.0,121841.0
2016-08-02,9014.0,9035.0,8993.0,9015.0,84612.0
2016-08-03,8914.0,8972.0,8861.0,8933.0,141402.0
2016-08-04,8990.0,8992.0,8891.0,8971.0,125262.0
2016-08-05,8996.0,9074.0,8973.0,9063.0,127647.0
2016-08-08,9133.0,9148.0,9063.0,9116.0,111631.0
2016-08-09,9122.0,9145.0,9096.0,9118.0,94114.0
2016-08-10,9136.0,9167.0,9090.0,9145.0,123597.0
2016-08-11,9125.0,9159.0,8998.0,9085.0,165714.0
2016-08-12,9129.0,9149.0,9102.0,9130.0,109885.0
2016-08-15,9147.0,9161.0,9087.0,9125.0,130933.0
2016-08-16,9155.0,9156.0,9052.0,9088.0,162847.0
2016-08-17,9073.0,9123.0,9067.0,9121.0,68207.0
2016-08-18,9010.0,9059.0,8980.0,9042.0,102776.0
2016-08-19,9050.0,9109.0,8942.0,8946.0,180514.0
2016-08-22,8941.0,8949.0,8853.0,8892.0,140625.0
2016-08-23,8921.0,8988.0,8912.0,8984.0,110642.0
2016-08-24,9002.0,9023.0,8948.0,8956.0,100206.0
2016-08-25,8942.0,9073.0,8939.0,9072.0,131838.0
2016-08-26,9055.0,9090.0,9036.0,9080.0,86770.0
2016-08-29,9045.0,9075.0,8948.0,9042.0,148143.0
2016-08-30,9075.0,9085.0,9021.0,9036.0,106337.0
2016-08-31,9018.0,9060.0,8959.0,8976.0,144241.0
2016-09-01,8971.0,8980.0,8883.0,8941.0,151424.0
2016-09-02,8948.0,8973.0,8904.0,8931.0,110392.0
2016-09-05,9000.0,9067.0,8997.0,9062.0,105105.0
2016-09-06,9073.0,9160.0,9062.0,9150.0,103692.0
2016-09-07,9156.0,9262.0,9150.0,9253.0,121479.0
2016-09-08,9251.0,9253.0,9215.0,9239.0,74430.0
2016-09-09,9182.0,9184.0,9113.0,9127.0,128752.0
2016-09-10,8930.0,9001.0,8923.0,8953.0,75595.0
2016-09-12,8990.0,8994.0,8898.0,8899.0,137444.0
2016-09-13,8974.0,8979.0,8816.0,8906.0,173830.0
2016-09-14,8866.0,8942.0,8854.0,8874.0,129885.0
2016-09-19,8949.0,9158.0,8947.0,9151.0,162262.0
2016-09-20,9142.0,9164.0,9113.0,9141.0,107397.0
2016-09-21,9129.0,9224.0,9115.0,9221.0,76502.0
2016-09-22,9221.0,9262.0,9154.0,9188.0,123322.0
2016-09-23,9234.0,9248.0,9189.0,9236.0,95279.0
2016-09-26,9222.0,9226.0,9148.0,9154.0,95532.0
2016-09-29,9226.0,9297.0,9206.0,9253.0,134752.0
2016-09-30,9183.0,9206.0,9127.0,9128.0,131337.0
2016-10-03,9205.0,9230.0,9161.0,9194.0,100555.0
2016-10-04,9202.0,9259.0,9187.0,9247.0,95262.0
2016-10-05,9210.0,9266.0,9201.0,9240.0,81576.0
2016-10-06,9281.0,9283.0,9207.0,9256.0,100967.0
2016-10-07,9250.0,9269.0,9236.0,9253.0,66389.0
2016-10-11,9300.0,9343.0,9143.0,9191.0,178389.0
2016-10-12,9180.0,9274.0,9164.0,9260.0,113440.0
2016-10-13,9268.0,9282.0,9179.0,9203.0,138511.0
2016-10-14,9207.0,9224.0,9147.0,9169.0,130516.0
2016-10-17,9178.0,9193.0,9060.0,9166.0,202913.0
2016-10-18,9183.0,9218.0,9154.0,9212.0,133283.0
2016-10-19,9223.0,9300.0,9219.0,9280.0,87933.0
2016-10-20,9269.0,9295.0,9235.0,9278.0,101510.0
2016-10-21,9259.0,9322.0,9241.0,9264.0,118712.0
2016-10-24,9294.0,9325.0,9269.0,9309.0,97060.0
2016-10-25,9328.0,9394.0,9308.0,9374.0,112280.0
2016-10-26,9340.0,9363.0,9323.0,9336.0,89110.0
2016-10-27,9324.0,9348.0,9260.0,9287.0,127682.0
2016-10-28,9286.0,9313.0,9261.0,9280.0,95640.0
2016-10-31,9263.0,9300.0,9174.0,9283.0,146504.0
2016-11-01,9259.0,9292.0,9226.0,9280.0,101255.0
2016-11-02,9199.0,9225.0,9144.0,9160.0,150857.0
2016-11-03,9131.0,9160.0,9078.0,9088.0,134541.0
2016-11-04,9058.0,9094.0,9047.0,9064.0,97483.0
2016-11-07,9131.0,9200.0,9115.0,9196.0,105071.0
2016-11-08,9216.0,9230.0,9162.0,9225.0,115585.0
2016-11-09,9223.0,9307.0,8891.0,8929.0,385514.0
2016-11-10,9140.0,9192.0,9134.0,9177.0,134067.0
2016-11-11,9048.0,9057.0,8949.0,8967.0,179369.0
2016-11-14,8957.0,8988.0,8877.0,8945.0,184246.0
2016-11-15,8900.0,8975.0,8896.0,8938.0,142410.0
2016-11-16,8990.0,9034.0,8979.0,8983.0,83943.0
2016-11-17,8942.0,8965.0,8906.0,8962.0,126400.0
2016-11-18,8979.0,9006.0,8926.0,8987.0,131675.0
2016-11-21,8980.0,9026.0,8971.0,9017.0,85149.0
2016-11-22,9050.0,9164.0,9041.0,9140.0,132590.0
2016-11-23,9150.0,9192.0,9142.0,9175.0,97048.0
2016-11-24,9156.0,9165.0,9117.0,9142.0,100734.0
2016-11-25,9142.0,9192.0,9133.0,9162.0,98602.0
2016-11-28,9157.0,9248.0,9150.0,9223.0,116679.0
2016-11-29,9222.0,9238.0,9196.0,9203.0,102746.0
2016-11-30,9211.0,9245.0,9177.0,9226.0,121118.0
2016-12-01,9229.0,9279.0,9218.0,9261.0,107733.0
2016-12-02,9199.0,9200.0,9148.0,9165.0,118876.0
2016-12-05,9159.0,9183.0,9117.0,9157.0,107414.0
2016-12-06,9232.0,9285.0,9230.0,9262.0,100307.0
2016-12-07,9300.0,9305.0,9248.0,9263.0,92062.0
2016-12-08,9360.0,9370.0,9315.0,9367.0,107870.0
2016-12-09,9377.0,9399.0,9365.0,9390.0,73814.0
2016-12-12,9420.0,9440.0,9350.0,9355.0,123782.0
2016-12-13,9340.0,9381.0,9338.0,9378.0,69542.0
2016-12-14,9409.0,9413.0,9353.0,9370.0,85638.0
2016-12-15,9330.0,9374.0,9305.0,9368.0,126853.0
2016-12-16,9367.0,9370.0,9309.0,9312.0,104771.0
2016-12-19,9290.0,9317.0,9242.0,9246.0,127172.0
2016-12-20,9261.0,9266.0,9209.0,9260.0,116914.0
2016-12-21,9261.0,9269.0,9225.0,9232.0,61153.0
2016-12-22,9211.0,9222.0,9123.0,9130.0,116265.0
2016-12-23,9115.0,9147.0,9088.0,9090.0,108536.0
2016-12-26,9107.0,9131.0,9089.0,9123.0,69849.0
2016-12-27,9123.0,9130.0,9106.0,9113.0,47698.0
2016-12-28,9110.0,9213.0,9105.0,9211.0,97287.0
2016-12-29,9188.0,9211.0,9168.0,9184.0,92408.0
2016-12-30,9215.0,9282.0,9215.0,9262.0,116957.0
2017-01-03,9266.0,9282.0,9231.0,9281.0,89282.0
2017-01-04,9281.0,9295.0,9261.0,9273.0,87462.0
2017-01-05,9270.0,9354.0,9266.0,9340.0,119149.0
2017-01-06,9353.0,9375.0,9338.0,9367.0,67027.0
2017-01-09,9379.0,9409.0,9325.0,9344.0,113565.0
2017-01-10,9332.0,9350.0,9320.0,9342.0,76021.0
2017-01-11,9395.0,9396.0,9333.0,9338.0,91651.0
2017-01-12,9353.0,9433.0,9350.0,9410.0,117651.0
2017-01-13,9388.0,9397.0,9361.0,9374.0,88034.0
2017-01-16,9360.0,9362.0,9274.0,9286.0,135414.0
2017-01-17,9282.0,9344.0,9280.0,9341.0,94530.0
2017-01-18,9336.0,9349.0,9314.0,9340.0,55499.0
2017-01-19,9337.0,9342.0,9254.0,9306.0,123137.0
2017-01-20,9283.0,9338.0,9278.0,9330.0,77047.0
2017-01-23,9319.0,9423.0,9318.0,9407.0,99777.0
2017-01-24,9423.0,9464.0,9405.0,9446.0,78935.0
2017-02-02,9500.0,9510.0,9373.0,9375.0,138242.0
2017-02-03,9418.0,9458.0,9408.0,9439.0,95766.0
2017-02-06,9477.0,9533.0,9441.0,9505.0,116954.0
2017-02-07,9499.0,9525.0,9482.0,9520.0,71159.0
2017-02-08,9513.0,9535.0,9463.0,9515.0,114482.0
2017-02-09,9518.0,9579.0,9505.0,9576.0,110690.0
2017-02-10,9600.0,9681.0,9586.0,9658.0,136883.0
2017-02-13,9670.0,9705.0,9661.0,9705.0,118488.0
2017-02-14,9729.0,9758.0,9695.0,9710.0,148146.0
2017-02-15,9726.0,9801.0,9722.0,9800.0,68161.0
2017-02-16,9819.0,9852.0,9758.0,9772.0,136500.0
2017-02-17,9760.0,9786.0,9747.0,9762.0,77496.0
2017-02-18,9778.0,9789.0,9772.0,9788.0,23312.0
2017-02-20,9786.0,9814.0,9737.0,9766.0,101368.0
2017-02-21,9777.0,9785.0,9728.0,9766.0,99916.0
2017-02-22,9783.0,9827.0,9767.0,9783.0,121485.0
2017-02-23,9780.0,9820.0,9755.0,9772.0,115454.0
2017-02-24,9770.0,9786.0,9730.0,9761.0,100020.0
2017-03-01,9766.0,9770.0,9678.0,9682.0,137961.0
2017-03-02,9761.0,9784.0,9643.0,9691.0,158914.0
2017-03-03,9648.0,9672.0,9623.0,9629.0,122036.0
2017-03-06,9639.0,9684.0,9619.0,9683.0,98832.0
2017-03-07,9693.0,9734.0,9682.0,9727.0,95033.0
2017-03-08,9736.0,9765.0,9701.0,9748.0,115988.0
2017-03-09,9739.0,9742.0,9642.0,9652.0,142245.0
2017-03-10,9647.0,9652.0,9555.0,9625.0,170995.0
2017-03-13,9644.0,9698.0,9643.0,9692.0,132818.0
2017-03-14,9713.0,9767.0,9711.0,9749.0,116325.0
2017-03-15,9742.0,9752.0,9715.0,9732.0,67761.0
2017-03-16,9805.0,9852.0,9782.0,9840.0,124172.0
2017-03-17,9850.0,9896.0,9837.0,9890.0,95443.0
2017-03-20,9870.0,9908.0,9855.0,9895.0,87814.0
2017-03-21,9926.0,9980.0,9916.0,9962.0,117665.0
2017-03-22,9890.0,9907.0,9851.0,9898.0,131137.0
2017-03-23,9941.0,9952.0,9879.0,9909.0,124574.0
2017-03-24,9927.0,9928.0,9883.0,9901.0,100432.0
2017-03-27,9878.0,9917.0,9844.0,9865.0,121135.0
2017-03-28,9920.0,9927.0,9805.0,9883.0,180278.0
2017-03-29,9902.0,9904.0,9851.0,9862.0,112257.0
2017-03-30,9864.0,9888.0,9834.0,9850.0,101697.0
2017-03-31,9858.0,9872.0,9812.0,9821.0,97954.0
2017-04-05,9849.0,9968.0,9843.0,9961.0,138318.0
2017-04-06,9930.0,9941.0,9880.0,9897.0,111709.0
2017-04-07,9903.0,9905.0,9772.0,9863.0,202548.0
2017-04-10,9868.0,9892.0,9843.0,9876.0,94012.0
2017-04-11,9866.0,9895.0,9807.0,9816.0,156736.0
2017-04-12,9818.0,9830.0,9776.0,9814.0,119614.0
2017-04-13,9802.0,9869.0,9792.0,9846.0,147700.0
2017-04-14,9806.0,9808.0,9711.0,9716.0,168301.0
2017-04-17,9740.0,9754.0,9680.0,9722.0,166226.0
2017-04-18,9757.0,9772.0,9721.0,9737.0,123870.0
2017-04-19,9700.0,9707.0,9632.0,9638.0,104812.0
2017-04-20,9598.0,9640.0,9584.0,9615.0,114520.0
2017-04-21,9665.0,9706.0,9655.0,9697.0,110196.0
2017-04-24,9747.0,9766.0,9684.0,9705.0,124863.0
2017-04-25,9746.0,9827.0,9728.0,9813.0,140137.0
2017-04-26,9855.0,9871.0,9826.0,9841.0,120562.0
2017-04-27,9829.0,9850.0,9808.0,9839.0,94948.0
2017-04-28,9847.0,9884.0,9834.0,9857.0,107661.0
2017-05-02,9899.0,9950.0,9897.0,9932.0,104635.0
2017-05-03,9946.0,9966.0,9934.0,9936.0,77543.0
2017-05-04,9951.0,9965.0,9918.0,9959.0,87102.0
2017-05-05,9946.0,9951.0,9879.0,9889.0,110276.0
2017-05-08,9929.0,9959.0,9895.0,9921.0,103607.0
2017-05-09,9916.0,9994.0,9898.0,9904.0,165930.0
2017-05-10,9938.0,9959.0,9918.0,9947.0,92446.0
2017-05-11,9962.0,9997.0,9946.0,9987.0,123805.0
2017-05-12,9982.0,9996.0,9966.0,9981.0,86535.0
2017-05-15,9990.0,10031.0,9975.0,10028.0,118391.0
2017-05-16,10040.0,10054.0,10000.0,10022.0,112096.0
2017-05-17,9993.0,10022.0,9975.0,10000.0,72780.0
2017-05-18,9903.0,9958.0,9878.0,9951.0,130546.0
2017-05-19,9968.0,9973.0,9931.0,9932.0,75363.0
2017-05-22,9965.0,9980.0,9942.0,9975.0,84227.0
2017-05-23,9984.0,10017.0,9968.0,9994.0,97438.0
2017-05-24,10007.0,10030.0,9998.0,10020.0,79667.0
2017-05-25,10042.0,10110.0,10040.0,10107.0,99562.0
2017-05-26,10130.0,10131.0,10080.0,10093.0,103748.0
2017-05-31,10085.0,10105.0,10023.0,10031.0,111055.0
2017-06-01,10030.0,10075.0,10023.0,10069.0,86130.0
2017-06-02,10113.0,10137.0,10105.0,10135.0,93461.0
2017-06-03,10147.0,10160.0,10137.0,10157.0,23927.0
2017-06-05,10148.0,10207.0,10115.0,10200.0,109207.0
2017-06-06,10196.0,10206.0,10184.0,10185.0,63197.0
2017-06-07,10180.0,10229.0,10165.0,10192.0,113720.0
2017-06-08,10204.0,10218.0,10184.0,10211.0,72661.0
2017-06-09,10230.0,10252.0,10186.0,10192.0,101940.0
2017-06-12,10129.0,10159.0,10110.0,10120.0,110070.0
2017-06-13,10123.0,10143.0,10106.0,10137.0,91633.0
2017-06-14,10161.0,10165.0,10021.0,10065.0,169231.0
2017-06-15,10051.0,10075.0,10018.0,10073.0,114510.0
2017-06-16,10078.0,10159.0,10061.0,10146.0,133595.0
2017-06-19,10164.0,10251.0,10160.0,10239.0,126148.0
2017-06-20,10276.0,10353.0,10268.0,10322.0,134420.0
2017-06-21,10273.0,10371.0,10267.0,10369.0,97063.0
2017-06-22,10198.0,10234.0,10174.0,10231.0,117671.0
2017-06-23,10221.0,10245.0,10193.0,10215.0,101667.0
2017-06-26,10207.0,10395.0,10202.0,10381.0,188289.0
2017-06-27,10390.0,10412.0,10353.0,10368.0,115847.0
2017-06-28,10303.0,10342.0,10247.0,10261.0,160947.0
2017-06-29,10325.0,10356.0,10260.0,10297.0,130102.0
2017-06-30,10220.0,10263.0,10196.0,10252.0,124850.0
2017-07-03,10260.0,10289.0,10231.0,10289.0,106319.0
2017-07-04,10303.0,10306.0,10210.0,10217.0,140257.0
2017-07-05,10215.0,10304.0,10171.0,10301.0,166870.0
2017-07-06,10323.0,10329.0,10237.0,10267.0,130726.0
2017-07-07,10225.0,10246.0,10195.0,10203.0,120431.0
2017-07-10,10226.0,10242.0,10180.0,10210.0,111481.0
2017-07-11,10232.0,10356.0,10228.0,10342.0,141931.0
2017-07-12,10346.0,10383.0,10330.0,10339.0,114330.0
2017-07-13,10393.0,10442.0,10371.0,10420.0,143543.0
2017-07-14,10420.0,10424.0,10391.0,10403.0,79383.0
2017-07-17,10458.0,10480.0,10414.0,10436.0,137588.0
2017-07-18,10427.0,10466.0,10407.0,10462.0,98247.0
2017-07-19,10479.0,10541.0,10471.0,10500.0,91415.0
2017-07-20,10411.0,10420.0,10370.0,10390.0,93671.0
2017-07-21,10378.0,10383.0,10324.0,10329.0,97427.0
2017-07-24,10300.0,10364.0,10285.0,10362.0,97402.0
2017-07-25,10373.0,10387.0,10338.0,10363.0,90979.0
2017-07-26,10386.0,10421.0,10320.0,10329.0,140086.0
2017-07-27,10365.0,10462.0,10362.0,10448.0,131417.0
2017-07-28,10395.0,10403.0,10324.0,10340.0,128958.0
2017-07-31,10333.0,10363.0,10289.0,10355.0,108339.0
2017-08-01,10368.0,10424.0,10361.0,10367.0,124991.0
2017-08-02,10420.0,10471.0,10415.0,10453.0,119144.0
2017-08-03,10420.0,10430.0,9408.0,10406.0,135087.0
2017-08-04,10401.0,10456.0,10401.0,10439.0,82751.0
2017-08-07,10476.0,10539.0,10475.0,10529.0,91398.0
2017-08-08,10558.0,10567.0,10485.0,10526.0,116754.0
2017-08-09,10466.0,10497.0,10436.0,10453.0,139249.0
2017-08-10,10477.0,10484.0,10308.0,10328.0,189091.0
2017-08-11,10228.0,10326.0,10225.0,10300.0,145659.0
2017-08-14,10344.0,10357.0,10223.0,10231.0,171611.0
2017-08-15,10310.0,10331.0,10261.0,10309.0,142199.0
2017-08-16,10277.0,10319.0,10235.0,10254.0,108128.0
2017-08-17,10258.0,10324.0,10245.0,10298.0,124653.0
2017-08-18,10230.0,10265.0,10200.0,10259.0,142737.0
2017-08-21,10259.0,10280.0,10217.0,10269.0,108968.0
2017-08-22,10316.0,10369.0,10305.0,10350.0,111527.0
2017-08-23,10401.0,10414.0,10341.0,10361.0,133332.0
2017-08-24,10372.0,10460.0,10365.0,10449.0,117763.0
2017-08-25,10471.0,10490.0,10431.0,10487.0,106737.0
2017-08-28,10466.0,10515.0,10457.0,10490.0,104313.0
2017-08-29,10451.0,10478.0,10421.0,10463.0,124977.0
2017-08-30,10508.0,10552.0,10493.0,10531.0,133868.0
2017-08-31,10560.0,10581.0,10532.0,10551.0,118821.0
2017-09-01,10571.0,10598.0,10540.0,10576.0,100581.0
2017-09-04,10550.0,10579.0,10533.0,10552.0,93022.0
2017-09-05,10575.0,10590.0,10528.0,10582.0,111648.0
2017-09-06,10540.0,10570.0,10483.0,10519.0,151864.0
2017-09-07,10551.0,10568.0,10477.0,10490.0,135940.0
2017-09-08,10501.0,10571.0,10495.0,10556.0,135862.0
2017-09-11,10628.0,10635.0,10535.0,10565.0,149476.0
2017-09-12,10604.0,10614.0,10564.0,10590.0,108726.0
2017-09-13,10595.0,10603.0,10510.0,10521.0,137962.0
2017-09-14,10520.0,10545.0,10486.0,10529.0,112018.0
2017-09-15,10528.0,10570.0,10491.0,10566.0,139760.0
2017-09-18,10605.0,10649.0,10582.0,10636.0,136401.0
2017-09-19,10647.0,10658.0,10568.0,10580.0,146041.0
2017-09-20,10572.0,10585.0,10490.0,10510.0,112339.0
2017-09-21,10505.0,10583.0,10473.0,10575.0,135327.0
2017-09-22,10554.0,10568.0,10427.0,10433.0,168874.0
2017-09-25,10426.0,10453.0,10315.0,10333.0,167936.0
2017-09-26,10299.0,10369.0,10261.0,10264.0,167202.0
2017-09-27,10300.0,10340.0,10290.0,10319.0,130608.0
2017-09-28,10349.0,10350.0,10266.0,10299.0,161794.0
2017-09-29,10299.0,10328.0,10263.0,10321.0,128676.0
2017-09-30,10360.0,10394.0,10354.0,10380.0,45435.0
2017-10-02,10392.0,10458.0,10386.0,10449.0,110414.0
2017-10-03,10470.0,10475.0,10427.0,10462.0,110520.0
2017-10-05,10460.0,10519.0,10438.0,10505.0,110479.0
2017-10-06,10537.0,10542.0,10496.0,10524.0,92459.0
2017-10-11,10556.0,10648.0,10555.0,10633.0,167230.0
2017-10-12,10657.0,10705.0,10640.0,10697.0,103406.0
2017-10-13,10688.0,10713.0,10670.0,10711.0,80576.0
2017-10-16,10745.0,10763.0,10710.0,10757.0,125324.0
2017-10-17,10776.0,10781.0,10720.0,10724.0,119600.0
2017-10-18,10745.0,10783.0,10686.0,10727.0,95719.0
2017-10-19,10748.0,10800.0,10733.0,10761.0,119912.0
2017-10-20,10736.0,10764.0,10700.0,10732.0,115444.0
2017-10-23,10764.0,10786.0,10720.0,10736.0,115411.0
2017-10-24,10725.0,10758.0,10709.0,10744.0,90267.0
2017-10-25,10769.0,10782.0,10728.0,10739.0,118851.0
2017-10-26,10715.0,10750.0,10693.0,10728.0,100701.0
2017-10-27,10748.0,10792.0,10684.0,10710.0,146685.0
2017-10-30,10763.0,10820.0,10724.0,10748.0,157841.0
2017-10-31,10754.0,10800.0,10730.0,10783.0,119823.0
2017-11-01,10820.0,10826.0,10775.0,10809.0,119466.0
2017-11-02,10770.0,10806.0,10758.0,10781.0,104964.0
2017-11-03,10806.0,10810.0,10747.0,10788.0,108240.0
2017-11-06,10793.0,10828.0,10745.0,10771.0,132222.0
2017-11-07,10789.0,10825.0,10778.0,10825.0,101729.0
2017-11-08,10810.0,10824.0,10796.0,10804.0,78467.0
2017-11-09,10812.0,10823.0,10706.0,10723.0,160617.0
2017-11-10,10687.0,10737.0,10662.0,10728.0,117845.0
2017-11-13,10710.0,10726.0,10688.0,10693.0,122834.0
2017-11-14,10695.0,10715.0,10638.0,10684.0,147006.0
2017-11-15,10645.0,10658.0,10602.0,10638.0,103668.0
2017-11-16,10587.0,10634.0,10579.0,10617.0,94296.0
2017-11-17,10690.0,10710.0,10672.0,10707.0,121593.0
2017-11-20,10714.0,10719.0,10654.0,10667.0,99690.0
2017-11-21,10695.0,10788.0,10682.0,10788.0,132592.0
2017-11-22,10825.0,10877.0,10807.0,10827.0,146144.0
2017-11-23,10826.0,10857.0,10810.0,10856.0,79595.0
2017-11-24,10841.0,10856.0,10829.0,10856.0,62301.0
2017-11-27,10841.0,10848.0,10737.0,10750.0,133131.0
2017-11-28,10735.0,10753.0,10695.0,10708.0,126732.0
2017-11-29,10747.0,10763.0,10708.0,10729.0,109461.0
2017-11-30,10650.0,10658.0,10569.0,10574.0,165880.0
2017-12-01,10607.0,10664.0,10495.0,10604.0,199655.0
2017-12-04,10604.0,10651.0,10564.0,10649.0,140764.0
2017-12-05,10595.0,10627.0,10546.0,10573.0,158257.0
2017-12-06,10540.0,10557.0,10375.0,10386.0,202074.0
2017-12-07,10388.0,10427.0,10331.0,10360.0,167939.0
2017-12-08,10388.0,10413.0,10336.0,10397.0,143627.0
2017-12-11,10416.0,10497.0,10415.0,10479.0,120409.0
2017-12-12,10496.0,10498.0,10386.0,10432.0,133771.0
2017-12-13,10433.0,10475.0,10421.0,10449.0,116735.0
2017-12-14,10508.0,10582.0,10498.0,10528.0,137554.0
2017-12-15,10510.0,10515.0,10421.0,10485.0,165569.0
2017-12-18,10527.0,10531.0,10456.0,10502.0,137457.0
2017-12-19,10522.0,10530.0,10443.0,10459.0,152949.0
2017-12-20,10457.0,10509.0,10457.0,10497.0,88577.0
2017-12-21,10492.0,10539.0,10475.0,10497.0,120042.0
2017-12-22,10498.0,10535.0,10473.0,10535.0,83929.0
2017-12-25,10549.0,10564.0,10520.0,10526.0,73249.0
2017-12-26,10540.0,10541.0,10406.0,10416.0,148599.0
2017-12-27,10398.0,10485.0,10393.0,10476.0,115742.0
2017-12-28,10495.0,10593.0,10494.0,10562.0,143604.0
2017-12-29,10593.0,10644.0,10576.0,10636.0,122636.0
2018-01-02,10629.0,10710.0,10621.0,10709.0,108602.0
2018-01-03,10748.0,10797.0,10729.0,10789.0,120998.0
2018-01-04,10831.0,10840.0,10770.0,10837.0,119190.0
2018-01-05,10838.0,10867.0,10801.0,10857.0,110637.0
2018-01-08,10886.0,10900.0,10843.0,10886.0,106537.0
2018-01-09,10889.0,10909.0,10850.0,10881.0,97025.0
2018-01-10,10885.0,10904.0,10806.0,10809.0,132570.0
2018-01-11,10808.0,10834.0,10765.0,10801.0,135869.0
2018-01-12,10824.0,10898.0,10818.0,10876.0,124266.0
2018-01-15,10930.0,10958.0,10902.0,10955.0,134712.0
2018-01-16,10939.0,10986.0,10918.0,10983.0,118376.0
2018-01-17,10955.0,11024.0,10940.0,11020.0,85210.0
2018-01-18,11063.0,11137.0,11036.0,11054.0,179169.0
2018-01-19,11096.0,11142.0,11080.0,11139.0,106496.0
2018-01-22,11136.0,11225.0,11113.0,11222.0,139799.0
2018-01-23,11241.0,11253.0,11181.0,11225.0,152547.0
2018-01-24,11199.0,11203.0,11090.0,11126.0,171874.0
2018-01-25,11117.0,11271.0,11116.0,11154.0,207680.0
2018-01-26,11170.0,11186.0,11079.0,11146.0,172894.0
2018-01-29,11215.0,11238.0,11155.0,11196.0,139210.0
2018-01-30,11164.0,11190.0,11064.0,11064.0,176699.0
2018-01-31,11050.0,11144.0,11017.0,11098.0,190849.0
2018-02-01,11127.0,11199.0,11112.0,11160.0,141148.0
2018-02-02,11111.0,11132.0,11041.0,11116.0,176534.0
2018-02-05,10888.0,10952.0,10848.0,10928.0,185574.0
2018-02-06,10643.0,10663.0,10242.0,10399.0,409245.0
2018-02-07,10600.0,10669.0,10510.0,10517.0,236946.0
2018-02-08,10526.0,10595.0,10492.0,10518.0,182147.0
2018-02-09,10203.0,10368.0,10121.0,10353.0,257335.0
2018-02-12,10420.0,10438.0,10377.0,10410.0,151528.0
2018-02-21,10630.0,10718.0,10591.0,10705.0,94033.0
2018-02-22,10646.0,10655.0,10593.0,10626.0,124336.0
2018-02-23,10680.0,10789.0,10676.0,10781.0,131504.0
2018-02-26,10867.0,10868.0,10801.0,10822.0,101181.0
2018-02-27,10890.0,10914.0,10784.0,10791.0,119787.0
2018-03-01,10604.0,10778.0,10600.0,10735.0,150471.0
2018-03-02,10614.0,10696.0,10579.0,10681.0,167243.0
2018-03-05,10695.0,10741.0,10598.0,10635.0,172804.0
2018-03-06,10730.0,10789.0,10712.0,10787.0,142401.0
2018-03-07,10712.0,10817.0,10700.0,10712.0,158990.0
2018-03-08,10778.0,10847.0,10767.0,10829.0,119702.0
2018-03-09,10906.0,10910.0,10827.0,10865.0,128355.0
2018-03-12,10965.0,11025.0,10948.0,11024.0,122637.0
2018-03-13,11028.0,11103.0,11013.0,11100.0,108806.0
2018-03-14,11048.0,11066.0,11003.0,11031.0,127357.0
2018-03-15,10994.0,11068.0,10985.0,11041.0,111968.0
2018-03-16,11038.0,11043.0,10923.0,11018.0,189713.0
2018-03-19,10975.0,11054.0,10959.0,11028.0,151802.0
2018-03-20,10973.0,11025.0,10957.0,11012.0,123903.0
2018-03-21,11030.0,11073.0,11011.0,11044.0,80714.0
2018-03-22,11036.0,11122.0,10961.0,10989.0,192263.0
2018-03-23,10730.0,10816.0,10718.0,10734.0,178593.0
2018-03-26,10693.0,10847.0,10682.0,10840.0,147862.0
2018-03-27,10948.0,10991.0,10906.0,10989.0,131507.0
2018-03-28,10879.0,10910.0,10809.0,10820.0,155315.0
2018-03-29,10830.0,10859.0,10773.0,10840.0,149221.0
2018-03-30,10921.0,10974.0,10904.0,10919.0,111968.0
2018-03-31,10947.0,10949.0,10912.0,10926.0,24169.0
2018-04-02,10920.0,10958.0,10843.0,10865.0,137934.0
2018-04-03,10774.0,10807.0,10738.0,10784.0,133955.0
2018-04-09,10838.0,10911.0,10813.0,10904.0,155952.0
2018-04-10,10874.0,10993.0,10852.0,10949.0,172575.0
2018-04-11,10959.0,11007.0,10948.0,10979.0,119383.0
2018-04-12,10993.0,11024.0,10905.0,10943.0,145737.0
2018-04-13,10966.0,10988.0,10920.0,10955.0,118585.0
2018-04-16,10975.0,10976.0,10908.0,10943.0,145646.0
2018-04-17,10958.0,10963.0,10802.0,10806.0,156247.0
2018-04-18,10849.0,10909.0,10789.0,10845.0,106426.0
2018-04-19,10856.0,10975.0,10852.0,10969.0,147058.0
2018-04-20,10869.0,10870.0,10776.0,10788.0,168412.0
2018-04-23,10731.0,10767.0,10687.0,10694.0,143144.0
2018-04-24,10692.0,10694.0,10547.0,10583.0,185925.0
2018-04-25,10487.0,10558.0,10468.0,10535.0,167276.0
2018-04-26,10601.0,10621.0,10470.0,10476.0,173837.0
2018-04-27,10561.0,10565.0,10483.0,10561.0,138888.0
2018-04-30,10593.0,10655.0,10537.0,10655.0,132890.0
2018-05-02,10631.0,10670.0,10597.0,10609.0,119121.0
2018-05-03,10560.0,10575.0,10488.0,10506.0,145487.0
2018-05-04,10506.0,10544.0,10468.0,10523.0,146168.0
2018-05-07,10599.0,10615.0,10529.0,10595.0,139344.0
2018-05-08,10597.0,10672.0,10580.0,10669.0,120547.0
2018-05-09,10685.0,10731.0,10666.0,10704.0,138372.0
2018-05-10,10732.0,10771.0,10723.0,10763.0,117424.0
2018-05-11,10819.0,10865.0,10806.0,10861.0,127629.0
2018-05-14,10926.0,10968.0,10891.0,10958.0,132634.0
2018-05-15,10946.0,10961.0,10857.0,10869.0,137727.0
2018-05-16,10845.0,10907.0,10839.0,10872.0,89647.0
2018-05-17,10920.0,10928.0,10823.0,10826.0,126166.0
2018-05-18,10834.0,10873.0,10805.0,10820.0,109398.0
2018-05-21,10865.0,10966.0,10863.0,10965.0,101176.0
2018-05-22,10969.0,10999.0,10913.0,10922.0,114865.0
2018-05-23,10933.0,10998.0,10855.0,10858.0,138032.0
2018-05-24,10879.0,10923.0,10851.0,10917.0,113285.0
2018-05-25,10921.0,10956.0,10890.0,10932.0,107432.0
2018-05-28,10979.0,10989.0,10937.0,10983.0,93268.0
2018-05-29,10979.0,10982.0,10896.0,10928.0,119010.0
2018-05-30,10833.0,10848.0,10761.0,10775.0,151570.0
2018-05-31,10836.0,10870.0,10821.0,10867.0,124660.0
2018-06-01,10854.0,10925.0,10844.0,10915.0,111930.0
2018-06-04,10976.0,11095.0,10976.0,11085.0,109687.0
2018-06-05,11101.0,11118.0,11035.0,11069.0,119504.0
2018-06-06,11095.0,11210.0,11088.0,11200.0,134205.0
2018-06-07,11245.0,11253.0,11174.0,11227.0,127407.0
2018-06-08,11205.0,11215.0,11103.0,11125.0,122509.0
2018-06-11,11151.0,11173.0,11098.0,11128.0,104423.0
2018-06-12,11148.0,11152.0,11054.0,11141.0,159832.0
2018-06-13,11152.0,11169.0,11095.0,11146.0,114215.0
2018-06-14,11101.0,11106.0,10984.0,10985.0,143124.0
2018-06-15,11001.0,11075.0,10961.0,11055.0,145449.0
2018-06-19,10943.0,10958.0,10871.0,10874.0,170249.0
2018-06-20,10904.0,10951.0,10850.0,10936.0,109099.0
2018-06-21,10725.0,10745.0,10688.0,10706.0,130352.0
2018-06-22,10630.0,10685.0,10581.0,10655.0,141860.0
2018-06-25,10624.0,10660.0,10583.0,10584.0,122274.0
2018-06-26,10550.0,10596.0,10484.0,10592.0,167431.0
2018-06-27,10585.0,10625.0,10538.0,10554.0,134481.0
2018-06-28,10513.0,10578.0,10484.0,10523.0,150442.0
2018-06-29,10541.0,10692.0,10526.0,10677.0,155640.0
2018-07-02,10680.0,10719.0,10609.0,10611.0,141723.0
2018-07-03,10651.0,10717.0,10544.0,10622.0,221125.0
2018-07-04,10598.0,10639.0,10584.0,10618.0,130994.0
2018-07-05,10625.0,10633.0,10488.0,10500.0,191745.0
2018-07-06,10535.0,10556.0,10414.0,10539.0,218771.0
2018-07-09,10583.0,10676.0,10582.0,10661.0,147171.0
2018-07-10,10733.0,10744.0,10680.0,10709.0,122142.0
2018-07-11,10608.0,10656.0,10574.0,10617.0,177783.0
2018-07-12,10640.0,10750.0,10609.0,10740.0,147260.0
2018-07-13,10808.0,10850.0,10768.0,10848.0,133034.0
2018-07-16,10854.0,10874.0,10807.0,10815.0,137166.0
2018-07-17,10809.0,10819.0,10756.0,10768.0,150847.0
2018-07-18,10829.0,10872.0,10791.0,10844.0,89274.0
2018-07-19,10756.0,10792.0,10708.0,10721.0,142334.0
2018-07-20,10774.0,10847.0,10765.0,10824.0,191859.0
2018-07-23,10846.0,10864.0,10794.0,10830.0,142476.0
2018-07-24,10841.0,10880.0,10802.0,10871.0,115304.0
2018-07-25,10860.0,10892.0,10851.0,10865.0,96247.0
2018-07-26,10909.0,10926.0,10873.0,10915.0,117119.0
2018-07-27,10928.0,10995.0,10918.0,10992.0,111649.0
2018-07-30,10970.0,11007.0,10937.0,10940.0,117666.0
2018-07-31,10931.0,10997.0,10913.0,10989.0,116649.0
2018-08-01,11034.0,11057.0,11010.0,11047.0,96117.0
2018-08-02,11048.0,11048.0,10862.0,10871.0,168828.0
2018-08-03,10934.0,10977.0,10928.0,10970.0,107878.0
2018-08-06,10990.0,11036.0,10956.0,10982.0,133767.0
2018-08-07,10986.0,11003.0,10951.0,10968.0,104241.0
2018-08-08,11000.0,11070.0,10997.0,11049.0,115922.0
2018-08-09,11031.0,11038.0,10969.0,11017.0,118059.0
2018-08-10,10970.0,11022.0,10953.0,10959.0,121790.0
2018-08-13,10909.0,10912.0,10692.0,10757.0,228396.0
2018-08-14,10791.0,10831.0,10756.0,10820.0,145603.0
2018-08-15,10835.0,10841.0,10696.0,10737.0,112549.0
2018-08-16,10610.0,10724.0,10591.0,10690.0,160436.0
2018-08-17,10723.0,10732.0,10647.0,10662.0,118840.0
2018-08-20,10687.0,10715.0,10652.0,10671.0,120121.0
2018-08-21,10698.0,10774.0,10682.0,10767.0,126191.0
2018-08-22,10752.0,10795.0,10733.0,10764.0,124070.0
2018-08-23,10795.0,10845.0,10758.0,10842.0,150200.0
2018-08-24,10811.0,10830.0,10728.0,10788.0,143666.0
2018-08-27,10831.0,10892.0,10820.0,10886.0,127704.0
2018-08-28,10945.0,10980.0,10935.0,10954.0,115627.0
2018-08-29,10977.0,11049.0,10968.0,11044.0,130889.0
2018-08-30,11088.0,11135.0,11019.0,11023.0,160151.0
2018-08-31,10975.0,11024.0,10953.0,11022.0,136261.0
2018-09-03,11013.0,11045.0,10919.0,10935.0,141943.0
2018-09-04,10963.0,11004.0,10935.0,11002.0,131455.0
2018-09-05,10973.0,11021.0,10948.0,10950.0,151692.0
2018-09-06,10920.0,10950.0,10865.0,10901.0,165409.0
2018-09-07,10864.0,10892.0,10803.0,10845.0,178235.0
2018-09-10,10865.0,10880.0,10708.0,10734.0,198790.0
2018-09-11,10758.0,10767.0,10682.0,10740.0,171082.0
2018-09-12,10762.0,10772.0,10687.0,10726.0,161851.0
2018-09-13,10740.0,10779.0,10709.0,10717.0,140045.0
2018-09-14,10784.0,10887.0,10771.0,10881.0,167546.0
2018-09-17,10857.0,10868.0,10810.0,10823.0,130683.0
2018-09-18,10787.0,10818.0,10761.0,10781.0,155686.0
2018-09-19,10836.0,10875.0,10819.0,10873.0,70379.0
2018-09-20,10910.0,10922.0,10824.0,10848.0,147069.0
2018-09-21,10905.0,10976.0,10854.0,10974.0,160951.0
2018-09-25,10960.0,10996.0,10935.0,10981.0,98858.0
2018-09-26,10963.0,10991.0,10949.0,10972.0,107637.0
2018-09-27,10955.0,11011.0,10936.0,10982.0,136789.0
2018-09-28,11011.0,11039.0,10921.0,10955.0,162520.0
2018-10-01,10968.0,11018.0,10966.0,11006.0,89433.0
2018-10-02,11006.0,11011.0,10873.0,10879.0,156457.0
2018-10-03,10880.0,10914.0,10845.0,10856.0,136321.0
2018-10-04,10823.0,10830.0,10688.0,10694.0,160072.0
2018-10-05,10658.0,10673.0,10431.0,10506.0,256183.0
2018-10-08,10470.0,10530.0,10416.0,10461.0,174770.0
2018-10-09,10491.0,10508.0,10447.0,10460.0,153437.0
2018-10-11,10026.0,10080.0,9630.0,9642.0,348653.0
2018-10-12,9736.0,10021.0,9683.0,9948.0,251156.0
2018-10-15,9899.0,9927.0,9854.0,9860.0,164909.0
2018-10-16,9885.0,9992.0,9868.0,9951.0,197823.0
2018-10-17,10082.0,10114.0,9987.0,9993.0,106223.0
2018-10-18,9923.0,9986.0,9878.0,9884.0,151011.0
2018-10-19,9753.0,9914.0,9747.0,9905.0,179393.0
2018-10-22,9813.0,9972.0,9761.0,9935.0,178167.0
2018-10-23,9825.0,9849.0,9723.0,9728.0,186988.0
2018-10-24,9753.0,9791.0,9623.0,9715.0,221429.0
2018-10-25,9423.0,9557.0,9414.0,9486.0,205902.0
2018-10-26,9547.0,9573.0,9339.0,9424.0,241595.0
2018-10-29,9527.0,9539.0,9428.0,9473.0,162497.0
2018-10-30,9465.0,9564.0,9463.0,9524.0,169621.0
2018-10-31,9595.0,9748.0,9590.0,9724.0,166496.0
2018-11-01,9750.0,9827.0,9705.0,9787.0,140555.0
2018-11-02,9868.0,9884.0,9791.0,9874.0,153413.0
2018-11-05,9803.0,9824.0,9741.0,9817.0,145973.0
2018-11-06,9849.0,9867.0,9746.0,9774.0,122426.0
2018-11-07,9785.0,9890.0,9780.0,9848.0,154891.0
2018-11-08,9980.0,10000.0,9906.0,9924.0,115590.0
2018-11-09,9897.0,9899.0,9754.0,9789.0,138795.0
2018-11-12,9750.0,9864.0,9741.0,9812.0,115102.0
2018-11-13,9600.0,9758.0,9528.0,9728.0,170110.0
2018-11-14,9768.0,9798.0,9731.0,9769.0,111585.0
2018-11-15,9790.0,9837.0,9708.0,9827.0,155283.0
2018-11-16,9877.0,9903.0,9756.0,9783.0,147344.0
2018-11-19,9802.0,9838.0,9778.0,9819.0,111237.0
2018-11-20,9755.0,9808.0,9703.0,9732.0,150456.0
2018-11-21,9661.0,9760.0,9624.0,9743.0,75719.0
2018-11-22,9766.0,9769.0,9700.0,9714.0,91042.0
2018-11-23,9715.0,9733.0,9613.0,9620.0,113555.0
2018-11-26,9668.0,9850.0,9656.0,9768.0,147457.0
2018-11-27,9727.0,9755.0,9644.0,9741.0,133623.0
2018-11-28,9780.0,9880.0,9732.0,9870.0,147701.0
2018-11-29,9984.0,9989.0,9861.0,9877.0,130827.0
2018-11-30,9900.0,9935.0,9847.0,9853.0,121317.0
2018-12-03,10012.0,10156.0,9996.0,10122.0,135162.0
2018-12-04,10080.0,10094.0,10033.0,10042.0,105118.0
2018-12-05,9900.0,9946.0,9863.0,9878.0,129691.0
2018-12-06,9813.0,9814.0,9626.0,9674.0,164887.0
2018-12-07,9735.0,9763.0,9689.0,9746.0,105451.0
2018-12-10,9565.0,9680.0,9560.0,9626.0,116350.0
2018-12-11,9654.0,9698.0,9625.0,9687.0,114010.0
2018-12-12,9759.0,9827.0,9725.0,9818.0,132304.0
2018-12-13,9831.0,9872.0,9790.0,9856.0,109467.0
2018-12-14,9805.0,9809.0,9676.0,9730.0,145379.0
2018-12-17,9753.0,9826.0,9722.0,9790.0,127930.0
2018-12-18,9718.0,9755.0,9688.0,9718.0,144686.0
2018-12-19,9758.0,9778.0,9728.0,9768.0,54588.0
2018-12-20,9638.0,9709.0,9610.0,9641.0,141731.0
2018-12-21,9624.0,9668.0,9556.0,9660.0,122129.0
2018-12-22,9580.0,9615.0,9575.0,9585.0,23776.0
2018-12-24,9603.0,9627.0,9587.0,9620.0,89050.0
2018-12-25,9480.0,9487.0,9410.0,9477.0,99787.0
2018-12-26,9523.0,9555.0,9438.0,9459.0,116623.0
2018-12-27,9589.0,9655.0,9566.0,9633.0,124097.0
2018-12-28,9630.0,9680.0,9622.0,9671.0,92809.0
2019-01-02,9760.0,9762.0,9506.0,9536.0,165922.0
2019-01-03,9488.0,9547.0,9433.0,9440.0,130686.0
2019-01-04,9367.0,9410.0,9305.0,9367.0,168796.0
2019-01-07,9541.0,9588.0,9490.0,9563.0,145208.0
2019-01-08,9600.0,9611.0,9532.0,9561.0,121996.0
2019-01-09,9608.0,9755.0,9602.0,9708.0,161013.0
2019-01-10,9710.0,9713.0,9673.0,9694.0,96870.0
2019-01-11,9760.0,9803.0,9724.0,9750.0,137362.0
2019-01-14,9738.0,9756.0,9660.0,9691.0,133304.0
2019-01-15,9743.0,9817.0,9715.0,9793.0,158065.0
2019-01-16,9781.0,9804.0,9755.0,9784.0,62359.0
2019-01-17,9777.0,9834.0,9721.0,9779.0,142688.0
2019-01-18,9825.0,9846.0,9770.0,9820.0,115290.0
2019-01-21,9885.0,9919.0,9856.0,9866.0,119821.0
2019-01-22,9841.0,9868.0,9822.0,9847.0,93410.0
2019-01-23,9830.0,9860.0,9807.0,9818.0,106263.0
2019-01-24,9833.0,9884.0,9820.0,9863.0,104491.0
2019-01-25,9928.0,9989.0,9911.0,9968.0,116395.0
2019-01-28,10000.0,10018.0,9975.0,9985.0,81405.0
2019-01-29,9932.0,9936.0,9880.0,9923.0,113746.0
2019-01-30,9925.0,9956.0,9896.0,9926.0,83963.0
2019-02-11,10010.0,10067.0,9966.0,9999.0,101469.0
2019-02-12,10049.0,10093.0,10029.0,10084.0,79049.0
2019-02-13,10125.0,10128.0,10055.0,10084.0,96794.0
2019-02-14,10044.0,10124.0,10034.0,10080.0,97857.0
2019-02-15,10040.0,10116.0,10022.0,10042.0,121921.0
2019-02-18,10111.0,10161.0,10098.0,10135.0,113809.0
2019-02-19,10123.0,10158.0,10104.0,10142.0,93983.0
2019-02-20,10183.0,10262.0,10177.0,10256.0,73350.0
2019-02-21,10255.0,10327.0,10232.0,10324.0,97337.0
2019-02-22,10272.0,10312.0,10245.0,10310.0,87939.0
2019-02-25,10350.0,10378.0,10324.0,10368.0,104882.0
2019-02-26,10381.0,10394.0,10336.0,10355.0,100522.0
2019-02-27,10375.0,10384.0,10325.0,10362.0,83461.0
2019-03-04,10390.0,10400.0,10276.0,10311.0,122715.0
2019-03-05,10260.0,10306.0,10248.0,10274.0,97390.0
2019-03-06,10283.0,10333.0,10282.0,10322.0,91094.0
2019-03-07,10315.0,10335.0,10260.0,10262.0,95914.0
2019-03-08,10230.0,10244.0,10162.0,10200.0,127917.0
2019-03-11,10170.0,10234.0,10168.0,10229.0,78910.0
2019-03-12,10301.0,10385.0,10300.0,10348.0,109945.0
2019-03-13,10325.0,10365.0,10305.0,10365.0,100182.0
2019-03-14,10390.0,10392.0,10322.0,10338.0,92686.0
2019-03-15,10355.0,10430.0,10347.0,10414.0,116100.0
2019-03-18,10437.0,10487.0,10420.0,10477.0,104180.0
2019-03-19,10483.0,10511.0,10461.0,10501.0,101703.0
2019-03-20,10493.0,10549.0,10492.0,10545.0,56166.0
2019-03-21,10538.0,10593.0,10532.0,10590.0,90838.0
2019-03-22,10645.0,10659.0,10560.0,10613.0,107634.0
2019-03-25,10478.0,10486.0,10423.0,10438.0,100215.0
2019-03-26,10482.0,10538.0,10480.0,10522.0,87187.0
2019-03-27,10506.0,10533.0,10473.0,10520.0,88500.0
2019-03-28,10450.0,10515.0,10444.0,10493.0,83464.0
2019-03-29,10551.0,10600.0,10476.0,10598.0,128163.0
2019-04-01,10679.0,10715.0,10615.0,10638.0,114429.0
2019-04-02,10688.0,10704.0,10668.0,10676.0,78347.0
2019-04-03,10688.0,10728.0,10671.0,10693.0,93675.0
2019-04-08,10779.0,10795.0,10745.0,10770.0,92630.0
2019-04-09,10801.0,10848.0,10782.0,10843.0,70930.0
2019-04-10,10820.0,10869.0,10812.0,10862.0,69994.0
2019-04-11,10868.0,10885.0,10775.0,10806.0,110887.0
2019-04-12,10818.0,10831.0,10782.0,10802.0,85901.0
2019-04-15,10865.0,10895.0,10843.0,10876.0,100286.0
2019-04-16,10870.0,10932.0,10863.0,10931.0,104554.0
2019-04-17,10954.0,11010.0,10948.0,11004.0,63683.0
2019-04-18,11022.0,11039.0,10920.0,10939.0,117490.0
2019-04-19,11020.0,11036.0,10954.0,10972.0,88747.0
2019-04-22,11008.0,11030.0,10958.0,10978.0,77384.0
2019-04-23,10988.0,11024.0,10934.0,11024.0,103861.0
2019-04-24,11050.0,11057.0,10970.0,11009.0,108063.0
2019-04-25,10990.0,11041.0,10977.0,11031.0,86847.0
2019-04-26,10962.0,10972.0,10900.0,10933.0,118536.0
2019-04-29,10959.0,10978.0,10902.0,10932.0,90107.0
2019-04-30,10912.0,10961.0,10883.0,10952.0,99311.0
2019-05-02,10947.0,11033.0,10933.0,10978.0,110504.0
2019-05-03,10992.0,11094.0,10975.0,11092.0,105128.0
2019-05-06,10980.0,10980.0,10821.0,10857.0,157627.0
2019-05-07,10900.0,10996.0,10900.0,10970.0,112695.0
2019-05-08,10849.0,10943.0,10841.0,10893.0,122471.0
2019-05-09,10854.0,10866.0,10716.0,10746.0,163378.0
2019-05-10,10750.0,10850.0,10646.0,10745.0,244648.0
2019-05-13,10686.0,10708.0,10565.0,10576.0,166126.0
2019-05-14,10425.0,10571.0,10399.0,10532.0,182739.0
2019-05-15,10539.0,10609.0,10513.0,10579.0,84213.0
2019-05-16,10537.0,10574.0,10483.0,10488.0,136852.0
2019-05-17,10562.0,10566.0,10406.0,10411.0,148067.0
2019-05-20,10442.0,10485.0,10405.0,10433.0,138410.0
2019-05-21,10398.0,10502.0,10378.0,10487.0,139337.0
2019-05-22,10471.0,10515.0,10453.0,10480.0,116942.0
2019-05-23,10422.0,10424.0,10285.0,10310.0,140826.0
2019-05-24,10316.0,10386.0,10315.0,10344.0,110221.0
2019-05-27,10350.0,10390.0,10284.0,10333.0,103116.0
2019-05-28,10369.0,10374.0,10309.0,10340.0,87667.0
2019-05-29,10220.0,10295.0,10218.0,10291.0,94603.0
2019-05-30,10311.0,10382.0,10279.0,10367.0,118886.0
2019-05-31,10332.0,10493.0,10330.0,10455.0,132616.0
2019-06-03,10431.0,10477.0,10366.0,10471.0,129111.0
2019-06-04,10461.0,10483.0,10401.0,10416.0,91946.0
2019-06-05,10495.0,10510.0,10439.0,10456.0,101638.0
2019-06-06,10433.0,10437.0,10351.0,10360.0,112358.0
2019-06-10,10477.0,10546.0,10442.0,10539.0,122498.0
2019-06-11,10555.0,10618.0,10533.0,10592.0,102065.0
2019-06-12,10587.0,10611.0,10564.0,10592.0,88158.0
2019-06-13,10561.0,10589.0,10497.0,10529.0,115701.0
2019-06-14,10534.0,10558.0,10516.0,10529.0,87499.0
2019-06-17,10477.0,10565.0,10460.0,10545.0,126622.0
2019-06-18,10539.0,10576.0,10526.0,10553.0,89907.0
2019-06-19,10680.0,10800.0,10667.0,10770.0,82967.0
2019-06-20,10575.0,10605.0,10558.0,10591.0,82664.0
2019-06-21,10628.0,10641.0,10564.0,10585.0,96638.0
2019-06-24,10605.0,10647.0,10553.0,10623.0,91686.0
2019-06-25,10620.0,10630.0,10523.0,10540.0,99176.0
2019-06-26,10525.0,10541.0,10499.0,10503.0,84635.0
2019-06-27,10535.0,10642.0,10532.0,10622.0,107467.0
2019-06-28,10621.0,10627.0,10550.0,10580.0,82329.0
2019-07-01,10707.0,10780.0,10693.0,10767.0,97751.0
2019-07-02,10738.0,10766.0,10729.0,10749.0,61053.0
2019-07-03,10733.0,10741.0,10202.0,10641.0,110757.0
2019-07-04,10691.0,10729.0,10677.0,10710.0,77799.0
2019-07-05,10713.0,10749.0,10682.0,10718.0,77791.0
2019-07-08,10655.0,10711.0,10630.0,10665.0,105869.0
2019-07-09,10688.0,10699.0,10631.0,10650.0,79635.0
2019-07-10,10699.0,10741.0,10689.0,10731.0,99635.0
2019-07-11,10801.0,10833.0,10772.0,10814.0,86527.0
2019-07-12,10789.0,10830.0,10788.0,10810.0,77492.0
2019-07-15,10808.0,10860.0,10730.0,10849.0,142849.0
2019-07-16,10863.0,10892.0,10851.0,10876.0,94778.0
2019-07-17,10837.0,10855.0,10805.0,10831.0,73472.0
2019-07-18,10625.0,10676.0,10623.0,10651.0,78967.0
2019-07-19,10757.0,10792.0,10727.0,10744.0,96597.0
2019-07-22,10735.0,10798.0,10729.0,10794.0,78276.0
2019-07-23,10822.0,10836.0,10785.0,10803.0,76794.0
2019-07-24,10817.0,10835.0,10792.0,10804.0,66376.0
2019-07-25,10825.0,10831.0,10769.0,10822.0,73933.0
2019-07-26,10781.0,10795.0,10765.0,10787.0,53262.0
2019-07-29,10779.0,10802.0,10744.0,10782.0,83205.0
2019-07-30,10819.0,10836.0,10751.0,10752.0,91827.0
2019-07-31,10721.0,10743.0,10674.0,10737.0,103963.0
2019-08-01,10635.0,10697.0,10623.0,10644.0,109370.0
2019-08-02,10518.0,10535.0,10441.0,10469.0,142909.0
2019-08-05,10421.0,10460.0,10358.0,10379.0,135670.0
2019-08-06,10096.0,10387.0,10095.0,10331.0,199053.0
2019-08-07,10330.0,10375.0,10301.0,10347.0,113948.0
2019-08-08,10372.0,10454.0,10340.0,10439.0,122318.0
2019-08-12,10439.0,10477.0,10380.0,10441.0,87087.0
2019-08-13,10385.0,10400.0,10319.0,10342.0,102839.0
2019-08-14,10457.0,10492.0,10416.0,10429.0,107891.0
2019-08-15,10255.0,10335.0,10242.0,10301.0,117015.0
2019-08-16,10315.0,10421.0,10288.0,10414.0,135144.0
2019-08-19,10436.0,10489.0,10419.0,10484.0,113319.0
2019-08-20,10487.0,10530.0,10478.0,10527.0,94358.0
2019-08-21,10514.0,10544.0,10505.0,10528.0,61159.0
2019-08-22,10538.0,10564.0,10464.0,10477.0,105769.0
2019-08-23,10485.0,10513.0,10460.0,10499.0,76901.0
2019-08-26,10335.0,10367.0,10294.0,10307.0,120532.0
2019-08-27,10372.0,10390.0,10343.0,10364.0,73290.0
2019-08-28,10390.0,10438.0,10388.0,10413.0,86584.0
2019-08-29,10420.0,10442.0,10376.0,10430.0,84003.0
2019-08-30,10520.0,10584.0,10517.0,10576.0,79713.0
2019-09-02,10564.0,10615.0,10556.0,10605.0,60427.0
2019-09-03,10599.0,10632.0,10537.0,10543.0,91892.0
2019-09-04,10563.0,10657.0,10558.0,10644.0,86712.0
2019-09-05,10719.0,10762.0,10703.0,10735.0,91108.0
2019-09-06,10776.0,10783.0,10741.0,10768.0,68005.0
2019-09-09,10802.0,10827.0,10773.0,10792.0,68953.0
2019-09-10,10801.0,10814.0,10731.0,10743.0,76441.0
2019-09-11,10795.0,10808.0,10751.0,10773.0,89245.0
2019-09-12,10842.0,10870.0,10801.0,10824.0,101288.0
2019-09-16,10802.0,10885.0,10802.0,10881.0,107760.0
2019-09-17,10907.0,10910.0,10858.0,10863.0,86095.0
2019-09-18,10912.0,10963.0,10884.0,10959.0,59301.0
2019-09-19,10915.0,10936.0,10851.0,10870.0,91304.0
2019-09-20,10901.0,10912.0,10884.0,10901.0,60402.0
2019-09-23,10894.0,10929.0,10872.0,10894.0,75227.0
2019-09-24,10911.0,10932.0,10865.0,10908.0,89403.0
2019-09-25,10865.0,10873.0,10805.0,10841.0,100205.0
2019-09-26,10876.0,10895.0,10828.0,10843.0,83512.0
2019-09-27,10876.0,10897.0,10811.0,10824.0,94839.0
2019-10-01,10856.0,10962.0,10856.0,10954.0,91075.0
2019-10-02,10916.0,10948.0,10912.0,10922.0,67011.0
2019-10-03,10827.0,10877.0,10773.0,10851.0,97211.0
2019-10-04,10881.0,10912.0,10820.0,10880.0,106799.0
2019-10-07,10907.0,10937.0,10886.0,10915.0,68946.0
2019-10-08,10958.0,11021.0,10950.0,11001.0,85671.0
2019-10-09,10963.0,10969.0,10880.0,10880.0,90482.0
2019-10-14,11070.0,11092.0,11030.0,11076.0,114852.0
2019-10-15,11083.0,11122.0,11073.0,11108.0,99518.0
2019-10-16,11158.0,11171.0,11130.0,11145.0,66943.0
2019-10-17,11148.0,11161.0,11117.0,11157.0,56152.0
2019-10-18,11195.0,11223.0,11132.0,11150.0,91145.0
2019-10-21,11157.0,11168.0,11133.0,11155.0,54208.0
2019-10-22,11213.0,11252.0,11191.0,11242.0,78469.0
2019-10-23,11225.0,11254.0,11182.0,11201.0,79441.0
2019-10-24,11232.0,11292.0,11225.0,11290.0,71647.0
2019-10-25,11321.0,11328.0,11264.0,11284.0,61411.0
2019-10-28,11334.0,11342.0,11291.0,11311.0,52213.0
2019-10-29,11348.0,11366.0,11293.0,11326.0,80689.0
2019-10-30,11312.0,11351.0,11295.0,11338.0,66641.0
2019-10-31,11371.0,11396.0,11341.0,11346.0,74398.0
2019-11-01,11333.0,11377.0,11316.0,11371.0,60298.0
2019-11-04,11416.0,11554.0,11413.0,11544.0,102908.0
2019-11-05,11594.0,11650.0,11566.0,11645.0,85555.0
2019-11-06,11644.0,11675.0,11600.0,11653.0,89714.0
2019-11-07,11636.0,11637.0,11558.0,11596.0,98305.0
2019-11-08,11646.0,11648.0,11554.0,11573.0,93120.0
2019-11-11,11577.0,11581.0,11424.0,11437.0,115934.0
2019-11-12,11483.0,11528.0,11466.0,11523.0,77144.0
2019-11-13,11463.0,11494.0,11428.0,11466.0,104040.0
2019-11-14,11493.0,11496.0,11413.0,11456.0,106892.0
2019-11-15,11485.0,11563.0,11480.0,11532.0,107490.0
2019-11-18,11533.0,11594.0,11507.0,11593.0,107411.0
2019-11-19,11574.0,11654.0,11563.0,11644.0,96240.0
2019-11-20,11621.0,11644.0,11594.0,11607.0,62136.0
2019-11-21,11529.0,11551.0,11450.0,11544.0,135473.0
2019-11-22,11565.0,11592.0,11531.0,11556.0,80409.0
2019-11-25,11615.0,11629.0,11559.0,11565.0,87376.0
2019-11-26,11620.0,11658.0,11603.0,11618.0,107977.0
2019-11-27,11613.0,11651.0,11596.0,11647.0,70898.0
2019-11-28,11658.0,11663.0,11605.0,11614.0,88687.0
2019-11-29,11604.0,11613.0,11462.0,11465.0,131564.0
2019-12-02,11527.0,11533.0,11459.0,11502.0,90579.0
2019-12-03,11444.0,11527.0,11439.0,11524.0,88994.0
2019-12-04,11492.0,11505.0,11443.0,11503.0,106806.0
2019-12-05,11540.0,11618.0,11532.0,11598.0,91837.0
2019-12-06,11645.0,11670.0,11580.0,11612.0,88309.0
2019-12-09,11670.0,11699.0,11633.0,11671.0,78956.0
2019-12-10,11647.0,11656.0,11605.0,11625.0,73085.0
2019-12-11,11600.0,11706.0,11594.0,11706.0,92546.0
2019-12-12,11765.0,11888.0,11754.0,11853.0,119427.0
2019-12-13,11977.0,12007.0,11917.0,11965.0,117530.0
2019-12-16,11932.0,11976.0,11922.0,11961.0,95670.0
2019-12-17,11974.0,12102.0,11945.0,12100.0,111124.0
2019-12-18,12077.0,12129.0,12065.0,12118.0,54946.0
2019-12-19,12110.0,12115.0,12015.0,12030.0,92209.0
2019-12-20,12063.0,12063.0,11951.0,11979.0,126757.0
2019-12-23,12000.0,12028.0,11972.0,12020.0,75298.0
2019-12-24,12030.0,12044.0,11982.0,11983.0,55384.0
2019-12-25,11989.0,12027.0,11976.0,12020.0,41599.0
2019-12-26,12029.0,12042.0,11986.0,12009.0,52249.0
2019-12-27,12038.0,12112.0,12037.0,12097.0,74454.0
2019-12-30,12091.0,12125.0,12065.0,12069.0,66062.0
2019-12-31,12029.0,12049.0,11992.0,11995.0,74341.0
2020-01-02,12044.0,12120.0,12023.0,12102.0,100401.0
2020-01-03,12180.0,12198.0,11996.0,12086.0,172660.0
2020-01-06,12017.0,12034.0,11948.0,11950.0,118380.0
2020-01-07,11995.0,12009.0,11816.0,11871.0,157264.0
2020-01-08,11728.0,11892.0,11697.0,11788.0,158971.0
2020-01-09,11919.0,11998.0,11883.0,11968.0,115014.0
2020-01-10,12005.0,12042.0,11953.0,12010.0,114171.0
2020-01-13,12085.0,12121.0,12044.0,12117.0,142642.0
2020-01-14,12176.0,12199.0,12148.0,12181.0,104397.0
2020-01-15,12159.0,12175.0,12058.0,12063.0,89882.0
2020-01-16,12040.0,12078.0,11990.0,12056.0,106272.0
2020-01-17,12103.0,12118.0,12029.0,12072.0,101199.0
2020-01-20,12119.0,12160.0,12097.0,12111.0,77557.0
2020-01-30,11770.0,11798.0,11366.0,11370.0,248664.0
2020-01-31,11460.0,11567.0,11407.0,11468.0,154361.0
2020-02-03,11285.0,11370.0,11152.0,11325.0,206381.0
2020-02-04,11373.0,11557.0,11362.0,11534.0,145462.0
2020-02-05,11603.0,11620.0,11474.0,11542.0,155144.0
2020-02-06,11651.0,11744.0,11628.0,11741.0,122911.0
2020-02-07,11660.0,11666.0,11566.0,11592.0,125747.0
2020-02-10,11455.0,11598.0,11402.0,11564.0,147183.0
2020-02-11,11625.0,11689.0,11613.0,11666.0,92406.0
2020-02-12,11663.0,11797.0,11647.0,11771.0,105501.0
2020-02-13,11798.0,11837.0,11762.0,11774.0,110031.0
2020-02-14,11757.0,11852.0,11755.0,11812.0,102988.0
2020-02-17,11710.0,11792.0,11702.0,11770.0,109882.0
2020-02-18,11715.0,11719.0,11627.0,11640.0,154544.0
2020-02-19,11678.0,11805.0,11637.0,11760.0,83637.0
2020-02-20,11820.0,11830.0,11679.0,11715.0,137132.0
2020-02-21,11665.0,11765.0,11636.0,11664.0,139432.0
2020-02-24,11509.0,11587.0,11476.0,11508.0,136123.0
2020-02-25,11400.0,11561.0,11386.0,11542.0,148777.0
2020-02-26,11383.0,11482.0,11365.0,11421.0,162698.0
2020-02-27,11395.0,11447.0,11237.0,11273.0,168661.0
2020-03-02,11011.0,11278.0,11005.0,11174.0,203861.0
2020-03-03,11313.0,11375.0,11278.0,11324.0,165499.0
2020-03-04,11348.0,11369.0,11267.0,11364.0,142617.0
2020-03-05,11450.0,11501.0,11428.0,11492.0,112997.0
2020-03-06,11400.0,11420.0,11260.0,11269.0,154698.0
2020-03-09,10975.0,11108.0,10916.0,10950.0,213069.0
2020-03-10,10830.0,10996.0,10779.0,10984.0,209076.0
2020-03-11,10979.0,11029.0,10807.0,10821.0,183871.0
2020-03-12,10750.0,10765.0,10161.0,10367.0,331510.0
2020-03-13,9749.0,10147.0,9450.0,10021.0,348943.0
2020-03-16,9919.0,10055.0,9636.0,9668.0,260020.0
2020-03-17,9379.0,9677.0,9271.0,9363.0,257921.0
2020-03-18,9366.0,9489.0,9205.0,9263.0,111426.0
2020-03-19,8820.0,8872.0,8268.0,8353.0,307231.0
2020-03-20,8562.0,9166.0,8544.0,9013.0,266159.0
2020-03-23,8609.0,8868.0,8555.0,8688.0,180341.0
2020-03-24,8998.0,9295.0,8986.0,9193.0,179105.0
2020-03-25,9410.0,9624.0,9370.0,9583.0,209717.0
2020-03-26,9679.0,9690.0,9426.0,9638.0,190488.0
2020-03-27,9899.0,9910.0,9548.0,9583.0,187676.0
2020-03-30,9376.0,9576.0,9266.0,9576.0,164970.0
2020-03-31,9666.0,9717.0,9495.0,9596.0,142747.0
2020-04-01,9588.0,9650.0,9551.0,9552.0,116273.0
2020-04-06,9741.0,9860.0,9582.0,9826.0,146380.0
2020-04-07,9955.0,10020.0,9878.0,9997.0,137022.0
2020-04-08,9950.0,10135.0,9945.0,10127.0,130314.0
2020-04-09,10131.0,10197.0,10028.0,10101.0,135819.0
2020-04-10,10038.0,10140.0,10030.0,10133.0,74244.0
2020-04-13,10084.0,10149.0,10031.0,10073.0,124231.0
2020-04-14,10160.0,10355.0,10125.0,10346.0,133841.0
2020-04-15,10347.0,10463.0,10330.0,10450.0,67002.0
2020-04-16,10177.0,10343.0,10161.0,10302.0,117908.0
2020-04-17,10575.0,10669.0,10456.0,10561.0,159024.0
2020-04-20,10515.0,10560.0,10458.0,10476.0,95719.0
2020-04-21,10406.0,10467.0,10144.0,10198.0,185566.0
2020-04-22,10145.0,10226.0,10065.0,10225.0,140413.0
2020-04-23,10268.0,10402.0,10154.0,10292.0,167258.0
2020-04-24,10231.0,10292.0,10211.0,10270.0,104624.0
2020-04-27,10373.0,10567.0,10368.0,10547.0,123332.0
2020-04-28,10600.0,10605.0,10480.0,10582.0,110417.0
2020-04-29,10655.0,10770.0,10631.0,10707.0,114379.0
2020-04-30,10813.0,10971.0,10803.0,10944.0,115419.0
2020-05-04,10540.0,10699.0,10477.0,10615.0,133437.0
2020-05-05,10717.0,10795.0,10658.0,10725.0,110697.0
2020-05-06,10658.0,10780.0,10618.0,10750.0,123280.0
2020-05-07,10736.0,10877.0,10710.0,10833.0,116774.0
2020-05-08,10893.0,10956.0,10853.0,10896.0,106019.0
2020-05-11,10979.0,11038.0,10935.0,10983.0,93372.0
2020-05-12,10902.0,10932.0,10802.0,10865.0,117000.0
2020-05-13,10783.0,10925.0,10776.0,10915.0,103023.0
2020-05-14,10828.0,10877.0,10738.0,10750.0,128433.0
2020-05-15,10830.0,10869.0,10701.0,10818.0,135179.0
2020-05-18,10768.0,10824.0,10724.0,10763.0,134342.0
2020-05-19,10932.0,10964.0,10836.0,10872.0,128453.0
2020-05-20,10903.0,10960.0,10853.0,10887.0,61752.0
2020-05-21,10903.0,11008.0,10894.0,10952.0,116771.0
2020-05-22,10928.0,10935.0,10723.0,10743.0,137601.0
2020-05-25,10800.0,10840.0,10651.0,10817.0,120809.0
2020-05-26,10896.0,11027.0,10891.0,10984.0,106978.0
2020-05-27,10962.0,11037.0,10926.0,10972.0,103162.0
2020-05-28,11066.0,11077.0,10856.0,10907.0,142469.0
2020-05-29,10888.0,10950.0,10806.0,10922.0,115914.0
2020-06-01,10983.0,11103.0,10971.0,11057.0,105285.0
2020-06-02,11080.0,11140.0,11072.0,11106.0,83041.0
2020-06-03,11250.0,11299.0,11206.0,11283.0,109433.0
2020-06-04,11419.0,11425.0,11306.0,11357.0,109338.0
2020-06-05,11399.0,11473.0,11377.0,11457.0,85304.0
2020-06-08,11550.0,11626.0,11491.0,11570.0,107836.0
2020-06-09,11596.0,11622.0,11521.0,11609.0,90763.0
2020-06-10,11634.0,11730.0,11596.0,11706.0,95474.0
2020-06-11,11689.0,11738.0,11475.0,11491.0,144385.0
2020-06-12,11331.0,11432.0,11250.0,11395.0,138977.0
2020-06-15,11356.0,11446.0,11216.0,11229.0,162092.0
2020-06-16,11448.0,11554.0,11421.0,11526.0,132203.0
2020-06-17,11480.0,11568.0,11467.0,11521.0,68402.0
2020-06-18,11372.0,11425.0,11295.0,11394.0,115951.0
2020-06-19,11424.0,11439.0,11361.0,11410.0,94025.0
2020-06-22,11374.0,11498.0,11362.0,11423.0,114951.0
2020-06-23,11493.0,11540.0,11346.0,11455.0,140506.0
2020-06-24,11541.0,11570.0,11503.0,11523.0,90292.0
2020-06-29,11394.0,11458.0,11315.0,11361.0,126715.0
2020-06-30,11460.0,11502.0,11412.0,11469.0,84812.0
2020-07-01,11482.0,11623.0,11472.0,11546.0,102446.0
2020-07-02,11585.0,11712.0,11566.0,11695.0,92103.0
2020-07-03,11788.0,11850.0,11752.0,11838.0,92327.0
2020-07-06,11921.0,12072.0,11905.0,12065.0,107214.0
2020-07-07,12149.0,12192.0,11990.0,12027.0,134410.0
2020-07-08,12041.0,12145.0,12025.0,12125.0,103418.0
2020-07-09,12202.0,12222.0,12118.0,12147.0,112588.0
2020-07-10,12204.0,12213.0,11987.0,11999.0,140575.0
2020-07-13,12139.0,12210.0,12105.0,12205.0,116687.0
2020-07-14,12147.0,12224.0,12119.0,12188.0,136035.0
2020-07-15,12305.0,12323.0,12150.0,12220.0,74574.0
2020-07-16,12066.0,12094.0,11931.0,12032.0,133119.0
2020-07-17,12088.0,12138.0,12011.0,12039.0,112518.0
2020-07-20,12073.0,12075.0,11903.0,12031.0,121048.0
2020-07-21,12125.0,12324.0,12121.0,12289.0,123081.0
2020-07-22,12301.0,12361.0,12256.0,12331.0,95059.0
2020-07-23,12309.0,12313.0,12199.0,12288.0,122819.0
2020-07-24,12232.0,12352.0,12123.0,12150.0,172087.0
2020-07-27,12410.0,12572.0,12407.0,12503.0,140577.0
2020-07-28,12834.0,12900.0,12408.0,12457.0,245816.0
2020-07-29,12446.0,12543.0,12392.0,12423.0,138924.0
2020-07-30,12617.0,12627.0,12488.0,12596.0,126225.0
2020-07-31,12606.0,12644.0,12525.0,12577.0,130348.0
2020-08-03,12531.0,12567.0,12405.0,12443.0,134894.0
2020-08-04,12516.0,12632.0,12489.0,12629.0,111175.0
2020-08-05,12700.0,12746.0,12643.0,12744.0,106101.0
2020-08-06,12856.0,12925.0,12753.0,12835.0,141397.0
2020-08-07,12860.0,12866.0,12706.0,12763.0,114920.0
2020-08-10,12779.0,12905.0,12720.0,12855.0,109604.0
2020-08-11,12825.0,12874.0,12727.0,12737.0,106920.0
2020-08-12,12700.0,12701.0,12565.0,12655.0,131890.0
2020-08-13,12816.0,12836.0,12702.0,12723.0,113664.0
2020-08-14,12696.0,12790.0,12646.0,12788.0,105105.0
2020-08-17,12776.0,12959.0,12771.0,12955.0,126563.0
2020-08-18,12983.0,12998.0,12836.0,12875.0,134346.0
2020-08-19,12905.0,12955.0,12780.0,12806.0,70664.0
2020-08-20,12695.0,12709.0,12067.0,12305.0,237845.0
2020-08-21,12466.0,12598.0,12423.0,12543.0,134925.0
2020-08-24,12568.0,12653.0,12503.0,12604.0,103793.0
2020-08-25,12657.0,12795.0,12643.0,12737.0,111954.0
2020-08-26,12730.0,12799.0,12681.0,12792.0,86909.0
2020-08-27,12838.0,12925.0,12735.0,12760.0,126988.0
2020-08-28,12740.0,12782.0,12634.0,12691.0,138555.0
2020-08-31,12800.0,12826.0,12563.0,12591.0,142474.0
2020-09-01,12566.0,12698.0,12531.0,12691.0,114612.0
2020-09-02,12765.0,12776.0,12595.0,12691.0,127417.0
2020-09-03,12792.0,12858.0,12705.0,12732.0,130555.0
2020-09-04,12558.0,12651.0,12510.0,12606.0,130795.0
2020-09-07,12608.0,12733.0,12560.0,12582.0,137459.0
2020-09-08,12657.0,12695.0,12610.0,12667.0,110554.0
2020-09-09,12545.0,12606.0,12434.0,12598.0,153591.0
2020-09-10,12669.0,12706.0,12622.0,12699.0,111296.0
2020-09-11,12658.0,12689.0,12606.0,12661.0,114638.0
2020-09-14,12694.0,12797.0,12678.0,12785.0,127791.0
2020-09-15,12768.0,12855.0,12756.0,12840.0,108510.0
2020-09-16,12945.0,13018.0,12900.0,12968.0,67977.0
2020-09-17,12855.0,12908.0,12772.0,12816.0,119751.0
2020-09-18,12839.0,12866.0,12773.0,12835.0,95760.0
2020-09-21,12820.0,12877.0,12655.0,12659.0,140049.0
2020-09-22,12627.0,12655.0,12481.0,12507.0,130601.0
2020-09-23,12553.0,12563.0,12441.0,12528.0,117910.0
2020-09-24,12407.0,12414.0,12166.0,12175.0,171038.0
2020-09-25,12265.0,12309.0,12114.0,12195.0,128504.0
2020-09-28,12292.0,12421.0,12246.0,12417.0,94633.0
2020-09-29,12478.0,12522.0,12395.0,12421.0,103096.0
2020-09-30,12456.0,12548.0,12444.0,12472.0,107766.0
2020-10-05,12577.0,12620.0,12486.0,12529.0,93958.0
2020-10-06,12618.0,12704.0,12614.0,12675.0,99739.0
2020-10-07,12620.0,12758.0,12606.0,12755.0,89405.0
2020-10-08,12831.0,12876.0,12772.0,12873.0,99102.0
2020-10-12,12935.0,12995.0,12878.0,12920.0,106219.0
2020-10-13,12950.0,12952.0,12816.0,12919.0,99008.0
2020-10-14,12940.0,12956.0,12871.0,12888.0,82548.0
2020-10-15,12838.0,12892.0,12727.0,12840.0,130422.0
2020-10-16,12818.0,12865.0,12718.0,12745.0,116952.0
2020-10-19,12783.0,12912.0,12782.0,12896.0,127215.0
2020-10-20,12892.0,12905.0,12844.0,12856.0,100271.0
2020-10-21,12906.0,12946.0,12851.0,12860.0,58692.0
2020-10-22,12729.0,12839.0,12707.0,12837.0,100864.0
2020-10-23,12865.0,12883.0,12795.0,12839.0,78710.0
2020-10-26,12848.0,12935.0,12820.0,12858.0,90884.0
2020-10-27,12826.0,12833.0,12765.0,12807.0,82240.0
2020-10-28,12780.0,12809.0,12713.0,12739.0,88057.0
2020-10-29,12598.0,12640.0,12504.0,12602.0,119037.0
2020-10-30,12545.0,12563.0,12407.0,12414.0,121830.0
2020-11-02,12474.0,12531.0,12402.0,12515.0,97211.0
2020-11-03,12611.0,12715.0,12602.0,12685.0,90467.0
2020-11-04,12770.0,12879.0,12662.0,12865.0,149906.0
2020-11-05,12924.0,12928.0,12821.0,12890.0,90854.0
2020-11-06,12942.0,12991.0,12896.0,12936.0,100789.0
2020-11-09,13090.0,13175.0,13046.0,13121.0,117098.0
2020-11-10,13130.0,13154.0,13010.0,13071.0,110282.0
2020-11-11,13101.0,13281.0,13077.0,13263.0,109089.0
2020-11-12,13266.0,13305.0,13193.0,13230.0,93512.0
2020-11-13,13227.0,13285.0,13163.0,13284.0,90650.0
2020-11-16,13407.0,13582.0,13406.0,13581.0,132561.0
2020-11-17,13656.0,13737.0,13603.0,13625.0,130507.0
2020-11-18,13632.0,13788.0,13621.0,13756.0,68642.0
2020-11-19,13732.0,13750.0,13662.0,13740.0,95715.0
2020-11-20,13724.0,13737.0,13640.0,13736.0,85986.0
2020-11-23,13790.0,13943.0,13788.0,13875.0,115103.0
2020-11-24,13921.0,13928.0,13777.0,13804.0,89096.0
2020-11-25,13886.0,13909.0,13692.0,13709.0,123391.0
2020-11-26,13788.0,13862.0,13741.0,13841.0,97189.0
2020-11-27,13781.0,13890.0,13763.0,13878.0,94853.0
2020-11-30,13883.0,13975.0,13704.0,13722.0,134279.0
2020-12-01,13818.0,13885.0,13751.0,13877.0,91672.0
2020-12-02,13932.0,13980.0,13855.0,13956.0,110308.0
2020-12-03,13971.0,14047.0,13903.0,13986.0,125877.0
2020-12-04,14022.0,14149.0,14012.0,14138.0,110715.0
2020-12-07,14181.0,14247.0,14087.0,14225.0,125628.0
2020-12-08,14206.0,14350.0,14156.0,14342.0,111313.0
2020-12-09,14372.0,14425.0,14331.0,14397.0,96545.0
2020-12-10,14261.0,14314.0,14178.0,14241.0,126413.0
2020-12-11,14290.0,14340.0,14091.0,14236.0,159011.0
2020-12-14,14264.0,14285.0,14197.0,14200.0,120593.0
2020-12-15,14162.0,14232.0,14030.0,14085.0,158662.0
2020-12-16,14198.0,14328.0,14186.0,14323.0,71732.0
2020-12-17,14220.0,14225.0,14085.0,14186.0,116139.0
2020-12-18,14190.0,14222.0,14128.0,14137.0,89422.0
2020-12-21,14155.0,14313.0,14021.0,14312.0,135177.0
2020-12-22,14253.0,14334.0,14042.0,14046.0,136896.0
2020-12-23,14104.0,14181.0,14031.0,14113.0,115346.0
2020-12-24,14185.0,14287.0,14179.0,14242.0,106221.0
2020-12-25,14328.0,14383.0,14245.0,14305.0,88875.0
2020-12-28,14329.0,14444.0,14320.0,14437.0,82692.0
2020-12-29,14465.0,14466.0,14376.0,14459.0,80587.0
2020-12-30,14451.0,14643.0,14440.0,14638.0,97857.0
2020-12-31,14678.0,14712.0,14604.0,14678.0,96684.0
2021-01-04,14640.0,14925.0,14635.0,14874.0,137069.0
2021-01-05,14874.0,14980.0,14836.0,14977.0,110886.0
2021-01-06,15048.0,15140.0,14764.0,14911.0,233806.0
2021-01-07,15050.0,15260.0,15024.0,15230.0,151918.0
2021-01-08,15376.0,15473.0,15264.0,15454.0,158703.0
2021-01-11,15420.0,15538.0,15369.0,15534.0,139479.0
2021-01-12,15517.0,15605.0,15407.0,15493.0,175838.0
2021-01-13,15557.0,15790.0,15555.0,15764.0,154811.0
2021-01-14,15705.0,15766.0,15632.0,15729.0,121305.0
2021-01-15,15950.0,16002.0,15584.0,15634.0,231505.0
2021-01-18,15637.0,15679.0,15327.0,15606.0,200935.0
2021-01-19,15714.0,15946.0,15710.0,15888.0,173474.0
2021-01-20,15899.0,15964.0,15735.0,15766.0,119559.0
2021-01-21,15803.0,16183.0,15769.0,16129.0,231416.0
2021-01-22,16051.0,16085.0,15928.0,15984.0,161218.0
2021-01-25,15956.0,16004.0,15719.0,15912.0,168191.0
2021-01-26,15865.0,15974.0,15537.0,15626.0,230474.0
2021-01-27,15725.0,15814.0,15585.0,15660.0,184037.0
2021-01-28,15411.0,15524.0,15305.0,15383.0,202151.0
2021-01-29,15498.0,15539.0,15063.0,15075.0,206011.0
2021-02-01,15156.0,15398.0,15090.0,15360.0,164870.0
2021-02-02,15469.0,15820.0,15459.0,15755.0,177487.0
2021-02-03,15864.0,15875.0,15716.0,15772.0,145093.0
2021-02-04,15721.0,15777.0,15542.0,15701.0,179004.0
2021-02-05,15809.0,15984.0,15751.0,15804.0,178540.0
2021-02-17,16261.0,16433.0,16179.0,16326.0,100608.0
2021-02-18,16374.0,16525.0,16287.0,16380.0,152979.0
2021-02-19,16301.0,16328.0,16130.0,16314.0,152680.0
2021-02-22,16480.0,16564.0,16336.0,16385.0,151539.0
2021-02-23,16223.0,16451.0,16182.0,16437.0,136807.0
2021-02-24,16300.0,16435.0,16133.0,16182.0,180413.0
2021-02-25,16388.0,16422.0,16243.0,16388.0,135256.0
2021-02-26,16037.0,16118.0,15852.0,15935.0,197795.0
2021-03-02,16249.0,16277.0,15868.0,15907.0,146577.0
2021-03-03,16000.0,16196.0,15885.0,16181.0,153225.0
2021-03-04,16025.0,16066.0,15756.0,15925.0,198855.0
2021-03-05,15601.0,15914.0,15570.0,15855.0,168446.0
2021-03-08,15950.0,16095.0,15767.0,15816.0,175531.0
2021-03-09,15810.0,15848.0,15608.0,15822.0,171528.0
2021-03-10,15977.0,15986.0,15808.0,15883.0,136272.0
2021-03-11,15951.0,16214.0,15942.0,16174.0,135436.0
2021-03-12,16276.0,16288.0,16155.0,16222.0,116406.0
2021-03-15,16206.0,16249.0,16142.0,16200.0,125844.0
2021-03-16,16250.0,16348.0,16213.0,16305.0,128695.0
2021-03-17,16304.0,16336.0,16161.0,16176.0,72615.0
2021-03-18,16255.0,16401.0,16220.0,16239.0,138744.0
2021-03-19,16100.0,16110.0,15953.0,16012.0,149724.0
2021-03-22,16018.0,16174.0,15911.0,16140.0,134577.0
2021-03-23,16223.0,16277.0,16103.0,16120.0,117179.0
2021-03-24,16019.0,16062.0,15939.0,15983.0,131876.0
2021-03-25,15890.0,16090.0,15870.0,16032.0,136413.0
2021-03-26,16095.0,16293.0,16081.0,16288.0,123696.0
2021-03-29,16370.0,16485.0,16350.0,16411.0,112333.0
2021-03-30,16469.0,16531.0,16418.0,16519.0,100799.0
2021-03-31,16540.0,16549.0,16403.0,16422.0,104772.0
2021-04-01,16535.0,16587.0,16452.0,16551.0,115342.0
2021-04-06,16760.0,16840.0,16697.0,16731.0,103549.0
2021-04-07,16777.0,16788.0,16673.0,16768.0,93030.0
2021-04-08,16715.0,16930.0,16687.0,16930.0,111596.0
2021-04-09,16952.0,16971.0,16810.0,16841.0,103181.0
2021-04-12,16895.0,16965.0,16760.0,16834.0,113383.0
2021-04-13,16910.0,17046.0,16780.0,16795.0,150603.0
2021-04-14,16860.0,16917.0,16592.0,16856.0,185298.0
2021-04-15,16881.0,17074.0,16852.0,17071.0,132033.0
2021-04-16,17062.0,17160.0,16990.0,17158.0,127426.0
2021-04-19,17118.0,17296.0,17111.0,17271.0,124734.0
2021-04-20,17238.0,17324.0,17206.0,17319.0,114295.0
2021-04-21,17225.0,17270.0,17150.0,17231.0,83992.0
2021-04-22,17258.0,17369.0,17053.0,17109.0,189953.0
2021-04-23,17061.0,17260.0,17041.0,17257.0,122696.0
2021-04-26,17337.0,17536.0,17323.0,17530.0,128096.0
2021-04-27,17532.0,17576.0,17460.0,17571.0,120862.0
2021-04-28,17548.0,17563.0,17475.0,17533.0,101986.0
2021-04-29,17578.0,17702.0,17531.0,17571.0,150499.0
2021-05-03,17501.0,17534.0,17226.0,17253.0,184441.0
2021-05-04,17271.0,17309.0,16668.0,16933.0,243802.0
2021-05-05,16847.0,17020.0,16756.0,16769.0,157298.0
2021-05-06,16884.0,17081.0,16700.0,16944.0,197754.0
2021-05-07,17120.0,17288.0,17060.0,17287.0,142796.0
2021-05-10,17369.0,17373.0,17178.0,17228.0,126289.0
2021-05-11,16968.0,16970.0,16425.0,16556.0,245767.0
2021-05-12,16503.0,16531.0,15027.0,15692.0,366512.0
2021-05-13,15538.0,15991.0,15348.0,15566.0,234182.0
2021-05-14,15800.0,16021.0,15653.0,15772.0,218712.0
2021-05-17,15183.0,15735.0,15096.0,15263.0,275831.0
2021-05-18,15563.0,16180.0,15501.0,16147.0,220609.0
2021-05-19,16122.0,16248.0,15979.0,16138.0,115944.0
2021-05-20,16078.0,16113.0,15854.0,15981.0,158770.0
2021-05-21,16222.0,16425.0,16072.0,16257.0,185232.0
2021-05-24,16079.0,16368.0,16069.0,16294.0,138416.0
2021-05-25,16463.0,16623.0,16425.0,16585.0,145492.0
2021-05-26,16616.0,16664.0,16504.0,16616.0,104686.0
2021-05-27,16593.0,16595.0,16219.0,16534.0,150465.0
2021-05-28,16731.0,16878.0,16673.0,16863.0,124240.0
2021-05-31,16891.0,17098.0,16884.0,17013.0,144649.0
2021-06-01,17050.0,17148.0,17015.0,17130.0,116773.0
2021-06-02,17171.0,17198.0,17016.0,17098.0,121046.0
2021-06-03,17253.0,17313.0,17147.0,17230.0,130148.0
2021-06-04,17051.0,17159.0,17025.0,17100.0,109068.0
2021-06-07,17212.0,17229.0,16719.0,17090.0,176148.0
2021-06-08,17190.0,17198.0,17030.0,17090.0,102605.0
2021-06-09,16997.0,17073.0,16889.0,16963.0,120368.0
2021-06-10,17035.0,17175.0,16992.0,17159.0,127407.0
2021-06-11,17189.0,17298.0,17189.0,17219.0,120701.0
2021-06-15,17322.0,17402.0,17276.0,17398.0,118150.0
2021-06-16,17324.0,17398.0,17033.0,17345.0,71397.0
2021-06-17,17070.0,17298.0,17039.0,17297.0,102114.0
2021-06-18,17315.0,17332.0,17212.0,17252.0,96349.0
2021-06-21,17048.0,17149.0,16891.0,16962.0,143363.0
2021-06-22,17155.0,17180.0,16988.0,17028.0,101124.0
2021-06-23,17100.0,17319.0,17059.0,17272.0,127143.0
2021-06-24,17298.0,17398.0,17261.0,17336.0,92809.0
2021-06-25,17438.0,17562.0,17377.0,17419.0,113764.0
2021-06-28,17484.0,17560.0,17398.0,17535.0,82055.0
2021-06-29,17595.0,17623.0,17451.0,17529.0,115306.0
2021-06-30,17610.0,17766.0,17583.0,17715.0,104462.0
2021-07-01,17678.0,17774.0,17555.0,17646.0,122682.0
2021-07-02,17651.0,17724.0,17588.0,17653.0,101454.0
2021-07-05,17755.0,17920.0,17742.0,17898.0,107714.0
2021-07-06,17956.0,17974.0,17858.0,17878.0,84492.0
2021-07-07,17821.0,17906.0,17715.0,17830.0,109544.0
2021-07-08,17876.0,17897.0,17694.0,17825.0,116445.0
2021-07-09,17662.0,17700.0,17526.0,17658.0,138093.0
2021-07-12,17848.0,17960.0,17770.0,17824.0,127781.0
2021-07-13,17958.0,18030.0,17824.0,17869.0,123418.0
2021-07-14,17846.0,17924.0,17748.0,17874.0,120033.0
2021-07-15,17919.0,18046.0,17868.0,18022.0,103184.0
2021-07-16,17826.0,17928.0,17772.0,17925.0,109949.0
2021-07-19,17717.0,17813.0,17647.0,17794.0,144969.0
2021-07-20,17680.0,17716.0,17478.0,17558.0,147968.0
2021-07-21,17655.0,17674.0,17376.0,17430.0,86527.0
2021-07-22,17441.0,17525.0,17347.0,17407.0,125712.0
2021-07-23,17486.0,17559.0,17380.0,17407.0,115875.0
2021-07-26,17473.0,17479.0,17197.0,17202.0,108704.0
2021-07-27,17322.0,17348.0,17153.0,17173.0,118319.0
2021-07-28,17062.0,17136.0,16733.0,16965.0,203426.0
2021-07-29,17136.0,17332.0,17068.0,17331.0,123218.0
2021-07-30,17285.0,17299.0,17126.0,17173.0,117560.0
2021-08-02,17313.0,17470.0,17160.0,17470.0,131605.0
2021-08-03,17426.0,17496.0,17361.0,17484.0,95199.0
2021-08-04,17491.0,17586.0,17464.0,17571.0,89232.0
2021-08-05,17570.0,17584.0,17520.0,17542.0,65647.0
2021-08-06,17555.0,17560.0,17353.0,17437.0,110731.0
2021-08-09,17438.0,17448.0,17235.0,17404.0,124689.0
2021-08-10,17396.0,17443.0,17259.0,17299.0,109191.0
2021-08-11,17217.0,17298.0,17078.0,17171.0,141084.0
2021-08-12,17207.0,17235.0,17125.0,17157.0,91671.0
2021-08-13,17185.0,17190.0,16934.0,16934.0,150070.0
2021-08-16,16829.0,16936.0,16750.0,16772.0,150977.0
2021-08-17,16850.0,16873.0,16575.0,16580.0,132669.0
2021-08-18,16440.0,16796.0,16389.0,16784.0,102422.0
2021-08-19,16611.0,16648.0,16256.0,16329.0,196641.0
2021-08-20,16297.0,16426.0,16145.0,16193.0,175910.0
2021-08-23,16427.0,16729.0,16393.0,16684.0,127852.0
2021-08-24,16822.0,16842.0,16717.0,16784.0,90436.0
2021-08-25,16794.0,16982.0,16785.0,16963.0,109545.0
2021-08-26,17103.0,17125.0,16882.0,16995.0,127120.0
2021-08-27,16940.0,17218.0,16908.0,17170.0,122558.0
2021-08-30,17249.0,17353.0,17206.0,17339.0,95679.0
2021-08-31,17276.0,17468.0,17144.0,17457.0,138468.0
2021-09-01,17408.0,17500.0,17363.0,17476.0,111022.0
2021-09-02,17434.0,17507.0,17266.0,17320.0,137473.0
2021-09-03,17442.0,17553.0,17370.0,17509.0,114430.0
2021-09-06,17440.0,17596.0,17425.0,17496.0,120721.0
2021-09-07,17522.0,17529.0,17337.0,17422.0,125371.0
2021-09-08,17395.0,17426.0,17163.0,17262.0,151809.0
2021-09-09,17142.0,17291.0,17084.0,17235.0,125037.0
2021-09-10,17300.0,17479.0,17284.0,17473.0,111079.0
2021-09-13,17434.0,17492.0,17356.0,17442.0,120401.0
2021-09-14,17541.0,17569.0,17426.0,17461.0,108843.0
2021-09-15,17403.0,17433.0,17280.0,17382.0,74105.0
2021-09-16,17337.0,17362.0,17191.0,17248.0,93340.0
2021-09-17,17256.0,17395.0,17165.0,17298.0,117752.0
2021-09-22,16835.0,16940.0,16751.0,16900.0,134553.0
2021-09-23,17020.0,17130.0,16985.0,17080.0,99807.0
2021-09-24,17191.0,17275.0,17170.0,17250.0,94226.0
2021-09-27,17247.0,17344.0,17222.0,17292.0,94562.0
2021-09-28,17182.0,17183.0,17042.0,17170.0,103595.0
2021-09-29,16926.0,16937.0,16760.0,16823.0,148685.0
2021-09-30,16803.0,16966.0,16704.0,16917.0,129398.0
2021-10-01,16800.0,16805.0,16415.0,16517.0,162836.0
2021-10-04,16588.0,16629.0,16313.0,16358.0,140802.0
2021-10-05,16240.0,16424.0,16107.0,16398.0,151416.0
2021-10-06,16470.0,16493.0,16265.0,16359.0,136018.0
2021-10-07,16521.0,16760.0,16519.0,16706.0,123808.0
2021-10-08,16740.0,16759.0,16591.0,16627.0,101077.0
2021-10-12,16485.0,16489.0,16285.0,16418.0,138434.0
2021-10-13,16520.0,16585.0,16318.0,16318.0,114897.0
2021-10-14,16496.0,16546.0,16354.0,16405.0,104604.0
2021-10-15,16654.0,16790.0,16570.0,16782.0,109050.0
2021-10-18,16800.0,16870.0,16705.0,16725.0,109628.0
2021-10-19,16810.0,16954.0,16787.0,16902.0,97333.0
2021-10-20,16973.0,16987.0,16863.0,16882.0,56080.0
2021-10-21,16879.0,17047.0,16812.0,16813.0,117754.0
2021-10-22,16877.0,16913.0,16770.0,16854.0,98819.0
2021-10-25,16788.0,16930.0,16731.0,16888.0,97221.0
2021-10-26,16975.0,17073.0,16948.0,17048.0,92092.0
2021-10-27,16944.0,17088.0,16928.0,17071.0,85950.0
2021-10-28,17013.0,17103.0,16984.0,17038.0,85288.0
2021-10-29,17061.0,17074.0,16858.0,16945.0,111444.0
2021-11-01,17040.0,17130.0,17028.0,17079.0,79806.0
2021-11-02,17167.0,17255.0,17004.0,17047.0,109134.0
2021-11-03,17081.0,17127.0,17040.0,17092.0,72076.0
2021-11-04,17269.0,17280.0,17050.0,17075.0,90112.0
2021-11-05,17150.0,17279.0,17106.0,17267.0,90064.0
2021-11-08,17256.0,17425.0,17251.0,17424.0,77522.0
2021-11-09,17499.0,17593.0,17480.0,17555.0,80924.0
2021-11-10,17550.0,17581.0,17496.0,17555.0,75931.0
2021-11-11,17430.0,17537.0,17395.0,17470.0,84466.0
2021-11-12,17570.0,17638.0,17491.0,17547.0,91259.0
2021-11-15,17615.0,17707.0,17603.0,17664.0,102421.0
2021-11-16,17662.0,17717.0,17653.0,17701.0,78291.0
2021-11-17,17711.0,17761.0,17678.0,17722.0,52589.0
2021-11-18,17769.0,17868.0,17763.0,17860.0,87837.0
2021-11-19,17919.0,17949.0,17813.0,17851.0,82761.0
2021-11-22,17790.0,17876.0,17787.0,17836.0,58435.0
2021-11-23,17765.0,17768.0,17638.0,17659.0,102784.0
2021-11-24,17604.0,17698.0,17593.0,17679.0,76818.0
2021-11-25,17688.0,17715.0,17600.0,17676.0,66753.0
2021-11-26,17530.0,17572.0,17307.0,17342.0,129988.0
2021-11-29,17243.0,17416.0,17184.0,17308.0,120115.0
2021-11-30,17428.0,17537.0,17312.0,17327.0,111906.0
2021-12-01,17350.0,17617.0,17333.0,17586.0,103548.0
2021-12-02,17570.0,17709.0,17509.0,17705.0,108997.0
2021-12-03,17696.0,17745.0,17621.0,17706.0,79145.0
2021-12-06,17619.0,17736.0,17527.0,17693.0,91121.0
2021-12-07,17677.0,17799.0,17586.0,17795.0,94771.0
2021-12-08,17945.0,17988.0,17840.0,17851.0,94293.0
2021-12-09,17886.0,17946.0,17812.0,17911.0,79412.0
2021-12-10,17808.0,17874.0,17765.0,17818.0,73341.0
2021-12-13,17912.0,17944.0,17743.0,17752.0,102639.0
2021-12-14,17683.0,17711.0,17565.0,17605.0,109694.0
2021-12-15,17588.0,17666.0,17536.0,17630.0,53677.0
2021-12-16,17765.0,17809.0,17671.0,17804.0,84101.0
2021-12-17,17716.0,17798.0,17703.0,17786.0,78566.0
2021-12-20,17720.0,17748.0,17564.0,17580.0,103831.0
2021-12-21,17660.0,17829.0,17624.0,17796.0,87917.0
2021-12-22,17847.0,17852.0,17783.0,17833.0,54102.0
2021-12-23,17935.0,17983.0,17903.0,17954.0,66061.0
2021-12-24,18014.0,18035.0,17946.0,17958.0,50035.0
2021-12-27,17982.0,18099.0,17967.0,18068.0,58096.0
2021-12-28,18115.0,18209.0,18105.0,18207.0,60973.0
2021-12-29,18195.0,18289.0,18188.0,18276.0,57011.0
2021-12-30,18242.0,18265.0,18177.0,18212.0,56933.0
2022-01-03,18288.0,18389.0,18203.0,18273.0,96972.0
2022-01-04,18361.0,18522.0,18359.0,18516.0,90796.0
2022-01-05,18480.0,18546.0,18438.0,18480.0,82044.0
2022-01-06,18345.0,18419.0,18238.0,18335.0,119801.0
2022-01-07,18459.0,18478.0,18115.0,18143.0,137788.0
2022-01-10,18075.0,18264.0,18022.0,18258.0,96625.0
2022-01-11,18200.0,18295.0,18102.0,18280.0,119585.0
2022-01-12,18403.0,18411.0,18271.0,18375.0,90837.0
2022-01-13,18433.0,18485.0,18364.0,18425.0,95326.0
2022-01-14,18549.0,18560.0,18220.0,18357.0,158202.0
2022-01-17,18417.0,18537.0,18387.0,18509.0,117616.0
2022-01-18,18531.0,18583.0,18347.0,18349.0,129157.0
2022-01-19,18261.0,18345.0,18210.0,18218.0,72718.0
2022-01-20,18203.0,18270.0,18081.0,18226.0,119191.0
2022-01-21,18026.0,18050.0,17836.0,17895.0,157754.0
2022-01-24,17736.0,17973.0,17703.0,17957.0,133779.0
2022-01-25,17790.0,17799.0,17578.0,17678.0,158896.0
2022-01-26,17683.0,17757.0,17607.0,17625.0,96254.0
2022-02-07,17797.0,17900.0,17693.0,17899.0,113464.0
2022-02-08,17960.0,18047.0,17922.0,17942.0,89700.0
2022-02-09,18068.0,18169.0,18050.0,18167.0,72278.0
2022-02-10,18230.0,18340.0,18133.0,18337.0,95136.0
2022-02-11,18202.0,18290.0,18182.0,18275.0,87617.0
2022-02-14,18099.0,18132.0,17934.0,17977.0,137955.0
2022-02-15,17922.0,18093.0,17883.0,17953.0,114065.0
2022-02-16,18184.0,18248.0,18140.0,18207.0,63453.0
2022-02-17,18269.0,18330.0,18168.0,18243.0,110179.0
2022-02-18,18065.0,18254.0,18039.0,18226.0,96351.0
2022-02-21,18001.0,18242.0,17970.0,18210.0,95874.0
2022-02-22,17990.0,18068.0,17773.0,17878.0,144406.0
2022-02-23,17954.0,18060.0,17936.0,18042.0,83991.0
2022-02-24,17811.0,17850.0,17506.0,17516.0,187058.0
2022-02-25,17660.0,17702.0,17513.0,17606.0,129514.0
2022-03-01,17756.0,17942.0,17692.0,17911.0,109687.0
2022-03-02,17788.0,17895.0,17758.0,17844.0,94806.0
2022-03-03,17942.0,17964.0,17865.0,17929.0,77058.0
2022-03-04,17608.0,17788.0,17522.0,17666.0,118785.0
2022-03-07,17362.0,17405.0,17051.0,17058.0,157085.0
2022-03-08,16840.0,17058.0,16695.0,16702.0,160675.0
2022-03-09,16890.0,17023.0,16865.0,16946.0,115509.0
2022-03-10,17301.0,17456.0,17269.0,17437.0,102545.0
2022-03-11,17372.0,17387.0,17170.0,17220.0,95875.0
2022-03-14,17289.0,17350.0,17150.0,17239.0,120161.0
2022-03-15,17177.0,17195.0,16861.0,16882.0,141872.0
2022-03-16,17080.0,17089.0,16801.0,16937.0,76060.0
2022-03-17,17339.0,17470.0,17262.0,17446.0,129146.0
2022-03-18,17441.0,17444.0,17295.0,17391.0,96826.0
2022-03-21,17442.0,17577.0,17439.0,17489.0,93353.0
2022-03-22,17536.0,17543.0,17453.0,17520.0,68446.0
2022-03-23,17644.0,17735.0,17610.0,17702.0,88805.0
2022-03-24,17570.0,17687.0,17548.0,17671.0,80125.0
2022-03-25,17720.0,17726.0,17591.0,17621.0,83085.0
2022-03-28,17512.0,17521.0,17304.0,17438.0,117571.0
2022-03-29,17560.0,17577.0,17484.0,17545.0,76398.0
2022-03-30,17671.0,17755.0,17658.0,17741.0,89839.0
2022-03-31,17747.0,17774.0,17623.0,17639.0,78029.0
2022-04-01,17466.0,17567.0,17414.0,17554.0,82047.0
2022-04-06,17439.0,17508.0,17327.0,17506.0,86927.0
2022-04-07,17333.0,17387.0,17123.0,17143.0,114893.0
2022-04-08,17200.0,17318.0,17169.0,17316.0,84229.0
2022-04-11,17222.0,17298.0,16976.0,17039.0,128637.0
2022-04-12,16960.0,17068.0,16906.0,16999.0,107948.0
2022-04-13,17080.0,17321.0,17071.0,17316.0,107841.0
2022-04-14,17349.0,17352.0,17251.0,17298.0,73517.0
2022-04-15,17102.0,17117.0,16960.0,16983.0,97455.0
2022-04-18,16908.0,16995.0,16813.0,16881.0,122230.0
2022-04-19,17065.0,17122.0,16988.0,17000.0,106177.0
2022-04-20,17071.0,17135.0,16992.0,17125.0,57157.0
2022-04-21,17180.0,17222.0,17090.0,17126.0,86180.0
2022-04-22,16862.0,16999.0,16823.0,16992.0,96385.0
2022-04-25,16686.0,16734.0,16508.0,16572.0,123324.0
2022-04-26,16648.0,16663.0,16533.0,16586.0,82214.0
2022-04-27,16221.0,16344.0,16160.0,16285.0,141144.0
2022-04-28,16317.0,16416.0,16220.0,16387.0,103728.0
2022-04-29,16555.0,16635.0,16495.0,16583.0,103887.0
2022-05-03,16487.0,16570.0,16434.0,16470.0,90193.0
2022-05-04,16505.0,16589.0,16489.0,16519.0,69459.0
2022-05-05,16753.0,16776.0,16645.0,16684.0,78883.0
2022-05-06,16310.0,16380.0,16266.0,16355.0,96310.0
2022-05-09,16156.0,16194.0,16015.0,16027.0,99474.0
2022-05-10,15809.0,16045.0,15730.0,16039.0,127562.0
2022-05-11,15989.0,16058.0,15907.0,16010.0,88276.0
2022-05-12,15801.0,15890.0,15608.0,15632.0,118642.0
2022-05-13,15777.0,15854.0,15743.0,15851.0,96199.0
2022-05-16,15996.0,16044.0,15847.0,15921.0,120555.0
2022-05-17,15978.0,16096.0,15963.0,16075.0,95655.0
2022-05-18,16180.0,16318.0,16159.0,16302.0,54930.0
2022-05-19,15871.0,15965.0,15820.0,15911.0,109266.0
2022-05-20,16069.0,16145.0,16013.0,16135.0,85765.0
2022-05-23,16220.0,16263.0,16076.0,16147.0,99214.0
2022-05-24,16131.0,16156.0,15914.0,15926.0,98160.0
2022-05-25,15996.0,16146.0,15968.0,16060.0,98499.0
2022-05-26,16153.0,16184.0,15928.0,15950.0,99211.0
2022-05-27,16110.0,16245.0,16100.0,16230.0,83346.0
2022-05-30,16400.0,16584.0,16391.0,16560.0,81262.0
2022-05-31,16492.0,16716.0,16460.0,16682.0,108041.0
2022-06-01,16647.0,16755.0,16592.0,16610.0,95150.0
2022-06-02,16536.0,16585.0,16471.0,16532.0,80160.0
2022-06-06,16590.0,16648.0,16463.0,16600.0,98914.0
2022-06-07,16520.0,16531.0,16406.0,16462.0,101451.0
2022-06-08,16560.0,16693.0,16555.0,16644.0,80944.0
2022-06-09,16573.0,16606.0,16524.0,16582.0,67567.0
2022-06-10,16380.0,16486.0,16350.0,16471.0,85493.0
2022-06-13,16115.0,16120.0,15993.0,16053.0,129042.0
2022-06-14,15950.0,16068.0,15841.0,16055.0,125318.0
2022-06-15,16052.0,16096.0,15989.0,16062.0,62610.0
2022-06-16,15751.0,15805.0,15382.0,15410.0,127119.0
2022-06-17,15196.0,15300.0,15137.0,15200.0,124040.0
2022-06-20,15182.0,15231.0,14966.0,15038.0,129690.0
2022-06-21,15164.0,15362.0,15115.0,15334.0,115396.0
2022-06-22,15316.0,15319.0,14984.0,15012.0,128332.0
2022-06-23,15059.0,15145.0,14804.0,14938.0,164479.0
2022-06-24,15006.0,15142.0,14959.0,15058.0,119812.0
2022-06-27,15205.0,15400.0,15201.0,15277.0,98695.0
2022-06-28,15299.0,15304.0,15096.0,15192.0,96034.0
2022-06-29,15020.0,15114.0,14980.0,15019.0,100640.0
2022-06-30,14931.0,14945.0,14610.0,14622.0,131995.0
2022-07-01,14656.0,14702.0,14128.0,14175.0,183609.0
2022-07-04,14236.0,14312.0,14025.0,14152.0,143173.0
2022-07-05,14350.0,14430.0,13975.0,14231.0,175274.0
2022-07-06,14213.0,14239.0,13858.0,13871.0,150712.0
2022-07-07,14068.0,14295.0,13832.0,14176.0,158050.0
2022-07-08,14390.0,14485.0,14264.0,14329.0,139319.0
2022-07-11,14467.0,14496.0,14229.0,14276.0,120320.0
2022-07-12,14157.0,14181.0,13850.0,13914.0,127127.0
2022-07-13,14240.0,14356.0,14203.0,14277.0,112460.0
2022-07-14,14237.0,14437.0,14122.0,14389.0,128248.0
2022-07-15,14422.0,14542.0,14333.0,14475.0,118876.0
2022-07-18,14577.0,14666.0,14535.0,14650.0,122938.0
2022-07-19,14562.0,14697.0,14533.0,14678.0,92176.0
2022-07-20,14845.0,14907.0,14696.0,14712.0,63694.0
2022-07-21,14600.0,14771.0,14573.0,14748.0,90902.0
2022-07-22,14796.0,14848.0,14725.0,14751.0,93026.0
2022-07-25,14750.0,14845.0,14688.0,14794.0,82637.0
2022-07-26,14755.0,14788.0,14650.0,14705.0,92221.0
2022-07-27,14670.0,14800.0,14615.0,14794.0,104597.0
2022-07-28,14922.0,14949.0,14786.0,14831.0,94963.0
2022-07-29,14936.0,14990.0,14870.0,14938.0,94106.0
2022-08-01,14921.0,14940.0,14804.0,14870.0,89819.0
2022-08-02,14767.0,14778.0,14589.0,14643.0,108928.0
2022-08-03,14627.0,14727.0,14594.0,14669.0,97984.0
2022-08-04,14686.0,14722.0,14461.0,14658.0,139696.0
2022-08-05,14780.0,15020.0,14777.0,15009.0,95193.0
2022-08-08,14937.0,14987.0,14888.0,14961.0,74401.0
2022-08-09,14894.0,15065.0,14853.0,15016.0,89703.0
2022-08-10,14874.0,14945.0,14832.0,14876.0,77738.0
2022-08-11,15115.0,15191.0,15093.0,15183.0,79733.0
2022-08-12,15229.0,15309.0,15200.0,15272.0,66960.0
2022-08-15,15369.0,15432.0,15310.0,15387.0,89978.0
2022-08-16,15390.0,15450.0,15385.0,15422.0,73097.0
2022-08-17,15404.0,15461.0,15396.0,15452.0,48353.0
2022-08-18,15250.0,15325.0,15224.0,15315.0,69333.0
2022-08-19,15308.0,15406.0,15275.0,15353.0,72613.0
2022-08-22,15171.0,15250.0,15156.0,15175.0,63929.0
2022-08-23,15059.0,15109.0,15022.0,15028.0,68886.0
2022-08-24,15080.0,15120.0,14987.0,15035.0,70377.0
2022-08-25,15130.0,15225.0,15116.0,15172.0,81719.0
2022-08-26,15271.0,15318.0,15228.0,15241.0,62646.0
2022-08-29,14832.0,14898.0,14762.0,14818.0,103087.0
2022-08-30,14850.0,14994.0,14837.0,14948.0,86047.0
2022-08-31,14849.0,15099.0,14826.0,15039.0,108620.0
2022-09-01,14841.0,14842.0,14675.0,14736.0,118005.0
2022-09-02,14776.0,14782.0,14584.0,14597.0,92325.0
2022-09-05,14590.0,14719.0,14561.0,14611.0,92682.0
2022-09-06,14720.0,14770.0,14555.0,14634.0,93184.0
2022-09-07,14445.0,14455.0,14331.0,14359.0,99373.0
2022-09-08,14459.0,14552.0,14389.0,14548.0,88563.0
2022-09-12,14775.0,14824.0,14731.0,14794.0,73967.0
2022-09-13,14884.0,14928.0,14827.0,14875.0,64810.0
2022-09-14,14458.0,14641.0,14443.0,14577.0,88778.0
2022-09-15,14578.0,14715.0,14562.0,14642.0,77473.0
2022-09-16,14500.0,14527.0,14465.0,14483.0,75293.0
2022-09-19,14550.0,14579.0,14406.0,14420.0,96859.0
2022-09-20,14548.0,14569.0,14464.0,14561.0,83214.0
2022-09-21,14476.0,14520.0,14392.0,14402.0,47622.0
2022-09-22,14225.0,14250.0,14088.0,14242.0,104178.0
2022-09-23,14212.0,14229.0,14056.0,14119.0,87010.0
2022-09-26,13916.0,13953.0,13740.0,13758.0,114988.0
2022-09-27,13843.0,13861.0,13735.0,13818.0,94792.0
2022-09-28,13796.0,13849.0,13486.0,13515.0,144383.0
2022-09-29,13658.0,13672.0,13471.0,13524.0,115038.0
2022-09-30,13356.0,13458.0,13298.0,13395.0,120030.0
2022-10-03,13248.0,13444.0,13215.0,13304.0,110724.0
2022-10-04,13530.0,13615.0,13489.0,13597.0,91521.0
2022-10-05,13740.0,13884.0,13721.0,13820.0,116457.0
2022-10-06,13932.0,13957.0,13814.0,13869.0,89623.0
2022-10-07,13781.0,13818.0,13683.0,13689.0,81120.0
2022-10-11,13251.0,13297.0,13081.0,13091.0,132727.0
2022-10-12,13049.0,13140.0,12975.0,13076.0,111132.0
2022-10-13,13032.0,13085.0,12805.0,12869.0,125033.0
2022-10-14,13150.0,13249.0,13074.0,13166.0,101646.0
2022-10-17,12964.0,13009.0,12821.0,12981.0,138854.0
2022-10-18,13158.0,13182.0,12992.0,13103.0,125759.0
2022-10-19,13125.0,13168.0,12967.0,12998.0,69733.0
2022-10-20,12815.0,12916.0,12662.0,12900.0,137538.0
2022-10-21,12922.0,12948.0,12794.0,12805.0,107939.0
2022-10-24,13100.0,13126.0,12864.0,12882.0,120336.0
2022-10-25,12895.0,12946.0,12652.0,12682.0,146455.0
2022-10-26,12722.0,12833.0,12664.0,12739.0,108896.0
2022-10-27,12883.0,12984.0,12878.0,12956.0,97666.0
2022-10-28,12855.0,12915.0,12745.0,12764.0,97431.0
2022-10-31,12880.0,12997.0,12836.0,12943.0,88369.0
2022-11-01,12960.0,13095.0,12934.0,13031.0,91434.0
2022-11-02,13033.0,13103.0,13015.0,13083.0,66189.0
2022-11-03,12883.0,12983.0,12854.0,12958.0,74133.0
2022-11-04,12880.0,13039.0,12850.0,13030.0,82593.0
2022-11-07,13156.0,13265.0,13096.0,13224.0,95613.0
2022-11-08,13312.0,13390.0,13298.0,13334.0,74647.0
2022-11-09,13467.0,13613.0,13438.0,13595.0,87870.0
2022-11-10,13543.0,13565.0,13461.0,13477.0,71235.0
2022-11-11,13965.0,14062.0,13896.0,14058.0,115281.0
2022-11-14,14159.0,14195.0,14080.0,14127.0,114862.0
2022-11-15,14237.0,14575.0,14212.0,14530.0,140937.0
2022-11-16,14620.0,14652.0,14451.0,14499.0,75223.0
2022-11-17,14471.0,14545.0,14357.0,14513.0,88530.0
2022-11-18,14551.0,14681.0,14437.0,14460.0,114375.0
2022-11-21,14492.0,14517.0,14411.0,14428.0,80224.0
2022-11-22,14457.0,14529.0,14364.0,14505.0,88314.0
2022-11-23,14615.0,14642.0,14543.0,14600.0,76990.0
2022-11-24,14690.0,14789.0,14656.0,14775.0,77474.0
2022-11-25,14769.0,14798.0,14703.0,14703.0,68961.0
2022-11-28,14550.0,14588.0,14433.0,14475.0,106570.0
2022-11-29,14470.0,14678.0,14431.0,14658.0,92020.0
2022-11-30,14640.0,14838.0,14619.0,14800.0,101856.0
2022-12-01,15030.0,15119.0,14927.0,14977.0,109793.0
2022-12-02,14860.0,14959.0,14842.0,14886.0,70239.0
2022-12-05,14898.0,15046.0,14880.0,14935.0,79795.0
2022-12-06,14874.0,14894.0,14672.0,14675.0,92759.0
2022-12-07,14603.0,14780.0,14594.0,14623.0,106919.0
2022-12-08,14567.0,14570.0,14413.0,14496.0,99806.0
2022-12-09,14636.0,14722.0,14572.0,14707.0,88022.0
2022-12-12,14649.0,14650.0,14485.0,14581.0,87221.0
2022-12-13,14660.0,14687.0,14496.0,14519.0,86066.0
2022-12-14,14609.0,14732.0,14576.0,14710.0,88287.0
2022-12-15,14658.0,14750.0,14607.0,14708.0,88235.0
2022-12-16,14440.0,14550.0,14411.0,14461.0,104255.0
2022-12-19,14405.0,14485.0,14362.0,14404.0,98774.0
2022-12-20,14366.0,14442.0,14121.0,14154.0,131280.0
2022-12-21,14210.0,14278.0,14175.0,14219.0,48935.0
2022-12-22,14311.0,14396.0,14285.0,14377.0,71964.0
2022-12-23,14168.0,14237.0,14125.0,14190.0,72919.0
2022-12-26,14196.0,14254.0,14192.0,14245.0,35315.0
2022-12-27,14295.0,14392.0,14278.0,14303.0,65334.0
2022-12-28,14190.0,14195.0,14070.0,14110.0,84583.0
2022-12-29,13960.0,14072.0,13938.0,14032.0,78436.0
2022-12-30,14193.0,14213.0,14127.0,14134.0,61365.0
2023-01-03,14050.0,14247.0,13952.0,14230.0,114614.0
2023-01-04,14205.0,14271.0,14181.0,14208.0,69531.0
2023-01-05,14324.0,14375.0,14239.0,14289.0,77650.0
2023-01-06,14278.0,14403.0,14275.0,14364.0,78727.0
2023-01-09,14618.0,14770.0,14582.0,14769.0,80242.0
2023-01-10,14745.0,14829.0,14735.0,14808.0,69053.0
2023-01-11,14855.0,14884.0,14746.0,14792.0,62375.0
2023-01-12,14825.0,14840.0,14709.0,14768.0,68357.0
2023-01-13,15000.0,15016.0,14822.0,14833.0,83193.0
2023-01-16,14935.0,15004.0,14916.0,14936.0,84845.0
2023-01-17,14923.0,14969.0,14906.0,14925.0,68548.0
2023-01-30,15558.0,15559.0,15364.0,15451.0,45946.0
2023-01-31,15449.0,15456.0,15265.0,15268.0,72954.0
2023-02-01,15350.0,15402.0,15297.0,15383.0,61365.0
2023-02-02,15549.0,15600.0,15468.0,15580.0,75910.0
2023-02-03,15581.0,15629.0,15488.0,15579.0,71763.0
2023-02-06,15504.0,15505.0,15391.0,15405.0,75333.0
2023-02-07,15383.0,15447.0,15366.0,15396.0,65134.0
2023-02-08,15475.0,15624.0,15474.0,15604.0,72141.0
2023-02-09,15549.0,15608.0,15530.0,15601.0,56658.0
2023-02-10,15596.0,15598.0,15520.0,15575.0,87442.0
2023-02-13,15510.0,15547.0,15431.0,15533.0,100940.0
2023-02-14,15633.0,15682.0,15588.0,15661.0,76846.0
2023-02-15,15502.0,15550.0,15382.0,15398.0,60917.0
2023-02-16,15458.0,15599.0,15451.0,15546.0,81731.0
2023-02-17,15428.0,15475.0,15384.0,15433.0,71212.0
2023-02-20,15386.0,15555.0,15367.0,15522.0,70776.0
2023-02-21,15486.0,15547.0,15471.0,15528.0,57221.0
2023-02-22,15353.0,15415.0,15306.0,15376.0,80471.0
2023-02-23,15435.0,15656.0,15433.0,15597.0,92289.0
2023-02-24,15642.0,15684.0,15526.0,15542.0,76672.0
2023-03-01,15381.0,15555.0,15333.0,15544.0,82601.0
2023-03-02,15596.0,15618.0,15435.0,15542.0,81548.0
2023-03-03,15612.0,15670.0,15568.0,15619.0,81464.0
2023-03-06,15730.0,15834.0,15692.0,15774.0,88661.0
2023-03-07,15786.0,15894.0,15750.0,15874.0,66075.0
2023-03-08,15725.0,15809.0,15721.0,15785.0,75396.0
2023-03-09,15855.0,15862.0,15751.0,15767.0,63471.0
2023-03-10,15618.0,15624.0,15452.0,15484.0,100898.0
2023-03-13,15450.0,15540.0,15345.0,15520.0,137218.0
2023-03-14,15358.0,15428.0,15310.0,15352.0,103551.0
2023-03-15,15472.0,15532.0,15404.0,15404.0,54171.0
2023-03-16,15194.0,15305.0,15150.0,15227.0,115384.0
2023-03-17,15310.0,15418.0,15298.0,15403.0,91820.0
2023-03-20,15454.0,15477.0,15352.0,15373.0,79652.0
2023-03-21,15464.0,15517.0,15425.0,15455.0,73240.0
2023-03-22,15589.0,15725.0,15568.0,15712.0,79375.0
2023-03-23,15695.0,15866.0,15683.0,15837.0,87831.0
2023-03-24,15878.0,15923.0,15806.0,15912.0,72534.0
2023-03-27,15855.0,15893.0,15793.0,15831.0,72250.0
2023-03-28,15814.0,15829.0,15655.0,15690.0,84158.0
2023-03-29,15730.0,15787.0,15653.0,15740.0,77212.0
2023-03-30,15822.0,15862.0,15761.0,15821.0,78724.0
2023-03-31,15879.0,15965.0,15860.0,15864.0,82044.0
2023-04-06,15780.0,15793.0,15701.0,15760.0,71495.0
2023-04-07,15850.0,15870.0,15796.0,15818.0,52583.0
2023-04-10,15839.0,15927.0,15828.0,15849.0,61327.0
2023-04-11,15834.0,15963.0,15825.0,15921.0,81532.0
2023-04-12,15957.0,15960.0,15866.0,15926.0,57123.0
2023-04-13,15865.0,15903.0,15808.0,15816.0,79548.0
2023-04-14,15882.0,15995.0,15855.0,15947.0,88415.0
2023-04-17,15920.0,15974.0,15877.0,15970.0,84803.0
2023-04-18,15931.0,15963.0,15862.0,15890.0,90958.0
2023-04-19,15893.0,15923.0,15750.0,15775.0,53512.0
2023-04-20,15730.0,15798.0,15682.0,15731.0,95145.0
2023-04-21,15757.0,15778.0,15602.0,15615.0,101724.0
2023-04-24,15545.0,15655.0,15542.0,15623.0,74865.0
2023-04-25,15641.0,15662.0,15369.0,15388.0,117880.0
2023-04-26,15390.0,15409.0,15312.0,15375.0,96433.0
2023-04-27,15342.0,15461.0,15305.0,15427.0,85853.0
2023-04-28,15515.0,15596.0,15498.0,15573.0,84556.0
2023-05-02,15628.0,15672.0,15551.0,15636.0,78993.0
2023-05-03,15559.0,15595.0,15523.0,15552.0,67779.0
2023-05-04,15496.0,15619.0,15490.0,15609.0,70601.0
2023-05-05,15598.0,15696.0,15576.0,15643.0,79097.0
2023-05-08,15758.0,15776.0,15704.0,15723.0,67383.0
2023-05-09,15706.0,15744.0,15652.0,15739.0,73221.0
2023-05-10,15692.0,15702.0,15581.0,15609.0,79948.0
2023-05-11,15660.0,15683.0,15517.0,15518.0,92649.0
2023-05-12,15450.0,15559.0,15420.0,15508.0,89636.0
2023-05-15,15439.0,15522.0,15425.0,15510.0,98204.0
2023-05-16,15604.0,15723.0,15593.0,15690.0,86477.0
2023-05-17,15720.0,15973.0,15713.0,15954.0,67413.0
2023-05-18,16026.0,16085.0,15960.0,16070.0,86157.0
2023-05-19,16153.0,16161.0,16068.0,16129.0,72580.0
2023-05-22,16133.0,16158.0,16091.0,16116.0,57628.0
2023-05-23,16149.0,16195.0,16072.0,16133.0,82150.0
2023-05-24,16055.0,16091.0,16005.0,16072.0,76889.0
2023-05-25,16132.0,16232.0,16125.0,16207.0,98367.0
2023-05-26,16362.0,16456.0,16346.0,16435.0,89892.0
2023-05-29,16607.0,16633.0,16543.0,16570.0,73815.0
2023-05-30,16550.0,16607.0,16515.0,16576.0,66386.0
2023-05-31,16576.0,16598.0,16455.0,16489.0,97967.0
2023-06-01,16440.0,16518.0,16422.0,16470.0,70078.0
2023-06-02,16577.0,16738.0,16566.0,16710.0,81950.0
2023-06-05,16750.0,16764.0,16657.0,16681.0,67739.0
2023-06-06,16687.0,16784.0,16680.0,16747.0,76480.0
2023-06-07,16785.0,16906.0,16766.0,16889.0,75944.0
2023-06-08,16852.0,16867.0,16667.0,16719.0,86320.0
2023-06-09,16802.0,16888.0,16785.0,16888.0,68556.0
2023-06-12,16954.0,16984.0,16907.0,16942.0,62748.0
2023-06-13,17088.0,17274.0,17081.0,17220.0,89364.0
2023-06-14,17199.0,17230.0,17133.0,17203.0,70092.0
2023-06-15,17250.0,17348.0,17230.0,17337.0,73605.0
2023-06-16,17292.0,17322.0,17215.0,17268.0,89295.0
2023-06-19,17194.0,17286.0,17160.0,17255.0,89130.0
2023-06-20,17210.0,17238.0,17106.0,17189.0,99173.0
2023-06-21,17157.0,17244.0,17140.0,17229.0,45409.0
2023-06-26,16851.0,16915.0,16822.0,16880.0,72170.0
2023-06-27,16805.0,16855.0,16705.0,16743.0,94078.0
2023-06-28,16795.0,16810.0,16712.0,16776.0,75639.0
2023-06-29,16851.0,16965.0,16733.0,16756.0,111710.0
2023-06-30,16718.0,16826.0,16671.0,16788.0,76943.0
2023-07-03,16901.0,17038.0,16897.0,17035.0,75504.0
2023-07-04,17025.0,17116.0,16983.0,17106.0,67409.0
2023-07-05,17086.0,17098.0,16975.0,17005.0,72937.0
2023-07-06,16869.0,16898.0,16673.0,16686.0,108783.0
2023-07-07,16566.0,16708.0,16536.0,16623.0,96841.0
2023-07-10,16675.0,16737.0,16545.0,16550.0,99315.0
2023-07-11,16750.0,16877.0,16737.0,16870.0,83593.0
2023-07-12,16880.0,16929.0,16824.0,16925.0,78402.0
2023-07-13,17137.0,17255.0,17056.0,17084.0,107250.0
2023-07-14,17219.0,17305.0,17143.0,17292.0,88668.0
2023-07-17,17234.0,17345.0,17229.0,17291.0,94891.0
2023-07-18,17338.0,17386.0,17152.0,17225.0,119145.0
2023-07-19,17287.0,17325.0,17092.0,17102.0,67858.0
2023-07-20,17020.0,17150.0,17018.0,17126.0,88053.0
2023-07-21,16860.0,16984.0,16816.0,16944.0,99103.0
2023-07-24,16947.0,17024.0,16866.0,16981.0,94583.0
2023-07-25,17091.0,17225.0,17054.0,17180.0,92668.0
2023-07-26,17206.0,17208.0,17078.0,17102.0,92561.0
2023-07-27,17183.0,17263.0,17168.0,17221.0,91001.0
2023-07-28,17155.0,17299.0,17135.0,17262.0,105980.0
2023-07-31,17400.0,17425.0,17058.0,17100.0,130814.0
2023-08-01,17160.0,17218.0,17090.0,17182.0,92003.0
2023-08-02,17093.0,17162.0,16806.0,16814.0,136576.0
2023-08-04,16720.0,16863.0,16715.0,16824.0,96586.0
2023-08-07,16859.0,17027.0,16836.0,17002.0,93476.0
2023-08-08,17020.0,17026.0,16757.0,16853.0,114678.0
2023-08-09,16815.0,16935.0,16780.0,16852.0,99083.0
2023-08-10,16788.0,16797.0,16584.0,16660.0,115276.0
2023-08-11,16711.0,16754.0,16574.0,16625.0,96858.0
2023-08-14,16567.0,16570.0,16306.0,16378.0,142754.0
2023-08-15,16471.0,16540.0,16422.0,16422.0,89792.0
2023-08-16,16300.0,16413.0,16290.0,16364.0,58199.0
2023-08-17,16261.0,16493.0,16205.0,16454.0,124759.0
2023-08-18,16422.0,16541.0,16320.0,16352.0,118197.0
2023-08-21,16424.0,16474.0,16325.0,16351.0,91744.0
2023-08-22,16495.0,16507.0,16380.0,16401.0,86244.0
2023-08-23,16419.0,16561.0,16405.0,16559.0,97878.0
2023-08-24,16788.0,16798.0,16670.0,16759.0,108492.0
2023-08-25,16549.0,16586.0,16415.0,16421.0,99877.0
2023-08-28,16468.0,16548.0,16461.0,16490.0,83055.0
2023-08-29,16578.0,16632.0,16453.0,16624.0,84833.0
2023-08-30,16738.0,16778.0,16695.0,16724.0,69975.0
2023-08-31,16730.0,16731.0,16602.0,16628.0,89842.0
2023-09-01,16608.0,16727.0,16600.0,16651.0,78439.0
2023-09-04,16646.0,16782.0,16607.0,16782.0,84928.0
2023-09-05,16736.0,16765.0,16707.0,16754.0,57012.0
2023-09-06,16758.0,16801.0,16702.0,16711.0,70796.0
2023-09-07,16604.0,16660.0,16560.0,16564.0,78366.0
2023-09-08,16490.0,16579.0,16467.0,16563.0,74559.0
2023-09-11,16560.0,16577.0,16366.0,16427.0,104377.0
2023-09-12,16459.0,16591.0,16413.0,16573.0,94566.0
2023-09-13,16570.0,16645.0,16523.0,16577.0,79200.0
2023-09-14,16676.0,16842.0,16675.0,16838.0,83243.0
2023-09-15,16848.0,16918.0,16808.0,16906.0,76226.0
2023-09-18,16757.0,16796.0,16700.0,16709.0,99184.0
2023-09-19,16700.0,16741.0,16603.0,16609.0,87209.0
2023-09-20,16611.0,16648.0,16531.0,16537.0,47771.0
2023-09-21,16479.0,16483.0,16280.0,16309.0,104132.0
2023-09-22,16200.0,16355.0,16188.0,16345.0,77457.0
2023-09-25,16352.0,16491.0,16340.0,16464.0,69416.0
2023-09-26,16400.0,16408.0,16273.0,16308.0,88022.0
2023-09-27,16246.0,16334.0,16230.0,16311.0,76137.0
2023-09-28,16342.0,16435.0,16295.0,16368.0,90613.0
2023-10-02,16531.0,16610.0,16504.0,16557.0,76695.0
2023-10-03,16497.0,16553.0,16408.0,16412.0,84437.0
2023-10-04,16285.0,16286.0,16164.0,16245.0,105815.0
2023-10-05,16300.0,16486.0,16288.0,16456.0,88286.0
2023-10-06,16476.0,16552.0,16473.0,16531.0,67779.0
2023-10-11,16829.0,16829.0,16662.0,16717.0,83064.0
2023-10-12,16768.0,16857.0,16725.0,16848.0,76196.0
2023-10-13,16750.0,16807.0,16730.0,16770.0,67885.0
2023-10-16,16661.0,16683.0,16603.0,16648.0,101143.0
2023-10-17,16764.0,16782.0,16634.0,16650.0,82744.0
2023-10-18,16616.0,16633.0,16411.0,16426.0,62045.0
2023-10-19,16365.0,16487.0,16357.0,16458.0,83646.0
2023-10-20,16440.0,16465.0,16255.0,16413.0,115247.0
2023-10-23,16350.0,16366.0,16250.0,16254.0,79206.0
2023-10-24,16274.0,16343.0,16148.0,16335.0,117248.0
2023-10-25,16370.0,16480.0,16350.0,16358.0,85062.0
2023-10-26,16144.0,16176.0,16039.0,16069.0,110234.0
2023-10-27,16137.0,16217.0,16120.0,16151.0,84813.0
2023-10-30,16118.0,16238.0,16111.0,16157.0,88685.0
2023-10-31,16180.0,16197.0,15973.0,15994.0,109000.0
2023-11-01,16099.0,16120.0,15978.0,16048.0,86885.0
2023-11-02,16256.0,16399.0,16250.0,16390.0,80878.0
2023-11-03,16488.0,16537.0,16441.0,16512.0,73936.0
2023-11-06,16680.0,16750.0,16626.0,16670.0,83172.0
2023-11-07,16632.0,16712.0,16613.0,16709.0,65290.0
2023-11-08,16725.0,16797.0,16687.0,16749.0,76332.0
2023-11-09,16711.0,16788.0,16692.0,16763.0,69823.0
2023-11-10,16664.0,16738.0,16627.0,16736.0,83384.0
2023-11-13,16969.0,16985.0,16836.0,16876.0,100083.0
2023-11-14,16956.0,16976.0,16912.0,16949.0,73343.0
2023-11-15,17170.0,17192.0,17055.0,17123.0,52992.0
2023-11-16,17196.0,17218.0,17109.0,17186.0,72693.0
2023-11-17,17152.0,17252.0,17151.0,17222.0,72936.0
2023-11-20,17227.0,17288.0,17154.0,17200.0,72251.0
2023-11-21,17281.0,17425.0,17280.0,17415.0,70242.0
2023-11-22,17298.0,17334.0,17256.0,17284.0,65563.0
2023-11-23,17275.0,17323.0,17214.0,17307.0,73777.0
2023-11-24,17330.0,17350.0,17265.0,17293.0,51647.0
2023-11-27,17257.0,17361.0,17145.0,17173.0,90354.0
2023-11-28,17215.0,17402.0,17195.0,17364.0,87471.0
2023-11-29,17339.0,17450.0,17314.0,17334.0,79086.0
2023-11-30,17400.0,17416.0,17291.0,17393.0,82954.0
2023-12-01,17333.0,17434.0,17254.0,17421.0,79764.0
2023-12-04,17465.0,17491.0,17376.0,17419.0,69262.0
2023-12-05,17285.0,17330.0,17231.0,17309.0,76784.0
2023-12-06,17367.0,17453.0,17346.0,17381.0,79377.0
2023-12-07,17321.0,17371.0,17261.0,17270.0,77297.0
2023-12-08,17409.0,17470.0,17363.0,17377.0,88169.0
2023-12-11,17436.0,17457.0,17350.0,17418.0,65150.0
2023-12-12,17518.0,17545.0,17427.0,17464.0,67207.0
2023-12-13,17491.0,17519.0,17426.0,17453.0,65147.0
2023-12-14,17608.0,17691.0,17595.0,17666.0,96741.0
2023-12-15,17771.0,17775.0,17672.0,17674.0,80686.0
2023-12-18,17672.0,17673.0,17583.0,17655.0,93527.0
2023-12-19,17596.0,17621.0,17505.0,17574.0,88844.0
2023-12-20,17605.0,17655.0,17596.0,17636.0,41677.0
2023-12-21,17442.0,17544.0,17414.0,17529.0,72886.0
2023-12-22,17563.0,17597.0,17542.0,17558.0,52791.0
2023-12-25,17644.0,17666.0,17607.0,17622.0,36922.0
2023-12-26,17651.0,17740.0,17634.0,17735.0,52770.0
2023-12-27,17755.0,17874.0,17737.0,17857.0,64820.0
2023-12-28,17850.0,17887.0,17821.0,17865.0,56537.0
2023-12-29,17853.0,17900.0,17828.0,17868.0,56505.0
2024-01-02,17838.0,17920.0,17751.0,17798.0,82827.0
2024-01-03,17658.0,17667.0,17507.0,17546.0,97851.0
2024-01-04,17525.0,17583.0,17525.0,17546.0,57402.0
2024-01-05,17577.0,17626.0,17491.0,17519.0,77062.0
2024-01-08,17572.0,17706.0,17568.0,17595.0,86585.0
2024-01-09,17770.0,17782.0,17526.0,17545.0,96286.0
2024-01-10,17509.0,17521.0,17439.0,17458.0,70327.0
2024-01-11,17490.0,17606.0,17481.0,17575.0,86899.0
2024-01-12,17466.0,17570.0,17447.0,17489.0,83946.0
2024-01-15,17580.0,17655.0,17527.0,17559.0,137809.0
2024-01-16,17480.0,17499.0,17321.0,17333.0,123488.0
2024-01-17,17313.0,17344.0,17159.0,17167.0,63464.0
2024-01-18,17240.0,17326.0,17215.0,17280.0,90702.0
2024-01-19,17541.0,17684.0,17504.0,17678.0,111839.0
2024-01-22,17816.0,17843.0,17747.0,17817.0,83035.0
2024-01-23,17799.0,17877.0,17790.0,17870.0,77256.0
2024-01-24,17903.0,17941.0,17876.0,17903.0,65654.0
2024-01-25,18016.0,18030.0,17935.0,17995.0,74949.0
2024-01-26,17951.0,18023.0,17936.0,17999.0,65973.0
2024-01-29,18011.0,18135.0,17970.0,18125.0,73311.0
2024-01-30,18129.0,18139.0,18064.0,18081.0,63313.0
2024-01-31,17990.0,18003.0,17904.0,17920.0,78949.0
2024-02-01,17956.0,17994.0,17882.0,17986.0,82846.0
2024-02-02,18100.0,18105.0,18023.0,18084.0,64193.0
2024-02-05,18008.0,18102.0,17958.0,18086.0,72290.0
2024-02-15,18590.0,18696.0,18531.0,18667.0,112201.0
2024-02-16,18683.0,18726.0,18633.0,18634.0,65410.0
2024-02-19,18680.0,18692.0,18619.0,18671.0,80197.0
2024-02-20,18634.0,18754.0,18596.0,18753.0,86334.0
2024-02-21,18738.0,18750.0,18659.0,18670.0,41207.0
2024-02-22,18887.0,18890.0,18751.0,18889.0,84610.0
2024-02-23,18990.0,19000.0,18898.0,18913.0,80858.0
2024-02-26,18907.0,18996.0,18853.0,18963.0,68087.0
2024-02-27,18950.0,19020.0,18750.0,18867.0,120451.0
2024-02-29,18808.0,18997.0,18805.0,18966.0,84818.0
2024-03-01,18968.0,19017.0,18924.0,18961.0,75198.0
2024-03-04,19144.0,19340.0,19137.0,19314.0,97821.0
2024-03-05,19362.0,19436.0,19305.0,19389.0,83640.0
2024-03-06,19282.0,19523.0,19271.0,19509.0,96101.0
2024-03-07,19688.0,19770.0,19584.0,19709.0,122063.0
2024-03-08,19930.0,20009.0,19638.0,19791.0,172140.0
2024-03-11,19691.0,19825.0,19679.0,19715.0,97483.0
2024-03-12,19714.0,19956.0,19698.0,19955.0,91498.0
2024-03-13,19994.0,20064.0,19886.0,19927.0,111450.0
2024-03-14,19897.0,19978.0,19799.0,19939.0,108905.0
2024-03-15,19828.0,19873.0,19723.0,19730.0,109827.0
2024-03-18,19778.0,19920.0,19747.0,19919.0,100312.0
2024-03-19,19816.0,19911.0,19739.0,19867.0,106964.0
2024-03-20,19860.0,19956.0,19731.0,19747.0,70463.0
2024-03-21,20048.0,20264.0,20029.0,20264.0,110169.0
2024-03-22,20226.0,20285.0,20122.0,20242.0,94477.0
2024-03-25,20256.0,20307.0,20188.0,20231.0,72613.0
2024-03-26,20280.0,20459.0,20038.0,20187.0,173550.0
2024-03-27,20185.0,20288.0,20148.0,20261.0,86234.0
2024-03-28,20238.0,20250.0,20081.0,20203.0,103798.0
2024-03-29,20226.0,20299.0,20192.0,20280.0,84010.0
2024-04-01,20393.0,20400.0,20259.0,20288.0,83567.0
2024-04-02,20350.0,20524.0,20350.0,20523.0,96508.0
2024-04-03,20370.0,20419.0,20275.0,20349.0,111570.0
2024-04-08,20404.0,20520.0,20375.0,20450.0,85815.0
2024-04-09,20538.0,20877.0,20518.0,20874.0,117238.0
2024-04-10,20822.0,20892.0,20804.0,20851.0,75731.0
2024-04-11,20706.0,20764.0,20651.0,20753.0,88537.0
2024-04-12,20745.0,20809.0,20682.0,20755.0,91615.0
2024-04-15,20544.0,20605.0,20460.0,20508.0,114946.0
2024-04-16,20278.0,20286.0,19798.0,19953.0,175352.0
2024-04-17,19942.0,20289.0,19927.0,20238.0,73085.0
2024-04-18,20070.0,20359.0,20025.0,20358.0,120221.0
2024-04-19,19840.0,19924.0,19265.0,19546.0,237961.0
2024-04-22,19620.0,19715.0,19445.0,19524.0,135191.0
2024-04-23,19651.0,19745.0,19554.0,19677.0,100612.0
2024-04-24,19930.0,20202.0,19916.0,20170.0,101458.0
2024-04-25,19940.0,19979.0,19834.0,19885.0,96972.0
2024-04-26,20126.0,20271.0,20070.0,20178.0,113798.0
2024-04-29,20350.0,20560.0,20310.0,20552.0,97993.0
2024-04-30,20518.0,20576.0,20404.0,20413.0,77061.0
2024-05-02,20250.0,20380.0,20215.0,20291.0,90193.0
2024-05-03,20548.0,20597.0,20306.0,20382.0,100974.0
2024-05-06,20685.0,20714.0,20562.0,20602.0,83722.0
2024-05-07,20733.0,20756.0,20536.0,20650.0,85595.0
2024-05-08,20618.0,20738.0,20574.0,20725.0,73449.0
2024-05-09,20707.0,20763.0,20605.0,20612.0,79443.0
2024-05-10,20738.0,20828.0,20616.0,20809.0,97925.0
2024-05-13,20942.0,20965.0,20833.0,20883.0,98279.0
2024-05-14,20892.0,21015.0,20868.0,21013.0,83853.0
2024-05-15,21184.0,21361.0,21116.0,21143.0,63511.0
2024-05-16,21465.0,21556.0,21326.0,21370.0,104856.0
2024-05-17,21303.0,21407.0,21288.0,21336.0,71837.0
2024-05-20,21435.0,21485.0,21153.0,21302.0,109398.0
2024-05-21,21324.0,21350.0,21165.0,21277.0,74973.0
2024-05-22,21293.0,21613.0,21283.0,21583.0,95352.0
2024-05-23,21630.0,21661.0,21492.0,21604.0,85458.0
2024-05-24,21448.0,21617.0,21414.0,21565.0,74314.0
2024-05-27,21670.0,21917.0,21655.0,21875.0,88063.0
2024-05-28,21892.0,21994.0,21845.0,21954.0,71888.0
2024-05-29,21865.0,21907.0,21720.0,21722.0,85938.0
2024-05-30,21512.0,21553.0,21368.0,21391.0,100242.0
2024-05-31,21505.0,21583.0,21253.0,21285.0,130856.0
2024-06-03,21469.0,21698.0,21424.0,21654.0,116258.0
2024-06-04,21560.0,21574.0,21284.0,21320.0,111097.0
2024-06-05,21350.0,21493.0,21226.0,21463.0,108838.0
2024-06-06,21825.0,21962.0,21791.0,21875.0,109836.0
2024-06-07,21839.0,21908.0,21781.0,21897.0,69801.0
2024-06-11,21920.0,21970.0,21783.0,21798.0,94289.0
2024-06-12,21829.0,22063.0,21790.0,22046.0,95615.0
2024-06-13,22308.0,22473.0,22207.0,22323.0,114828.0
2024-06-14,22274.0,22514.0,22270.0,22511.0,86467.0
2024-06-17,22430.0,22554.0,22420.0,22477.0,91913.0
2024-06-18,22726.0,22812.0,22666.0,22786.0,98310.0
2024-06-19,22956.0,23291.0,22940.0,23225.0,79725.0
2024-06-20,23153.0,23380.0,23106.0,23378.0,90192.0
2024-06-21,23034.0,23291.0,23025.0,23210.0,98199.0
2024-06-24,23050.0,23073.0,22708.0,22746.0,125022.0
2024-06-25,22608.0,22776.0,22410.0,22743.0,126047.0
2024-06-26,22806.0,23005.0,22744.0,22872.0,113347.0
2024-06-27,22614.0,22822.0,22555.0,22793.0,83796.0
2024-06-28,22908.0,23117.0,22793.0,22983.0,103428.0
2024-07-01,22960.0,23166.0,22938.0,22991.0,83651.0
2024-07-02,22838.0,22993.0,22717.0,22831.0,104985.0
2024-07-03,23073.0,23188.0,22981.0,23185.0,83985.0
2024-07-04,23487.0,23626.0,23461.0,23624.0,88198.0
2024-07-05,23659.0,23677.0,23526.0,23570.0,60596.0
2024-07-08,23545.0,23994.0,23512.0,23913.0,107009.0
2024-07-09,23945.0,24092.0,23624.0,23878.0,130797.0
2024-07-10,23759.0,24014.0,23702.0,24000.0,106474.0
2024-07-11,24251.0,24405.0,24160.0,24367.0,93552.0
2024-07-12,24038.0,24070.0,23784.0,23808.0,115064.0
2024-07-15,24091.0,24112.0,23756.0,23853.0,128376.0
2024-07-16,23830.0,24182.0,23824.0,24002.0,129269.0
2024-07-17,23980.0,24000.0,23647.0,23679.0,82666.0
2024-07-18,23294.0,23444.0,23154.0,23383.0,126201.0
2024-07-19,23148.0,23185.0,22853.0,22909.0,126482.0
2024-07-22,22859.0,22906.0,22184.0,22379.0,177941.0
2024-07-23,22600.0,22871.0,22571.0,22830.0,95310.0
2024-07-26,22028.0,22156.0,21918.0,22095.0,121567.0
2024-07-29,22430.0,22519.0,22146.0,22261.0,99245.0
2024-07-30,21933.0,22299.0,21809.0,22246.0,126029.0
2024-07-31,22050.0,22348.0,22013.0,22290.0,109982.0
2024-08-01,22721.0,22728.0,22460.0,22653.0,102459.0
2024-08-02,22000.0,22099.0,21508.0,21533.0,139674.0
2024-08-05,20712.0,20742.0,19374.0,19374.0,211207.0
2024-08-06,20395.0,20790.0,19589.0,20420.0,190100.0
2024-08-07,20500.0,21335.0,20494.0,21131.0,155051.0
2024-08-08,20680.0,21082.0,20545.0,20696.0,121331.0
2024-08-09,21305.0,21593.0,21032.0,21481.0,136829.0
2024-08-12,21650.0,21895.0,21600.0,21677.0,89347.0
2024-08-13,21848.0,21898.0,21662.0,21769.0,68585.0
2024-08-14,22104.0,22158.0,21908.0,21978.0,85768.0
2024-08-15,21993.0,22114.0,21836.0,21840.0,71553.0
2024-08-16,22324.0,22447.0,22277.0,22367.0,83257.0
2024-08-19,22400.0,22521.0,22320.0,22361.0,103565.0
2024-08-20,22555.0,22574.0,22389.0,22436.0,84420.0
2024-08-21,22311.0,22344.0,22151.0,22200.0,47368.0
2024-08-22,22229.0,22277.0,22026.0,22100.0,72407.0
2024-08-23,21942.0,22170.0,21865.0,22129.0,67429.0
2024-08-26,22230.0,22450.0,22131.0,22206.0,82518.0
2024-08-27,22112.0,22210.0,21998.0,22146.0,64037.0
2024-08-28,22181.0,22414.0,22048.0,22401.0,77112.0
2024-08-29,21938.0,22245.0,21900.0,22176.0,80378.0
2024-08-30,22320.0,22366.0,22213.0,22323.0,62747.0
2024-09-02,22318.0,22448.0,22172.0,22227.0,72350.0
2024-09-03,22205.0,22314.0,22000.0,22070.0,72699.0
2024-09-04,21246.0,21347.0,20828.0,20947.0,139676.0
2024-09-05,21310.0,21454.0,21056.0,21183.0,85120.0
2024-09-06,21211.0,21435.0,21013.0,21319.0,92055.0
2024-09-09,20734.0,21125.0,20616.0,21073.0,95274.0
2024-09-10,21233.0,21281.0,20905.0,21000.0,96570.0
2024-09-11,21100.0,21130.0,20950.0,21005.0,74321.0
2024-09-12,21597.0,21780.0,21461.0,21711.0,91690.0
2024-09-13,21800.0,21833.0,21657.0,21820.0,74408.0
2024-09-16,21807.0,21871.0,21735.0,21813.0,72650.0
2024-09-18,21730.0,21872.0,21560.0,21619.0,46802.0
2024-09-19,21763.0,22082.0,21661.0,22074.0,82818.0
2024-09-20,22345.0,22425.0,22186.0,22220.0,69559.0
2024-09-23,22291.0,22392.0,22258.0,22338.0,52925.0
2024-09-24,22298.0,22508.0,22152.0,22491.0,77440.0
2024-09-25,22835.0,22860.0,22739.0,22792.0,63897.0
2024-09-26,23034.0,23078.0,22892.0,22957.0,65948.0
2024-09-27,23190.0,23195.0,22878.0,22884.0,75657.0
2024-09-30,22699.0,22755.0,22316.0,22326.0,87164.0
2024-10-01,22246.0,22463.0,22228.0,22391.0,57504.0
2024-10-04,22331.0,22507.0,22250.0,22284.0,83107.0
2024-10-07,22570.0,22808.0,22539.0,22779.0,76667.0
2024-10-08,22606.0,22634.0,22392.0,22575.0,73369.0
2024-10-09,22770.0,22888.0,22666.0,22702.0,66303.0
2024-10-11,22829.0,23047.0,22794.0,22912.0,69251.0
2024-10-14,22987.0,23049.0,22818.0,23008.0,85874.0
2024-10-15,23168.0,23386.0,23101.0,23225.0,79192.0
2024-10-16,22897.0,23203.0,22855.0,22986.0,47339.0
2024-10-17,23142.0,23277.0,23005.0,23256.0,75826.0
2024-10-18,23820.0,23840.0,23527.0,23657.0,90326.0
2024-10-21,23810.0,23836.0,23566.0,23567.0,53481.0
2024-10-22,23560.0,23637.0,23332.0,23633.0,70377.0
2024-10-23,23498.0,23511.0,23336.0,23406.0,65409.0
2024-10-24,23383.0,23449.0,23203.0,23304.0,73038.0
2024-10-25,23270.0,23487.0,23252.0,23481.0,57307.0
2024-10-28,23650.0,23657.0,23216.0,23326.0,84796.0
2024-10-29,23137.0,23148.0,22693.0,22976.0,107580.0
2024-10-30,23072.0,23145.0,22845.0,22904.0,63255.0
2024-11-01,22397.0,22822.0,22232.0,22753.0,87411.0
2024-11-04,22767.0,23046.0,22700.0,23041.0,65879.0
2024-11-05,22808.0,23239.0,22782.0,23135.0,73010.0
2024-11-06,23250.0,23448.0,23051.0,23324.0,102643.0
2024-11-07,23183.0,23576.0,23085.0,23532.0,78519.0
2024-11-08,23772.0,23794.0,23528.0,23781.0,71139.0
2024-11-11,23555.0,23632.0,23309.0,23573.0,71558.0
2024-11-12,23013.0,23242.0,22863.0,22869.0,84421.0
2024-11-13,22755.0,23015.0,22730.0,22783.0,73177.0
2024-11-14,22786.0,22880.0,22576.0,22684.0,86815.0
2024-11-15,22710.0,22930.0,22684.0,22759.0,71504.0
2024-11-18,22654.0,22789.0,22544.0,22574.0,93348.0
2024-11-19,22641.0,22995.0,22592.0,22850.0,90975.0
2024-11-20,22906.0,22956.0,22668.0,22686.0,40197.0
2024-11-21,22647.0,22733.0,22514.0,22573.0,74026.0
2024-11-22,22811.0,23066.0,22780.0,23038.0,71376.0
2024-11-25,23254.0,23287.0,23014.0,23066.0,61805.0
2024-11-26,22710.0,22845.0,22615.0,22636.0,68259.0
2024-11-27,22600.0,22690.0,22341.0,22347.0,67320.0
2024-11-28,22302.0,22385.0,22117.0,22337.0,75167.0
2024-11-29,22210.0,22438.0,22004.0,22313.0,84632.0
2024-12-02,22530.0,22828.0,22498.0,22827.0,61921.0
2024-12-03,23152.0,23191.0,22999.0,23112.0,64384.0
2024-12-04,23200.0,23296.0,23071.0,23294.0,52064.0
2024-12-05,23260.0,23328.0,23211.0,23251.0,45283.0
2024-12-06,23321.0,23360.0,23134.0,23179.0,60688.0
2024-12-09,23193.0,23287.0,23170.0,23249.0,47014.0
2024-12-10,23228.0,23337.0,23026.0,23090.0,70540.0
2024-12-11,22887.0,23055.0,22824.0,22848.0,60252.0
2024-12-12,23004.0,23211.0,23003.0,23107.0,59344.0
2024-12-13,22996.0,23092.0,22888.0,22986.0,64309.0
2024-12-16,23220.0,23270.0,22946.0,22961.0,95042.0
2024-12-17,23105.0,23215.0,23024.0,23031.0,77090.0
2024-12-18,22937.0,23200.0,22902.0,23105.0,44222.0
2024-12-19,22747.0,22906.0,22718.0,22849.0,72523.0
2024-12-20,22767.0,22793.0,22590.0,22635.0,75535.0
2024-12-23,22904.0,23245.0,22899.0,23242.0,67589.0
2024-12-24,23430.0,23459.0,23187.0,23216.0,47581.0
2024-12-25,23340.0,23349.0,23240.0,23329.0,32836.0
2024-12-26,23358.0,23380.0,23285.0,23326.0,27231.0
2024-12-27,23194.0,23378.0,23148.0,23372.0,43009.0
2024-12-30,23202.0,23324.0,23154.0,23177.0,37022.0
2024-12-31,22998.0,23110.0,22955.0,23041.0,48455.0
2025-01-02,22935.0,22995.0,22689.0,22842.0,78968.0
2025-01-03,22935.0,23108.0,22905.0,22977.0,62488.0
2025-01-06,23222.0,23620.0,23218.0,23609.0,71554.0
2025-01-07,23965.0,23990.0,23723.0,23752.0,60282.0
2025-01-08,23549.0,23649.0,23439.0,23450.0,57685.0
2025-01-09,23258.0,23410.0,23083.0,23105.0,61445.0
2025-01-10,23083.0,23141.0,22955.0,23049.0,66921.0
2025-01-13,22960.0,23008.0,22431.0,22535.0,125404.0
2025-01-14,22594.0,22767.0,22530.0,22750.0,76895.0
2025-01-15,22728.0,22749.0,22493.0,22519.0,34849.0
2025-01-16,23080.0,23217.0,22990.0,23031.0,72531.0
2025-01-17,23277.0,23318.0,22956.0,23190.0,65291.0
2025-01-20,23249.0,23417.0,23222.0,23346.0,44940.0
2025-01-21,23426.0,23432.0,23203.0,23365.0,54466.0
2025-01-22,23600.0,23719.0,23573.0,23698.0,53241.0
2025-02-03,22680.0,22817.0,22539.0,22598.0,84296.0
2025-02-04,22919.0,22945.0,22708.0,22822.0,58313.0
2025-02-05,23077.0,23284.0,23063.0,23133.0,58490.0
2025-02-06,23355.0,23379.0,23234.0,23290.0,39302.0
2025-02-07,23285.0,23465.0,23278.0,23431.0,38176.0
2025-02-10,23324.0,23366.0,23167.0,23246.0,53285.0
2025-02-11,23391.0,23503.0,23302.0,23335.0,48345.0
2025-02-12,23429.0,23536.0,23292.0,23315.0,50117.0
2025-02-13,23435.0,23460.0,23250.0,23399.0,46850.0
2025-02-14,23338.0,23349.0,23116.0,23179.0,62395.0
2025-02-17,23286.0,23540.0,23283.0,23504.0,81615.0
2025-02-18,23570.0,23663.0,23466.0,23649.0,58109.0
2025-02-19,23568.0,23697.0,23560.0,23608.0,29219.0
2025-02-20,23505.0,23564.0,23371.0,23538.0,58443.0
2025-02-21,23533.0,23761.0,23474.0,23745.0,54437.0
2025-02-24,23549.0,23564.0,23444.0,23558.0,48887.0
2025-02-25,23231.0,23345.0,23138.0,23299.0,60003.0
2025-02-26,23150.0,23421.0,23104.0,23421.0,59018.0
2025-02-27,23374.0,23434.0,23127.0,23196.0,68861.0
2025-03-03,22650.0,22797.0,22611.0,22718.0,78247.0
2025-03-04,22242.0,22668.0,22194.0,22588.0,84542.0
2025-03-05,22659.0,22927.0,22637.0,22888.0,67984.0
2025-03-06,22991.0,23017.0,22704.0,22763.0,56232.0
2025-03-07,22499.0,22685.0,22480.0,22520.0,54464.0
2025-03-10,22456.0,22547.0,22315.0,22446.0,65258.0
2025-03-11,21868.0,22085.0,21661.0,22031.0,87716.0
2025-03-12,22101.0,22345.0,22044.0,22232.0,67700.0
2025-03-13,22445.0,22475.0,21917.0,21920.0,76396.0
2025-03-14,22120.0,22131.0,21874.0,21961.0,73591.0
2025-03-17,22161.0,22312.0,22111.0,22158.0,91180.0
2025-03-18,22373.0,22385.0,22191.0,22230.0,73960.0
2025-03-19,22238.0,22247.0,21935.0,21964.0,35128.0
2025-03-20,22236.0,22417.0,22202.0,22365.0,62082.0
2025-03-21,22323.0,22377.0,22173.0,22177.0,59593.0
2025-03-24,22302.0,22399.0,22124.0,22160.0,53681.0
2025-03-25,22330.0,22443.0,22202.0,22298.0,64095.0
2025-03-26,22409.0,22429.0,22250.0,22305.0,53992.0
2025-03-27,22031.0,22052.0,21891.0,21968.0,60620.0
2025-03-28,21750.0,21795.0,21485.0,21603.0,79673.0
2025-03-31,20856.0,21065.0,20724.0,20769.0,103146.0
2025-04-01,21000.0,21271.0,20888.0,21181.0,81447.0
2025-04-02,21273.0,21360.0,21188.0,21304.0,66423.0
2025-04-07,19167.0,19167.0,19167.0,19167.0,2736.0
2025-04-08,18596.0,18754.0,18004.0,18190.0,152423.0
2025-04-09,17846.0,18286.0,17139.0,17204.0,176779.0
2025-04-10,18902.0,18902.0,18902.0,18902.0,2382.0
2025-04-11,18560.0,19566.0,18441.0,19524.0,132834.0
2025-04-14,19800.0,19982.0,19450.0,19491.0,129898.0
2025-04-15,19585.0,19833.0,19517.0,19798.0,83145.0
2025-04-16,19601.0,19672.0,19426.0,19548.0,40993.0
2025-04-17,19243.0,19406.0,19112.0,19369.0,79033.0
2025-04-18,19380.0,19432.0,19288.0,19330.0,43062.0
2025-04-21,19347.0,19368.0,19027.0,19099.0,60135.0
2025-04-22,18945.0,19035.0,18773.0,18797.0,69898.0
2025-04-23,19250.0,19596.0,19171.0,19554.0,76954.0
2025-04-24,19636.0,19682.0,19413.0,19466.0,58194.0
2025-04-25,19980.0,20008.0,19848.0,19873.0,66662.0
2025-04-28,19965.0,20053.0,19933.0,19965.0,44357.0
2025-04-29,19980.0,20207.0,19963.0,20154.0,57788.0
2025-04-30,20091.0,20268.0,20065.0,20149.0,58130.0
2025-05-02,20488.0,20710.0,20469.0,20677.0,61777.0
2025-05-05,20757.0,20796.0,20206.0,20404.0,97067.0
2025-05-06,20150.0,20483.0,20150.0,20337.0,69754.0
2025-05-07,20440.0,20560.0,20265.0,20381.0,73631.0
2025-05-08,20475.0,20695.0,20452.0,20575.0,63264.0
2025-05-09,20649.0,20872.0,20596.0,20848.0,67856.0
2025-05-12,21015.0,21134.0,20978.0,21066.0,58691.0
2025-05-13,21421.0,21520.0,21288.0,21360.0,61021.0
2025-05-14,21677.0,21787.0,21579.0,21768.0,59116.0
2025-05-15,21776.0,21810.0,21676.0,21694.0,45704.0
2025-05-16,21775.0,21878.0,21679.0,21821.0,55404.0
2025-05-19,21682.0,21748.0,21499.0,21538.0,98203.0
2025-05-20,21753.0,21772.0,21505.0,21539.0,81214.0
2025-05-21,21564.0,21852.0,21549.0,21849.0,36813.0
2025-05-22,21465.0,21550.0,21396.0,21503.0,48283.0
2025-05-23,21558.0,21640.0,21372.0,21470.0,51667.0
2025-05-26,21450.0,21569.0,21357.0,21385.0,56961.0
2025-05-27,21403.0,21438.0,21133.0,21233.0,61109.0
2025-05-28,21420.0,21512.0,21150.0,21252.0,69146.0
2025-05-29,21513.0,21616.0,21275.0,21320.0,76415.0
2025-06-02,20976.0,21049.0,20790.0,20866.0,66441.0
2025-06-03,21034.0,21221.0,20955.0,20971.0,64909.0
2025-06-04,21280.0,21533.0,21261.0,21482.0,61616.0
2025-06-05,21589.0,21677.0,21512.0,21553.0,46482.0
2025-06-06,21599.0,21630.0,21513.0,21578.0,37655.0
2025-06-09,21663.0,21788.0,21626.0,21727.0,43471.0
2025-06-10,21879.0,22236.0,21850.0,22113.0,70320.0
2025-06-11,22296.0,22355.0,22190.0,22351.0,53385.0
2025-06-12,22315.0,22329.0,22214.0,22252.0,43973.0
2025-06-13,21954.0,22139.0,21893.0,21940.0,87803.0
2025-06-16,22030.0,22061.0,21868.0,22032.0,95307.0
2025-06-17,22150.0,22260.0,22061.0,22159.0,88076.0
2025-06-18,22109.0,22384.0,22080.0,22308.0,40498.0
2025-06-19,21820.0,21857.0,21675.0,21704.0,52900.0
2025-06-20,21635.0,21743.0,21470.0,21653.0,67982.0
2025-06-23,21350.0,21484.0,21205.0,21473.0,72002.0
2025-06-24,21770.0,21966.0,21764.0,21959.0,69758.0
2025-06-25,22138.0,22168.0,22017.0,22159.0,49936.0
2025-06-26,22161.0,22263.0,22078.0,22117.0,59606.0
2025-06-27,22197.0,22221.0,21989.0,22121.0,60785.0
2025-06-30,22239.0,22254.0,22083.0,22145.0,50980.0
2025-07-01,22197.0,22593.0,22191.0,22353.0,86050.0
2025-07-02,22298.0,22401.0,22208.0,22396.0,47593.0
2025-07-03,22568.0,22716.0,22547.0,22675.0,53951.0
2025-07-04,22739.0,22762.0,22431.0,22435.0,56506.0
2025-07-07,22349.0,22506.0,22244.0,22336.0,61023.0
2025-07-08,22353.0,22397.0,22141.0,22251.0,63578.0
2025-07-09,22250.0,22473.0,22146.0,22434.0,57715.0
2025-07-10,22470.0,22647.0,22410.0,22611.0,58504.0
2025-07-11,22519.0,22774.0,22488.0,22764.0,62637.0
2025-07-14,22670.0,22695.0,22520.0,22551.0,90014.0
2025-07-15,22529.0,22882.0,22512.0,22810.0,102751.0
2025-07-16,22849.0,23116.0,22845.0,23047.0,39445.0
2025-07-17,22958.0,23150.0,22866.0,23148.0,60136.0
2025-07-18,23350.0,23399.0,23230.0,23262.0,51164.0
2025-07-21,23234.0,23301.0,23172.0,23228.0,40802.0
2025-07-22,23241.0,23406.0,22977.0,22990.0,77037.0
2025-07-23,23006.0,23258.0,23000.0,23186.0,63250.0
2025-07-24,23400.0,23408.0,23229.0,23310.0,46341.0
2025-07-25,23264.0,23328.0,23207.0,23238.0,43044.0
2025-07-28,23368.0,23483.0,23265.0,23392.0,55104.0
2025-07-29,23326.0,23359.0,23027.0,23163.0,73363.0
2025-07-30,23213.0,23421.0,23198.0,23361.0,72116.0
2025-07-31,23497.0,23621.0,23355.0,23589.0,66444.0
2025-08-01,23064.0,23442.0,23048.0,23344.0,69641.0
2025-08-04,23108.0,23300.0,23032.0,23260.0,55560.0
2025-08-05,23446.0,23584.0,23421.0,23575.0,52372.0
2025-08-06,23423.0,23483.0,23381.0,23425.0,45239.0
2025-08-07,23660.0,24054.0,23653.0,23997.0,71465.0
2025-08-08,24091.0,24095.0,23947.0,23949.0,42140.0
2025-08-11,23973.0,24223.0,23833.0,24162.0,62090.0
2025-08-12,24155.0,24241.0,24088.0,24135.0,53748.0
2025-08-13,24298.0,24412.0,24154.0,24347.0,71303.0
2025-08-14,24337.0,24362.0,24207.0,24250.0,46241.0
2025-08-15,24282.0,24385.0,24188.0,24312.0,64076.0
2025-08-18,24199.0,24462.0,24176.0,24426.0,86686.0
2025-08-19,24380.0,24447.0,24313.0,24342.0,70121.0
2025-08-20,24156.0,24201.0,23631.0,23637.0,51192.0
2025-08-21,23729.0,23943.0,23691.0,23852.0,63709.0
2025-08-22,23877.0,23982.0,23732.0,23750.0,56030.0
2025-08-25,24120.0,24314.0,24070.0,24251.0,63108.0
2025-08-26,24143.0,24281.0,24090.0,24253.0,53798.0
2025-08-27,24350.0,24496.0,24331.0,24463.0,51154.0
2025-08-28,24358.0,24420.0,24203.0,24228.0,62184.0
2025-08-29,24401.0,24453.0,24246.0,24267.0,56576.0
2025-09-01,24120.0,24245.0,23847.0,24008.0,82254.0
2025-09-02,24083.0,24249.0,23879.0,23965.0,78953.0
2025-09-03,23966.0,24083.0,23888.0,23997.0,57816.0
2025-09-04,24195.0,24365.0,24113.0,24132.0,78433.0
2025-09-05,24363.0,24429.0,24286.0,24419.0,55821.0
2025-09-08,24588.0,24674.0,24518.0,24551.0,58765.0
2025-09-09,24725.0,24838.0,24660.0,24802.0,56977.0
2025-09-10,24970.0,25244.0,24961.0,25178.0,70661.0
2025-09-11,25386.0,25464.0,25176.0,25240.0,73339.0
2025-09-12,25418.0,25466.0,25350.0,25459.0,55444.0
2025-09-15,25404.0,25450.0,25269.0,25353.0,89375.0
2025-09-16,25420.0,25663.0,25410.0,25629.0,76338.0
2025-09-17,25556.0,25583.0,25402.0,25433.0,33006.0
2025-09-18,25623.0,25747.0,25490.0,25709.0,60615.0
2025-09-19,25850.0,25853.0,25636.0,25671.0,59278.0
2025-09-22,25756.0,25941.0,25689.0,25891.0,57516.0
2025-09-23,26058.0,26328.0,26023.0,26273.0,77069.0
2025-09-24,26376.0,26393.0,26072.0,26237.0,71446.0
2025-09-25,26191.0,26283.0,26087.0,26097.0,55994.0
2025-09-26,25944.0,25991.0,25500.0,25669.0,95718.0
2025-09-30,25800.0,26046.0,25797.0,25954.0,58862.0
2025-10-01,26094.0,26375.0,26000.0,26045.0,77280.0
2025-10-02,26459.0,26527.0,26381.0,26431.0,57057.0
2025-10-03,26480.0,26764.0,26388.0,26745.0,68029.0
2025-10-07,27202.0,27356.0,26995.0,27322.0,70532.0
2025-10-08,27061.0,27127.0,26912.0,27093.0,58514.0
2025-10-09,27440.0,27455.0,27273.0,27335.0,71155.0
2025-10-13,26450.0,26945.0,26390.0,26904.0,112620.0
2025-10-14,27269.0,27450.0,26716.0,26718.0,122162.0
2025-10-15,26850.0,27191.0,26775.0,27156.0,45269.0
2025-10-16,27545.0,27877.0,27450.0,27822.0,93889.0
2025-10-17,27251.0,27545.0,27244.0,27328.0,70093.0
2025-10-20,27444.0,27824.0,27432.0,27783.0,75805.0
2025-10-21,27900.0,28036.0,27798.0,27833.0,73065.0
2025-10-22,27690.0,27797.0,27526.0,27704.0,77497.0
2025-10-23,27385.0,27629.0,27313.0,27556.0,58000.0
2025-10-27,28284.0,28291.0,28079.0,28225.0,60960.0
2025-10-28,28233.0,28250.0,27984.0,28002.0,58805.0
2025-10-29,28225.0,28446.0,28203.0,28412.0,59854.0
2025-10-30,28430.0,28552.0,28181.0,28398.0,79008.0
2025-10-31,28478.0,28588.0,28378.0,28431.0,66689.0
2025-11-03,28380.0,28583.0,28229.0,28340.0,71870.0
2025-11-04,28410.0,28594.0,28113.0,28117.0,87286.0
2025-11-05,27710.0,27850.0,27415.0,27805.0,112619.0
2025-11-06,28010.0,28141.0,27903.0,28034.0,69013.0
2025-11-07,27777.0,27838.0,27596.0,27730.0,78246.0
2025-11-10,27777.0,28039.0,27718.0,28016.0,70027.0
2025-11-11,28149.0,28180.0,27762.0,27780.0,68312.0
2025-11-12,27889.0,28078.0,27858.0,28054.0,59591.0
2025-11-13,28038.0,28044.0,27802.0,27980.0,69907.0
2025-11-14,27510.0,27596.0,27366.0,27401.0,75965.0
2025-11-17,27570.0,27690.0,27465.0,27479.0,105151.0
2025-11-18,27142.0,27298.0,26772.0,26805.0,105050.0
2025-11-19,26807.0,26915.0,26537.0,26615.0,41184.0
2025-11-20,27308.0,27492.0,27201.0,27482.0,86253.0
2025-11-21,26750.0,26770.0,26397.0,26486.0,94807.0
2025-11-24,26705.0,26730.0,26536.0,26615.0,64017.0
2025-11-25,27055.0,27105.0,26773.0,26933.0,65279.0
2025-11-26,27188.0,27384.0,27133.0,27329.0,65611.0
2025-11-27,27518.0,27649.0,27461.0,27583.0,61470.0
2025-11-28,27590.0,27854.0,27558.0,27744.0,59543.0
2025-12-01,27650.0,27674.0,27401.0,27404.0,64629.0
2025-12-02,27674.0,27789.0,27528.0,27561.0,56480.0
2025-12-03,27808.0,27888.0,27690.0,27758.0,54873.0
2025-12-04,27841.0,27880.0,27670.0,27799.0,49647.0
2025-12-05,27792.0,28019.0,27763.0,28016.0,57889.0
2025-12-08,28054.0,28298.0,28019.0,28286.0,46283.0
2025-12-09,28350.0,28360.0,28204.0,28220.0,41059.0
2025-12-10,28279.0,28434.0,28252.0,28398.0,52229.0
2025-12-11,28600.0,28602.0,28059.0,28110.0,76960.0
2025-12-12,28266.0,28342.0,28157.0,28292.0,55172.0
2025-12-15,27834.0,27984.0,27755.0,27907.0,78935.0
2025-12-16,27630.0,27689.0,27411.0,27624.0,92661.0
2025-12-17,27625.0,27773.0,27474.0,27483.0,32073.0
2025-12-18,27500.0,27679.0,27457.0,27591.0,66879.0
2025-12-19,27800.0,27983.0,27795.0,27894.0,64331.0
2025-12-22,28256.0,28368.0,28170.0,28341.0,52684.0
2025-12-23,28392.0,28455.0,28359.0,28413.0,38940.0
2025-12-24,28565.0,28577.0,28400.0,28472.0,37086.0
2025-12-26,28595.0,28714.0,28536.0,28673.0,44249.0
2025-12-29,28749.0,28998.0,28713.0,28950.0,49289.0
2025-12-30,28777.0,28942.0,28705.0,28881.0,45027.0
2025-12-31,28842.0,29053.0,28782.0,29016.0,53098.0
2026-01-02,29047.0,29500.0,29026.0,29473.0,64172.0
2026-01-05,29888.0,30487.0,29850.0,30313.0,95320.0
2026-01-06,30271.0,30672.0,30183.0,30617.0,59699.0
2026-01-07,30609.0,30676.0,30448.0,30516.0,57861.0
2026-01-08,30362.0,30663.0,30353.0,30458.0,63571.0
2026-01-09,30450.0,30578.0,30005.0,30456.0,83205.0
2026-01-12,30717.0,30763.0,30555.0,30701.0,57701.0
2026-01-13,31067.0,31252.0,30626.0,30874.0,76999.0
2026-01-14,31000.0,31162.0,30937.0,30982.0,54974.0
2026-01-15,30831.0,31057.0,30744.0,31050.0,58154.0
2026-01-16,31382.0,31536.0,31157.0,31474.0,72871.0
2026-01-19,31272.0,31774.0,31208.0,31669.0,89177.0
2026-01-20,31481.0,31742.0,31328.0,31672.0,81251.0
2026-01-21,31296.0,31650.0,31200.0,31245.0,48845.0
2026-01-22,31876.0,32057.0,31783.0,31857.0,72142.0
2026-01-23,31995.0,32166.0,31873.0,32153.0,68404.0
2026-01-26,32128.0,32231.0,32086.0,32144.0,57175.0
2026-01-27,32313.0,32532.0,32206.0,32509.0,62851.0
2026-01-28,32758.0,32938.0,32668.0,32927.0,60131.0
2026-01-29,33014.0,33014.0,32587.0,32777.0,78180.0
2026-01-30,32456.0,32526.0,32092.0,32247.0,84129.0
2026-02-02,31888.0,31964.0,31392.0,31610.0,104352.0
2026-02-03,32386.0,32446.0,32004.0,32261.0,79583.0
2026-02-04,32110.0,32475.0,32034.0,32423.0,67316.0
2026-02-05,31970.0,32166.0,31798.0,31907.0,79892.0
2026-02-06,31458.0,31883.0,31220.0,31807.0,98135.0
2026-02-09,32824.0,32836.0,32515.0,32651.0,66559.0
2026-02-10,32906.0,33309.0,32879.0,33307.0,97636.0
2026-02-11,33349.0,33843.0,33272.0,33691.0,84634.0
2026-02-23,34269.0,34369.0,33836.0,33840.0,40512.0
2026-02-24,34125.0,34956.0,34100.0,34827.0,78032.0
2026-02-25,35243.0,35777.0,35065.0,35490.0,86639.0
2026-02-26,35522.0,35755.0,35348.0,35604.0,71915.0
2026-03-02,34744.0,35495.0,34722.0,35232.0,83451.0
2026-03-03,35018.0,35320.0,34314.0,34325.0,112098.0
2026-03-04,33461.0,33666.0,32679.0,32834.0,153854.0
2026-03-05,33911.0,34294.0,33392.0,33639.0,117939.0
2026-03-06,33360.0,33888.0,33296.0,33704.0,78813.0
2026-03-09,31730.0,32111.0,31124.0,31786.0,117924.0
2026-03-10,33242.0,33329.0,32374.0,32696.0,106333.0
2026-03-11,33341.0,34185.0,33277.0,33985.0,79384.0
2026-03-12,33678.0,33939.0,33326.0,33530.0,78520.0
2026-03-13,32664.0,33518.0,32663.0,33315.0,84529.0
2026-03-16,33460.0,33723.0,33077.0,33250.0,107940.0
2026-03-17,33616.0,34017.0,33593.0,33795.0,77658.0
2026-03-18,34266.0,34440.0,34100.0,34263.0,36612.0
2026-03-19,33898.0,34083.0,33537.0,33553.0,70707.0
2026-03-20,33809.0,33888.0,33371.0,33559.0,78064.0
2026-03-23,32501.0,32890.0,32213.0,32532.0,85507.0
2026-03-24,33280.0,33393.0,32342.0,32771.0,92474.0
2026-03-25,33786.0,33880.0,33444.0,33638.0,65796.0
2026-03-26,33855.0,34024.0,33347.0,33440.0,68947.0
2026-03-27,32793.0,33243.0,32652.0,33120.0,64049.0
2026-03-30,32048.0,32712.0,32027.0,32468.0,70743.0
2026-03-31,32000.0,32451.0,31806.0,31979.0,93371.0
2026-04-01,33049.0,33411.0,32906.0,33402.0,65125.0
2026-04-02,33676.0,33687.0,32486.0,32487.0,85468.0
2026-04-07,33192.0,33377.0,32955.0,33159.0,51955.0
2026-04-08,34651.0,35060.0,34473.0,34996.0,74154.0
2026-04-09,35032.0,35100.0,34745.0,34932.0,53298.0
2026-04-10,35249.0,35580.0,35215.0,35567.0,55415.0
2026-04-13,35280.0,35652.0,35225.0,35457.0,83511.0
2026-04-14,36060.0,36430.0,35990.0,36381.0,71746.0
2026-04-15,36725.0,37073.0,36618.0,36643.0,30496.0
2026-04-16,37321.0,37666.0,37086.0,37645.0,56683.0
2026-04-17,37145.0,37388.0,37033.0,37083.0,51355.0
2026-04-20,37324.0,37704.0,37209.0,37254.0,52704.0
2026-04-21,37707.0,38159.0,37647.0,38048.0,63284.0
2026-04-22,38150.0,38369.0,37925.0,38206.0,54740.0
2026-04-23,38686.0,39087.0,37408.0,37875.0,111647.0
2026-04-24,38299.0,39244.0,38268.0,39224.0,87114.0
2026-04-27,39999.0,40458.0,39837.0,39888.0,80194.0
2026-04-28,39820.0,40347.0,39661.0,39749.0,63337.0
2026-04-29,39698.0,39790.0,39123.0,39490.0,59705.0
2026-04-30,39698.0,39937.0,39265.0,39360.0,70719.0
2026-05-04,40440.0,41074.0,40167.0,41031.0,63214.0
2026-05-05,40936.0,41097.0,40798.0,41035.0,41739.0
2026-05-06,41650.0,42005.0,41038.0,41503.0,83758.0
2026-05-07,42329.0,42468.0,42005.0,42340.0,59558.0
2026-05-08,42120.0,42343.0,41539.0,41937.0,66370.0
2026-05-11,42230.0,42258.0,41802.0,41945.0,46800.0
2026-05-12,42200.0,42363.0,41607.0,41695.0,72568.0
2026-05-13,41238.0,41604.0,40984.0,41469.0,73412.0
2026-05-14,41948.0,42238.0,41497.0,41602.0,73073.0
2026-05-15,42282.0,42454.0,40976.0,41012.0,100977.0
2026-05-18,40200.0,40990.0,40169.0,40807.0,99781.0
2026-05-19,40890.0,40931.0,40188.0,40248.0,86112.0
2026-05-20,40051.0,40405.0,39881.0,40078.0,35358.0
2026-05-21,40967.0,41666.0,40957.0,41473.0,54092.0
2026-05-22,42196.0,42502.0,41790.0,42442.0,57547.0
2026-05-25,43195.0,44050.0,43004.0,43877.0,58040.0
2026-05-26,44274.0,44280.0,43619.0,43893.0,57331.0
2026-05-27,44490.0,45299.0,44336.0,44798.0,83854.0
2026-05-28,45174.0,45348.0,43458.0,43842.0,98081.0
2026-05-29,44655.0,45471.0,44655.0,45285.0,66493.0
2026-06-01,45483.0,46465.0,45405.0,46035.0,75635.0
2026-06-02,46145.0,46228.0,45333.0,46087.0,73548.0
2026-06-03,46718.0,46994.0,46550.0,46868.0,56092.0
2026-06-04,46505.0,46587.0,46140.0,46294.0,59484.0
2026-06-05,45668.0,45785.0,44655.0,45211.0,97457.0
2026-06-08,42344.0,43655.0,42225.0,43080.0,108149.0
2026-06-09,43661.0,44750.0,43552.0,44665.0,73328.0
2026-06-10,43839.0,44481.0,43126.0,43422.0,94590.0
2026-06-11,42643.0,43509.0,42050.0,43241.0,103003.0
2026-06-12,44929.0,44931.0,44045.0,44188.0,80412.0
2026-06-15,45750.0,45905.0,45340.0,45580.0,93560.0
2026-06-16,46124.0,46198.0,45463.0,45772.0,78609.0
2026-06-17,45345.0,45745.0,45113.0,45668.0,31546.0
2026-06-18,46470.0,46778.0,46260.0,46769.0,60125.0
2026-06-22,47460.0,48476.0,47371.0,48413.0,58587.0
2026-06-23,48650.0,48711.0,47404.0,47436.0,78573.0
2026-06-24,46858.0,47067.0,45898.0,46387.0,96199.0
2026-06-25,46993.0,46997.0,46091.0,46544.0,70863.0
2026-06-26,45709.0,45922.0,44264.0,44373.0,102163.0
2026-06-29,44799.0,45637.0,44373.0,45550.0,73327.0
2026-06-30,46100.0,46883.0,45922.0,46730.0,65773.0
2026-07-01,47516.0,47695.0,46895.0,47231.0,58097.0
2026-07-02,46200.0,46987.0,45780.0,46599.0,66083.0
2026-07-03,45700.0,47084.0,45608.0,46966.0,58841.0
2026-07-06,47280.0,47547.0,46581.0,46886.0,59366.0
2026-07-07,47000.0,47187.0,45599.0,45775.0,86627.0
2026-07-08,45606.0,45960.0,45240.0,45564.0,75442.0
2026-07-09,46008.0,46158.0,45331.0,45678.0,73407.0
2026-07-13,46222.0,46378.0,45251.0,45617.0,115784.0
2026-07-14,45046.0,45464.0,43852.0,44815.0,126891.0
2026-07-15,45353.0,45842.0,45033.0,45830.0,30555.0
2026-07-16,45519.0,46248.0,45191.0,45700.0,70808.0
2026-07-17,44250.0,44512.0,42527.0,42725.0,103520.0
2026-07-20,43500.0,43500.0,42457.0,42641.0,85444.0
